approach,user_id,identity_group,snapshot_index,snapshot_label,observation_id
interval,28,c06,0,days_0_50,INT-C0009
interval,34,c06,0,days_0_50,INT-C0009
interval,56,c06,0,days_0_50,INT-C0009
interval,68,c06,0,days_0_50,INT-C0009
interval,95,c06,0,days_0_50,INT-C0009
interval,176,c06,0,days_0_50,INT-C0009
interval,205,c06,0,days_0_50,INT-C0009
interval,231,c06,0,days_0_50,INT-C0009
interval,245,c06,0,days_0_50,INT-C0009
interval,251,c06,0,days_0_50,INT-C0009
interval,264,c06,0,days_0_50,INT-C0009
interval,269,c06,0,days_0_50,INT-C0009
interval,311,c06,0,days_0_50,INT-C0009
interval,329,c06,0,days_0_50,INT-C0009
interval,338,c06,0,days_0_50,INT-C0009
interval,350,c06,0,days_0_50,INT-C0009
interval,361,c06,0,days_0_50,INT-C0009
interval,364,c06,0,days_0_50,INT-C0009
interval,427,c06,0,days_0_50,INT-C0009
interval,432,c06,0,days_0_50,INT-C0009
interval,433,c06,0,days_0_50,INT-C0009
interval,511,c06,0,days_0_50,INT-C0009
interval,531,c06,0,days_0_50,INT-C0009
interval,540,c06,0,days_0_50,INT-C0009
interval,582,c06,0,days_0_50,INT-C0009
interval,588,c06,0,days_0_50,INT-C0009
interval,624,c06,0,days_0_50,INT-C0009
interval,641,c06,0,days_0_50,INT-C0009
interval,690,c06,0,days_0_50,INT-C0009
interval,697,c06,0,days_0_50,INT-C0009
interval,698,c06,0,days_0_50,INT-C0009
interval,734,c06,0,days_0_50,INT-C0009
interval,764,c06,0,days_0_50,INT-C0009
interval,773,c06,0,days_0_50,INT-C0009
interval,809,c06,0,days_0_50,INT-C0009
interval,819,c06,0,days_0_50,INT-C0009
interval,836,c06,0,days_0_50,INT-C0009
interval,840,c06,0,days_0_50,INT-C0009
interval,855,c06,0,days_0_50,INT-C0009
interval,872,c06,0,days_0_50,INT-C0009
interval,873,c06,0,days_0_50,INT-C0009
interval,925,c06,0,days_0_50,INT-C0009
interval,955,c06,0,days_0_50,INT-C0009
interval,960,c06,0,days_0_50,INT-C0009
interval,987,c06,0,days_0_50,INT-C0009
interval,994,c06,0,days_0_50,INT-C0009
interval,997,c06,0,days_0_50,INT-C0009
interval,23,c08,0,days_0_50,INT-C0006
interval,30,c08,0,days_0_50,INT-C0006
interval,52,c08,0,days_0_50,INT-C0006
interval,77,c08,0,days_0_50,INT-C0006
interval,104,c08,0,days_0_50,INT-C0006
interval,111,c08,0,days_0_50,INT-C0006
interval,112,c08,0,days_0_50,INT-C0006
interval,126,c08,0,days_0_50,INT-C0006
interval,133,c08,0,days_0_50,INT-C0006
interval,166,c08,0,days_0_50,INT-C0006
interval,168,c08,0,days_0_50,INT-C0006
interval,186,c08,0,days_0_50,INT-C0006
interval,209,c08,0,days_0_50,INT-C0006
interval,232,c08,0,days_0_50,INT-C0006
interval,240,c08,0,days_0_50,INT-C0006
interval,256,c08,0,days_0_50,INT-C0006
interval,260,c08,0,days_0_50,INT-C0006
interval,267,c08,0,days_0_50,INT-C0006
interval,276,c08,0,days_0_50,INT-C0006
interval,294,c08,0,days_0_50,INT-C0006
interval,305,c08,0,days_0_50,INT-C0006
interval,313,c08,0,days_0_50,INT-C0006
interval,356,c08,0,days_0_50,INT-C0006
interval,392,c08,0,days_0_50,INT-C0006
interval,416,c08,0,days_0_50,INT-C0006
interval,439,c08,0,days_0_50,INT-C0006
interval,447,c08,0,days_0_50,INT-C0006
interval,459,c08,0,days_0_50,INT-C0006
interval,472,c08,0,days_0_50,INT-C0006
interval,478,c08,0,days_0_50,INT-C0006
interval,479,c08,0,days_0_50,INT-C0006
interval,517,c08,0,days_0_50,INT-C0006
interval,556,c08,0,days_0_50,INT-C0006
interval,557,c08,0,days_0_50,INT-C0006
interval,564,c08,0,days_0_50,INT-C0006
interval,573,c08,0,days_0_50,INT-C0006
interval,574,c08,0,days_0_50,INT-C0006
interval,575,c08,0,days_0_50,INT-C0006
interval,586,c08,0,days_0_50,INT-C0006
interval,602,c08,0,days_0_50,INT-C0006
interval,648,c08,0,days_0_50,INT-C0006
interval,674,c08,0,days_0_50,INT-C0006
interval,694,c08,0,days_0_50,INT-C0006
interval,743,c08,0,days_0_50,INT-C0006
interval,759,c08,0,days_0_50,INT-C0006
interval,762,c08,0,days_0_50,INT-C0006
interval,765,c08,0,days_0_50,INT-C0006
interval,803,c08,0,days_0_50,INT-C0006
interval,845,c08,0,days_0_50,INT-C0006
interval,859,c08,0,days_0_50,INT-C0006
interval,868,c08,0,days_0_50,INT-C0006
interval,869,c08,0,days_0_50,INT-C0006
interval,885,c08,0,days_0_50,INT-C0006
interval,889,c08,0,days_0_50,INT-C0006
interval,912,c08,0,days_0_50,INT-C0006
interval,944,c08,0,days_0_50,INT-C0006
interval,984,c08,0,days_0_50,INT-C0006
interval,24,c05,1,days_50_100,INT-C0113
interval,87,c05,1,days_50_100,INT-C0113
interval,160,c05,1,days_50_100,INT-C0113
interval,181,c05,1,days_50_100,INT-C0113
interval,190,c05,1,days_50_100,INT-C0113
interval,202,c05,1,days_50_100,INT-C0113
interval,274,c05,1,days_50_100,INT-C0113
interval,280,c05,1,days_50_100,INT-C0113
interval,353,c05,1,days_50_100,INT-C0113
interval,360,c05,1,days_50_100,INT-C0113
interval,373,c05,1,days_50_100,INT-C0113
interval,391,c05,1,days_50_100,INT-C0113
interval,408,c05,1,days_50_100,INT-C0113
interval,414,c05,1,days_50_100,INT-C0113
interval,473,c05,1,days_50_100,INT-C0113
interval,493,c05,1,days_50_100,INT-C0113
interval,526,c05,1,days_50_100,INT-C0113
interval,530,c05,1,days_50_100,INT-C0113
interval,561,c05,1,days_50_100,INT-C0113
interval,629,c05,1,days_50_100,INT-C0113
interval,630,c05,1,days_50_100,INT-C0113
interval,631,c05,1,days_50_100,INT-C0113
interval,643,c05,1,days_50_100,INT-C0113
interval,656,c05,1,days_50_100,INT-C0113
interval,658,c05,1,days_50_100,INT-C0113
interval,685,c05,1,days_50_100,INT-C0113
interval,846,c05,1,days_50_100,INT-C0113
interval,891,c05,1,days_50_100,INT-C0113
interval,894,c05,1,days_50_100,INT-C0113
interval,920,c05,1,days_50_100,INT-C0113
interval,28,c06,1,days_50_100,INT-C0109
interval,56,c06,1,days_50_100,INT-C0109
interval,68,c06,1,days_50_100,INT-C0109
interval,95,c06,1,days_50_100,INT-C0109
interval,170,c06,1,days_50_100,INT-C0109
interval,176,c06,1,days_50_100,INT-C0109
interval,231,c06,1,days_50_100,INT-C0109
interval,242,c06,1,days_50_100,INT-C0109
interval,245,c06,1,days_50_100,INT-C0109
interval,251,c06,1,days_50_100,INT-C0109
interval,311,c06,1,days_50_100,INT-C0109
interval,329,c06,1,days_50_100,INT-C0109
interval,338,c06,1,days_50_100,INT-C0109
interval,361,c06,1,days_50_100,INT-C0109
interval,364,c06,1,days_50_100,INT-C0109
interval,427,c06,1,days_50_100,INT-C0109
interval,432,c06,1,days_50_100,INT-C0109
interval,433,c06,1,days_50_100,INT-C0109
interval,511,c06,1,days_50_100,INT-C0109
interval,531,c06,1,days_50_100,INT-C0109
interval,540,c06,1,days_50_100,INT-C0109
interval,582,c06,1,days_50_100,INT-C0109
interval,588,c06,1,days_50_100,INT-C0109
interval,624,c06,1,days_50_100,INT-C0109
interval,641,c06,1,days_50_100,INT-C0109
interval,697,c06,1,days_50_100,INT-C0109
interval,698,c06,1,days_50_100,INT-C0109
interval,736,c06,1,days_50_100,INT-C0109
interval,764,c06,1,days_50_100,INT-C0109
interval,773,c06,1,days_50_100,INT-C0109
interval,809,c06,1,days_50_100,INT-C0109
interval,840,c06,1,days_50_100,INT-C0109
interval,855,c06,1,days_50_100,INT-C0109
interval,872,c06,1,days_50_100,INT-C0109
interval,873,c06,1,days_50_100,INT-C0109
interval,887,c06,1,days_50_100,INT-C0109
interval,925,c06,1,days_50_100,INT-C0109
interval,955,c06,1,days_50_100,INT-C0109
interval,987,c06,1,days_50_100,INT-C0109
interval,994,c06,1,days_50_100,INT-C0109
interval,995,c06,1,days_50_100,INT-C0109
interval,9,c08,1,days_50_100,INT-C0106
interval,30,c08,1,days_50_100,INT-C0106
interval,45,c08,1,days_50_100,INT-C0106
interval,52,c08,1,days_50_100,INT-C0106
interval,66,c08,1,days_50_100,INT-C0106
interval,74,c08,1,days_50_100,INT-C0106
interval,77,c08,1,days_50_100,INT-C0106
interval,104,c08,1,days_50_100,INT-C0106
interval,110,c08,1,days_50_100,INT-C0106
interval,111,c08,1,days_50_100,INT-C0106
interval,112,c08,1,days_50_100,INT-C0106
interval,126,c08,1,days_50_100,INT-C0106
interval,133,c08,1,days_50_100,INT-C0106
interval,161,c08,1,days_50_100,INT-C0106
interval,166,c08,1,days_50_100,INT-C0106
interval,168,c08,1,days_50_100,INT-C0106
interval,185,c08,1,days_50_100,INT-C0106
interval,209,c08,1,days_50_100,INT-C0106
interval,227,c08,1,days_50_100,INT-C0106
interval,232,c08,1,days_50_100,INT-C0106
interval,256,c08,1,days_50_100,INT-C0106
interval,260,c08,1,days_50_100,INT-C0106
interval,264,c08,1,days_50_100,INT-C0106
interval,267,c08,1,days_50_100,INT-C0106
interval,294,c08,1,days_50_100,INT-C0106
interval,305,c08,1,days_50_100,INT-C0106
interval,313,c08,1,days_50_100,INT-C0106
interval,332,c08,1,days_50_100,INT-C0106
interval,356,c08,1,days_50_100,INT-C0106
interval,375,c08,1,days_50_100,INT-C0106
interval,392,c08,1,days_50_100,INT-C0106
interval,416,c08,1,days_50_100,INT-C0106
interval,435,c08,1,days_50_100,INT-C0106
interval,439,c08,1,days_50_100,INT-C0106
interval,447,c08,1,days_50_100,INT-C0106
interval,459,c08,1,days_50_100,INT-C0106
interval,472,c08,1,days_50_100,INT-C0106
interval,475,c08,1,days_50_100,INT-C0106
interval,479,c08,1,days_50_100,INT-C0106
interval,500,c08,1,days_50_100,INT-C0106
interval,556,c08,1,days_50_100,INT-C0106
interval,557,c08,1,days_50_100,INT-C0106
interval,573,c08,1,days_50_100,INT-C0106
interval,575,c08,1,days_50_100,INT-C0106
interval,586,c08,1,days_50_100,INT-C0106
interval,602,c08,1,days_50_100,INT-C0106
interval,648,c08,1,days_50_100,INT-C0106
interval,655,c08,1,days_50_100,INT-C0106
interval,674,c08,1,days_50_100,INT-C0106
interval,699,c08,1,days_50_100,INT-C0106
interval,743,c08,1,days_50_100,INT-C0106
interval,759,c08,1,days_50_100,INT-C0106
interval,762,c08,1,days_50_100,INT-C0106
interval,765,c08,1,days_50_100,INT-C0106
interval,782,c08,1,days_50_100,INT-C0106
interval,803,c08,1,days_50_100,INT-C0106
interval,859,c08,1,days_50_100,INT-C0106
interval,868,c08,1,days_50_100,INT-C0106
interval,885,c08,1,days_50_100,INT-C0106
interval,889,c08,1,days_50_100,INT-C0106
interval,912,c08,1,days_50_100,INT-C0106
interval,944,c08,1,days_50_100,INT-C0106
interval,984,c08,1,days_50_100,INT-C0106
interval,986,c08,1,days_50_100,INT-C0106
interval,17,c05,2,days_100_150,INT-C0207
interval,24,c05,2,days_100_150,INT-C0207
interval,67,c05,2,days_100_150,INT-C0207
interval,92,c05,2,days_100_150,INT-C0207
interval,122,c05,2,days_100_150,INT-C0207
interval,136,c05,2,days_100_150,INT-C0207
interval,142,c05,2,days_100_150,INT-C0207
interval,160,c05,2,days_100_150,INT-C0207
interval,181,c05,2,days_100_150,INT-C0207
interval,190,c05,2,days_100_150,INT-C0207
interval,200,c05,2,days_100_150,INT-C0207
interval,267,c05,2,days_100_150,INT-C0207
interval,274,c05,2,days_100_150,INT-C0207
interval,280,c05,2,days_100_150,INT-C0207
interval,302,c05,2,days_100_150,INT-C0207
interval,316,c05,2,days_100_150,INT-C0207
interval,344,c05,2,days_100_150,INT-C0207
interval,353,c05,2,days_100_150,INT-C0207
interval,360,c05,2,days_100_150,INT-C0207
interval,373,c05,2,days_100_150,INT-C0207
interval,391,c05,2,days_100_150,INT-C0207
interval,392,c05,2,days_100_150,INT-C0207
interval,408,c05,2,days_100_150,INT-C0207
interval,428,c05,2,days_100_150,INT-C0207
interval,445,c05,2,days_100_150,INT-C0207
interval,493,c05,2,days_100_150,INT-C0207
interval,526,c05,2,days_100_150,INT-C0207
interval,530,c05,2,days_100_150,INT-C0207
interval,543,c05,2,days_100_150,INT-C0207
interval,561,c05,2,days_100_150,INT-C0207
interval,629,c05,2,days_100_150,INT-C0207
interval,630,c05,2,days_100_150,INT-C0207
interval,631,c05,2,days_100_150,INT-C0207
interval,637,c05,2,days_100_150,INT-C0207
interval,643,c05,2,days_100_150,INT-C0207
interval,647,c05,2,days_100_150,INT-C0207
interval,656,c05,2,days_100_150,INT-C0207
interval,658,c05,2,days_100_150,INT-C0207
interval,685,c05,2,days_100_150,INT-C0207
interval,739,c05,2,days_100_150,INT-C0207
interval,838,c05,2,days_100_150,INT-C0207
interval,846,c05,2,days_100_150,INT-C0207
interval,857,c05,2,days_100_150,INT-C0207
interval,891,c05,2,days_100_150,INT-C0207
interval,915,c05,2,days_100_150,INT-C0207
interval,920,c05,2,days_100_150,INT-C0207
interval,944,c05,2,days_100_150,INT-C0207
interval,952,c05,2,days_100_150,INT-C0207
interval,953,c05,2,days_100_150,INT-C0207
interval,963,c05,2,days_100_150,INT-C0207
interval,971,c05,2,days_100_150,INT-C0207
interval,28,c06,2,days_100_150,INT-C0208
interval,56,c06,2,days_100_150,INT-C0208
interval,68,c06,2,days_100_150,INT-C0208
interval,95,c06,2,days_100_150,INT-C0208
interval,226,c06,2,days_100_150,INT-C0208
interval,231,c06,2,days_100_150,INT-C0208
interval,245,c06,2,days_100_150,INT-C0208
interval,251,c06,2,days_100_150,INT-C0208
interval,264,c06,2,days_100_150,INT-C0208
interval,269,c06,2,days_100_150,INT-C0208
interval,311,c06,2,days_100_150,INT-C0208
interval,329,c06,2,days_100_150,INT-C0208
interval,338,c06,2,days_100_150,INT-C0208
interval,361,c06,2,days_100_150,INT-C0208
interval,364,c06,2,days_100_150,INT-C0208
interval,399,c06,2,days_100_150,INT-C0208
interval,427,c06,2,days_100_150,INT-C0208
interval,432,c06,2,days_100_150,INT-C0208
interval,433,c06,2,days_100_150,INT-C0208
interval,482,c06,2,days_100_150,INT-C0208
interval,511,c06,2,days_100_150,INT-C0208
interval,531,c06,2,days_100_150,INT-C0208
interval,540,c06,2,days_100_150,INT-C0208
interval,582,c06,2,days_100_150,INT-C0208
interval,606,c06,2,days_100_150,INT-C0208
interval,624,c06,2,days_100_150,INT-C0208
interval,641,c06,2,days_100_150,INT-C0208
interval,697,c06,2,days_100_150,INT-C0208
interval,698,c06,2,days_100_150,INT-C0208
interval,736,c06,2,days_100_150,INT-C0208
interval,764,c06,2,days_100_150,INT-C0208
interval,773,c06,2,days_100_150,INT-C0208
interval,789,c06,2,days_100_150,INT-C0208
interval,809,c06,2,days_100_150,INT-C0208
interval,815,c06,2,days_100_150,INT-C0208
interval,819,c06,2,days_100_150,INT-C0208
interval,840,c06,2,days_100_150,INT-C0208
interval,855,c06,2,days_100_150,INT-C0208
interval,872,c06,2,days_100_150,INT-C0208
interval,873,c06,2,days_100_150,INT-C0208
interval,910,c06,2,days_100_150,INT-C0208
interval,925,c06,2,days_100_150,INT-C0208
interval,955,c06,2,days_100_150,INT-C0208
interval,987,c06,2,days_100_150,INT-C0208
interval,994,c06,2,days_100_150,INT-C0208
interval,30,c08,2,days_100_150,INT-C0206
interval,45,c08,2,days_100_150,INT-C0206
interval,52,c08,2,days_100_150,INT-C0206
interval,66,c08,2,days_100_150,INT-C0206
interval,74,c08,2,days_100_150,INT-C0206
interval,77,c08,2,days_100_150,INT-C0206
interval,104,c08,2,days_100_150,INT-C0206
interval,110,c08,2,days_100_150,INT-C0206
interval,111,c08,2,days_100_150,INT-C0206
interval,112,c08,2,days_100_150,INT-C0206
interval,126,c08,2,days_100_150,INT-C0206
interval,133,c08,2,days_100_150,INT-C0206
interval,166,c08,2,days_100_150,INT-C0206
interval,168,c08,2,days_100_150,INT-C0206
interval,186,c08,2,days_100_150,INT-C0206
interval,209,c08,2,days_100_150,INT-C0206
interval,232,c08,2,days_100_150,INT-C0206
interval,256,c08,2,days_100_150,INT-C0206
interval,260,c08,2,days_100_150,INT-C0206
interval,266,c08,2,days_100_150,INT-C0206
interval,294,c08,2,days_100_150,INT-C0206
interval,305,c08,2,days_100_150,INT-C0206
interval,313,c08,2,days_100_150,INT-C0206
interval,318,c08,2,days_100_150,INT-C0206
interval,332,c08,2,days_100_150,INT-C0206
interval,356,c08,2,days_100_150,INT-C0206
interval,416,c08,2,days_100_150,INT-C0206
interval,435,c08,2,days_100_150,INT-C0206
interval,439,c08,2,days_100_150,INT-C0206
interval,447,c08,2,days_100_150,INT-C0206
interval,459,c08,2,days_100_150,INT-C0206
interval,472,c08,2,days_100_150,INT-C0206
interval,478,c08,2,days_100_150,INT-C0206
interval,500,c08,2,days_100_150,INT-C0206
interval,517,c08,2,days_100_150,INT-C0206
interval,523,c08,2,days_100_150,INT-C0206
interval,539,c08,2,days_100_150,INT-C0206
interval,556,c08,2,days_100_150,INT-C0206
interval,557,c08,2,days_100_150,INT-C0206
interval,564,c08,2,days_100_150,INT-C0206
interval,573,c08,2,days_100_150,INT-C0206
interval,574,c08,2,days_100_150,INT-C0206
interval,575,c08,2,days_100_150,INT-C0206
interval,586,c08,2,days_100_150,INT-C0206
interval,602,c08,2,days_100_150,INT-C0206
interval,648,c08,2,days_100_150,INT-C0206
interval,674,c08,2,days_100_150,INT-C0206
interval,699,c08,2,days_100_150,INT-C0206
interval,743,c08,2,days_100_150,INT-C0206
interval,759,c08,2,days_100_150,INT-C0206
interval,762,c08,2,days_100_150,INT-C0206
interval,765,c08,2,days_100_150,INT-C0206
interval,782,c08,2,days_100_150,INT-C0206
interval,803,c08,2,days_100_150,INT-C0206
interval,814,c08,2,days_100_150,INT-C0206
interval,868,c08,2,days_100_150,INT-C0206
interval,885,c08,2,days_100_150,INT-C0206
interval,908,c08,2,days_100_150,INT-C0206
interval,912,c08,2,days_100_150,INT-C0206
interval,949,c08,2,days_100_150,INT-C0206
interval,984,c08,2,days_100_150,INT-C0206
interval,24,c05,3,days_150_200,INT-C0306
interval,35,c05,3,days_150_200,INT-C0306
interval,67,c05,3,days_150_200,INT-C0306
interval,87,c05,3,days_150_200,INT-C0306
interval,141,c05,3,days_150_200,INT-C0306
interval,160,c05,3,days_150_200,INT-C0306
interval,167,c05,3,days_150_200,INT-C0306
interval,181,c05,3,days_150_200,INT-C0306
interval,188,c05,3,days_150_200,INT-C0306
interval,190,c05,3,days_150_200,INT-C0306
interval,207,c05,3,days_150_200,INT-C0306
interval,241,c05,3,days_150_200,INT-C0306
interval,274,c05,3,days_150_200,INT-C0306
interval,280,c05,3,days_150_200,INT-C0306
interval,301,c05,3,days_150_200,INT-C0306
interval,344,c05,3,days_150_200,INT-C0306
interval,353,c05,3,days_150_200,INT-C0306
interval,360,c05,3,days_150_200,INT-C0306
interval,373,c05,3,days_150_200,INT-C0306
interval,391,c05,3,days_150_200,INT-C0306
interval,408,c05,3,days_150_200,INT-C0306
interval,421,c05,3,days_150_200,INT-C0306
interval,424,c05,3,days_150_200,INT-C0306
interval,445,c05,3,days_150_200,INT-C0306
interval,461,c05,3,days_150_200,INT-C0306
interval,469,c05,3,days_150_200,INT-C0306
interval,493,c05,3,days_150_200,INT-C0306
interval,512,c05,3,days_150_200,INT-C0306
interval,526,c05,3,days_150_200,INT-C0306
interval,530,c05,3,days_150_200,INT-C0306
interval,547,c05,3,days_150_200,INT-C0306
interval,552,c05,3,days_150_200,INT-C0306
interval,561,c05,3,days_150_200,INT-C0306
interval,614,c05,3,days_150_200,INT-C0306
interval,629,c05,3,days_150_200,INT-C0306
interval,630,c05,3,days_150_200,INT-C0306
interval,631,c05,3,days_150_200,INT-C0306
interval,645,c05,3,days_150_200,INT-C0306
interval,656,c05,3,days_150_200,INT-C0306
interval,658,c05,3,days_150_200,INT-C0306
interval,685,c05,3,days_150_200,INT-C0306
interval,709,c05,3,days_150_200,INT-C0306
interval,795,c05,3,days_150_200,INT-C0306
interval,817,c05,3,days_150_200,INT-C0306
interval,841,c05,3,days_150_200,INT-C0306
interval,846,c05,3,days_150_200,INT-C0306
interval,847,c05,3,days_150_200,INT-C0306
interval,851,c05,3,days_150_200,INT-C0306
interval,891,c05,3,days_150_200,INT-C0306
interval,920,c05,3,days_150_200,INT-C0306
interval,954,c05,3,days_150_200,INT-C0306
interval,957,c05,3,days_150_200,INT-C0306
interval,963,c05,3,days_150_200,INT-C0306
interval,978,c05,3,days_150_200,INT-C0306
interval,988,c05,3,days_150_200,INT-C0306
interval,28,c06,3,days_150_200,INT-C0309
interval,56,c06,3,days_150_200,INT-C0309
interval,68,c06,3,days_150_200,INT-C0309
interval,95,c06,3,days_150_200,INT-C0309
interval,175,c06,3,days_150_200,INT-C0309
interval,231,c06,3,days_150_200,INT-C0309
interval,245,c06,3,days_150_200,INT-C0309
interval,251,c06,3,days_150_200,INT-C0309
interval,264,c06,3,days_150_200,INT-C0309
interval,269,c06,3,days_150_200,INT-C0309
interval,275,c06,3,days_150_200,INT-C0309
interval,311,c06,3,days_150_200,INT-C0309
interval,329,c06,3,days_150_200,INT-C0309
interval,338,c06,3,days_150_200,INT-C0309
interval,361,c06,3,days_150_200,INT-C0309
interval,364,c06,3,days_150_200,INT-C0309
interval,380,c06,3,days_150_200,INT-C0309
interval,427,c06,3,days_150_200,INT-C0309
interval,432,c06,3,days_150_200,INT-C0309
interval,433,c06,3,days_150_200,INT-C0309
interval,440,c06,3,days_150_200,INT-C0309
interval,482,c06,3,days_150_200,INT-C0309
interval,511,c06,3,days_150_200,INT-C0309
interval,531,c06,3,days_150_200,INT-C0309
interval,540,c06,3,days_150_200,INT-C0309
interval,582,c06,3,days_150_200,INT-C0309
interval,606,c06,3,days_150_200,INT-C0309
interval,624,c06,3,days_150_200,INT-C0309
interval,641,c06,3,days_150_200,INT-C0309
interval,698,c06,3,days_150_200,INT-C0309
interval,737,c06,3,days_150_200,INT-C0309
interval,764,c06,3,days_150_200,INT-C0309
interval,773,c06,3,days_150_200,INT-C0309
interval,789,c06,3,days_150_200,INT-C0309
interval,809,c06,3,days_150_200,INT-C0309
interval,819,c06,3,days_150_200,INT-C0309
interval,840,c06,3,days_150_200,INT-C0309
interval,849,c06,3,days_150_200,INT-C0309
interval,863,c06,3,days_150_200,INT-C0309
interval,872,c06,3,days_150_200,INT-C0309
interval,873,c06,3,days_150_200,INT-C0309
interval,887,c06,3,days_150_200,INT-C0309
interval,910,c06,3,days_150_200,INT-C0309
interval,925,c06,3,days_150_200,INT-C0309
interval,955,c06,3,days_150_200,INT-C0309
interval,983,c06,3,days_150_200,INT-C0309
interval,987,c06,3,days_150_200,INT-C0309
interval,994,c06,3,days_150_200,INT-C0309
interval,30,c08,3,days_150_200,INT-C0304
interval,52,c08,3,days_150_200,INT-C0304
interval,74,c08,3,days_150_200,INT-C0304
interval,77,c08,3,days_150_200,INT-C0304
interval,104,c08,3,days_150_200,INT-C0304
interval,110,c08,3,days_150_200,INT-C0304
interval,111,c08,3,days_150_200,INT-C0304
interval,112,c08,3,days_150_200,INT-C0304
interval,126,c08,3,days_150_200,INT-C0304
interval,133,c08,3,days_150_200,INT-C0304
interval,166,c08,3,days_150_200,INT-C0304
interval,168,c08,3,days_150_200,INT-C0304
interval,182,c08,3,days_150_200,INT-C0304
interval,186,c08,3,days_150_200,INT-C0304
interval,204,c08,3,days_150_200,INT-C0304
interval,209,c08,3,days_150_200,INT-C0304
interval,232,c08,3,days_150_200,INT-C0304
interval,256,c08,3,days_150_200,INT-C0304
interval,260,c08,3,days_150_200,INT-C0304
interval,266,c08,3,days_150_200,INT-C0304
interval,267,c08,3,days_150_200,INT-C0304
interval,294,c08,3,days_150_200,INT-C0304
interval,305,c08,3,days_150_200,INT-C0304
interval,307,c08,3,days_150_200,INT-C0304
interval,313,c08,3,days_150_200,INT-C0304
interval,332,c08,3,days_150_200,INT-C0304
interval,356,c08,3,days_150_200,INT-C0304
interval,392,c08,3,days_150_200,INT-C0304
interval,416,c08,3,days_150_200,INT-C0304
interval,425,c08,3,days_150_200,INT-C0304
interval,435,c08,3,days_150_200,INT-C0304
interval,439,c08,3,days_150_200,INT-C0304
interval,447,c08,3,days_150_200,INT-C0304
interval,449,c08,3,days_150_200,INT-C0304
interval,459,c08,3,days_150_200,INT-C0304
interval,472,c08,3,days_150_200,INT-C0304
interval,478,c08,3,days_150_200,INT-C0304
interval,479,c08,3,days_150_200,INT-C0304
interval,500,c08,3,days_150_200,INT-C0304
interval,517,c08,3,days_150_200,INT-C0304
interval,539,c08,3,days_150_200,INT-C0304
interval,556,c08,3,days_150_200,INT-C0304
interval,557,c08,3,days_150_200,INT-C0304
interval,573,c08,3,days_150_200,INT-C0304
interval,574,c08,3,days_150_200,INT-C0304
interval,575,c08,3,days_150_200,INT-C0304
interval,586,c08,3,days_150_200,INT-C0304
interval,602,c08,3,days_150_200,INT-C0304
interval,648,c08,3,days_150_200,INT-C0304
interval,674,c08,3,days_150_200,INT-C0304
interval,699,c08,3,days_150_200,INT-C0304
interval,704,c08,3,days_150_200,INT-C0304
interval,730,c08,3,days_150_200,INT-C0304
interval,743,c08,3,days_150_200,INT-C0304
interval,759,c08,3,days_150_200,INT-C0304
interval,762,c08,3,days_150_200,INT-C0304
interval,765,c08,3,days_150_200,INT-C0304
interval,782,c08,3,days_150_200,INT-C0304
interval,794,c08,3,days_150_200,INT-C0304
interval,800,c08,3,days_150_200,INT-C0304
interval,803,c08,3,days_150_200,INT-C0304
interval,814,c08,3,days_150_200,INT-C0304
interval,868,c08,3,days_150_200,INT-C0304
interval,869,c08,3,days_150_200,INT-C0304
interval,885,c08,3,days_150_200,INT-C0304
interval,889,c08,3,days_150_200,INT-C0304
interval,908,c08,3,days_150_200,INT-C0304
interval,912,c08,3,days_150_200,INT-C0304
interval,948,c08,3,days_150_200,INT-C0304
interval,949,c08,3,days_150_200,INT-C0304
interval,984,c08,3,days_150_200,INT-C0304
interval,1,c01,4,days_200_250,INT-C0405
interval,18,c01,4,days_200_250,INT-C0405
interval,42,c01,4,days_200_250,INT-C0405
interval,46,c01,4,days_200_250,INT-C0405
interval,50,c01,4,days_200_250,INT-C0405
interval,69,c01,4,days_200_250,INT-C0405
interval,76,c01,4,days_200_250,INT-C0405
interval,84,c01,4,days_200_250,INT-C0405
interval,96,c01,4,days_200_250,INT-C0405
interval,97,c01,4,days_200_250,INT-C0405
interval,102,c01,4,days_200_250,INT-C0405
interval,103,c01,4,days_200_250,INT-C0405
interval,106,c01,4,days_200_250,INT-C0405
interval,125,c01,4,days_200_250,INT-C0405
interval,132,c01,4,days_200_250,INT-C0405
interval,139,c01,4,days_200_250,INT-C0405
interval,154,c01,4,days_200_250,INT-C0405
interval,164,c01,4,days_200_250,INT-C0405
interval,174,c01,4,days_200_250,INT-C0405
interval,206,c01,4,days_200_250,INT-C0405
interval,223,c01,4,days_200_250,INT-C0405
interval,303,c01,4,days_200_250,INT-C0405
interval,309,c01,4,days_200_250,INT-C0405
interval,310,c01,4,days_200_250,INT-C0405
interval,322,c01,4,days_200_250,INT-C0405
interval,323,c01,4,days_200_250,INT-C0405
interval,337,c01,4,days_200_250,INT-C0405
interval,343,c01,4,days_200_250,INT-C0405
interval,368,c01,4,days_200_250,INT-C0405
interval,378,c01,4,days_200_250,INT-C0405
interval,399,c01,4,days_200_250,INT-C0405
interval,402,c01,4,days_200_250,INT-C0405
interval,420,c01,4,days_200_250,INT-C0405
interval,460,c01,4,days_200_250,INT-C0405
interval,477,c01,4,days_200_250,INT-C0405
interval,489,c01,4,days_200_250,INT-C0405
interval,505,c01,4,days_200_250,INT-C0405
interval,510,c01,4,days_200_250,INT-C0405
interval,514,c01,4,days_200_250,INT-C0405
interval,524,c01,4,days_200_250,INT-C0405
interval,548,c01,4,days_200_250,INT-C0405
interval,559,c01,4,days_200_250,INT-C0405
interval,603,c01,4,days_200_250,INT-C0405
interval,606,c01,4,days_200_250,INT-C0405
interval,622,c01,4,days_200_250,INT-C0405
interval,634,c01,4,days_200_250,INT-C0405
interval,649,c01,4,days_200_250,INT-C0405
interval,663,c01,4,days_200_250,INT-C0405
interval,676,c01,4,days_200_250,INT-C0405
interval,735,c01,4,days_200_250,INT-C0405
interval,740,c01,4,days_200_250,INT-C0405
interval,780,c01,4,days_200_250,INT-C0405
interval,788,c01,4,days_200_250,INT-C0405
interval,822,c01,4,days_200_250,INT-C0405
interval,842,c01,4,days_200_250,INT-C0405
interval,853,c01,4,days_200_250,INT-C0405
interval,879,c01,4,days_200_250,INT-C0405
interval,950,c01,4,days_200_250,INT-C0405
interval,24,c05,4,days_200_250,INT-C0407
interval,35,c05,4,days_200_250,INT-C0407
interval,141,c05,4,days_200_250,INT-C0407
interval,160,c05,4,days_200_250,INT-C0407
interval,167,c05,4,days_200_250,INT-C0407
interval,181,c05,4,days_200_250,INT-C0407
interval,188,c05,4,days_200_250,INT-C0407
interval,190,c05,4,days_200_250,INT-C0407
interval,207,c05,4,days_200_250,INT-C0407
interval,241,c05,4,days_200_250,INT-C0407
interval,274,c05,4,days_200_250,INT-C0407
interval,280,c05,4,days_200_250,INT-C0407
interval,286,c05,4,days_200_250,INT-C0407
interval,288,c05,4,days_200_250,INT-C0407
interval,301,c05,4,days_200_250,INT-C0407
interval,353,c05,4,days_200_250,INT-C0407
interval,360,c05,4,days_200_250,INT-C0407
interval,373,c05,4,days_200_250,INT-C0407
interval,414,c05,4,days_200_250,INT-C0407
interval,421,c05,4,days_200_250,INT-C0407
interval,424,c05,4,days_200_250,INT-C0407
interval,445,c05,4,days_200_250,INT-C0407
interval,469,c05,4,days_200_250,INT-C0407
interval,493,c05,4,days_200_250,INT-C0407
interval,512,c05,4,days_200_250,INT-C0407
interval,526,c05,4,days_200_250,INT-C0407
interval,530,c05,4,days_200_250,INT-C0407
interval,547,c05,4,days_200_250,INT-C0407
interval,552,c05,4,days_200_250,INT-C0407
interval,561,c05,4,days_200_250,INT-C0407
interval,614,c05,4,days_200_250,INT-C0407
interval,629,c05,4,days_200_250,INT-C0407
interval,630,c05,4,days_200_250,INT-C0407
interval,631,c05,4,days_200_250,INT-C0407
interval,656,c05,4,days_200_250,INT-C0407
interval,658,c05,4,days_200_250,INT-C0407
interval,685,c05,4,days_200_250,INT-C0407
interval,795,c05,4,days_200_250,INT-C0407
interval,817,c05,4,days_200_250,INT-C0407
interval,838,c05,4,days_200_250,INT-C0407
interval,846,c05,4,days_200_250,INT-C0407
interval,847,c05,4,days_200_250,INT-C0407
interval,851,c05,4,days_200_250,INT-C0407
interval,891,c05,4,days_200_250,INT-C0407
interval,920,c05,4,days_200_250,INT-C0407
interval,954,c05,4,days_200_250,INT-C0407
interval,957,c05,4,days_200_250,INT-C0407
interval,978,c05,4,days_200_250,INT-C0407
interval,988,c05,4,days_200_250,INT-C0407
interval,28,c06,4,days_200_250,INT-C0409
interval,56,c06,4,days_200_250,INT-C0409
interval,68,c06,4,days_200_250,INT-C0409
interval,95,c06,4,days_200_250,INT-C0409
interval,231,c06,4,days_200_250,INT-C0409
interval,245,c06,4,days_200_250,INT-C0409
interval,251,c06,4,days_200_250,INT-C0409
interval,264,c06,4,days_200_250,INT-C0409
interval,269,c06,4,days_200_250,INT-C0409
interval,311,c06,4,days_200_250,INT-C0409
interval,329,c06,4,days_200_250,INT-C0409
interval,338,c06,4,days_200_250,INT-C0409
interval,361,c06,4,days_200_250,INT-C0409
interval,364,c06,4,days_200_250,INT-C0409
interval,427,c06,4,days_200_250,INT-C0409
interval,432,c06,4,days_200_250,INT-C0409
interval,433,c06,4,days_200_250,INT-C0409
interval,461,c06,4,days_200_250,INT-C0409
interval,480,c06,4,days_200_250,INT-C0409
interval,482,c06,4,days_200_250,INT-C0409
interval,511,c06,4,days_200_250,INT-C0409
interval,531,c06,4,days_200_250,INT-C0409
interval,540,c06,4,days_200_250,INT-C0409
interval,582,c06,4,days_200_250,INT-C0409
interval,588,c06,4,days_200_250,INT-C0409
interval,624,c06,4,days_200_250,INT-C0409
interval,641,c06,4,days_200_250,INT-C0409
interval,698,c06,4,days_200_250,INT-C0409
interval,733,c06,4,days_200_250,INT-C0409
interval,749,c06,4,days_200_250,INT-C0409
interval,764,c06,4,days_200_250,INT-C0409
interval,773,c06,4,days_200_250,INT-C0409
interval,789,c06,4,days_200_250,INT-C0409
interval,809,c06,4,days_200_250,INT-C0409
interval,819,c06,4,days_200_250,INT-C0409
interval,836,c06,4,days_200_250,INT-C0409
interval,840,c06,4,days_200_250,INT-C0409
interval,872,c06,4,days_200_250,INT-C0409
interval,873,c06,4,days_200_250,INT-C0409
interval,925,c06,4,days_200_250,INT-C0409
interval,955,c06,4,days_200_250,INT-C0409
interval,983,c06,4,days_200_250,INT-C0409
interval,987,c06,4,days_200_250,INT-C0409
interval,994,c06,4,days_200_250,INT-C0409
interval,2,c08,4,days_200_250,INT-C0403
interval,30,c08,4,days_200_250,INT-C0403
interval,37,c08,4,days_200_250,INT-C0403
interval,52,c08,4,days_200_250,INT-C0403
interval,74,c08,4,days_200_250,INT-C0403
interval,77,c08,4,days_200_250,INT-C0403
interval,104,c08,4,days_200_250,INT-C0403
interval,110,c08,4,days_200_250,INT-C0403
interval,111,c08,4,days_200_250,INT-C0403
interval,112,c08,4,days_200_250,INT-C0403
interval,119,c08,4,days_200_250,INT-C0403
interval,121,c08,4,days_200_250,INT-C0403
interval,126,c08,4,days_200_250,INT-C0403
interval,133,c08,4,days_200_250,INT-C0403
interval,166,c08,4,days_200_250,INT-C0403
interval,168,c08,4,days_200_250,INT-C0403
interval,182,c08,4,days_200_250,INT-C0403
interval,186,c08,4,days_200_250,INT-C0403
interval,204,c08,4,days_200_250,INT-C0403
interval,209,c08,4,days_200_250,INT-C0403
interval,232,c08,4,days_200_250,INT-C0403
interval,240,c08,4,days_200_250,INT-C0403
interval,256,c08,4,days_200_250,INT-C0403
interval,260,c08,4,days_200_250,INT-C0403
interval,266,c08,4,days_200_250,INT-C0403
interval,267,c08,4,days_200_250,INT-C0403
interval,287,c08,4,days_200_250,INT-C0403
interval,294,c08,4,days_200_250,INT-C0403
interval,305,c08,4,days_200_250,INT-C0403
interval,313,c08,4,days_200_250,INT-C0403
interval,326,c08,4,days_200_250,INT-C0403
interval,332,c08,4,days_200_250,INT-C0403
interval,340,c08,4,days_200_250,INT-C0403
interval,356,c08,4,days_200_250,INT-C0403
interval,392,c08,4,days_200_250,INT-C0403
interval,412,c08,4,days_200_250,INT-C0403
interval,416,c08,4,days_200_250,INT-C0403
interval,425,c08,4,days_200_250,INT-C0403
interval,435,c08,4,days_200_250,INT-C0403
interval,439,c08,4,days_200_250,INT-C0403
interval,447,c08,4,days_200_250,INT-C0403
interval,459,c08,4,days_200_250,INT-C0403
interval,465,c08,4,days_200_250,INT-C0403
interval,472,c08,4,days_200_250,INT-C0403
interval,478,c08,4,days_200_250,INT-C0403
interval,479,c08,4,days_200_250,INT-C0403
interval,500,c08,4,days_200_250,INT-C0403
interval,515,c08,4,days_200_250,INT-C0403
interval,517,c08,4,days_200_250,INT-C0403
interval,557,c08,4,days_200_250,INT-C0403
interval,573,c08,4,days_200_250,INT-C0403
interval,574,c08,4,days_200_250,INT-C0403
interval,575,c08,4,days_200_250,INT-C0403
interval,585,c08,4,days_200_250,INT-C0403
interval,586,c08,4,days_200_250,INT-C0403
interval,602,c08,4,days_200_250,INT-C0403
interval,648,c08,4,days_200_250,INT-C0403
interval,674,c08,4,days_200_250,INT-C0403
interval,677,c08,4,days_200_250,INT-C0403
interval,699,c08,4,days_200_250,INT-C0403
interval,700,c08,4,days_200_250,INT-C0403
interval,717,c08,4,days_200_250,INT-C0403
interval,730,c08,4,days_200_250,INT-C0403
interval,743,c08,4,days_200_250,INT-C0403
interval,759,c08,4,days_200_250,INT-C0403
interval,762,c08,4,days_200_250,INT-C0403
interval,765,c08,4,days_200_250,INT-C0403
interval,782,c08,4,days_200_250,INT-C0403
interval,790,c08,4,days_200_250,INT-C0403
interval,794,c08,4,days_200_250,INT-C0403
interval,803,c08,4,days_200_250,INT-C0403
interval,812,c08,4,days_200_250,INT-C0403
interval,814,c08,4,days_200_250,INT-C0403
interval,825,c08,4,days_200_250,INT-C0403
interval,845,c08,4,days_200_250,INT-C0403
interval,868,c08,4,days_200_250,INT-C0403
interval,885,c08,4,days_200_250,INT-C0403
interval,889,c08,4,days_200_250,INT-C0403
interval,908,c08,4,days_200_250,INT-C0403
interval,912,c08,4,days_200_250,INT-C0403
interval,948,c08,4,days_200_250,INT-C0403
interval,949,c08,4,days_200_250,INT-C0403
interval,984,c08,4,days_200_250,INT-C0403
interval,18,c01,5,days_250_300,INT-C0504
interval,50,c01,5,days_250_300,INT-C0504
interval,64,c01,5,days_250_300,INT-C0504
interval,69,c01,5,days_250_300,INT-C0504
interval,96,c01,5,days_250_300,INT-C0504
interval,101,c01,5,days_250_300,INT-C0504
interval,102,c01,5,days_250_300,INT-C0504
interval,103,c01,5,days_250_300,INT-C0504
interval,106,c01,5,days_250_300,INT-C0504
interval,125,c01,5,days_250_300,INT-C0504
interval,139,c01,5,days_250_300,INT-C0504
interval,153,c01,5,days_250_300,INT-C0504
interval,154,c01,5,days_250_300,INT-C0504
interval,164,c01,5,days_250_300,INT-C0504
interval,174,c01,5,days_250_300,INT-C0504
interval,175,c01,5,days_250_300,INT-C0504
interval,195,c01,5,days_250_300,INT-C0504
interval,206,c01,5,days_250_300,INT-C0504
interval,223,c01,5,days_250_300,INT-C0504
interval,246,c01,5,days_250_300,INT-C0504
interval,275,c01,5,days_250_300,INT-C0504
interval,299,c01,5,days_250_300,INT-C0504
interval,310,c01,5,days_250_300,INT-C0504
interval,323,c01,5,days_250_300,INT-C0504
interval,337,c01,5,days_250_300,INT-C0504
interval,343,c01,5,days_250_300,INT-C0504
interval,346,c01,5,days_250_300,INT-C0504
interval,368,c01,5,days_250_300,INT-C0504
interval,377,c01,5,days_250_300,INT-C0504
interval,378,c01,5,days_250_300,INT-C0504
interval,399,c01,5,days_250_300,INT-C0504
interval,402,c01,5,days_250_300,INT-C0504
interval,420,c01,5,days_250_300,INT-C0504
interval,423,c01,5,days_250_300,INT-C0504
interval,457,c01,5,days_250_300,INT-C0504
interval,477,c01,5,days_250_300,INT-C0504
interval,487,c01,5,days_250_300,INT-C0504
interval,505,c01,5,days_250_300,INT-C0504
interval,509,c01,5,days_250_300,INT-C0504
interval,510,c01,5,days_250_300,INT-C0504
interval,514,c01,5,days_250_300,INT-C0504
interval,548,c01,5,days_250_300,INT-C0504
interval,559,c01,5,days_250_300,INT-C0504
interval,583,c01,5,days_250_300,INT-C0504
interval,612,c01,5,days_250_300,INT-C0504
interval,622,c01,5,days_250_300,INT-C0504
interval,634,c01,5,days_250_300,INT-C0504
interval,638,c01,5,days_250_300,INT-C0504
interval,649,c01,5,days_250_300,INT-C0504
interval,663,c01,5,days_250_300,INT-C0504
interval,676,c01,5,days_250_300,INT-C0504
interval,729,c01,5,days_250_300,INT-C0504
interval,740,c01,5,days_250_300,INT-C0504
interval,780,c01,5,days_250_300,INT-C0504
interval,788,c01,5,days_250_300,INT-C0504
interval,849,c01,5,days_250_300,INT-C0504
interval,853,c01,5,days_250_300,INT-C0504
interval,866,c01,5,days_250_300,INT-C0504
interval,879,c01,5,days_250_300,INT-C0504
interval,896,c01,5,days_250_300,INT-C0504
interval,943,c01,5,days_250_300,INT-C0504
interval,950,c01,5,days_250_300,INT-C0504
interval,977,c01,5,days_250_300,INT-C0504
interval,1004,c01,5,days_250_300,INT-C0504
interval,4,c03,5,days_250_300,INT-C0508
interval,82,c03,5,days_250_300,INT-C0508
interval,83,c03,5,days_250_300,INT-C0508
interval,86,c03,5,days_250_300,INT-C0508
interval,135,c03,5,days_250_300,INT-C0508
interval,137,c03,5,days_250_300,INT-C0508
interval,152,c03,5,days_250_300,INT-C0508
interval,170,c03,5,days_250_300,INT-C0508
interval,229,c03,5,days_250_300,INT-C0508
interval,273,c03,5,days_250_300,INT-C0508
interval,292,c03,5,days_250_300,INT-C0508
interval,304,c03,5,days_250_300,INT-C0508
interval,306,c03,5,days_250_300,INT-C0508
interval,315,c03,5,days_250_300,INT-C0508
interval,371,c03,5,days_250_300,INT-C0508
interval,400,c03,5,days_250_300,INT-C0508
interval,405,c03,5,days_250_300,INT-C0508
interval,441,c03,5,days_250_300,INT-C0508
interval,443,c03,5,days_250_300,INT-C0508
interval,456,c03,5,days_250_300,INT-C0508
interval,523,c03,5,days_250_300,INT-C0508
interval,570,c03,5,days_250_300,INT-C0508
interval,581,c03,5,days_250_300,INT-C0508
interval,587,c03,5,days_250_300,INT-C0508
interval,626,c03,5,days_250_300,INT-C0508
interval,628,c03,5,days_250_300,INT-C0508
interval,659,c03,5,days_250_300,INT-C0508
interval,677,c03,5,days_250_300,INT-C0508
interval,703,c03,5,days_250_300,INT-C0508
interval,720,c03,5,days_250_300,INT-C0508
interval,742,c03,5,days_250_300,INT-C0508
interval,757,c03,5,days_250_300,INT-C0508
interval,769,c03,5,days_250_300,INT-C0508
interval,771,c03,5,days_250_300,INT-C0508
interval,784,c03,5,days_250_300,INT-C0508
interval,835,c03,5,days_250_300,INT-C0508
interval,863,c03,5,days_250_300,INT-C0508
interval,870,c03,5,days_250_300,INT-C0508
interval,901,c03,5,days_250_300,INT-C0508
interval,932,c03,5,days_250_300,INT-C0508
interval,936,c03,5,days_250_300,INT-C0508
interval,942,c03,5,days_250_300,INT-C0508
interval,993,c03,5,days_250_300,INT-C0508
interval,24,c05,5,days_250_300,INT-C0505
interval,35,c05,5,days_250_300,INT-C0505
interval,42,c05,5,days_250_300,INT-C0505
interval,95,c05,5,days_250_300,INT-C0505
interval,141,c05,5,days_250_300,INT-C0505
interval,160,c05,5,days_250_300,INT-C0505
interval,167,c05,5,days_250_300,INT-C0505
interval,181,c05,5,days_250_300,INT-C0505
interval,188,c05,5,days_250_300,INT-C0505
interval,190,c05,5,days_250_300,INT-C0505
interval,194,c05,5,days_250_300,INT-C0505
interval,207,c05,5,days_250_300,INT-C0505
interval,235,c05,5,days_250_300,INT-C0505
interval,239,c05,5,days_250_300,INT-C0505
interval,241,c05,5,days_250_300,INT-C0505
interval,274,c05,5,days_250_300,INT-C0505
interval,280,c05,5,days_250_300,INT-C0505
interval,288,c05,5,days_250_300,INT-C0505
interval,301,c05,5,days_250_300,INT-C0505
interval,353,c05,5,days_250_300,INT-C0505
interval,360,c05,5,days_250_300,INT-C0505
interval,373,c05,5,days_250_300,INT-C0505
interval,414,c05,5,days_250_300,INT-C0505
interval,421,c05,5,days_250_300,INT-C0505
interval,424,c05,5,days_250_300,INT-C0505
interval,445,c05,5,days_250_300,INT-C0505
interval,453,c05,5,days_250_300,INT-C0505
interval,469,c05,5,days_250_300,INT-C0505
interval,493,c05,5,days_250_300,INT-C0505
interval,512,c05,5,days_250_300,INT-C0505
interval,526,c05,5,days_250_300,INT-C0505
interval,530,c05,5,days_250_300,INT-C0505
interval,547,c05,5,days_250_300,INT-C0505
interval,552,c05,5,days_250_300,INT-C0505
interval,561,c05,5,days_250_300,INT-C0505
interval,598,c05,5,days_250_300,INT-C0505
interval,614,c05,5,days_250_300,INT-C0505
interval,629,c05,5,days_250_300,INT-C0505
interval,630,c05,5,days_250_300,INT-C0505
interval,631,c05,5,days_250_300,INT-C0505
interval,643,c05,5,days_250_300,INT-C0505
interval,656,c05,5,days_250_300,INT-C0505
interval,658,c05,5,days_250_300,INT-C0505
interval,678,c05,5,days_250_300,INT-C0505
interval,681,c05,5,days_250_300,INT-C0505
interval,685,c05,5,days_250_300,INT-C0505
interval,696,c05,5,days_250_300,INT-C0505
interval,795,c05,5,days_250_300,INT-C0505
interval,817,c05,5,days_250_300,INT-C0505
interval,824,c05,5,days_250_300,INT-C0505
interval,841,c05,5,days_250_300,INT-C0505
interval,846,c05,5,days_250_300,INT-C0505
interval,847,c05,5,days_250_300,INT-C0505
interval,851,c05,5,days_250_300,INT-C0505
interval,891,c05,5,days_250_300,INT-C0505
interval,902,c05,5,days_250_300,INT-C0505
interval,920,c05,5,days_250_300,INT-C0505
interval,951,c05,5,days_250_300,INT-C0505
interval,954,c05,5,days_250_300,INT-C0505
interval,957,c05,5,days_250_300,INT-C0505
interval,964,c05,5,days_250_300,INT-C0505
interval,978,c05,5,days_250_300,INT-C0505
interval,988,c05,5,days_250_300,INT-C0505
interval,28,c06,5,days_250_300,INT-C0509
interval,56,c06,5,days_250_300,INT-C0509
interval,68,c06,5,days_250_300,INT-C0509
interval,231,c06,5,days_250_300,INT-C0509
interval,245,c06,5,days_250_300,INT-C0509
interval,264,c06,5,days_250_300,INT-C0509
interval,311,c06,5,days_250_300,INT-C0509
interval,338,c06,5,days_250_300,INT-C0509
interval,361,c06,5,days_250_300,INT-C0509
interval,364,c06,5,days_250_300,INT-C0509
interval,427,c06,5,days_250_300,INT-C0509
interval,432,c06,5,days_250_300,INT-C0509
interval,433,c06,5,days_250_300,INT-C0509
interval,480,c06,5,days_250_300,INT-C0509
interval,482,c06,5,days_250_300,INT-C0509
interval,497,c06,5,days_250_300,INT-C0509
interval,531,c06,5,days_250_300,INT-C0509
interval,540,c06,5,days_250_300,INT-C0509
interval,582,c06,5,days_250_300,INT-C0509
interval,624,c06,5,days_250_300,INT-C0509
interval,641,c06,5,days_250_300,INT-C0509
interval,697,c06,5,days_250_300,INT-C0509
interval,698,c06,5,days_250_300,INT-C0509
interval,736,c06,5,days_250_300,INT-C0509
interval,764,c06,5,days_250_300,INT-C0509
interval,773,c06,5,days_250_300,INT-C0509
interval,809,c06,5,days_250_300,INT-C0509
interval,830,c06,5,days_250_300,INT-C0509
interval,840,c06,5,days_250_300,INT-C0509
interval,855,c06,5,days_250_300,INT-C0509
interval,872,c06,5,days_250_300,INT-C0509
interval,873,c06,5,days_250_300,INT-C0509
interval,925,c06,5,days_250_300,INT-C0509
interval,955,c06,5,days_250_300,INT-C0509
interval,987,c06,5,days_250_300,INT-C0509
interval,994,c06,5,days_250_300,INT-C0509
interval,2,c08,5,days_250_300,INT-C0503
interval,30,c08,5,days_250_300,INT-C0503
interval,37,c08,5,days_250_300,INT-C0503
interval,43,c08,5,days_250_300,INT-C0503
interval,45,c08,5,days_250_300,INT-C0503
interval,52,c08,5,days_250_300,INT-C0503
interval,66,c08,5,days_250_300,INT-C0503
interval,74,c08,5,days_250_300,INT-C0503
interval,77,c08,5,days_250_300,INT-C0503
interval,94,c08,5,days_250_300,INT-C0503
interval,104,c08,5,days_250_300,INT-C0503
interval,110,c08,5,days_250_300,INT-C0503
interval,111,c08,5,days_250_300,INT-C0503
interval,115,c08,5,days_250_300,INT-C0503
interval,119,c08,5,days_250_300,INT-C0503
interval,126,c08,5,days_250_300,INT-C0503
interval,133,c08,5,days_250_300,INT-C0503
interval,138,c08,5,days_250_300,INT-C0503
interval,166,c08,5,days_250_300,INT-C0503
interval,168,c08,5,days_250_300,INT-C0503
interval,209,c08,5,days_250_300,INT-C0503
interval,227,c08,5,days_250_300,INT-C0503
interval,232,c08,5,days_250_300,INT-C0503
interval,256,c08,5,days_250_300,INT-C0503
interval,260,c08,5,days_250_300,INT-C0503
interval,266,c08,5,days_250_300,INT-C0503
interval,294,c08,5,days_250_300,INT-C0503
interval,305,c08,5,days_250_300,INT-C0503
interval,313,c08,5,days_250_300,INT-C0503
interval,332,c08,5,days_250_300,INT-C0503
interval,340,c08,5,days_250_300,INT-C0503
interval,356,c08,5,days_250_300,INT-C0503
interval,416,c08,5,days_250_300,INT-C0503
interval,425,c08,5,days_250_300,INT-C0503
interval,435,c08,5,days_250_300,INT-C0503
interval,439,c08,5,days_250_300,INT-C0503
interval,447,c08,5,days_250_300,INT-C0503
interval,465,c08,5,days_250_300,INT-C0503
interval,472,c08,5,days_250_300,INT-C0503
interval,500,c08,5,days_250_300,INT-C0503
interval,515,c08,5,days_250_300,INT-C0503
interval,539,c08,5,days_250_300,INT-C0503
interval,556,c08,5,days_250_300,INT-C0503
interval,557,c08,5,days_250_300,INT-C0503
interval,573,c08,5,days_250_300,INT-C0503
interval,574,c08,5,days_250_300,INT-C0503
interval,575,c08,5,days_250_300,INT-C0503
interval,586,c08,5,days_250_300,INT-C0503
interval,602,c08,5,days_250_300,INT-C0503
interval,648,c08,5,days_250_300,INT-C0503
interval,661,c08,5,days_250_300,INT-C0503
interval,674,c08,5,days_250_300,INT-C0503
interval,699,c08,5,days_250_300,INT-C0503
interval,700,c08,5,days_250_300,INT-C0503
interval,721,c08,5,days_250_300,INT-C0503
interval,730,c08,5,days_250_300,INT-C0503
interval,743,c08,5,days_250_300,INT-C0503
interval,759,c08,5,days_250_300,INT-C0503
interval,762,c08,5,days_250_300,INT-C0503
interval,765,c08,5,days_250_300,INT-C0503
interval,768,c08,5,days_250_300,INT-C0503
interval,782,c08,5,days_250_300,INT-C0503
interval,790,c08,5,days_250_300,INT-C0503
interval,812,c08,5,days_250_300,INT-C0503
interval,814,c08,5,days_250_300,INT-C0503
interval,868,c08,5,days_250_300,INT-C0503
interval,885,c08,5,days_250_300,INT-C0503
interval,889,c08,5,days_250_300,INT-C0503
interval,908,c08,5,days_250_300,INT-C0503
interval,912,c08,5,days_250_300,INT-C0503
interval,946,c08,5,days_250_300,INT-C0503
interval,948,c08,5,days_250_300,INT-C0503
interval,949,c08,5,days_250_300,INT-C0503
interval,966,c08,5,days_250_300,INT-C0503
interval,984,c08,5,days_250_300,INT-C0503
interval,42,c01,6,days_300_350,INT-C0606
interval,46,c01,6,days_300_350,INT-C0606
interval,50,c01,6,days_300_350,INT-C0606
interval,96,c01,6,days_300_350,INT-C0606
interval,101,c01,6,days_300_350,INT-C0606
interval,103,c01,6,days_300_350,INT-C0606
interval,105,c01,6,days_300_350,INT-C0606
interval,125,c01,6,days_300_350,INT-C0606
interval,132,c01,6,days_300_350,INT-C0606
interval,139,c01,6,days_300_350,INT-C0606
interval,153,c01,6,days_300_350,INT-C0606
interval,161,c01,6,days_300_350,INT-C0606
interval,164,c01,6,days_300_350,INT-C0606
interval,194,c01,6,days_300_350,INT-C0606
interval,206,c01,6,days_300_350,INT-C0606
interval,208,c01,6,days_300_350,INT-C0606
interval,239,c01,6,days_300_350,INT-C0606
interval,246,c01,6,days_300_350,INT-C0606
interval,255,c01,6,days_300_350,INT-C0606
interval,273,c01,6,days_300_350,INT-C0606
interval,299,c01,6,days_300_350,INT-C0606
interval,308,c01,6,days_300_350,INT-C0606
interval,310,c01,6,days_300_350,INT-C0606
interval,323,c01,6,days_300_350,INT-C0606
interval,343,c01,6,days_300_350,INT-C0606
interval,346,c01,6,days_300_350,INT-C0606
interval,378,c01,6,days_300_350,INT-C0606
interval,388,c01,6,days_300_350,INT-C0606
interval,399,c01,6,days_300_350,INT-C0606
interval,402,c01,6,days_300_350,INT-C0606
interval,418,c01,6,days_300_350,INT-C0606
interval,420,c01,6,days_300_350,INT-C0606
interval,423,c01,6,days_300_350,INT-C0606
interval,477,c01,6,days_300_350,INT-C0606
interval,487,c01,6,days_300_350,INT-C0606
interval,497,c01,6,days_300_350,INT-C0606
interval,509,c01,6,days_300_350,INT-C0606
interval,510,c01,6,days_300_350,INT-C0606
interval,514,c01,6,days_300_350,INT-C0606
interval,528,c01,6,days_300_350,INT-C0606
interval,559,c01,6,days_300_350,INT-C0606
interval,603,c01,6,days_300_350,INT-C0606
interval,622,c01,6,days_300_350,INT-C0606
interval,634,c01,6,days_300_350,INT-C0606
interval,638,c01,6,days_300_350,INT-C0606
interval,649,c01,6,days_300_350,INT-C0606
interval,651,c01,6,days_300_350,INT-C0606
interval,663,c01,6,days_300_350,INT-C0606
interval,669,c01,6,days_300_350,INT-C0606
interval,676,c01,6,days_300_350,INT-C0606
interval,681,c01,6,days_300_350,INT-C0606
interval,706,c01,6,days_300_350,INT-C0606
interval,780,c01,6,days_300_350,INT-C0606
interval,788,c01,6,days_300_350,INT-C0606
interval,815,c01,6,days_300_350,INT-C0606
interval,822,c01,6,days_300_350,INT-C0606
interval,832,c01,6,days_300_350,INT-C0606
interval,893,c01,6,days_300_350,INT-C0606
interval,907,c01,6,days_300_350,INT-C0606
interval,943,c01,6,days_300_350,INT-C0606
interval,950,c01,6,days_300_350,INT-C0606
interval,951,c01,6,days_300_350,INT-C0606
interval,977,c01,6,days_300_350,INT-C0606
interval,996,c01,6,days_300_350,INT-C0606
interval,1004,c01,6,days_300_350,INT-C0606
interval,4,c03,6,days_300_350,INT-C0605
interval,72,c03,6,days_300_350,INT-C0605
interval,82,c03,6,days_300_350,INT-C0605
interval,83,c03,6,days_300_350,INT-C0605
interval,86,c03,6,days_300_350,INT-C0605
interval,90,c03,6,days_300_350,INT-C0605
interval,135,c03,6,days_300_350,INT-C0605
interval,137,c03,6,days_300_350,INT-C0605
interval,138,c03,6,days_300_350,INT-C0605
interval,152,c03,6,days_300_350,INT-C0605
interval,170,c03,6,days_300_350,INT-C0605
interval,203,c03,6,days_300_350,INT-C0605
interval,205,c03,6,days_300_350,INT-C0605
interval,211,c03,6,days_300_350,INT-C0605
interval,229,c03,6,days_300_350,INT-C0605
interval,272,c03,6,days_300_350,INT-C0605
interval,292,c03,6,days_300_350,INT-C0605
interval,304,c03,6,days_300_350,INT-C0605
interval,306,c03,6,days_300_350,INT-C0605
interval,307,c03,6,days_300_350,INT-C0605
interval,315,c03,6,days_300_350,INT-C0605
interval,317,c03,6,days_300_350,INT-C0605
interval,337,c03,6,days_300_350,INT-C0605
interval,348,c03,6,days_300_350,INT-C0605
interval,362,c03,6,days_300_350,INT-C0605
interval,371,c03,6,days_300_350,INT-C0605
interval,374,c03,6,days_300_350,INT-C0605
interval,383,c03,6,days_300_350,INT-C0605
interval,400,c03,6,days_300_350,INT-C0605
interval,405,c03,6,days_300_350,INT-C0605
interval,441,c03,6,days_300_350,INT-C0605
interval,443,c03,6,days_300_350,INT-C0605
interval,483,c03,6,days_300_350,INT-C0605
interval,505,c03,6,days_300_350,INT-C0605
interval,523,c03,6,days_300_350,INT-C0605
interval,533,c03,6,days_300_350,INT-C0605
interval,581,c03,6,days_300_350,INT-C0605
interval,626,c03,6,days_300_350,INT-C0605
interval,628,c03,6,days_300_350,INT-C0605
interval,637,c03,6,days_300_350,INT-C0605
interval,645,c03,6,days_300_350,INT-C0605
interval,659,c03,6,days_300_350,INT-C0605
interval,662,c03,6,days_300_350,INT-C0605
interval,677,c03,6,days_300_350,INT-C0605
interval,697,c03,6,days_300_350,INT-C0605
interval,703,c03,6,days_300_350,INT-C0605
interval,714,c03,6,days_300_350,INT-C0605
interval,736,c03,6,days_300_350,INT-C0605
interval,742,c03,6,days_300_350,INT-C0605
interval,749,c03,6,days_300_350,INT-C0605
interval,757,c03,6,days_300_350,INT-C0605
interval,763,c03,6,days_300_350,INT-C0605
interval,769,c03,6,days_300_350,INT-C0605
interval,771,c03,6,days_300_350,INT-C0605
interval,784,c03,6,days_300_350,INT-C0605
interval,807,c03,6,days_300_350,INT-C0605
interval,835,c03,6,days_300_350,INT-C0605
interval,855,c03,6,days_300_350,INT-C0605
interval,863,c03,6,days_300_350,INT-C0605
interval,865,c03,6,days_300_350,INT-C0605
interval,870,c03,6,days_300_350,INT-C0605
interval,887,c03,6,days_300_350,INT-C0605
interval,900,c03,6,days_300_350,INT-C0605
interval,901,c03,6,days_300_350,INT-C0605
interval,936,c03,6,days_300_350,INT-C0605
interval,942,c03,6,days_300_350,INT-C0605
interval,993,c03,6,days_300_350,INT-C0605
interval,997,c03,6,days_300_350,INT-C0605
interval,24,c05,6,days_300_350,INT-C0608
interval,35,c05,6,days_300_350,INT-C0608
interval,141,c05,6,days_300_350,INT-C0608
interval,160,c05,6,days_300_350,INT-C0608
interval,167,c05,6,days_300_350,INT-C0608
interval,181,c05,6,days_300_350,INT-C0608
interval,188,c05,6,days_300_350,INT-C0608
interval,190,c05,6,days_300_350,INT-C0608
interval,207,c05,6,days_300_350,INT-C0608
interval,241,c05,6,days_300_350,INT-C0608
interval,274,c05,6,days_300_350,INT-C0608
interval,280,c05,6,days_300_350,INT-C0608
interval,288,c05,6,days_300_350,INT-C0608
interval,301,c05,6,days_300_350,INT-C0608
interval,353,c05,6,days_300_350,INT-C0608
interval,360,c05,6,days_300_350,INT-C0608
interval,373,c05,6,days_300_350,INT-C0608
interval,391,c05,6,days_300_350,INT-C0608
interval,414,c05,6,days_300_350,INT-C0608
interval,421,c05,6,days_300_350,INT-C0608
interval,424,c05,6,days_300_350,INT-C0608
interval,431,c05,6,days_300_350,INT-C0608
interval,445,c05,6,days_300_350,INT-C0608
interval,469,c05,6,days_300_350,INT-C0608
interval,484,c05,6,days_300_350,INT-C0608
interval,493,c05,6,days_300_350,INT-C0608
interval,512,c05,6,days_300_350,INT-C0608
interval,526,c05,6,days_300_350,INT-C0608
interval,530,c05,6,days_300_350,INT-C0608
interval,547,c05,6,days_300_350,INT-C0608
interval,552,c05,6,days_300_350,INT-C0608
interval,561,c05,6,days_300_350,INT-C0608
interval,614,c05,6,days_300_350,INT-C0608
interval,629,c05,6,days_300_350,INT-C0608
interval,630,c05,6,days_300_350,INT-C0608
interval,631,c05,6,days_300_350,INT-C0608
interval,656,c05,6,days_300_350,INT-C0608
interval,658,c05,6,days_300_350,INT-C0608
interval,685,c05,6,days_300_350,INT-C0608
interval,795,c05,6,days_300_350,INT-C0608
interval,841,c05,6,days_300_350,INT-C0608
interval,847,c05,6,days_300_350,INT-C0608
interval,851,c05,6,days_300_350,INT-C0608
interval,858,c05,6,days_300_350,INT-C0608
interval,891,c05,6,days_300_350,INT-C0608
interval,902,c05,6,days_300_350,INT-C0608
interval,920,c05,6,days_300_350,INT-C0608
interval,954,c05,6,days_300_350,INT-C0608
interval,957,c05,6,days_300_350,INT-C0608
interval,978,c05,6,days_300_350,INT-C0608
interval,988,c05,6,days_300_350,INT-C0608
interval,28,c06,6,days_300_350,INT-C0609
interval,56,c06,6,days_300_350,INT-C0609
interval,68,c06,6,days_300_350,INT-C0609
interval,95,c06,6,days_300_350,INT-C0609
interval,231,c06,6,days_300_350,INT-C0609
interval,245,c06,6,days_300_350,INT-C0609
interval,251,c06,6,days_300_350,INT-C0609
interval,264,c06,6,days_300_350,INT-C0609
interval,311,c06,6,days_300_350,INT-C0609
interval,329,c06,6,days_300_350,INT-C0609
interval,338,c06,6,days_300_350,INT-C0609
interval,361,c06,6,days_300_350,INT-C0609
interval,364,c06,6,days_300_350,INT-C0609
interval,427,c06,6,days_300_350,INT-C0609
interval,432,c06,6,days_300_350,INT-C0609
interval,433,c06,6,days_300_350,INT-C0609
interval,448,c06,6,days_300_350,INT-C0609
interval,480,c06,6,days_300_350,INT-C0609
interval,482,c06,6,days_300_350,INT-C0609
interval,531,c06,6,days_300_350,INT-C0609
interval,540,c06,6,days_300_350,INT-C0609
interval,582,c06,6,days_300_350,INT-C0609
interval,606,c06,6,days_300_350,INT-C0609
interval,624,c06,6,days_300_350,INT-C0609
interval,641,c06,6,days_300_350,INT-C0609
interval,660,c06,6,days_300_350,INT-C0609
interval,698,c06,6,days_300_350,INT-C0609
interval,764,c06,6,days_300_350,INT-C0609
interval,773,c06,6,days_300_350,INT-C0609
interval,789,c06,6,days_300_350,INT-C0609
interval,809,c06,6,days_300_350,INT-C0609
interval,819,c06,6,days_300_350,INT-C0609
interval,830,c06,6,days_300_350,INT-C0609
interval,840,c06,6,days_300_350,INT-C0609
interval,867,c06,6,days_300_350,INT-C0609
interval,872,c06,6,days_300_350,INT-C0609
interval,873,c06,6,days_300_350,INT-C0609
interval,874,c06,6,days_300_350,INT-C0609
interval,925,c06,6,days_300_350,INT-C0609
interval,955,c06,6,days_300_350,INT-C0609
interval,983,c06,6,days_300_350,INT-C0609
interval,987,c06,6,days_300_350,INT-C0609
interval,994,c06,6,days_300_350,INT-C0609
interval,2,c08,6,days_300_350,INT-C0602
interval,30,c08,6,days_300_350,INT-C0602
interval,45,c08,6,days_300_350,INT-C0602
interval,52,c08,6,days_300_350,INT-C0602
interval,66,c08,6,days_300_350,INT-C0602
interval,74,c08,6,days_300_350,INT-C0602
interval,77,c08,6,days_300_350,INT-C0602
interval,104,c08,6,days_300_350,INT-C0602
interval,110,c08,6,days_300_350,INT-C0602
interval,111,c08,6,days_300_350,INT-C0602
interval,112,c08,6,days_300_350,INT-C0602
interval,119,c08,6,days_300_350,INT-C0602
interval,126,c08,6,days_300_350,INT-C0602
interval,128,c08,6,days_300_350,INT-C0602
interval,133,c08,6,days_300_350,INT-C0602
interval,166,c08,6,days_300_350,INT-C0602
interval,168,c08,6,days_300_350,INT-C0602
interval,176,c08,6,days_300_350,INT-C0602
interval,197,c08,6,days_300_350,INT-C0602
interval,209,c08,6,days_300_350,INT-C0602
interval,227,c08,6,days_300_350,INT-C0602
interval,232,c08,6,days_300_350,INT-C0602
interval,240,c08,6,days_300_350,INT-C0602
interval,256,c08,6,days_300_350,INT-C0602
interval,257,c08,6,days_300_350,INT-C0602
interval,260,c08,6,days_300_350,INT-C0602
interval,266,c08,6,days_300_350,INT-C0602
interval,267,c08,6,days_300_350,INT-C0602
interval,294,c08,6,days_300_350,INT-C0602
interval,305,c08,6,days_300_350,INT-C0602
interval,313,c08,6,days_300_350,INT-C0602
interval,318,c08,6,days_300_350,INT-C0602
interval,326,c08,6,days_300_350,INT-C0602
interval,332,c08,6,days_300_350,INT-C0602
interval,340,c08,6,days_300_350,INT-C0602
interval,356,c08,6,days_300_350,INT-C0602
interval,380,c08,6,days_300_350,INT-C0602
interval,416,c08,6,days_300_350,INT-C0602
interval,425,c08,6,days_300_350,INT-C0602
interval,435,c08,6,days_300_350,INT-C0602
interval,439,c08,6,days_300_350,INT-C0602
interval,447,c08,6,days_300_350,INT-C0602
interval,465,c08,6,days_300_350,INT-C0602
interval,472,c08,6,days_300_350,INT-C0602
interval,500,c08,6,days_300_350,INT-C0602
interval,517,c08,6,days_300_350,INT-C0602
interval,556,c08,6,days_300_350,INT-C0602
interval,557,c08,6,days_300_350,INT-C0602
interval,570,c08,6,days_300_350,INT-C0602
interval,573,c08,6,days_300_350,INT-C0602
interval,574,c08,6,days_300_350,INT-C0602
interval,575,c08,6,days_300_350,INT-C0602
interval,586,c08,6,days_300_350,INT-C0602
interval,598,c08,6,days_300_350,INT-C0602
interval,602,c08,6,days_300_350,INT-C0602
interval,648,c08,6,days_300_350,INT-C0602
interval,674,c08,6,days_300_350,INT-C0602
interval,699,c08,6,days_300_350,INT-C0602
interval,700,c08,6,days_300_350,INT-C0602
interval,704,c08,6,days_300_350,INT-C0602
interval,721,c08,6,days_300_350,INT-C0602
interval,730,c08,6,days_300_350,INT-C0602
interval,743,c08,6,days_300_350,INT-C0602
interval,756,c08,6,days_300_350,INT-C0602
interval,759,c08,6,days_300_350,INT-C0602
interval,762,c08,6,days_300_350,INT-C0602
interval,765,c08,6,days_300_350,INT-C0602
interval,782,c08,6,days_300_350,INT-C0602
interval,790,c08,6,days_300_350,INT-C0602
interval,803,c08,6,days_300_350,INT-C0602
interval,812,c08,6,days_300_350,INT-C0602
interval,814,c08,6,days_300_350,INT-C0602
interval,817,c08,6,days_300_350,INT-C0602
interval,868,c08,6,days_300_350,INT-C0602
interval,869,c08,6,days_300_350,INT-C0602
interval,885,c08,6,days_300_350,INT-C0602
interval,889,c08,6,days_300_350,INT-C0602
interval,908,c08,6,days_300_350,INT-C0602
interval,912,c08,6,days_300_350,INT-C0602
interval,946,c08,6,days_300_350,INT-C0602
interval,948,c08,6,days_300_350,INT-C0602
interval,949,c08,6,days_300_350,INT-C0602
interval,961,c08,6,days_300_350,INT-C0602
interval,966,c08,6,days_300_350,INT-C0602
interval,984,c08,6,days_300_350,INT-C0602
interval,38,c01,7,days_350_400,INT-C0703
interval,42,c01,7,days_350_400,INT-C0703
interval,46,c01,7,days_350_400,INT-C0703
interval,50,c01,7,days_350_400,INT-C0703
interval,64,c01,7,days_350_400,INT-C0703
interval,69,c01,7,days_350_400,INT-C0703
interval,76,c01,7,days_350_400,INT-C0703
interval,84,c01,7,days_350_400,INT-C0703
interval,96,c01,7,days_350_400,INT-C0703
interval,103,c01,7,days_350_400,INT-C0703
interval,105,c01,7,days_350_400,INT-C0703
interval,106,c01,7,days_350_400,INT-C0703
interval,125,c01,7,days_350_400,INT-C0703
interval,132,c01,7,days_350_400,INT-C0703
interval,139,c01,7,days_350_400,INT-C0703
interval,153,c01,7,days_350_400,INT-C0703
interval,154,c01,7,days_350_400,INT-C0703
interval,164,c01,7,days_350_400,INT-C0703
interval,206,c01,7,days_350_400,INT-C0703
interval,282,c01,7,days_350_400,INT-C0703
interval,299,c01,7,days_350_400,INT-C0703
interval,308,c01,7,days_350_400,INT-C0703
interval,309,c01,7,days_350_400,INT-C0703
interval,310,c01,7,days_350_400,INT-C0703
interval,322,c01,7,days_350_400,INT-C0703
interval,323,c01,7,days_350_400,INT-C0703
interval,324,c01,7,days_350_400,INT-C0703
interval,343,c01,7,days_350_400,INT-C0703
interval,345,c01,7,days_350_400,INT-C0703
interval,346,c01,7,days_350_400,INT-C0703
interval,368,c01,7,days_350_400,INT-C0703
interval,376,c01,7,days_350_400,INT-C0703
interval,378,c01,7,days_350_400,INT-C0703
interval,388,c01,7,days_350_400,INT-C0703
interval,399,c01,7,days_350_400,INT-C0703
interval,402,c01,7,days_350_400,INT-C0703
interval,410,c01,7,days_350_400,INT-C0703
interval,411,c01,7,days_350_400,INT-C0703
interval,418,c01,7,days_350_400,INT-C0703
interval,419,c01,7,days_350_400,INT-C0703
interval,420,c01,7,days_350_400,INT-C0703
interval,460,c01,7,days_350_400,INT-C0703
interval,474,c01,7,days_350_400,INT-C0703
interval,477,c01,7,days_350_400,INT-C0703
interval,479,c01,7,days_350_400,INT-C0703
interval,487,c01,7,days_350_400,INT-C0703
interval,489,c01,7,days_350_400,INT-C0703
interval,509,c01,7,days_350_400,INT-C0703
interval,510,c01,7,days_350_400,INT-C0703
interval,514,c01,7,days_350_400,INT-C0703
interval,534,c01,7,days_350_400,INT-C0703
interval,548,c01,7,days_350_400,INT-C0703
interval,559,c01,7,days_350_400,INT-C0703
interval,562,c01,7,days_350_400,INT-C0703
interval,601,c01,7,days_350_400,INT-C0703
interval,603,c01,7,days_350_400,INT-C0703
interval,622,c01,7,days_350_400,INT-C0703
interval,634,c01,7,days_350_400,INT-C0703
interval,638,c01,7,days_350_400,INT-C0703
interval,649,c01,7,days_350_400,INT-C0703
interval,663,c01,7,days_350_400,INT-C0703
interval,676,c01,7,days_350_400,INT-C0703
interval,706,c01,7,days_350_400,INT-C0703
interval,735,c01,7,days_350_400,INT-C0703
interval,740,c01,7,days_350_400,INT-C0703
interval,777,c01,7,days_350_400,INT-C0703
interval,780,c01,7,days_350_400,INT-C0703
interval,788,c01,7,days_350_400,INT-C0703
interval,815,c01,7,days_350_400,INT-C0703
interval,822,c01,7,days_350_400,INT-C0703
interval,832,c01,7,days_350_400,INT-C0703
interval,836,c01,7,days_350_400,INT-C0703
interval,842,c01,7,days_350_400,INT-C0703
interval,853,c01,7,days_350_400,INT-C0703
interval,879,c01,7,days_350_400,INT-C0703
interval,939,c01,7,days_350_400,INT-C0703
interval,943,c01,7,days_350_400,INT-C0703
interval,950,c01,7,days_350_400,INT-C0703
interval,969,c01,7,days_350_400,INT-C0703
interval,977,c01,7,days_350_400,INT-C0703
interval,996,c01,7,days_350_400,INT-C0703
interval,1004,c01,7,days_350_400,INT-C0703
interval,4,c03,7,days_350_400,INT-C0701
interval,40,c03,7,days_350_400,INT-C0701
interval,47,c03,7,days_350_400,INT-C0701
interval,60,c03,7,days_350_400,INT-C0701
interval,82,c03,7,days_350_400,INT-C0701
interval,83,c03,7,days_350_400,INT-C0701
interval,86,c03,7,days_350_400,INT-C0701
interval,135,c03,7,days_350_400,INT-C0701
interval,137,c03,7,days_350_400,INT-C0701
interval,138,c03,7,days_350_400,INT-C0701
interval,152,c03,7,days_350_400,INT-C0701
interval,159,c03,7,days_350_400,INT-C0701
interval,161,c03,7,days_350_400,INT-C0701
interval,170,c03,7,days_350_400,INT-C0701
interval,187,c03,7,days_350_400,INT-C0701
interval,191,c03,7,days_350_400,INT-C0701
interval,198,c03,7,days_350_400,INT-C0701
interval,213,c03,7,days_350_400,INT-C0701
interval,214,c03,7,days_350_400,INT-C0701
interval,223,c03,7,days_350_400,INT-C0701
interval,229,c03,7,days_350_400,INT-C0701
interval,233,c03,7,days_350_400,INT-C0701
interval,254,c03,7,days_350_400,INT-C0701
interval,271,c03,7,days_350_400,INT-C0701
interval,272,c03,7,days_350_400,INT-C0701
interval,290,c03,7,days_350_400,INT-C0701
interval,304,c03,7,days_350_400,INT-C0701
interval,306,c03,7,days_350_400,INT-C0701
interval,307,c03,7,days_350_400,INT-C0701
interval,317,c03,7,days_350_400,INT-C0701
interval,337,c03,7,days_350_400,INT-C0701
interval,362,c03,7,days_350_400,INT-C0701
interval,371,c03,7,days_350_400,INT-C0701
interval,374,c03,7,days_350_400,INT-C0701
interval,379,c03,7,days_350_400,INT-C0701
interval,383,c03,7,days_350_400,INT-C0701
interval,394,c03,7,days_350_400,INT-C0701
interval,398,c03,7,days_350_400,INT-C0701
interval,400,c03,7,days_350_400,INT-C0701
interval,405,c03,7,days_350_400,INT-C0701
interval,413,c03,7,days_350_400,INT-C0701
interval,441,c03,7,days_350_400,INT-C0701
interval,443,c03,7,days_350_400,INT-C0701
interval,450,c03,7,days_350_400,INT-C0701
interval,456,c03,7,days_350_400,INT-C0701
interval,466,c03,7,days_350_400,INT-C0701
interval,488,c03,7,days_350_400,INT-C0701
interval,495,c03,7,days_350_400,INT-C0701
interval,505,c03,7,days_350_400,INT-C0701
interval,515,c03,7,days_350_400,INT-C0701
interval,523,c03,7,days_350_400,INT-C0701
interval,525,c03,7,days_350_400,INT-C0701
interval,527,c03,7,days_350_400,INT-C0701
interval,568,c03,7,days_350_400,INT-C0701
interval,571,c03,7,days_350_400,INT-C0701
interval,572,c03,7,days_350_400,INT-C0701
interval,581,c03,7,days_350_400,INT-C0701
interval,585,c03,7,days_350_400,INT-C0701
interval,587,c03,7,days_350_400,INT-C0701
interval,589,c03,7,days_350_400,INT-C0701
interval,626,c03,7,days_350_400,INT-C0701
interval,628,c03,7,days_350_400,INT-C0701
interval,659,c03,7,days_350_400,INT-C0701
interval,662,c03,7,days_350_400,INT-C0701
interval,665,c03,7,days_350_400,INT-C0701
interval,668,c03,7,days_350_400,INT-C0701
interval,678,c03,7,days_350_400,INT-C0701
interval,692,c03,7,days_350_400,INT-C0701
interval,695,c03,7,days_350_400,INT-C0701
interval,703,c03,7,days_350_400,INT-C0701
interval,712,c03,7,days_350_400,INT-C0701
interval,720,c03,7,days_350_400,INT-C0701
interval,736,c03,7,days_350_400,INT-C0701
interval,742,c03,7,days_350_400,INT-C0701
interval,746,c03,7,days_350_400,INT-C0701
interval,769,c03,7,days_350_400,INT-C0701
interval,771,c03,7,days_350_400,INT-C0701
interval,775,c03,7,days_350_400,INT-C0701
interval,776,c03,7,days_350_400,INT-C0701
interval,784,c03,7,days_350_400,INT-C0701
interval,792,c03,7,days_350_400,INT-C0701
interval,798,c03,7,days_350_400,INT-C0701
interval,802,c03,7,days_350_400,INT-C0701
interval,813,c03,7,days_350_400,INT-C0701
interval,834,c03,7,days_350_400,INT-C0701
interval,835,c03,7,days_350_400,INT-C0701
interval,860,c03,7,days_350_400,INT-C0701
interval,863,c03,7,days_350_400,INT-C0701
interval,865,c03,7,days_350_400,INT-C0701
interval,870,c03,7,days_350_400,INT-C0701
interval,887,c03,7,days_350_400,INT-C0701
interval,900,c03,7,days_350_400,INT-C0701
interval,901,c03,7,days_350_400,INT-C0701
interval,935,c03,7,days_350_400,INT-C0701
interval,936,c03,7,days_350_400,INT-C0701
interval,940,c03,7,days_350_400,INT-C0701
interval,942,c03,7,days_350_400,INT-C0701
interval,993,c03,7,days_350_400,INT-C0701
interval,995,c03,7,days_350_400,INT-C0701
interval,24,c05,7,days_350_400,INT-C0706
interval,35,c05,7,days_350_400,INT-C0706
interval,141,c05,7,days_350_400,INT-C0706
interval,160,c05,7,days_350_400,INT-C0706
interval,167,c05,7,days_350_400,INT-C0706
interval,181,c05,7,days_350_400,INT-C0706
interval,188,c05,7,days_350_400,INT-C0706
interval,190,c05,7,days_350_400,INT-C0706
interval,207,c05,7,days_350_400,INT-C0706
interval,241,c05,7,days_350_400,INT-C0706
interval,274,c05,7,days_350_400,INT-C0706
interval,280,c05,7,days_350_400,INT-C0706
interval,281,c05,7,days_350_400,INT-C0706
interval,288,c05,7,days_350_400,INT-C0706
interval,301,c05,7,days_350_400,INT-C0706
interval,353,c05,7,days_350_400,INT-C0706
interval,360,c05,7,days_350_400,INT-C0706
interval,373,c05,7,days_350_400,INT-C0706
interval,391,c05,7,days_350_400,INT-C0706
interval,408,c05,7,days_350_400,INT-C0706
interval,414,c05,7,days_350_400,INT-C0706
interval,421,c05,7,days_350_400,INT-C0706
interval,424,c05,7,days_350_400,INT-C0706
interval,445,c05,7,days_350_400,INT-C0706
interval,469,c05,7,days_350_400,INT-C0706
interval,484,c05,7,days_350_400,INT-C0706
interval,493,c05,7,days_350_400,INT-C0706
interval,497,c05,7,days_350_400,INT-C0706
interval,512,c05,7,days_350_400,INT-C0706
interval,526,c05,7,days_350_400,INT-C0706
interval,530,c05,7,days_350_400,INT-C0706
interval,547,c05,7,days_350_400,INT-C0706
interval,552,c05,7,days_350_400,INT-C0706
interval,561,c05,7,days_350_400,INT-C0706
interval,614,c05,7,days_350_400,INT-C0706
interval,629,c05,7,days_350_400,INT-C0706
interval,630,c05,7,days_350_400,INT-C0706
interval,631,c05,7,days_350_400,INT-C0706
interval,643,c05,7,days_350_400,INT-C0706
interval,656,c05,7,days_350_400,INT-C0706
interval,658,c05,7,days_350_400,INT-C0706
interval,685,c05,7,days_350_400,INT-C0706
interval,750,c05,7,days_350_400,INT-C0706
interval,773,c05,7,days_350_400,INT-C0706
interval,795,c05,7,days_350_400,INT-C0706
interval,817,c05,7,days_350_400,INT-C0706
interval,846,c05,7,days_350_400,INT-C0706
interval,847,c05,7,days_350_400,INT-C0706
interval,851,c05,7,days_350_400,INT-C0706
interval,858,c05,7,days_350_400,INT-C0706
interval,891,c05,7,days_350_400,INT-C0706
interval,894,c05,7,days_350_400,INT-C0706
interval,902,c05,7,days_350_400,INT-C0706
interval,905,c05,7,days_350_400,INT-C0706
interval,920,c05,7,days_350_400,INT-C0706
interval,954,c05,7,days_350_400,INT-C0706
interval,957,c05,7,days_350_400,INT-C0706
interval,978,c05,7,days_350_400,INT-C0706
interval,988,c05,7,days_350_400,INT-C0706
interval,989,c05,7,days_350_400,INT-C0706
interval,28,c06,7,days_350_400,INT-C0710
interval,56,c06,7,days_350_400,INT-C0710
interval,68,c06,7,days_350_400,INT-C0710
interval,95,c06,7,days_350_400,INT-C0710
interval,185,c06,7,days_350_400,INT-C0710
interval,231,c06,7,days_350_400,INT-C0710
interval,245,c06,7,days_350_400,INT-C0710
interval,251,c06,7,days_350_400,INT-C0710
interval,264,c06,7,days_350_400,INT-C0710
interval,269,c06,7,days_350_400,INT-C0710
interval,311,c06,7,days_350_400,INT-C0710
interval,315,c06,7,days_350_400,INT-C0710
interval,329,c06,7,days_350_400,INT-C0710
interval,338,c06,7,days_350_400,INT-C0710
interval,361,c06,7,days_350_400,INT-C0710
interval,364,c06,7,days_350_400,INT-C0710
interval,427,c06,7,days_350_400,INT-C0710
interval,432,c06,7,days_350_400,INT-C0710
interval,433,c06,7,days_350_400,INT-C0710
interval,480,c06,7,days_350_400,INT-C0710
interval,482,c06,7,days_350_400,INT-C0710
interval,531,c06,7,days_350_400,INT-C0710
interval,540,c06,7,days_350_400,INT-C0710
interval,582,c06,7,days_350_400,INT-C0710
interval,606,c06,7,days_350_400,INT-C0710
interval,624,c06,7,days_350_400,INT-C0710
interval,641,c06,7,days_350_400,INT-C0710
interval,666,c06,7,days_350_400,INT-C0710
interval,697,c06,7,days_350_400,INT-C0710
interval,698,c06,7,days_350_400,INT-C0710
interval,764,c06,7,days_350_400,INT-C0710
interval,789,c06,7,days_350_400,INT-C0710
interval,801,c06,7,days_350_400,INT-C0710
interval,809,c06,7,days_350_400,INT-C0710
interval,819,c06,7,days_350_400,INT-C0710
interval,830,c06,7,days_350_400,INT-C0710
interval,840,c06,7,days_350_400,INT-C0710
interval,855,c06,7,days_350_400,INT-C0710
interval,872,c06,7,days_350_400,INT-C0710
interval,873,c06,7,days_350_400,INT-C0710
interval,874,c06,7,days_350_400,INT-C0710
interval,925,c06,7,days_350_400,INT-C0710
interval,928,c06,7,days_350_400,INT-C0710
interval,955,c06,7,days_350_400,INT-C0710
interval,987,c06,7,days_350_400,INT-C0710
interval,994,c06,7,days_350_400,INT-C0710
interval,2,c08,7,days_350_400,INT-C0702
interval,30,c08,7,days_350_400,INT-C0702
interval,45,c08,7,days_350_400,INT-C0702
interval,52,c08,7,days_350_400,INT-C0702
interval,66,c08,7,days_350_400,INT-C0702
interval,74,c08,7,days_350_400,INT-C0702
interval,77,c08,7,days_350_400,INT-C0702
interval,104,c08,7,days_350_400,INT-C0702
interval,109,c08,7,days_350_400,INT-C0702
interval,111,c08,7,days_350_400,INT-C0702
interval,112,c08,7,days_350_400,INT-C0702
interval,119,c08,7,days_350_400,INT-C0702
interval,126,c08,7,days_350_400,INT-C0702
interval,133,c08,7,days_350_400,INT-C0702
interval,166,c08,7,days_350_400,INT-C0702
interval,168,c08,7,days_350_400,INT-C0702
interval,176,c08,7,days_350_400,INT-C0702
interval,186,c08,7,days_350_400,INT-C0702
interval,204,c08,7,days_350_400,INT-C0702
interval,209,c08,7,days_350_400,INT-C0702
interval,227,c08,7,days_350_400,INT-C0702
interval,232,c08,7,days_350_400,INT-C0702
interval,240,c08,7,days_350_400,INT-C0702
interval,256,c08,7,days_350_400,INT-C0702
interval,260,c08,7,days_350_400,INT-C0702
interval,266,c08,7,days_350_400,INT-C0702
interval,267,c08,7,days_350_400,INT-C0702
interval,294,c08,7,days_350_400,INT-C0702
interval,305,c08,7,days_350_400,INT-C0702
interval,313,c08,7,days_350_400,INT-C0702
interval,326,c08,7,days_350_400,INT-C0702
interval,332,c08,7,days_350_400,INT-C0702
interval,348,c08,7,days_350_400,INT-C0702
interval,356,c08,7,days_350_400,INT-C0702
interval,392,c08,7,days_350_400,INT-C0702
interval,416,c08,7,days_350_400,INT-C0702
interval,425,c08,7,days_350_400,INT-C0702
interval,435,c08,7,days_350_400,INT-C0702
interval,438,c08,7,days_350_400,INT-C0702
interval,439,c08,7,days_350_400,INT-C0702
interval,447,c08,7,days_350_400,INT-C0702
interval,465,c08,7,days_350_400,INT-C0702
interval,472,c08,7,days_350_400,INT-C0702
interval,478,c08,7,days_350_400,INT-C0702
interval,500,c08,7,days_350_400,INT-C0702
interval,517,c08,7,days_350_400,INT-C0702
interval,556,c08,7,days_350_400,INT-C0702
interval,557,c08,7,days_350_400,INT-C0702
interval,567,c08,7,days_350_400,INT-C0702
interval,570,c08,7,days_350_400,INT-C0702
interval,573,c08,7,days_350_400,INT-C0702
interval,574,c08,7,days_350_400,INT-C0702
interval,575,c08,7,days_350_400,INT-C0702
interval,586,c08,7,days_350_400,INT-C0702
interval,602,c08,7,days_350_400,INT-C0702
interval,648,c08,7,days_350_400,INT-C0702
interval,674,c08,7,days_350_400,INT-C0702
interval,699,c08,7,days_350_400,INT-C0702
interval,700,c08,7,days_350_400,INT-C0702
interval,721,c08,7,days_350_400,INT-C0702
interval,730,c08,7,days_350_400,INT-C0702
interval,743,c08,7,days_350_400,INT-C0702
interval,751,c08,7,days_350_400,INT-C0702
interval,759,c08,7,days_350_400,INT-C0702
interval,762,c08,7,days_350_400,INT-C0702
interval,765,c08,7,days_350_400,INT-C0702
interval,782,c08,7,days_350_400,INT-C0702
interval,790,c08,7,days_350_400,INT-C0702
interval,812,c08,7,days_350_400,INT-C0702
interval,814,c08,7,days_350_400,INT-C0702
interval,818,c08,7,days_350_400,INT-C0702
interval,825,c08,7,days_350_400,INT-C0702
interval,868,c08,7,days_350_400,INT-C0702
interval,869,c08,7,days_350_400,INT-C0702
interval,885,c08,7,days_350_400,INT-C0702
interval,888,c08,7,days_350_400,INT-C0702
interval,889,c08,7,days_350_400,INT-C0702
interval,908,c08,7,days_350_400,INT-C0702
interval,912,c08,7,days_350_400,INT-C0702
interval,946,c08,7,days_350_400,INT-C0702
interval,949,c08,7,days_350_400,INT-C0702
interval,966,c08,7,days_350_400,INT-C0702
interval,984,c08,7,days_350_400,INT-C0702
interval,998,c08,7,days_350_400,INT-C0702
interval,1000,c08,7,days_350_400,INT-C0702
interval,0,c09,7,days_350_400,INT-C0711
interval,6,c09,7,days_350_400,INT-C0711
interval,19,c09,7,days_350_400,INT-C0711
interval,58,c09,7,days_350_400,INT-C0711
interval,78,c09,7,days_350_400,INT-C0711
interval,99,c09,7,days_350_400,INT-C0711
interval,118,c09,7,days_350_400,INT-C0711
interval,178,c09,7,days_350_400,INT-C0711
interval,189,c09,7,days_350_400,INT-C0711
interval,224,c09,7,days_350_400,INT-C0711
interval,228,c09,7,days_350_400,INT-C0711
interval,249,c09,7,days_350_400,INT-C0711
interval,293,c09,7,days_350_400,INT-C0711
interval,295,c09,7,days_350_400,INT-C0711
interval,312,c09,7,days_350_400,INT-C0711
interval,314,c09,7,days_350_400,INT-C0711
interval,333,c09,7,days_350_400,INT-C0711
interval,339,c09,7,days_350_400,INT-C0711
interval,349,c09,7,days_350_400,INT-C0711
interval,359,c09,7,days_350_400,INT-C0711
interval,365,c09,7,days_350_400,INT-C0711
interval,409,c09,7,days_350_400,INT-C0711
interval,442,c09,7,days_350_400,INT-C0711
interval,455,c09,7,days_350_400,INT-C0711
interval,470,c09,7,days_350_400,INT-C0711
interval,502,c09,7,days_350_400,INT-C0711
interval,519,c09,7,days_350_400,INT-C0711
interval,538,c09,7,days_350_400,INT-C0711
interval,569,c09,7,days_350_400,INT-C0711
interval,599,c09,7,days_350_400,INT-C0711
interval,605,c09,7,days_350_400,INT-C0711
interval,616,c09,7,days_350_400,INT-C0711
interval,690,c09,7,days_350_400,INT-C0711
interval,693,c09,7,days_350_400,INT-C0711
interval,705,c09,7,days_350_400,INT-C0711
interval,710,c09,7,days_350_400,INT-C0711
interval,732,c09,7,days_350_400,INT-C0711
interval,767,c09,7,days_350_400,INT-C0711
interval,787,c09,7,days_350_400,INT-C0711
interval,862,c09,7,days_350_400,INT-C0711
interval,909,c09,7,days_350_400,INT-C0711
interval,929,c09,7,days_350_400,INT-C0711
interval,976,c09,7,days_350_400,INT-C0711
interval,991,c09,7,days_350_400,INT-C0711
interval,8,c14,7,days_350_400,INT-C0713
interval,15,c14,7,days_350_400,INT-C0713
interval,18,c14,7,days_350_400,INT-C0713
interval,143,c14,7,days_350_400,INT-C0713
interval,144,c14,7,days_350_400,INT-C0713
interval,284,c14,7,days_350_400,INT-C0713
interval,406,c14,7,days_350_400,INT-C0713
interval,422,c14,7,days_350_400,INT-C0713
interval,544,c14,7,days_350_400,INT-C0713
interval,563,c14,7,days_350_400,INT-C0713
interval,580,c14,7,days_350_400,INT-C0713
interval,584,c14,7,days_350_400,INT-C0713
interval,613,c14,7,days_350_400,INT-C0713
interval,669,c14,7,days_350_400,INT-C0713
interval,680,c14,7,days_350_400,INT-C0713
interval,731,c14,7,days_350_400,INT-C0713
interval,739,c14,7,days_350_400,INT-C0713
interval,741,c14,7,days_350_400,INT-C0713
interval,797,c14,7,days_350_400,INT-C0713
interval,896,c14,7,days_350_400,INT-C0713
interval,16,c01,8,days_400_450,INT-C0801
interval,19,c01,8,days_400_450,INT-C0801
interval,38,c01,8,days_400_450,INT-C0801
interval,42,c01,8,days_400_450,INT-C0801
interval,46,c01,8,days_400_450,INT-C0801
interval,50,c01,8,days_400_450,INT-C0801
interval,55,c01,8,days_400_450,INT-C0801
interval,61,c01,8,days_400_450,INT-C0801
interval,69,c01,8,days_400_450,INT-C0801
interval,70,c01,8,days_400_450,INT-C0801
interval,71,c01,8,days_400_450,INT-C0801
interval,76,c01,8,days_400_450,INT-C0801
interval,84,c01,8,days_400_450,INT-C0801
interval,88,c01,8,days_400_450,INT-C0801
interval,96,c01,8,days_400_450,INT-C0801
interval,101,c01,8,days_400_450,INT-C0801
interval,103,c01,8,days_400_450,INT-C0801
interval,105,c01,8,days_400_450,INT-C0801
interval,106,c01,8,days_400_450,INT-C0801
interval,125,c01,8,days_400_450,INT-C0801
interval,127,c01,8,days_400_450,INT-C0801
interval,132,c01,8,days_400_450,INT-C0801
interval,139,c01,8,days_400_450,INT-C0801
interval,149,c01,8,days_400_450,INT-C0801
interval,153,c01,8,days_400_450,INT-C0801
interval,164,c01,8,days_400_450,INT-C0801
interval,169,c01,8,days_400_450,INT-C0801
interval,174,c01,8,days_400_450,INT-C0801
interval,184,c01,8,days_400_450,INT-C0801
interval,189,c01,8,days_400_450,INT-C0801
interval,195,c01,8,days_400_450,INT-C0801
interval,206,c01,8,days_400_450,INT-C0801
interval,223,c01,8,days_400_450,INT-C0801
interval,243,c01,8,days_400_450,INT-C0801
interval,246,c01,8,days_400_450,INT-C0801
interval,247,c01,8,days_400_450,INT-C0801
interval,282,c01,8,days_400_450,INT-C0801
interval,299,c01,8,days_400_450,INT-C0801
interval,308,c01,8,days_400_450,INT-C0801
interval,309,c01,8,days_400_450,INT-C0801
interval,310,c01,8,days_400_450,INT-C0801
interval,315,c01,8,days_400_450,INT-C0801
interval,318,c01,8,days_400_450,INT-C0801
interval,322,c01,8,days_400_450,INT-C0801
interval,323,c01,8,days_400_450,INT-C0801
interval,324,c01,8,days_400_450,INT-C0801
interval,337,c01,8,days_400_450,INT-C0801
interval,343,c01,8,days_400_450,INT-C0801
interval,346,c01,8,days_400_450,INT-C0801
interval,368,c01,8,days_400_450,INT-C0801
interval,372,c01,8,days_400_450,INT-C0801
interval,376,c01,8,days_400_450,INT-C0801
interval,377,c01,8,days_400_450,INT-C0801
interval,378,c01,8,days_400_450,INT-C0801
interval,388,c01,8,days_400_450,INT-C0801
interval,395,c01,8,days_400_450,INT-C0801
interval,399,c01,8,days_400_450,INT-C0801
interval,402,c01,8,days_400_450,INT-C0801
interval,404,c01,8,days_400_450,INT-C0801
interval,410,c01,8,days_400_450,INT-C0801
interval,411,c01,8,days_400_450,INT-C0801
interval,418,c01,8,days_400_450,INT-C0801
interval,419,c01,8,days_400_450,INT-C0801
interval,420,c01,8,days_400_450,INT-C0801
interval,423,c01,8,days_400_450,INT-C0801
interval,453,c01,8,days_400_450,INT-C0801
interval,457,c01,8,days_400_450,INT-C0801
interval,473,c01,8,days_400_450,INT-C0801
interval,474,c01,8,days_400_450,INT-C0801
interval,479,c01,8,days_400_450,INT-C0801
interval,487,c01,8,days_400_450,INT-C0801
interval,489,c01,8,days_400_450,INT-C0801
interval,497,c01,8,days_400_450,INT-C0801
interval,505,c01,8,days_400_450,INT-C0801
interval,509,c01,8,days_400_450,INT-C0801
interval,510,c01,8,days_400_450,INT-C0801
interval,514,c01,8,days_400_450,INT-C0801
interval,522,c01,8,days_400_450,INT-C0801
interval,534,c01,8,days_400_450,INT-C0801
interval,548,c01,8,days_400_450,INT-C0801
interval,549,c01,8,days_400_450,INT-C0801
interval,559,c01,8,days_400_450,INT-C0801
interval,579,c01,8,days_400_450,INT-C0801
interval,595,c01,8,days_400_450,INT-C0801
interval,601,c01,8,days_400_450,INT-C0801
interval,603,c01,8,days_400_450,INT-C0801
interval,622,c01,8,days_400_450,INT-C0801
interval,634,c01,8,days_400_450,INT-C0801
interval,649,c01,8,days_400_450,INT-C0801
interval,663,c01,8,days_400_450,INT-C0801
interval,673,c01,8,days_400_450,INT-C0801
interval,676,c01,8,days_400_450,INT-C0801
interval,716,c01,8,days_400_450,INT-C0801
interval,718,c01,8,days_400_450,INT-C0801
interval,724,c01,8,days_400_450,INT-C0801
interval,735,c01,8,days_400_450,INT-C0801
interval,740,c01,8,days_400_450,INT-C0801
interval,754,c01,8,days_400_450,INT-C0801
interval,768,c01,8,days_400_450,INT-C0801
interval,777,c01,8,days_400_450,INT-C0801
interval,780,c01,8,days_400_450,INT-C0801
interval,788,c01,8,days_400_450,INT-C0801
interval,822,c01,8,days_400_450,INT-C0801
interval,832,c01,8,days_400_450,INT-C0801
interval,853,c01,8,days_400_450,INT-C0801
interval,861,c01,8,days_400_450,INT-C0801
interval,866,c01,8,days_400_450,INT-C0801
interval,869,c01,8,days_400_450,INT-C0801
interval,876,c01,8,days_400_450,INT-C0801
interval,879,c01,8,days_400_450,INT-C0801
interval,893,c01,8,days_400_450,INT-C0801
interval,896,c01,8,days_400_450,INT-C0801
interval,904,c01,8,days_400_450,INT-C0801
interval,906,c01,8,days_400_450,INT-C0801
interval,919,c01,8,days_400_450,INT-C0801
interval,928,c01,8,days_400_450,INT-C0801
interval,934,c01,8,days_400_450,INT-C0801
interval,939,c01,8,days_400_450,INT-C0801
interval,943,c01,8,days_400_450,INT-C0801
interval,950,c01,8,days_400_450,INT-C0801
interval,969,c01,8,days_400_450,INT-C0801
interval,977,c01,8,days_400_450,INT-C0801
interval,996,c01,8,days_400_450,INT-C0801
interval,1004,c01,8,days_400_450,INT-C0801
interval,5,c02,8,days_400_450,INT-C0803
interval,7,c02,8,days_400_450,INT-C0803
interval,10,c02,8,days_400_450,INT-C0803
interval,13,c02,8,days_400_450,INT-C0803
interval,14,c02,8,days_400_450,INT-C0803
interval,29,c02,8,days_400_450,INT-C0803
interval,107,c02,8,days_400_450,INT-C0803
interval,114,c02,8,days_400_450,INT-C0803
interval,131,c02,8,days_400_450,INT-C0803
interval,158,c02,8,days_400_450,INT-C0803
interval,173,c02,8,days_400_450,INT-C0803
interval,175,c02,8,days_400_450,INT-C0803
interval,180,c02,8,days_400_450,INT-C0803
interval,182,c02,8,days_400_450,INT-C0803
interval,192,c02,8,days_400_450,INT-C0803
interval,199,c02,8,days_400_450,INT-C0803
interval,201,c02,8,days_400_450,INT-C0803
interval,208,c02,8,days_400_450,INT-C0803
interval,215,c02,8,days_400_450,INT-C0803
interval,236,c02,8,days_400_450,INT-C0803
interval,242,c02,8,days_400_450,INT-C0803
interval,270,c02,8,days_400_450,INT-C0803
interval,275,c02,8,days_400_450,INT-C0803
interval,289,c02,8,days_400_450,INT-C0803
interval,320,c02,8,days_400_450,INT-C0803
interval,327,c02,8,days_400_450,INT-C0803
interval,335,c02,8,days_400_450,INT-C0803
interval,358,c02,8,days_400_450,INT-C0803
interval,380,c02,8,days_400_450,INT-C0803
interval,381,c02,8,days_400_450,INT-C0803
interval,382,c02,8,days_400_450,INT-C0803
interval,393,c02,8,days_400_450,INT-C0803
interval,407,c02,8,days_400_450,INT-C0803
interval,437,c02,8,days_400_450,INT-C0803
interval,440,c02,8,days_400_450,INT-C0803
interval,464,c02,8,days_400_450,INT-C0803
interval,468,c02,8,days_400_450,INT-C0803
interval,491,c02,8,days_400_450,INT-C0803
interval,506,c02,8,days_400_450,INT-C0803
interval,516,c02,8,days_400_450,INT-C0803
interval,532,c02,8,days_400_450,INT-C0803
interval,537,c02,8,days_400_450,INT-C0803
interval,541,c02,8,days_400_450,INT-C0803
interval,553,c02,8,days_400_450,INT-C0803
interval,576,c02,8,days_400_450,INT-C0803
interval,597,c02,8,days_400_450,INT-C0803
interval,611,c02,8,days_400_450,INT-C0803
interval,643,c02,8,days_400_450,INT-C0803
interval,644,c02,8,days_400_450,INT-C0803
interval,650,c02,8,days_400_450,INT-C0803
interval,652,c02,8,days_400_450,INT-C0803
interval,654,c02,8,days_400_450,INT-C0803
interval,657,c02,8,days_400_450,INT-C0803
interval,664,c02,8,days_400_450,INT-C0803
interval,670,c02,8,days_400_450,INT-C0803
interval,682,c02,8,days_400_450,INT-C0803
interval,688,c02,8,days_400_450,INT-C0803
interval,702,c02,8,days_400_450,INT-C0803
interval,719,c02,8,days_400_450,INT-C0803
interval,727,c02,8,days_400_450,INT-C0803
interval,737,c02,8,days_400_450,INT-C0803
interval,738,c02,8,days_400_450,INT-C0803
interval,745,c02,8,days_400_450,INT-C0803
interval,760,c02,8,days_400_450,INT-C0803
interval,761,c02,8,days_400_450,INT-C0803
interval,775,c02,8,days_400_450,INT-C0803
interval,779,c02,8,days_400_450,INT-C0803
interval,783,c02,8,days_400_450,INT-C0803
interval,804,c02,8,days_400_450,INT-C0803
interval,808,c02,8,days_400_450,INT-C0803
interval,810,c02,8,days_400_450,INT-C0803
interval,828,c02,8,days_400_450,INT-C0803
interval,829,c02,8,days_400_450,INT-C0803
interval,837,c02,8,days_400_450,INT-C0803
interval,839,c02,8,days_400_450,INT-C0803
interval,843,c02,8,days_400_450,INT-C0803
interval,850,c02,8,days_400_450,INT-C0803
interval,856,c02,8,days_400_450,INT-C0803
interval,858,c02,8,days_400_450,INT-C0803
interval,881,c02,8,days_400_450,INT-C0803
interval,897,c02,8,days_400_450,INT-C0803
interval,898,c02,8,days_400_450,INT-C0803
interval,899,c02,8,days_400_450,INT-C0803
interval,903,c02,8,days_400_450,INT-C0803
interval,905,c02,8,days_400_450,INT-C0803
interval,907,c02,8,days_400_450,INT-C0803
interval,921,c02,8,days_400_450,INT-C0803
interval,924,c02,8,days_400_450,INT-C0803
interval,945,c02,8,days_400_450,INT-C0803
interval,958,c02,8,days_400_450,INT-C0803
interval,979,c02,8,days_400_450,INT-C0803
interval,980,c02,8,days_400_450,INT-C0803
interval,982,c02,8,days_400_450,INT-C0803
interval,985,c02,8,days_400_450,INT-C0803
interval,991,c02,8,days_400_450,INT-C0803
interval,1001,c02,8,days_400_450,INT-C0803
interval,4,c03,8,days_400_450,INT-C0804
interval,26,c03,8,days_400_450,INT-C0804
interval,40,c03,8,days_400_450,INT-C0804
interval,51,c03,8,days_400_450,INT-C0804
interval,54,c03,8,days_400_450,INT-C0804
interval,58,c03,8,days_400_450,INT-C0804
interval,60,c03,8,days_400_450,INT-C0804
interval,72,c03,8,days_400_450,INT-C0804
interval,82,c03,8,days_400_450,INT-C0804
interval,83,c03,8,days_400_450,INT-C0804
interval,86,c03,8,days_400_450,INT-C0804
interval,111,c03,8,days_400_450,INT-C0804
interval,135,c03,8,days_400_450,INT-C0804
interval,137,c03,8,days_400_450,INT-C0804
interval,138,c03,8,days_400_450,INT-C0804
interval,152,c03,8,days_400_450,INT-C0804
interval,155,c03,8,days_400_450,INT-C0804
interval,161,c03,8,days_400_450,INT-C0804
interval,170,c03,8,days_400_450,INT-C0804
interval,187,c03,8,days_400_450,INT-C0804
interval,203,c03,8,days_400_450,INT-C0804
interval,254,c03,8,days_400_450,INT-C0804
interval,272,c03,8,days_400_450,INT-C0804
interval,292,c03,8,days_400_450,INT-C0804
interval,293,c03,8,days_400_450,INT-C0804
interval,300,c03,8,days_400_450,INT-C0804
interval,304,c03,8,days_400_450,INT-C0804
interval,306,c03,8,days_400_450,INT-C0804
interval,317,c03,8,days_400_450,INT-C0804
interval,362,c03,8,days_400_450,INT-C0804
interval,371,c03,8,days_400_450,INT-C0804
interval,374,c03,8,days_400_450,INT-C0804
interval,379,c03,8,days_400_450,INT-C0804
interval,383,c03,8,days_400_450,INT-C0804
interval,390,c03,8,days_400_450,INT-C0804
interval,394,c03,8,days_400_450,INT-C0804
interval,400,c03,8,days_400_450,INT-C0804
interval,405,c03,8,days_400_450,INT-C0804
interval,441,c03,8,days_400_450,INT-C0804
interval,443,c03,8,days_400_450,INT-C0804
interval,450,c03,8,days_400_450,INT-C0804
interval,456,c03,8,days_400_450,INT-C0804
interval,466,c03,8,days_400_450,INT-C0804
interval,488,c03,8,days_400_450,INT-C0804
interval,523,c03,8,days_400_450,INT-C0804
interval,528,c03,8,days_400_450,INT-C0804
interval,568,c03,8,days_400_450,INT-C0804
interval,571,c03,8,days_400_450,INT-C0804
interval,572,c03,8,days_400_450,INT-C0804
interval,580,c03,8,days_400_450,INT-C0804
interval,581,c03,8,days_400_450,INT-C0804
interval,587,c03,8,days_400_450,INT-C0804
interval,589,c03,8,days_400_450,INT-C0804
interval,592,c03,8,days_400_450,INT-C0804
interval,594,c03,8,days_400_450,INT-C0804
interval,626,c03,8,days_400_450,INT-C0804
interval,628,c03,8,days_400_450,INT-C0804
interval,640,c03,8,days_400_450,INT-C0804
interval,659,c03,8,days_400_450,INT-C0804
interval,661,c03,8,days_400_450,INT-C0804
interval,662,c03,8,days_400_450,INT-C0804
interval,668,c03,8,days_400_450,INT-C0804
interval,695,c03,8,days_400_450,INT-C0804
interval,697,c03,8,days_400_450,INT-C0804
interval,703,c03,8,days_400_450,INT-C0804
interval,712,c03,8,days_400_450,INT-C0804
interval,720,c03,8,days_400_450,INT-C0804
interval,742,c03,8,days_400_450,INT-C0804
interval,746,c03,8,days_400_450,INT-C0804
interval,769,c03,8,days_400_450,INT-C0804
interval,771,c03,8,days_400_450,INT-C0804
interval,776,c03,8,days_400_450,INT-C0804
interval,784,c03,8,days_400_450,INT-C0804
interval,802,c03,8,days_400_450,INT-C0804
interval,813,c03,8,days_400_450,INT-C0804
interval,830,c03,8,days_400_450,INT-C0804
interval,841,c03,8,days_400_450,INT-C0804
interval,848,c03,8,days_400_450,INT-C0804
interval,855,c03,8,days_400_450,INT-C0804
interval,860,c03,8,days_400_450,INT-C0804
interval,863,c03,8,days_400_450,INT-C0804
interval,864,c03,8,days_400_450,INT-C0804
interval,870,c03,8,days_400_450,INT-C0804
interval,871,c03,8,days_400_450,INT-C0804
interval,887,c03,8,days_400_450,INT-C0804
interval,900,c03,8,days_400_450,INT-C0804
interval,901,c03,8,days_400_450,INT-C0804
interval,909,c03,8,days_400_450,INT-C0804
interval,922,c03,8,days_400_450,INT-C0804
interval,935,c03,8,days_400_450,INT-C0804
interval,936,c03,8,days_400_450,INT-C0804
interval,937,c03,8,days_400_450,INT-C0804
interval,942,c03,8,days_400_450,INT-C0804
interval,981,c03,8,days_400_450,INT-C0804
interval,993,c03,8,days_400_450,INT-C0804
interval,17,c05,8,days_400_450,INT-C0805
interval,24,c05,8,days_400_450,INT-C0805
interval,31,c05,8,days_400_450,INT-C0805
interval,32,c05,8,days_400_450,INT-C0805
interval,35,c05,8,days_400_450,INT-C0805
interval,67,c05,8,days_400_450,INT-C0805
interval,87,c05,8,days_400_450,INT-C0805
interval,92,c05,8,days_400_450,INT-C0805
interval,122,c05,8,days_400_450,INT-C0805
interval,136,c05,8,days_400_450,INT-C0805
interval,141,c05,8,days_400_450,INT-C0805
interval,142,c05,8,days_400_450,INT-C0805
interval,160,c05,8,days_400_450,INT-C0805
interval,165,c05,8,days_400_450,INT-C0805
interval,167,c05,8,days_400_450,INT-C0805
interval,181,c05,8,days_400_450,INT-C0805
interval,188,c05,8,days_400_450,INT-C0805
interval,190,c05,8,days_400_450,INT-C0805
interval,194,c05,8,days_400_450,INT-C0805
interval,200,c05,8,days_400_450,INT-C0805
interval,207,c05,8,days_400_450,INT-C0805
interval,224,c05,8,days_400_450,INT-C0805
interval,241,c05,8,days_400_450,INT-C0805
interval,274,c05,8,days_400_450,INT-C0805
interval,280,c05,8,days_400_450,INT-C0805
interval,281,c05,8,days_400_450,INT-C0805
interval,288,c05,8,days_400_450,INT-C0805
interval,301,c05,8,days_400_450,INT-C0805
interval,302,c05,8,days_400_450,INT-C0805
interval,316,c05,8,days_400_450,INT-C0805
interval,341,c05,8,days_400_450,INT-C0805
interval,344,c05,8,days_400_450,INT-C0805
interval,349,c05,8,days_400_450,INT-C0805
interval,351,c05,8,days_400_450,INT-C0805
interval,353,c05,8,days_400_450,INT-C0805
interval,360,c05,8,days_400_450,INT-C0805
interval,373,c05,8,days_400_450,INT-C0805
interval,387,c05,8,days_400_450,INT-C0805
interval,391,c05,8,days_400_450,INT-C0805
interval,408,c05,8,days_400_450,INT-C0805
interval,414,c05,8,days_400_450,INT-C0805
interval,421,c05,8,days_400_450,INT-C0805
interval,424,c05,8,days_400_450,INT-C0805
interval,428,c05,8,days_400_450,INT-C0805
interval,431,c05,8,days_400_450,INT-C0805
interval,445,c05,8,days_400_450,INT-C0805
interval,451,c05,8,days_400_450,INT-C0805
interval,469,c05,8,days_400_450,INT-C0805
interval,484,c05,8,days_400_450,INT-C0805
interval,493,c05,8,days_400_450,INT-C0805
interval,512,c05,8,days_400_450,INT-C0805
interval,526,c05,8,days_400_450,INT-C0805
interval,530,c05,8,days_400_450,INT-C0805
interval,543,c05,8,days_400_450,INT-C0805
interval,547,c05,8,days_400_450,INT-C0805
interval,552,c05,8,days_400_450,INT-C0805
interval,561,c05,8,days_400_450,INT-C0805
interval,585,c05,8,days_400_450,INT-C0805
interval,610,c05,8,days_400_450,INT-C0805
interval,614,c05,8,days_400_450,INT-C0805
interval,629,c05,8,days_400_450,INT-C0805
interval,630,c05,8,days_400_450,INT-C0805
interval,631,c05,8,days_400_450,INT-C0805
interval,647,c05,8,days_400_450,INT-C0805
interval,651,c05,8,days_400_450,INT-C0805
interval,656,c05,8,days_400_450,INT-C0805
interval,658,c05,8,days_400_450,INT-C0805
interval,678,c05,8,days_400_450,INT-C0805
interval,685,c05,8,days_400_450,INT-C0805
interval,750,c05,8,days_400_450,INT-C0805
interval,773,c05,8,days_400_450,INT-C0805
interval,787,c05,8,days_400_450,INT-C0805
interval,795,c05,8,days_400_450,INT-C0805
interval,817,c05,8,days_400_450,INT-C0805
interval,824,c05,8,days_400_450,INT-C0805
interval,838,c05,8,days_400_450,INT-C0805
interval,846,c05,8,days_400_450,INT-C0805
interval,851,c05,8,days_400_450,INT-C0805
interval,857,c05,8,days_400_450,INT-C0805
interval,888,c05,8,days_400_450,INT-C0805
interval,891,c05,8,days_400_450,INT-C0805
interval,892,c05,8,days_400_450,INT-C0805
interval,915,c05,8,days_400_450,INT-C0805
interval,920,c05,8,days_400_450,INT-C0805
interval,952,c05,8,days_400_450,INT-C0805
interval,953,c05,8,days_400_450,INT-C0805
interval,954,c05,8,days_400_450,INT-C0805
interval,957,c05,8,days_400_450,INT-C0805
interval,963,c05,8,days_400_450,INT-C0805
interval,971,c05,8,days_400_450,INT-C0805
interval,978,c05,8,days_400_450,INT-C0805
interval,988,c05,8,days_400_450,INT-C0805
interval,989,c05,8,days_400_450,INT-C0805
interval,990,c05,8,days_400_450,INT-C0805
interval,28,c06,8,days_400_450,INT-C0808
interval,56,c06,8,days_400_450,INT-C0808
interval,68,c06,8,days_400_450,INT-C0808
interval,95,c06,8,days_400_450,INT-C0808
interval,226,c06,8,days_400_450,INT-C0808
interval,231,c06,8,days_400_450,INT-C0808
interval,245,c06,8,days_400_450,INT-C0808
interval,251,c06,8,days_400_450,INT-C0808
interval,264,c06,8,days_400_450,INT-C0808
interval,269,c06,8,days_400_450,INT-C0808
interval,311,c06,8,days_400_450,INT-C0808
interval,329,c06,8,days_400_450,INT-C0808
interval,338,c06,8,days_400_450,INT-C0808
interval,361,c06,8,days_400_450,INT-C0808
interval,427,c06,8,days_400_450,INT-C0808
interval,432,c06,8,days_400_450,INT-C0808
interval,433,c06,8,days_400_450,INT-C0808
interval,438,c06,8,days_400_450,INT-C0808
interval,480,c06,8,days_400_450,INT-C0808
interval,482,c06,8,days_400_450,INT-C0808
interval,483,c06,8,days_400_450,INT-C0808
interval,531,c06,8,days_400_450,INT-C0808
interval,540,c06,8,days_400_450,INT-C0808
interval,582,c06,8,days_400_450,INT-C0808
interval,624,c06,8,days_400_450,INT-C0808
interval,627,c06,8,days_400_450,INT-C0808
interval,641,c06,8,days_400_450,INT-C0808
interval,698,c06,8,days_400_450,INT-C0808
interval,701,c06,8,days_400_450,INT-C0808
interval,733,c06,8,days_400_450,INT-C0808
interval,736,c06,8,days_400_450,INT-C0808
interval,764,c06,8,days_400_450,INT-C0808
interval,789,c06,8,days_400_450,INT-C0808
interval,796,c06,8,days_400_450,INT-C0808
interval,809,c06,8,days_400_450,INT-C0808
interval,819,c06,8,days_400_450,INT-C0808
interval,840,c06,8,days_400_450,INT-C0808
interval,849,c06,8,days_400_450,INT-C0808
interval,872,c06,8,days_400_450,INT-C0808
interval,873,c06,8,days_400_450,INT-C0808
interval,874,c06,8,days_400_450,INT-C0808
interval,925,c06,8,days_400_450,INT-C0808
interval,955,c06,8,days_400_450,INT-C0808
interval,987,c06,8,days_400_450,INT-C0808
interval,994,c06,8,days_400_450,INT-C0808
interval,2,c08,8,days_400_450,INT-C0806
interval,30,c08,8,days_400_450,INT-C0806
interval,45,c08,8,days_400_450,INT-C0806
interval,52,c08,8,days_400_450,INT-C0806
interval,66,c08,8,days_400_450,INT-C0806
interval,74,c08,8,days_400_450,INT-C0806
interval,77,c08,8,days_400_450,INT-C0806
interval,104,c08,8,days_400_450,INT-C0806
interval,109,c08,8,days_400_450,INT-C0806
interval,112,c08,8,days_400_450,INT-C0806
interval,119,c08,8,days_400_450,INT-C0806
interval,126,c08,8,days_400_450,INT-C0806
interval,133,c08,8,days_400_450,INT-C0806
interval,166,c08,8,days_400_450,INT-C0806
interval,168,c08,8,days_400_450,INT-C0806
interval,210,c08,8,days_400_450,INT-C0806
interval,218,c08,8,days_400_450,INT-C0806
interval,227,c08,8,days_400_450,INT-C0806
interval,232,c08,8,days_400_450,INT-C0806
interval,256,c08,8,days_400_450,INT-C0806
interval,260,c08,8,days_400_450,INT-C0806
interval,266,c08,8,days_400_450,INT-C0806
interval,267,c08,8,days_400_450,INT-C0806
interval,294,c08,8,days_400_450,INT-C0806
interval,305,c08,8,days_400_450,INT-C0806
interval,307,c08,8,days_400_450,INT-C0806
interval,313,c08,8,days_400_450,INT-C0806
interval,332,c08,8,days_400_450,INT-C0806
interval,356,c08,8,days_400_450,INT-C0806
interval,392,c08,8,days_400_450,INT-C0806
interval,398,c08,8,days_400_450,INT-C0806
interval,406,c08,8,days_400_450,INT-C0806
interval,416,c08,8,days_400_450,INT-C0806
interval,425,c08,8,days_400_450,INT-C0806
interval,435,c08,8,days_400_450,INT-C0806
interval,439,c08,8,days_400_450,INT-C0806
interval,447,c08,8,days_400_450,INT-C0806
interval,460,c08,8,days_400_450,INT-C0806
interval,465,c08,8,days_400_450,INT-C0806
interval,472,c08,8,days_400_450,INT-C0806
interval,478,c08,8,days_400_450,INT-C0806
interval,490,c08,8,days_400_450,INT-C0806
interval,496,c08,8,days_400_450,INT-C0806
interval,500,c08,8,days_400_450,INT-C0806
interval,517,c08,8,days_400_450,INT-C0806
interval,524,c08,8,days_400_450,INT-C0806
interval,539,c08,8,days_400_450,INT-C0806
interval,556,c08,8,days_400_450,INT-C0806
interval,557,c08,8,days_400_450,INT-C0806
interval,560,c08,8,days_400_450,INT-C0806
interval,562,c08,8,days_400_450,INT-C0806
interval,570,c08,8,days_400_450,INT-C0806
interval,573,c08,8,days_400_450,INT-C0806
interval,575,c08,8,days_400_450,INT-C0806
interval,583,c08,8,days_400_450,INT-C0806
interval,586,c08,8,days_400_450,INT-C0806
interval,598,c08,8,days_400_450,INT-C0806
interval,602,c08,8,days_400_450,INT-C0806
interval,606,c08,8,days_400_450,INT-C0806
interval,638,c08,8,days_400_450,INT-C0806
interval,648,c08,8,days_400_450,INT-C0806
interval,674,c08,8,days_400_450,INT-C0806
interval,699,c08,8,days_400_450,INT-C0806
interval,700,c08,8,days_400_450,INT-C0806
interval,721,c08,8,days_400_450,INT-C0806
interval,730,c08,8,days_400_450,INT-C0806
interval,743,c08,8,days_400_450,INT-C0806
interval,744,c08,8,days_400_450,INT-C0806
interval,751,c08,8,days_400_450,INT-C0806
interval,759,c08,8,days_400_450,INT-C0806
interval,762,c08,8,days_400_450,INT-C0806
interval,765,c08,8,days_400_450,INT-C0806
interval,782,c08,8,days_400_450,INT-C0806
interval,790,c08,8,days_400_450,INT-C0806
interval,803,c08,8,days_400_450,INT-C0806
interval,812,c08,8,days_400_450,INT-C0806
interval,814,c08,8,days_400_450,INT-C0806
interval,867,c08,8,days_400_450,INT-C0806
interval,868,c08,8,days_400_450,INT-C0806
interval,880,c08,8,days_400_450,INT-C0806
interval,885,c08,8,days_400_450,INT-C0806
interval,889,c08,8,days_400_450,INT-C0806
interval,908,c08,8,days_400_450,INT-C0806
interval,912,c08,8,days_400_450,INT-C0806
interval,946,c08,8,days_400_450,INT-C0806
interval,948,c08,8,days_400_450,INT-C0806
interval,949,c08,8,days_400_450,INT-C0806
interval,966,c08,8,days_400_450,INT-C0806
interval,974,c08,8,days_400_450,INT-C0806
interval,984,c08,8,days_400_450,INT-C0806
interval,0,c09,8,days_400_450,INT-C0809
interval,6,c09,8,days_400_450,INT-C0809
interval,78,c09,8,days_400_450,INT-C0809
interval,99,c09,8,days_400_450,INT-C0809
interval,102,c09,8,days_400_450,INT-C0809
interval,118,c09,8,days_400_450,INT-C0809
interval,130,c09,8,days_400_450,INT-C0809
interval,178,c09,8,days_400_450,INT-C0809
interval,228,c09,8,days_400_450,INT-C0809
interval,249,c09,8,days_400_450,INT-C0809
interval,295,c09,8,days_400_450,INT-C0809
interval,312,c09,8,days_400_450,INT-C0809
interval,314,c09,8,days_400_450,INT-C0809
interval,333,c09,8,days_400_450,INT-C0809
interval,339,c09,8,days_400_450,INT-C0809
interval,359,c09,8,days_400_450,INT-C0809
interval,365,c09,8,days_400_450,INT-C0809
interval,409,c09,8,days_400_450,INT-C0809
interval,470,c09,8,days_400_450,INT-C0809
interval,502,c09,8,days_400_450,INT-C0809
interval,519,c09,8,days_400_450,INT-C0809
interval,527,c09,8,days_400_450,INT-C0809
interval,538,c09,8,days_400_450,INT-C0809
interval,569,c09,8,days_400_450,INT-C0809
interval,599,c09,8,days_400_450,INT-C0809
interval,605,c09,8,days_400_450,INT-C0809
interval,693,c09,8,days_400_450,INT-C0809
interval,705,c09,8,days_400_450,INT-C0809
interval,710,c09,8,days_400_450,INT-C0809
interval,728,c09,8,days_400_450,INT-C0809
interval,732,c09,8,days_400_450,INT-C0809
interval,749,c09,8,days_400_450,INT-C0809
interval,767,c09,8,days_400_450,INT-C0809
interval,786,c09,8,days_400_450,INT-C0809
interval,791,c09,8,days_400_450,INT-C0809
interval,862,c09,8,days_400_450,INT-C0809
interval,878,c09,8,days_400_450,INT-C0809
interval,929,c09,8,days_400_450,INT-C0809
interval,976,c09,8,days_400_450,INT-C0809
interval,62,c12,8,days_400_450,INT-C0810
interval,89,c12,8,days_400_450,INT-C0810
interval,113,c12,8,days_400_450,INT-C0810
interval,163,c12,8,days_400_450,INT-C0810
interval,250,c12,8,days_400_450,INT-C0810
interval,369,c12,8,days_400_450,INT-C0810
interval,444,c12,8,days_400_450,INT-C0810
interval,485,c12,8,days_400_450,INT-C0810
interval,513,c12,8,days_400_450,INT-C0810
interval,518,c12,8,days_400_450,INT-C0810
interval,535,c12,8,days_400_450,INT-C0810
interval,542,c12,8,days_400_450,INT-C0810
interval,551,c12,8,days_400_450,INT-C0810
interval,604,c12,8,days_400_450,INT-C0810
interval,646,c12,8,days_400_450,INT-C0810
interval,722,c12,8,days_400_450,INT-C0810
interval,770,c12,8,days_400_450,INT-C0810
interval,799,c12,8,days_400_450,INT-C0810
interval,800,c12,8,days_400_450,INT-C0810
interval,823,c12,8,days_400_450,INT-C0810
interval,854,c12,8,days_400_450,INT-C0810
interval,886,c12,8,days_400_450,INT-C0810
interval,895,c12,8,days_400_450,INT-C0810
interval,913,c12,8,days_400_450,INT-C0810
interval,8,c14,8,days_400_450,INT-C0811
interval,15,c14,8,days_400_450,INT-C0811
interval,143,c14,8,days_400_450,INT-C0811
interval,284,c14,8,days_400_450,INT-C0811
interval,422,c14,8,days_400_450,INT-C0811
interval,544,c14,8,days_400_450,INT-C0811
interval,563,c14,8,days_400_450,INT-C0811
interval,584,c14,8,days_400_450,INT-C0811
interval,669,c14,8,days_400_450,INT-C0811
interval,680,c14,8,days_400_450,INT-C0811
interval,731,c14,8,days_400_450,INT-C0811
interval,739,c14,8,days_400_450,INT-C0811
interval,741,c14,8,days_400_450,INT-C0811
interval,792,c14,8,days_400_450,INT-C0811
interval,22,c01,9,days_450_500,INT-C0907
interval,38,c01,9,days_450_500,INT-C0907
interval,42,c01,9,days_450_500,INT-C0907
interval,46,c01,9,days_450_500,INT-C0907
interval,50,c01,9,days_450_500,INT-C0907
interval,64,c01,9,days_450_500,INT-C0907
interval,69,c01,9,days_450_500,INT-C0907
interval,70,c01,9,days_450_500,INT-C0907
interval,84,c01,9,days_450_500,INT-C0907
interval,88,c01,9,days_450_500,INT-C0907
interval,96,c01,9,days_450_500,INT-C0907
interval,102,c01,9,days_450_500,INT-C0907
interval,103,c01,9,days_450_500,INT-C0907
interval,106,c01,9,days_450_500,INT-C0907
interval,125,c01,9,days_450_500,INT-C0907
interval,132,c01,9,days_450_500,INT-C0907
interval,139,c01,9,days_450_500,INT-C0907
interval,154,c01,9,days_450_500,INT-C0907
interval,164,c01,9,days_450_500,INT-C0907
interval,206,c01,9,days_450_500,INT-C0907
interval,247,c01,9,days_450_500,INT-C0907
interval,282,c01,9,days_450_500,INT-C0907
interval,299,c01,9,days_450_500,INT-C0907
interval,309,c01,9,days_450_500,INT-C0907
interval,310,c01,9,days_450_500,INT-C0907
interval,322,c01,9,days_450_500,INT-C0907
interval,323,c01,9,days_450_500,INT-C0907
interval,324,c01,9,days_450_500,INT-C0907
interval,337,c01,9,days_450_500,INT-C0907
interval,343,c01,9,days_450_500,INT-C0907
interval,346,c01,9,days_450_500,INT-C0907
interval,368,c01,9,days_450_500,INT-C0907
interval,376,c01,9,days_450_500,INT-C0907
interval,378,c01,9,days_450_500,INT-C0907
interval,388,c01,9,days_450_500,INT-C0907
interval,399,c01,9,days_450_500,INT-C0907
interval,402,c01,9,days_450_500,INT-C0907
interval,420,c01,9,days_450_500,INT-C0907
interval,460,c01,9,days_450_500,INT-C0907
interval,474,c01,9,days_450_500,INT-C0907
interval,477,c01,9,days_450_500,INT-C0907
interval,487,c01,9,days_450_500,INT-C0907
interval,489,c01,9,days_450_500,INT-C0907
interval,505,c01,9,days_450_500,INT-C0907
interval,509,c01,9,days_450_500,INT-C0907
interval,510,c01,9,days_450_500,INT-C0907
interval,514,c01,9,days_450_500,INT-C0907
interval,524,c01,9,days_450_500,INT-C0907
interval,534,c01,9,days_450_500,INT-C0907
interval,559,c01,9,days_450_500,INT-C0907
interval,562,c01,9,days_450_500,INT-C0907
interval,591,c01,9,days_450_500,INT-C0907
interval,603,c01,9,days_450_500,INT-C0907
interval,622,c01,9,days_450_500,INT-C0907
interval,634,c01,9,days_450_500,INT-C0907
interval,638,c01,9,days_450_500,INT-C0907
interval,649,c01,9,days_450_500,INT-C0907
interval,663,c01,9,days_450_500,INT-C0907
interval,676,c01,9,days_450_500,INT-C0907
interval,735,c01,9,days_450_500,INT-C0907
interval,740,c01,9,days_450_500,INT-C0907
interval,780,c01,9,days_450_500,INT-C0907
interval,788,c01,9,days_450_500,INT-C0907
interval,832,c01,9,days_450_500,INT-C0907
interval,853,c01,9,days_450_500,INT-C0907
interval,879,c01,9,days_450_500,INT-C0907
interval,906,c01,9,days_450_500,INT-C0907
interval,939,c01,9,days_450_500,INT-C0907
interval,943,c01,9,days_450_500,INT-C0907
interval,950,c01,9,days_450_500,INT-C0907
interval,5,c02,9,days_450_500,INT-C0903
interval,7,c02,9,days_450_500,INT-C0903
interval,10,c02,9,days_450_500,INT-C0903
interval,13,c02,9,days_450_500,INT-C0903
interval,14,c02,9,days_450_500,INT-C0903
interval,29,c02,9,days_450_500,INT-C0903
interval,93,c02,9,days_450_500,INT-C0903
interval,107,c02,9,days_450_500,INT-C0903
interval,118,c02,9,days_450_500,INT-C0903
interval,173,c02,9,days_450_500,INT-C0903
interval,175,c02,9,days_450_500,INT-C0903
interval,192,c02,9,days_450_500,INT-C0903
interval,199,c02,9,days_450_500,INT-C0903
interval,201,c02,9,days_450_500,INT-C0903
interval,208,c02,9,days_450_500,INT-C0903
interval,226,c02,9,days_450_500,INT-C0903
interval,236,c02,9,days_450_500,INT-C0903
interval,262,c02,9,days_450_500,INT-C0903
interval,270,c02,9,days_450_500,INT-C0903
interval,275,c02,9,days_450_500,INT-C0903
interval,289,c02,9,days_450_500,INT-C0903
interval,320,c02,9,days_450_500,INT-C0903
interval,327,c02,9,days_450_500,INT-C0903
interval,335,c02,9,days_450_500,INT-C0903
interval,341,c02,9,days_450_500,INT-C0903
interval,380,c02,9,days_450_500,INT-C0903
interval,381,c02,9,days_450_500,INT-C0903
interval,382,c02,9,days_450_500,INT-C0903
interval,385,c02,9,days_450_500,INT-C0903
interval,393,c02,9,days_450_500,INT-C0903
interval,396,c02,9,days_450_500,INT-C0903
interval,437,c02,9,days_450_500,INT-C0903
interval,440,c02,9,days_450_500,INT-C0903
interval,464,c02,9,days_450_500,INT-C0903
interval,468,c02,9,days_450_500,INT-C0903
interval,473,c02,9,days_450_500,INT-C0903
interval,479,c02,9,days_450_500,INT-C0903
interval,491,c02,9,days_450_500,INT-C0903
interval,506,c02,9,days_450_500,INT-C0903
interval,511,c02,9,days_450_500,INT-C0903
interval,516,c02,9,days_450_500,INT-C0903
interval,532,c02,9,days_450_500,INT-C0903
interval,537,c02,9,days_450_500,INT-C0903
interval,541,c02,9,days_450_500,INT-C0903
interval,553,c02,9,days_450_500,INT-C0903
interval,576,c02,9,days_450_500,INT-C0903
interval,611,c02,9,days_450_500,INT-C0903
interval,639,c02,9,days_450_500,INT-C0903
interval,643,c02,9,days_450_500,INT-C0903
interval,644,c02,9,days_450_500,INT-C0903
interval,650,c02,9,days_450_500,INT-C0903
interval,652,c02,9,days_450_500,INT-C0903
interval,654,c02,9,days_450_500,INT-C0903
interval,657,c02,9,days_450_500,INT-C0903
interval,664,c02,9,days_450_500,INT-C0903
interval,670,c02,9,days_450_500,INT-C0903
interval,682,c02,9,days_450_500,INT-C0903
interval,688,c02,9,days_450_500,INT-C0903
interval,702,c02,9,days_450_500,INT-C0903
interval,719,c02,9,days_450_500,INT-C0903
interval,737,c02,9,days_450_500,INT-C0903
interval,738,c02,9,days_450_500,INT-C0903
interval,745,c02,9,days_450_500,INT-C0903
interval,760,c02,9,days_450_500,INT-C0903
interval,761,c02,9,days_450_500,INT-C0903
interval,778,c02,9,days_450_500,INT-C0903
interval,783,c02,9,days_450_500,INT-C0903
interval,804,c02,9,days_450_500,INT-C0903
interval,808,c02,9,days_450_500,INT-C0903
interval,810,c02,9,days_450_500,INT-C0903
interval,828,c02,9,days_450_500,INT-C0903
interval,837,c02,9,days_450_500,INT-C0903
interval,849,c02,9,days_450_500,INT-C0903
interval,850,c02,9,days_450_500,INT-C0903
interval,858,c02,9,days_450_500,INT-C0903
interval,881,c02,9,days_450_500,INT-C0903
interval,898,c02,9,days_450_500,INT-C0903
interval,899,c02,9,days_450_500,INT-C0903
interval,921,c02,9,days_450_500,INT-C0903
interval,924,c02,9,days_450_500,INT-C0903
interval,945,c02,9,days_450_500,INT-C0903
interval,979,c02,9,days_450_500,INT-C0903
interval,980,c02,9,days_450_500,INT-C0903
interval,985,c02,9,days_450_500,INT-C0903
interval,991,c02,9,days_450_500,INT-C0903
interval,1001,c02,9,days_450_500,INT-C0903
interval,4,c03,9,days_450_500,INT-C0905
interval,26,c03,9,days_450_500,INT-C0905
interval,40,c03,9,days_450_500,INT-C0905
interval,60,c03,9,days_450_500,INT-C0905
interval,72,c03,9,days_450_500,INT-C0905
interval,82,c03,9,days_450_500,INT-C0905
interval,83,c03,9,days_450_500,INT-C0905
interval,86,c03,9,days_450_500,INT-C0905
interval,135,c03,9,days_450_500,INT-C0905
interval,137,c03,9,days_450_500,INT-C0905
interval,152,c03,9,days_450_500,INT-C0905
interval,155,c03,9,days_450_500,INT-C0905
interval,161,c03,9,days_450_500,INT-C0905
interval,170,c03,9,days_450_500,INT-C0905
interval,187,c03,9,days_450_500,INT-C0905
interval,194,c03,9,days_450_500,INT-C0905
interval,203,c03,9,days_450_500,INT-C0905
interval,254,c03,9,days_450_500,INT-C0905
interval,272,c03,9,days_450_500,INT-C0905
interval,292,c03,9,days_450_500,INT-C0905
interval,293,c03,9,days_450_500,INT-C0905
interval,300,c03,9,days_450_500,INT-C0905
interval,304,c03,9,days_450_500,INT-C0905
interval,306,c03,9,days_450_500,INT-C0905
interval,317,c03,9,days_450_500,INT-C0905
interval,371,c03,9,days_450_500,INT-C0905
interval,374,c03,9,days_450_500,INT-C0905
interval,379,c03,9,days_450_500,INT-C0905
interval,390,c03,9,days_450_500,INT-C0905
interval,400,c03,9,days_450_500,INT-C0905
interval,405,c03,9,days_450_500,INT-C0905
interval,441,c03,9,days_450_500,INT-C0905
interval,443,c03,9,days_450_500,INT-C0905
interval,450,c03,9,days_450_500,INT-C0905
interval,455,c03,9,days_450_500,INT-C0905
interval,466,c03,9,days_450_500,INT-C0905
interval,488,c03,9,days_450_500,INT-C0905
interval,523,c03,9,days_450_500,INT-C0905
interval,533,c03,9,days_450_500,INT-C0905
interval,568,c03,9,days_450_500,INT-C0905
interval,572,c03,9,days_450_500,INT-C0905
interval,581,c03,9,days_450_500,INT-C0905
interval,587,c03,9,days_450_500,INT-C0905
interval,626,c03,9,days_450_500,INT-C0905
interval,628,c03,9,days_450_500,INT-C0905
interval,659,c03,9,days_450_500,INT-C0905
interval,662,c03,9,days_450_500,INT-C0905
interval,678,c03,9,days_450_500,INT-C0905
interval,695,c03,9,days_450_500,INT-C0905
interval,697,c03,9,days_450_500,INT-C0905
interval,701,c03,9,days_450_500,INT-C0905
interval,703,c03,9,days_450_500,INT-C0905
interval,712,c03,9,days_450_500,INT-C0905
interval,725,c03,9,days_450_500,INT-C0905
interval,728,c03,9,days_450_500,INT-C0905
interval,742,c03,9,days_450_500,INT-C0905
interval,771,c03,9,days_450_500,INT-C0905
interval,774,c03,9,days_450_500,INT-C0905
interval,784,c03,9,days_450_500,INT-C0905
interval,802,c03,9,days_450_500,INT-C0905
interval,855,c03,9,days_450_500,INT-C0905
interval,863,c03,9,days_450_500,INT-C0905
interval,870,c03,9,days_450_500,INT-C0905
interval,900,c03,9,days_450_500,INT-C0905
interval,901,c03,9,days_450_500,INT-C0905
interval,936,c03,9,days_450_500,INT-C0905
interval,937,c03,9,days_450_500,INT-C0905
interval,942,c03,9,days_450_500,INT-C0905
interval,947,c03,9,days_450_500,INT-C0905
interval,965,c03,9,days_450_500,INT-C0905
interval,981,c03,9,days_450_500,INT-C0905
interval,993,c03,9,days_450_500,INT-C0905
interval,3,c05,9,days_450_500,INT-C0904
interval,24,c05,9,days_450_500,INT-C0904
interval,35,c05,9,days_450_500,INT-C0904
interval,67,c05,9,days_450_500,INT-C0904
interval,141,c05,9,days_450_500,INT-C0904
interval,148,c05,9,days_450_500,INT-C0904
interval,158,c05,9,days_450_500,INT-C0904
interval,160,c05,9,days_450_500,INT-C0904
interval,167,c05,9,days_450_500,INT-C0904
interval,181,c05,9,days_450_500,INT-C0904
interval,188,c05,9,days_450_500,INT-C0904
interval,190,c05,9,days_450_500,INT-C0904
interval,207,c05,9,days_450_500,INT-C0904
interval,241,c05,9,days_450_500,INT-C0904
interval,248,c05,9,days_450_500,INT-C0904
interval,274,c05,9,days_450_500,INT-C0904
interval,280,c05,9,days_450_500,INT-C0904
interval,288,c05,9,days_450_500,INT-C0904
interval,301,c05,9,days_450_500,INT-C0904
interval,315,c05,9,days_450_500,INT-C0904
interval,344,c05,9,days_450_500,INT-C0904
interval,353,c05,9,days_450_500,INT-C0904
interval,360,c05,9,days_450_500,INT-C0904
interval,373,c05,9,days_450_500,INT-C0904
interval,387,c05,9,days_450_500,INT-C0904
interval,391,c05,9,days_450_500,INT-C0904
interval,394,c05,9,days_450_500,INT-C0904
interval,397,c05,9,days_450_500,INT-C0904
interval,408,c05,9,days_450_500,INT-C0904
interval,414,c05,9,days_450_500,INT-C0904
interval,421,c05,9,days_450_500,INT-C0904
interval,424,c05,9,days_450_500,INT-C0904
interval,431,c05,9,days_450_500,INT-C0904
interval,445,c05,9,days_450_500,INT-C0904
interval,451,c05,9,days_450_500,INT-C0904
interval,469,c05,9,days_450_500,INT-C0904
interval,484,c05,9,days_450_500,INT-C0904
interval,486,c05,9,days_450_500,INT-C0904
interval,493,c05,9,days_450_500,INT-C0904
interval,496,c05,9,days_450_500,INT-C0904
interval,507,c05,9,days_450_500,INT-C0904
interval,512,c05,9,days_450_500,INT-C0904
interval,526,c05,9,days_450_500,INT-C0904
interval,530,c05,9,days_450_500,INT-C0904
interval,547,c05,9,days_450_500,INT-C0904
interval,550,c05,9,days_450_500,INT-C0904
interval,552,c05,9,days_450_500,INT-C0904
interval,561,c05,9,days_450_500,INT-C0904
interval,563,c05,9,days_450_500,INT-C0904
interval,570,c05,9,days_450_500,INT-C0904
interval,571,c05,9,days_450_500,INT-C0904
interval,585,c05,9,days_450_500,INT-C0904
interval,610,c05,9,days_450_500,INT-C0904
interval,614,c05,9,days_450_500,INT-C0904
interval,629,c05,9,days_450_500,INT-C0904
interval,630,c05,9,days_450_500,INT-C0904
interval,631,c05,9,days_450_500,INT-C0904
interval,656,c05,9,days_450_500,INT-C0904
interval,658,c05,9,days_450_500,INT-C0904
interval,667,c05,9,days_450_500,INT-C0904
interval,671,c05,9,days_450_500,INT-C0904
interval,685,c05,9,days_450_500,INT-C0904
interval,750,c05,9,days_450_500,INT-C0904
interval,773,c05,9,days_450_500,INT-C0904
interval,795,c05,9,days_450_500,INT-C0904
interval,817,c05,9,days_450_500,INT-C0904
interval,822,c05,9,days_450_500,INT-C0904
interval,824,c05,9,days_450_500,INT-C0904
interval,846,c05,9,days_450_500,INT-C0904
interval,851,c05,9,days_450_500,INT-C0904
interval,891,c05,9,days_450_500,INT-C0904
interval,902,c05,9,days_450_500,INT-C0904
interval,920,c05,9,days_450_500,INT-C0904
interval,954,c05,9,days_450_500,INT-C0904
interval,957,c05,9,days_450_500,INT-C0904
interval,963,c05,9,days_450_500,INT-C0904
interval,975,c05,9,days_450_500,INT-C0904
interval,978,c05,9,days_450_500,INT-C0904
interval,988,c05,9,days_450_500,INT-C0904
interval,995,c05,9,days_450_500,INT-C0904
interval,28,c06,9,days_450_500,INT-C0908
interval,56,c06,9,days_450_500,INT-C0908
interval,68,c06,9,days_450_500,INT-C0908
interval,95,c06,9,days_450_500,INT-C0908
interval,231,c06,9,days_450_500,INT-C0908
interval,238,c06,9,days_450_500,INT-C0908
interval,245,c06,9,days_450_500,INT-C0908
interval,251,c06,9,days_450_500,INT-C0908
interval,264,c06,9,days_450_500,INT-C0908
interval,269,c06,9,days_450_500,INT-C0908
interval,311,c06,9,days_450_500,INT-C0908
interval,329,c06,9,days_450_500,INT-C0908
interval,338,c06,9,days_450_500,INT-C0908
interval,361,c06,9,days_450_500,INT-C0908
interval,364,c06,9,days_450_500,INT-C0908
interval,427,c06,9,days_450_500,INT-C0908
interval,432,c06,9,days_450_500,INT-C0908
interval,433,c06,9,days_450_500,INT-C0908
interval,448,c06,9,days_450_500,INT-C0908
interval,480,c06,9,days_450_500,INT-C0908
interval,482,c06,9,days_450_500,INT-C0908
interval,531,c06,9,days_450_500,INT-C0908
interval,540,c06,9,days_450_500,INT-C0908
interval,582,c06,9,days_450_500,INT-C0908
interval,606,c06,9,days_450_500,INT-C0908
interval,624,c06,9,days_450_500,INT-C0908
interval,641,c06,9,days_450_500,INT-C0908
interval,698,c06,9,days_450_500,INT-C0908
interval,736,c06,9,days_450_500,INT-C0908
interval,764,c06,9,days_450_500,INT-C0908
interval,796,c06,9,days_450_500,INT-C0908
interval,798,c06,9,days_450_500,INT-C0908
interval,809,c06,9,days_450_500,INT-C0908
interval,819,c06,9,days_450_500,INT-C0908
interval,830,c06,9,days_450_500,INT-C0908
interval,840,c06,9,days_450_500,INT-C0908
interval,872,c06,9,days_450_500,INT-C0908
interval,873,c06,9,days_450_500,INT-C0908
interval,874,c06,9,days_450_500,INT-C0908
interval,910,c06,9,days_450_500,INT-C0908
interval,925,c06,9,days_450_500,INT-C0908
interval,955,c06,9,days_450_500,INT-C0908
interval,987,c06,9,days_450_500,INT-C0908
interval,994,c06,9,days_450_500,INT-C0908
interval,16,c07,9,days_450_500,INT-C0906
interval,19,c07,9,days_450_500,INT-C0906
interval,55,c07,9,days_450_500,INT-C0906
interval,61,c07,9,days_450_500,INT-C0906
interval,71,c07,9,days_450_500,INT-C0906
interval,76,c07,9,days_450_500,INT-C0906
interval,89,c07,9,days_450_500,INT-C0906
interval,101,c07,9,days_450_500,INT-C0906
interval,105,c07,9,days_450_500,INT-C0906
interval,114,c07,9,days_450_500,INT-C0906
interval,127,c07,9,days_450_500,INT-C0906
interval,149,c07,9,days_450_500,INT-C0906
interval,153,c07,9,days_450_500,INT-C0906
interval,169,c07,9,days_450_500,INT-C0906
interval,184,c07,9,days_450_500,INT-C0906
interval,189,c07,9,days_450_500,INT-C0906
interval,195,c07,9,days_450_500,INT-C0906
interval,223,c07,9,days_450_500,INT-C0906
interval,237,c07,9,days_450_500,INT-C0906
interval,246,c07,9,days_450_500,INT-C0906
interval,279,c07,9,days_450_500,INT-C0906
interval,281,c07,9,days_450_500,INT-C0906
interval,296,c07,9,days_450_500,INT-C0906
interval,308,c07,9,days_450_500,INT-C0906
interval,365,c07,9,days_450_500,INT-C0906
interval,372,c07,9,days_450_500,INT-C0906
interval,377,c07,9,days_450_500,INT-C0906
interval,398,c07,9,days_450_500,INT-C0906
interval,404,c07,9,days_450_500,INT-C0906
interval,407,c07,9,days_450_500,INT-C0906
interval,410,c07,9,days_450_500,INT-C0906
interval,411,c07,9,days_450_500,INT-C0906
interval,418,c07,9,days_450_500,INT-C0906
interval,419,c07,9,days_450_500,INT-C0906
interval,423,c07,9,days_450_500,INT-C0906
interval,426,c07,9,days_450_500,INT-C0906
interval,457,c07,9,days_450_500,INT-C0906
interval,497,c07,9,days_450_500,INT-C0906
interval,522,c07,9,days_450_500,INT-C0906
interval,588,c07,9,days_450_500,INT-C0906
interval,593,c07,9,days_450_500,INT-C0906
interval,595,c07,9,days_450_500,INT-C0906
interval,597,c07,9,days_450_500,INT-C0906
interval,615,c07,9,days_450_500,INT-C0906
interval,621,c07,9,days_450_500,INT-C0906
interval,708,c07,9,days_450_500,INT-C0906
interval,711,c07,9,days_450_500,INT-C0906
interval,716,c07,9,days_450_500,INT-C0906
interval,718,c07,9,days_450_500,INT-C0906
interval,724,c07,9,days_450_500,INT-C0906
interval,732,c07,9,days_450_500,INT-C0906
interval,754,c07,9,days_450_500,INT-C0906
interval,777,c07,9,days_450_500,INT-C0906
interval,779,c07,9,days_450_500,INT-C0906
interval,836,c07,9,days_450_500,INT-C0906
interval,843,c07,9,days_450_500,INT-C0906
interval,861,c07,9,days_450_500,INT-C0906
interval,866,c07,9,days_450_500,INT-C0906
interval,883,c07,9,days_450_500,INT-C0906
interval,884,c07,9,days_450_500,INT-C0906
interval,896,c07,9,days_450_500,INT-C0906
interval,904,c07,9,days_450_500,INT-C0906
interval,905,c07,9,days_450_500,INT-C0906
interval,907,c07,9,days_450_500,INT-C0906
interval,916,c07,9,days_450_500,INT-C0906
interval,934,c07,9,days_450_500,INT-C0906
interval,969,c07,9,days_450_500,INT-C0906
interval,977,c07,9,days_450_500,INT-C0906
interval,996,c07,9,days_450_500,INT-C0906
interval,999,c07,9,days_450_500,INT-C0906
interval,1004,c07,9,days_450_500,INT-C0906
interval,2,c08,9,days_450_500,INT-C0901
interval,21,c08,9,days_450_500,INT-C0901
interval,30,c08,9,days_450_500,INT-C0901
interval,43,c08,9,days_450_500,INT-C0901
interval,45,c08,9,days_450_500,INT-C0901
interval,52,c08,9,days_450_500,INT-C0901
interval,66,c08,9,days_450_500,INT-C0901
interval,74,c08,9,days_450_500,INT-C0901
interval,77,c08,9,days_450_500,INT-C0901
interval,90,c08,9,days_450_500,INT-C0901
interval,100,c08,9,days_450_500,INT-C0901
interval,104,c08,9,days_450_500,INT-C0901
interval,111,c08,9,days_450_500,INT-C0901
interval,112,c08,9,days_450_500,INT-C0901
interval,119,c08,9,days_450_500,INT-C0901
interval,126,c08,9,days_450_500,INT-C0901
interval,133,c08,9,days_450_500,INT-C0901
interval,166,c08,9,days_450_500,INT-C0901
interval,168,c08,9,days_450_500,INT-C0901
interval,182,c08,9,days_450_500,INT-C0901
interval,218,c08,9,days_450_500,INT-C0901
interval,227,c08,9,days_450_500,INT-C0901
interval,232,c08,9,days_450_500,INT-C0901
interval,240,c08,9,days_450_500,INT-C0901
interval,244,c08,9,days_450_500,INT-C0901
interval,250,c08,9,days_450_500,INT-C0901
interval,256,c08,9,days_450_500,INT-C0901
interval,257,c08,9,days_450_500,INT-C0901
interval,260,c08,9,days_450_500,INT-C0901
interval,266,c08,9,days_450_500,INT-C0901
interval,267,c08,9,days_450_500,INT-C0901
interval,294,c08,9,days_450_500,INT-C0901
interval,305,c08,9,days_450_500,INT-C0901
interval,313,c08,9,days_450_500,INT-C0901
interval,326,c08,9,days_450_500,INT-C0901
interval,328,c08,9,days_450_500,INT-C0901
interval,332,c08,9,days_450_500,INT-C0901
interval,356,c08,9,days_450_500,INT-C0901
interval,384,c08,9,days_450_500,INT-C0901
interval,392,c08,9,days_450_500,INT-C0901
interval,416,c08,9,days_450_500,INT-C0901
interval,425,c08,9,days_450_500,INT-C0901
interval,435,c08,9,days_450_500,INT-C0901
interval,439,c08,9,days_450_500,INT-C0901
interval,447,c08,9,days_450_500,INT-C0901
interval,459,c08,9,days_450_500,INT-C0901
interval,465,c08,9,days_450_500,INT-C0901
interval,472,c08,9,days_450_500,INT-C0901
interval,478,c08,9,days_450_500,INT-C0901
interval,490,c08,9,days_450_500,INT-C0901
interval,500,c08,9,days_450_500,INT-C0901
interval,515,c08,9,days_450_500,INT-C0901
interval,517,c08,9,days_450_500,INT-C0901
interval,521,c08,9,days_450_500,INT-C0901
interval,539,c08,9,days_450_500,INT-C0901
interval,545,c08,9,days_450_500,INT-C0901
interval,556,c08,9,days_450_500,INT-C0901
interval,573,c08,9,days_450_500,INT-C0901
interval,574,c08,9,days_450_500,INT-C0901
interval,575,c08,9,days_450_500,INT-C0901
interval,586,c08,9,days_450_500,INT-C0901
interval,598,c08,9,days_450_500,INT-C0901
interval,602,c08,9,days_450_500,INT-C0901
interval,625,c08,9,days_450_500,INT-C0901
interval,648,c08,9,days_450_500,INT-C0901
interval,651,c08,9,days_450_500,INT-C0901
interval,672,c08,9,days_450_500,INT-C0901
interval,674,c08,9,days_450_500,INT-C0901
interval,677,c08,9,days_450_500,INT-C0901
interval,689,c08,9,days_450_500,INT-C0901
interval,699,c08,9,days_450_500,INT-C0901
interval,700,c08,9,days_450_500,INT-C0901
interval,717,c08,9,days_450_500,INT-C0901
interval,721,c08,9,days_450_500,INT-C0901
interval,730,c08,9,days_450_500,INT-C0901
interval,743,c08,9,days_450_500,INT-C0901
interval,744,c08,9,days_450_500,INT-C0901
interval,751,c08,9,days_450_500,INT-C0901
interval,759,c08,9,days_450_500,INT-C0901
interval,762,c08,9,days_450_500,INT-C0901
interval,765,c08,9,days_450_500,INT-C0901
interval,768,c08,9,days_450_500,INT-C0901
interval,782,c08,9,days_450_500,INT-C0901
interval,790,c08,9,days_450_500,INT-C0901
interval,803,c08,9,days_450_500,INT-C0901
interval,812,c08,9,days_450_500,INT-C0901
interval,814,c08,9,days_450_500,INT-C0901
interval,825,c08,9,days_450_500,INT-C0901
interval,845,c08,9,days_450_500,INT-C0901
interval,867,c08,9,days_450_500,INT-C0901
interval,868,c08,9,days_450_500,INT-C0901
interval,869,c08,9,days_450_500,INT-C0901
interval,885,c08,9,days_450_500,INT-C0901
interval,886,c08,9,days_450_500,INT-C0901
interval,889,c08,9,days_450_500,INT-C0901
interval,908,c08,9,days_450_500,INT-C0901
interval,912,c08,9,days_450_500,INT-C0901
interval,944,c08,9,days_450_500,INT-C0901
interval,946,c08,9,days_450_500,INT-C0901
interval,948,c08,9,days_450_500,INT-C0901
interval,949,c08,9,days_450_500,INT-C0901
interval,966,c08,9,days_450_500,INT-C0901
interval,974,c08,9,days_450_500,INT-C0901
interval,984,c08,9,days_450_500,INT-C0901
interval,0,c09,9,days_450_500,INT-C0909
interval,6,c09,9,days_450_500,INT-C0909
interval,78,c09,9,days_450_500,INT-C0909
interval,99,c09,9,days_450_500,INT-C0909
interval,130,c09,9,days_450_500,INT-C0909
interval,178,c09,9,days_450_500,INT-C0909
interval,228,c09,9,days_450_500,INT-C0909
interval,249,c09,9,days_450_500,INT-C0909
interval,295,c09,9,days_450_500,INT-C0909
interval,314,c09,9,days_450_500,INT-C0909
interval,333,c09,9,days_450_500,INT-C0909
interval,339,c09,9,days_450_500,INT-C0909
interval,359,c09,9,days_450_500,INT-C0909
interval,409,c09,9,days_450_500,INT-C0909
interval,442,c09,9,days_450_500,INT-C0909
interval,470,c09,9,days_450_500,INT-C0909
interval,502,c09,9,days_450_500,INT-C0909
interval,519,c09,9,days_450_500,INT-C0909
interval,527,c09,9,days_450_500,INT-C0909
interval,538,c09,9,days_450_500,INT-C0909
interval,569,c09,9,days_450_500,INT-C0909
interval,599,c09,9,days_450_500,INT-C0909
interval,605,c09,9,days_450_500,INT-C0909
interval,693,c09,9,days_450_500,INT-C0909
interval,705,c09,9,days_450_500,INT-C0909
interval,710,c09,9,days_450_500,INT-C0909
interval,767,c09,9,days_450_500,INT-C0909
interval,786,c09,9,days_450_500,INT-C0909
interval,789,c09,9,days_450_500,INT-C0909
interval,862,c09,9,days_450_500,INT-C0909
interval,878,c09,9,days_450_500,INT-C0909
interval,929,c09,9,days_450_500,INT-C0909
interval,976,c09,9,days_450_500,INT-C0909
interval,17,c10,9,days_450_500,INT-C0912
interval,92,c10,9,days_450_500,INT-C0912
interval,122,c10,9,days_450_500,INT-C0912
interval,136,c10,9,days_450_500,INT-C0912
interval,142,c10,9,days_450_500,INT-C0912
interval,200,c10,9,days_450_500,INT-C0912
interval,224,c10,9,days_450_500,INT-C0912
interval,302,c10,9,days_450_500,INT-C0912
interval,316,c10,9,days_450_500,INT-C0912
interval,349,c10,9,days_450_500,INT-C0912
interval,351,c10,9,days_450_500,INT-C0912
interval,428,c10,9,days_450_500,INT-C0912
interval,543,c10,9,days_450_500,INT-C0912
interval,647,c10,9,days_450_500,INT-C0912
interval,806,c10,9,days_450_500,INT-C0912
interval,838,c10,9,days_450_500,INT-C0912
interval,857,c10,9,days_450_500,INT-C0912
interval,888,c10,9,days_450_500,INT-C0912
interval,892,c10,9,days_450_500,INT-C0912
interval,915,c10,9,days_450_500,INT-C0912
interval,917,c10,9,days_450_500,INT-C0912
interval,952,c10,9,days_450_500,INT-C0912
interval,953,c10,9,days_450_500,INT-C0912
interval,971,c10,9,days_450_500,INT-C0912
interval,990,c10,9,days_450_500,INT-C0912
interval,62,c12,9,days_450_500,INT-C0913
interval,109,c12,9,days_450_500,INT-C0913
interval,113,c12,9,days_450_500,INT-C0913
interval,124,c12,9,days_450_500,INT-C0913
interval,163,c12,9,days_450_500,INT-C0913
interval,263,c12,9,days_450_500,INT-C0913
interval,369,c12,9,days_450_500,INT-C0913
interval,389,c12,9,days_450_500,INT-C0913
interval,444,c12,9,days_450_500,INT-C0913
interval,485,c12,9,days_450_500,INT-C0913
interval,513,c12,9,days_450_500,INT-C0913
interval,518,c12,9,days_450_500,INT-C0913
interval,535,c12,9,days_450_500,INT-C0913
interval,542,c12,9,days_450_500,INT-C0913
interval,551,c12,9,days_450_500,INT-C0913
interval,604,c12,9,days_450_500,INT-C0913
interval,646,c12,9,days_450_500,INT-C0913
interval,722,c12,9,days_450_500,INT-C0913
interval,799,c12,9,days_450_500,INT-C0913
interval,800,c12,9,days_450_500,INT-C0913
interval,823,c12,9,days_450_500,INT-C0913
interval,854,c12,9,days_450_500,INT-C0913
interval,895,c12,9,days_450_500,INT-C0913
interval,913,c12,9,days_450_500,INT-C0913
interval,8,c14,9,days_450_500,INT-C0915
interval,15,c14,9,days_450_500,INT-C0915
interval,32,c14,9,days_450_500,INT-C0915
interval,143,c14,9,days_450_500,INT-C0915
interval,144,c14,9,days_450_500,INT-C0915
interval,197,c14,9,days_450_500,INT-C0915
interval,284,c14,9,days_450_500,INT-C0915
interval,422,c14,9,days_450_500,INT-C0915
interval,544,c14,9,days_450_500,INT-C0915
interval,580,c14,9,days_450_500,INT-C0915
interval,584,c14,9,days_450_500,INT-C0915
interval,613,c14,9,days_450_500,INT-C0915
interval,669,c14,9,days_450_500,INT-C0915
interval,680,c14,9,days_450_500,INT-C0915
interval,731,c14,9,days_450_500,INT-C0915
interval,739,c14,9,days_450_500,INT-C0915
interval,741,c14,9,days_450_500,INT-C0915
interval,791,c14,9,days_450_500,INT-C0915
interval,129,c15,9,days_450_500,INT-C0914
interval,147,c15,9,days_450_500,INT-C0914
interval,157,c15,9,days_450_500,INT-C0914
interval,171,c15,9,days_450_500,INT-C0914
interval,230,c15,9,days_450_500,INT-C0914
interval,255,c15,9,days_450_500,INT-C0914
interval,277,c15,9,days_450_500,INT-C0914
interval,285,c15,9,days_450_500,INT-C0914
interval,336,c15,9,days_450_500,INT-C0914
interval,347,c15,9,days_450_500,INT-C0914
interval,355,c15,9,days_450_500,INT-C0914
interval,546,c15,9,days_450_500,INT-C0914
interval,577,c15,9,days_450_500,INT-C0914
interval,590,c15,9,days_450_500,INT-C0914
interval,686,c15,9,days_450_500,INT-C0914
interval,715,c15,9,days_450_500,INT-C0914
interval,748,c15,9,days_450_500,INT-C0914
interval,926,c15,9,days_450_500,INT-C0914
interval,931,c15,9,days_450_500,INT-C0914
interval,933,c15,9,days_450_500,INT-C0914
interval,972,c15,9,days_450_500,INT-C0914
interval,21,c01,10,days_500_526,INT-C1001
interval,22,c01,10,days_500_526,INT-C1001
interval,38,c01,10,days_500_526,INT-C1001
interval,46,c01,10,days_500_526,INT-C1001
interval,50,c01,10,days_500_526,INT-C1001
interval,53,c01,10,days_500_526,INT-C1001
interval,58,c01,10,days_500_526,INT-C1001
interval,64,c01,10,days_500_526,INT-C1001
interval,65,c01,10,days_500_526,INT-C1001
interval,69,c01,10,days_500_526,INT-C1001
interval,70,c01,10,days_500_526,INT-C1001
interval,72,c01,10,days_500_526,INT-C1001
interval,75,c01,10,days_500_526,INT-C1001
interval,76,c01,10,days_500_526,INT-C1001
interval,84,c01,10,days_500_526,INT-C1001
interval,88,c01,10,days_500_526,INT-C1001
interval,91,c01,10,days_500_526,INT-C1001
interval,96,c01,10,days_500_526,INT-C1001
interval,103,c01,10,days_500_526,INT-C1001
interval,106,c01,10,days_500_526,INT-C1001
interval,120,c01,10,days_500_526,INT-C1001
interval,125,c01,10,days_500_526,INT-C1001
interval,132,c01,10,days_500_526,INT-C1001
interval,139,c01,10,days_500_526,INT-C1001
interval,150,c01,10,days_500_526,INT-C1001
interval,151,c01,10,days_500_526,INT-C1001
interval,154,c01,10,days_500_526,INT-C1001
interval,159,c01,10,days_500_526,INT-C1001
interval,164,c01,10,days_500_526,INT-C1001
interval,181,c01,10,days_500_526,INT-C1001
interval,190,c01,10,days_500_526,INT-C1001
interval,191,c01,10,days_500_526,INT-C1001
interval,193,c01,10,days_500_526,INT-C1001
interval,196,c01,10,days_500_526,INT-C1001
interval,205,c01,10,days_500_526,INT-C1001
interval,206,c01,10,days_500_526,INT-C1001
interval,214,c01,10,days_500_526,INT-C1001
interval,220,c01,10,days_500_526,INT-C1001
interval,230,c01,10,days_500_526,INT-C1001
interval,239,c01,10,days_500_526,INT-C1001
interval,242,c01,10,days_500_526,INT-C1001
interval,253,c01,10,days_500_526,INT-C1001
interval,257,c01,10,days_500_526,INT-C1001
interval,273,c01,10,days_500_526,INT-C1001
interval,274,c01,10,days_500_526,INT-C1001
interval,283,c01,10,days_500_526,INT-C1001
interval,290,c01,10,days_500_526,INT-C1001
interval,299,c01,10,days_500_526,INT-C1001
interval,309,c01,10,days_500_526,INT-C1001
interval,310,c01,10,days_500_526,INT-C1001
interval,322,c01,10,days_500_526,INT-C1001
interval,323,c01,10,days_500_526,INT-C1001
interval,324,c01,10,days_500_526,INT-C1001
interval,326,c01,10,days_500_526,INT-C1001
interval,334,c01,10,days_500_526,INT-C1001
interval,337,c01,10,days_500_526,INT-C1001
interval,343,c01,10,days_500_526,INT-C1001
interval,346,c01,10,days_500_526,INT-C1001
interval,353,c01,10,days_500_526,INT-C1001
interval,367,c01,10,days_500_526,INT-C1001
interval,388,c01,10,days_500_526,INT-C1001
interval,395,c01,10,days_500_526,INT-C1001
interval,397,c01,10,days_500_526,INT-C1001
interval,399,c01,10,days_500_526,INT-C1001
interval,402,c01,10,days_500_526,INT-C1001
interval,420,c01,10,days_500_526,INT-C1001
interval,460,c01,10,days_500_526,INT-C1001
interval,471,c01,10,days_500_526,INT-C1001
interval,474,c01,10,days_500_526,INT-C1001
interval,477,c01,10,days_500_526,INT-C1001
interval,486,c01,10,days_500_526,INT-C1001
interval,487,c01,10,days_500_526,INT-C1001
interval,505,c01,10,days_500_526,INT-C1001
interval,509,c01,10,days_500_526,INT-C1001
interval,510,c01,10,days_500_526,INT-C1001
interval,515,c01,10,days_500_526,INT-C1001
interval,528,c01,10,days_500_526,INT-C1001
interval,534,c01,10,days_500_526,INT-C1001
interval,557,c01,10,days_500_526,INT-C1001
interval,559,c01,10,days_500_526,INT-C1001
interval,566,c01,10,days_500_526,INT-C1001
interval,589,c01,10,days_500_526,INT-C1001
interval,591,c01,10,days_500_526,INT-C1001
interval,600,c01,10,days_500_526,INT-C1001
interval,603,c01,10,days_500_526,INT-C1001
interval,607,c01,10,days_500_526,INT-C1001
interval,609,c01,10,days_500_526,INT-C1001
interval,622,c01,10,days_500_526,INT-C1001
interval,633,c01,10,days_500_526,INT-C1001
interval,634,c01,10,days_500_526,INT-C1001
interval,638,c01,10,days_500_526,INT-C1001
interval,640,c01,10,days_500_526,INT-C1001
interval,649,c01,10,days_500_526,INT-C1001
interval,656,c01,10,days_500_526,INT-C1001
interval,660,c01,10,days_500_526,INT-C1001
interval,663,c01,10,days_500_526,INT-C1001
interval,671,c01,10,days_500_526,INT-C1001
interval,675,c01,10,days_500_526,INT-C1001
interval,676,c01,10,days_500_526,INT-C1001
interval,678,c01,10,days_500_526,INT-C1001
interval,696,c01,10,days_500_526,INT-C1001
interval,703,c01,10,days_500_526,INT-C1001
interval,706,c01,10,days_500_526,INT-C1001
interval,735,c01,10,days_500_526,INT-C1001
interval,740,c01,10,days_500_526,INT-C1001
interval,752,c01,10,days_500_526,INT-C1001
interval,768,c01,10,days_500_526,INT-C1001
interval,772,c01,10,days_500_526,INT-C1001
interval,775,c01,10,days_500_526,INT-C1001
interval,776,c01,10,days_500_526,INT-C1001
interval,788,c01,10,days_500_526,INT-C1001
interval,798,c01,10,days_500_526,INT-C1001
interval,822,c01,10,days_500_526,INT-C1001
interval,830,c01,10,days_500_526,INT-C1001
interval,835,c01,10,days_500_526,INT-C1001
interval,852,c01,10,days_500_526,INT-C1001
interval,853,c01,10,days_500_526,INT-C1001
interval,865,c01,10,days_500_526,INT-C1001
interval,879,c01,10,days_500_526,INT-C1001
interval,906,c01,10,days_500_526,INT-C1001
interval,909,c01,10,days_500_526,INT-C1001
interval,920,c01,10,days_500_526,INT-C1001
interval,922,c01,10,days_500_526,INT-C1001
interval,927,c01,10,days_500_526,INT-C1001
interval,939,c01,10,days_500_526,INT-C1001
interval,940,c01,10,days_500_526,INT-C1001
interval,943,c01,10,days_500_526,INT-C1001
interval,951,c01,10,days_500_526,INT-C1001
interval,975,c01,10,days_500_526,INT-C1001
interval,995,c01,10,days_500_526,INT-C1001
interval,5,c02,10,days_500_526,INT-C1002
interval,13,c02,10,days_500_526,INT-C1002
interval,14,c02,10,days_500_526,INT-C1002
interval,29,c02,10,days_500_526,INT-C1002
interval,39,c02,10,days_500_526,INT-C1002
interval,90,c02,10,days_500_526,INT-C1002
interval,107,c02,10,days_500_526,INT-C1002
interval,118,c02,10,days_500_526,INT-C1002
interval,122,c02,10,days_500_526,INT-C1002
interval,131,c02,10,days_500_526,INT-C1002
interval,173,c02,10,days_500_526,INT-C1002
interval,192,c02,10,days_500_526,INT-C1002
interval,197,c02,10,days_500_526,INT-C1002
interval,199,c02,10,days_500_526,INT-C1002
interval,201,c02,10,days_500_526,INT-C1002
interval,208,c02,10,days_500_526,INT-C1002
interval,226,c02,10,days_500_526,INT-C1002
interval,235,c02,10,days_500_526,INT-C1002
interval,236,c02,10,days_500_526,INT-C1002
interval,270,c02,10,days_500_526,INT-C1002
interval,289,c02,10,days_500_526,INT-C1002
interval,320,c02,10,days_500_526,INT-C1002
interval,327,c02,10,days_500_526,INT-C1002
interval,335,c02,10,days_500_526,INT-C1002
interval,380,c02,10,days_500_526,INT-C1002
interval,381,c02,10,days_500_526,INT-C1002
interval,396,c02,10,days_500_526,INT-C1002
interval,437,c02,10,days_500_526,INT-C1002
interval,440,c02,10,days_500_526,INT-C1002
interval,448,c02,10,days_500_526,INT-C1002
interval,461,c02,10,days_500_526,INT-C1002
interval,464,c02,10,days_500_526,INT-C1002
interval,468,c02,10,days_500_526,INT-C1002
interval,476,c02,10,days_500_526,INT-C1002
interval,479,c02,10,days_500_526,INT-C1002
interval,491,c02,10,days_500_526,INT-C1002
interval,506,c02,10,days_500_526,INT-C1002
interval,516,c02,10,days_500_526,INT-C1002
interval,532,c02,10,days_500_526,INT-C1002
interval,537,c02,10,days_500_526,INT-C1002
interval,541,c02,10,days_500_526,INT-C1002
interval,553,c02,10,days_500_526,INT-C1002
interval,554,c02,10,days_500_526,INT-C1002
interval,576,c02,10,days_500_526,INT-C1002
interval,597,c02,10,days_500_526,INT-C1002
interval,611,c02,10,days_500_526,INT-C1002
interval,613,c02,10,days_500_526,INT-C1002
interval,643,c02,10,days_500_526,INT-C1002
interval,644,c02,10,days_500_526,INT-C1002
interval,650,c02,10,days_500_526,INT-C1002
interval,652,c02,10,days_500_526,INT-C1002
interval,654,c02,10,days_500_526,INT-C1002
interval,657,c02,10,days_500_526,INT-C1002
interval,664,c02,10,days_500_526,INT-C1002
interval,670,c02,10,days_500_526,INT-C1002
interval,682,c02,10,days_500_526,INT-C1002
interval,685,c02,10,days_500_526,INT-C1002
interval,687,c02,10,days_500_526,INT-C1002
interval,688,c02,10,days_500_526,INT-C1002
interval,690,c02,10,days_500_526,INT-C1002
interval,702,c02,10,days_500_526,INT-C1002
interval,719,c02,10,days_500_526,INT-C1002
interval,738,c02,10,days_500_526,INT-C1002
interval,745,c02,10,days_500_526,INT-C1002
interval,761,c02,10,days_500_526,INT-C1002
interval,763,c02,10,days_500_526,INT-C1002
interval,783,c02,10,days_500_526,INT-C1002
interval,804,c02,10,days_500_526,INT-C1002
interval,808,c02,10,days_500_526,INT-C1002
interval,810,c02,10,days_500_526,INT-C1002
interval,828,c02,10,days_500_526,INT-C1002
interval,837,c02,10,days_500_526,INT-C1002
interval,841,c02,10,days_500_526,INT-C1002
interval,850,c02,10,days_500_526,INT-C1002
interval,867,c02,10,days_500_526,INT-C1002
interval,875,c02,10,days_500_526,INT-C1002
interval,881,c02,10,days_500_526,INT-C1002
interval,890,c02,10,days_500_526,INT-C1002
interval,898,c02,10,days_500_526,INT-C1002
interval,899,c02,10,days_500_526,INT-C1002
interval,921,c02,10,days_500_526,INT-C1002
interval,923,c02,10,days_500_526,INT-C1002
interval,924,c02,10,days_500_526,INT-C1002
interval,941,c02,10,days_500_526,INT-C1002
interval,944,c02,10,days_500_526,INT-C1002
interval,945,c02,10,days_500_526,INT-C1002
interval,962,c02,10,days_500_526,INT-C1002
interval,979,c02,10,days_500_526,INT-C1002
interval,980,c02,10,days_500_526,INT-C1002
interval,983,c02,10,days_500_526,INT-C1002
interval,985,c02,10,days_500_526,INT-C1002
interval,991,c02,10,days_500_526,INT-C1002
interval,1001,c02,10,days_500_526,INT-C1002
interval,11,c03,10,days_500_526,INT-C1003
interval,40,c03,10,days_500_526,INT-C1003
interval,54,c03,10,days_500_526,INT-C1003
interval,60,c03,10,days_500_526,INT-C1003
interval,83,c03,10,days_500_526,INT-C1003
interval,86,c03,10,days_500_526,INT-C1003
interval,105,c03,10,days_500_526,INT-C1003
interval,137,c03,10,days_500_526,INT-C1003
interval,148,c03,10,days_500_526,INT-C1003
interval,152,c03,10,days_500_526,INT-C1003
interval,155,c03,10,days_500_526,INT-C1003
interval,161,c03,10,days_500_526,INT-C1003
interval,187,c03,10,days_500_526,INT-C1003
interval,198,c03,10,days_500_526,INT-C1003
interval,203,c03,10,days_500_526,INT-C1003
interval,213,c03,10,days_500_526,INT-C1003
interval,223,c03,10,days_500_526,INT-C1003
interval,229,c03,10,days_500_526,INT-C1003
interval,233,c03,10,days_500_526,INT-C1003
interval,254,c03,10,days_500_526,INT-C1003
interval,272,c03,10,days_500_526,INT-C1003
interval,277,c03,10,days_500_526,INT-C1003
interval,300,c03,10,days_500_526,INT-C1003
interval,306,c03,10,days_500_526,INT-C1003
interval,307,c03,10,days_500_526,INT-C1003
interval,317,c03,10,days_500_526,INT-C1003
interval,374,c03,10,days_500_526,INT-C1003
interval,379,c03,10,days_500_526,INT-C1003
interval,390,c03,10,days_500_526,INT-C1003
interval,394,c03,10,days_500_526,INT-C1003
interval,398,c03,10,days_500_526,INT-C1003
interval,400,c03,10,days_500_526,INT-C1003
interval,443,c03,10,days_500_526,INT-C1003
interval,450,c03,10,days_500_526,INT-C1003
interval,466,c03,10,days_500_526,INT-C1003
interval,488,c03,10,days_500_526,INT-C1003
interval,523,c03,10,days_500_526,INT-C1003
interval,527,c03,10,days_500_526,INT-C1003
interval,568,c03,10,days_500_526,INT-C1003
interval,570,c03,10,days_500_526,INT-C1003
interval,571,c03,10,days_500_526,INT-C1003
interval,572,c03,10,days_500_526,INT-C1003
interval,606,c03,10,days_500_526,INT-C1003
interval,619,c03,10,days_500_526,INT-C1003
interval,626,c03,10,days_500_526,INT-C1003
interval,637,c03,10,days_500_526,INT-C1003
interval,659,c03,10,days_500_526,INT-C1003
interval,662,c03,10,days_500_526,INT-C1003
interval,665,c03,10,days_500_526,INT-C1003
interval,668,c03,10,days_500_526,INT-C1003
interval,673,c03,10,days_500_526,INT-C1003
interval,692,c03,10,days_500_526,INT-C1003
interval,695,c03,10,days_500_526,INT-C1003
interval,712,c03,10,days_500_526,INT-C1003
interval,720,c03,10,days_500_526,INT-C1003
interval,742,c03,10,days_500_526,INT-C1003
interval,746,c03,10,days_500_526,INT-C1003
interval,749,c03,10,days_500_526,INT-C1003
interval,769,c03,10,days_500_526,INT-C1003
interval,774,c03,10,days_500_526,INT-C1003
interval,784,c03,10,days_500_526,INT-C1003
interval,802,c03,10,days_500_526,INT-C1003
interval,813,c03,10,days_500_526,INT-C1003
interval,827,c03,10,days_500_526,INT-C1003
interval,834,c03,10,days_500_526,INT-C1003
interval,863,c03,10,days_500_526,INT-C1003
interval,864,c03,10,days_500_526,INT-C1003
interval,870,c03,10,days_500_526,INT-C1003
interval,900,c03,10,days_500_526,INT-C1003
interval,901,c03,10,days_500_526,INT-C1003
interval,914,c03,10,days_500_526,INT-C1003
interval,931,c03,10,days_500_526,INT-C1003
interval,935,c03,10,days_500_526,INT-C1003
interval,947,c03,10,days_500_526,INT-C1003
interval,965,c03,10,days_500_526,INT-C1003
interval,981,c03,10,days_500_526,INT-C1003
interval,993,c03,10,days_500_526,INT-C1003
interval,20,c04,10,days_500_526,INT-C1004
interval,25,c04,10,days_500_526,INT-C1004
interval,41,c04,10,days_500_526,INT-C1004
interval,42,c04,10,days_500_526,INT-C1004
interval,45,c04,10,days_500_526,INT-C1004
interval,48,c04,10,days_500_526,INT-C1004
interval,66,c04,10,days_500_526,INT-C1004
interval,73,c04,10,days_500_526,INT-C1004
interval,74,c04,10,days_500_526,INT-C1004
interval,111,c04,10,days_500_526,INT-C1004
interval,112,c04,10,days_500_526,INT-C1004
interval,126,c04,10,days_500_526,INT-C1004
interval,157,c04,10,days_500_526,INT-C1004
interval,166,c04,10,days_500_526,INT-C1004
interval,216,c04,10,days_500_526,INT-C1004
interval,247,c04,10,days_500_526,INT-C1004
interval,267,c04,10,days_500_526,INT-C1004
interval,294,c04,10,days_500_526,INT-C1004
interval,318,c04,10,days_500_526,INT-C1004
interval,319,c04,10,days_500_526,INT-C1004
interval,321,c04,10,days_500_526,INT-C1004
interval,332,c04,10,days_500_526,INT-C1004
interval,362,c04,10,days_500_526,INT-C1004
interval,376,c04,10,days_500_526,INT-C1004
interval,383,c04,10,days_500_526,INT-C1004
interval,392,c04,10,days_500_526,INT-C1004
interval,434,c04,10,days_500_526,INT-C1004
interval,435,c04,10,days_500_526,INT-C1004
interval,458,c04,10,days_500_526,INT-C1004
interval,459,c04,10,days_500_526,INT-C1004
interval,478,c04,10,days_500_526,INT-C1004
interval,483,c04,10,days_500_526,INT-C1004
interval,499,c04,10,days_500_526,INT-C1004
interval,500,c04,10,days_500_526,INT-C1004
interval,503,c04,10,days_500_526,INT-C1004
interval,517,c04,10,days_500_526,INT-C1004
interval,539,c04,10,days_500_526,INT-C1004
interval,558,c04,10,days_500_526,INT-C1004
interval,565,c04,10,days_500_526,INT-C1004
interval,573,c04,10,days_500_526,INT-C1004
interval,586,c04,10,days_500_526,INT-C1004
interval,601,c04,10,days_500_526,INT-C1004
interval,618,c04,10,days_500_526,INT-C1004
interval,672,c04,10,days_500_526,INT-C1004
interval,674,c04,10,days_500_526,INT-C1004
interval,679,c04,10,days_500_526,INT-C1004
interval,684,c04,10,days_500_526,INT-C1004
interval,704,c04,10,days_500_526,INT-C1004
interval,723,c04,10,days_500_526,INT-C1004
interval,751,c04,10,days_500_526,INT-C1004
interval,758,c04,10,days_500_526,INT-C1004
interval,759,c04,10,days_500_526,INT-C1004
interval,762,c04,10,days_500_526,INT-C1004
interval,782,c04,10,days_500_526,INT-C1004
interval,803,c04,10,days_500_526,INT-C1004
interval,814,c04,10,days_500_526,INT-C1004
interval,825,c04,10,days_500_526,INT-C1004
interval,844,c04,10,days_500_526,INT-C1004
interval,885,c04,10,days_500_526,INT-C1004
interval,887,c04,10,days_500_526,INT-C1004
interval,918,c04,10,days_500_526,INT-C1004
interval,919,c04,10,days_500_526,INT-C1004
interval,956,c04,10,days_500_526,INT-C1004
interval,974,c04,10,days_500_526,INT-C1004
interval,984,c04,10,days_500_526,INT-C1004
interval,1000,c04,10,days_500_526,INT-C1004
interval,1002,c04,10,days_500_526,INT-C1004
interval,3,c05,10,days_500_526,INT-C1005
interval,4,c05,10,days_500_526,INT-C1005
interval,24,c05,10,days_500_526,INT-C1005
interval,35,c05,10,days_500_526,INT-C1005
interval,67,c05,10,days_500_526,INT-C1005
interval,141,c05,10,days_500_526,INT-C1005
interval,158,c05,10,days_500_526,INT-C1005
interval,160,c05,10,days_500_526,INT-C1005
interval,167,c05,10,days_500_526,INT-C1005
interval,188,c05,10,days_500_526,INT-C1005
interval,207,c05,10,days_500_526,INT-C1005
interval,241,c05,10,days_500_526,INT-C1005
interval,248,c05,10,days_500_526,INT-C1005
interval,280,c05,10,days_500_526,INT-C1005
interval,288,c05,10,days_500_526,INT-C1005
interval,301,c05,10,days_500_526,INT-C1005
interval,304,c05,10,days_500_526,INT-C1005
interval,344,c05,10,days_500_526,INT-C1005
interval,360,c05,10,days_500_526,INT-C1005
interval,371,c05,10,days_500_526,INT-C1005
interval,373,c05,10,days_500_526,INT-C1005
interval,387,c05,10,days_500_526,INT-C1005
interval,391,c05,10,days_500_526,INT-C1005
interval,414,c05,10,days_500_526,INT-C1005
interval,421,c05,10,days_500_526,INT-C1005
interval,424,c05,10,days_500_526,INT-C1005
interval,431,c05,10,days_500_526,INT-C1005
interval,441,c05,10,days_500_526,INT-C1005
interval,445,c05,10,days_500_526,INT-C1005
interval,456,c05,10,days_500_526,INT-C1005
interval,469,c05,10,days_500_526,INT-C1005
interval,484,c05,10,days_500_526,INT-C1005
interval,493,c05,10,days_500_526,INT-C1005
interval,507,c05,10,days_500_526,INT-C1005
interval,512,c05,10,days_500_526,INT-C1005
interval,526,c05,10,days_500_526,INT-C1005
interval,530,c05,10,days_500_526,INT-C1005
interval,546,c05,10,days_500_526,INT-C1005
interval,547,c05,10,days_500_526,INT-C1005
interval,550,c05,10,days_500_526,INT-C1005
interval,552,c05,10,days_500_526,INT-C1005
interval,561,c05,10,days_500_526,INT-C1005
interval,585,c05,10,days_500_526,INT-C1005
interval,610,c05,10,days_500_526,INT-C1005
interval,614,c05,10,days_500_526,INT-C1005
interval,629,c05,10,days_500_526,INT-C1005
interval,630,c05,10,days_500_526,INT-C1005
interval,631,c05,10,days_500_526,INT-C1005
interval,645,c05,10,days_500_526,INT-C1005
interval,658,c05,10,days_500_526,INT-C1005
interval,667,c05,10,days_500_526,INT-C1005
interval,750,c05,10,days_500_526,INT-C1005
interval,795,c05,10,days_500_526,INT-C1005
interval,817,c05,10,days_500_526,INT-C1005
interval,846,c05,10,days_500_526,INT-C1005
interval,848,c05,10,days_500_526,INT-C1005
interval,851,c05,10,days_500_526,INT-C1005
interval,858,c05,10,days_500_526,INT-C1005
interval,860,c05,10,days_500_526,INT-C1005
interval,891,c05,10,days_500_526,INT-C1005
interval,902,c05,10,days_500_526,INT-C1005
interval,954,c05,10,days_500_526,INT-C1005
interval,957,c05,10,days_500_526,INT-C1005
interval,963,c05,10,days_500_526,INT-C1005
interval,978,c05,10,days_500_526,INT-C1005
interval,988,c05,10,days_500_526,INT-C1005
interval,28,c06,10,days_500_526,INT-C1006
interval,33,c06,10,days_500_526,INT-C1006
interval,56,c06,10,days_500_526,INT-C1006
interval,68,c06,10,days_500_526,INT-C1006
interval,82,c06,10,days_500_526,INT-C1006
interval,95,c06,10,days_500_526,INT-C1006
interval,170,c06,10,days_500_526,INT-C1006
interval,175,c06,10,days_500_526,INT-C1006
interval,231,c06,10,days_500_526,INT-C1006
interval,245,c06,10,days_500_526,INT-C1006
interval,251,c06,10,days_500_526,INT-C1006
interval,264,c06,10,days_500_526,INT-C1006
interval,269,c06,10,days_500_526,INT-C1006
interval,275,c06,10,days_500_526,INT-C1006
interval,293,c06,10,days_500_526,INT-C1006
interval,311,c06,10,days_500_526,INT-C1006
interval,329,c06,10,days_500_526,INT-C1006
interval,338,c06,10,days_500_526,INT-C1006
interval,361,c06,10,days_500_526,INT-C1006
interval,364,c06,10,days_500_526,INT-C1006
interval,427,c06,10,days_500_526,INT-C1006
interval,433,c06,10,days_500_526,INT-C1006
interval,462,c06,10,days_500_526,INT-C1006
interval,480,c06,10,days_500_526,INT-C1006
interval,482,c06,10,days_500_526,INT-C1006
interval,531,c06,10,days_500_526,INT-C1006
interval,540,c06,10,days_500_526,INT-C1006
interval,581,c06,10,days_500_526,INT-C1006
interval,582,c06,10,days_500_526,INT-C1006
interval,587,c06,10,days_500_526,INT-C1006
interval,624,c06,10,days_500_526,INT-C1006
interval,628,c06,10,days_500_526,INT-C1006
interval,632,c06,10,days_500_526,INT-C1006
interval,641,c06,10,days_500_526,INT-C1006
interval,681,c06,10,days_500_526,INT-C1006
interval,697,c06,10,days_500_526,INT-C1006
interval,698,c06,10,days_500_526,INT-C1006
interval,736,c06,10,days_500_526,INT-C1006
interval,737,c06,10,days_500_526,INT-C1006
interval,764,c06,10,days_500_526,INT-C1006
interval,771,c06,10,days_500_526,INT-C1006
interval,789,c06,10,days_500_526,INT-C1006
interval,792,c06,10,days_500_526,INT-C1006
interval,796,c06,10,days_500_526,INT-C1006
interval,809,c06,10,days_500_526,INT-C1006
interval,819,c06,10,days_500_526,INT-C1006
interval,840,c06,10,days_500_526,INT-C1006
interval,849,c06,10,days_500_526,INT-C1006
interval,855,c06,10,days_500_526,INT-C1006
interval,872,c06,10,days_500_526,INT-C1006
interval,873,c06,10,days_500_526,INT-C1006
interval,874,c06,10,days_500_526,INT-C1006
interval,910,c06,10,days_500_526,INT-C1006
interval,925,c06,10,days_500_526,INT-C1006
interval,937,c06,10,days_500_526,INT-C1006
interval,942,c06,10,days_500_526,INT-C1006
interval,955,c06,10,days_500_526,INT-C1006
interval,987,c06,10,days_500_526,INT-C1006
interval,994,c06,10,days_500_526,INT-C1006
interval,16,c07,10,days_500_526,INT-C1007
interval,19,c07,10,days_500_526,INT-C1007
interval,55,c07,10,days_500_526,INT-C1007
interval,61,c07,10,days_500_526,INT-C1007
interval,71,c07,10,days_500_526,INT-C1007
interval,89,c07,10,days_500_526,INT-C1007
interval,101,c07,10,days_500_526,INT-C1007
interval,114,c07,10,days_500_526,INT-C1007
interval,127,c07,10,days_500_526,INT-C1007
interval,149,c07,10,days_500_526,INT-C1007
interval,169,c07,10,days_500_526,INT-C1007
interval,184,c07,10,days_500_526,INT-C1007
interval,189,c07,10,days_500_526,INT-C1007
interval,225,c07,10,days_500_526,INT-C1007
interval,243,c07,10,days_500_526,INT-C1007
interval,246,c07,10,days_500_526,INT-C1007
interval,281,c07,10,days_500_526,INT-C1007
interval,315,c07,10,days_500_526,INT-C1007
interval,340,c07,10,days_500_526,INT-C1007
interval,365,c07,10,days_500_526,INT-C1007
interval,372,c07,10,days_500_526,INT-C1007
interval,377,c07,10,days_500_526,INT-C1007
interval,393,c07,10,days_500_526,INT-C1007
interval,404,c07,10,days_500_526,INT-C1007
interval,410,c07,10,days_500_526,INT-C1007
interval,423,c07,10,days_500_526,INT-C1007
interval,432,c07,10,days_500_526,INT-C1007
interval,490,c07,10,days_500_526,INT-C1007
interval,522,c07,10,days_500_526,INT-C1007
interval,593,c07,10,days_500_526,INT-C1007
interval,595,c07,10,days_500_526,INT-C1007
interval,708,c07,10,days_500_526,INT-C1007
interval,711,c07,10,days_500_526,INT-C1007
interval,716,c07,10,days_500_526,INT-C1007
interval,718,c07,10,days_500_526,INT-C1007
interval,724,c07,10,days_500_526,INT-C1007
interval,732,c07,10,days_500_526,INT-C1007
interval,754,c07,10,days_500_526,INT-C1007
interval,777,c07,10,days_500_526,INT-C1007
interval,779,c07,10,days_500_526,INT-C1007
interval,781,c07,10,days_500_526,INT-C1007
interval,786,c07,10,days_500_526,INT-C1007
interval,815,c07,10,days_500_526,INT-C1007
interval,843,c07,10,days_500_526,INT-C1007
interval,861,c07,10,days_500_526,INT-C1007
interval,866,c07,10,days_500_526,INT-C1007
interval,883,c07,10,days_500_526,INT-C1007
interval,905,c07,10,days_500_526,INT-C1007
interval,907,c07,10,days_500_526,INT-C1007
interval,934,c07,10,days_500_526,INT-C1007
interval,969,c07,10,days_500_526,INT-C1007
interval,1004,c07,10,days_500_526,INT-C1007
interval,2,c08,10,days_500_526,INT-C1008
interval,30,c08,10,days_500_526,INT-C1008
interval,43,c08,10,days_500_526,INT-C1008
interval,52,c08,10,days_500_526,INT-C1008
interval,57,c08,10,days_500_526,INT-C1008
interval,77,c08,10,days_500_526,INT-C1008
interval,104,c08,10,days_500_526,INT-C1008
interval,109,c08,10,days_500_526,INT-C1008
interval,119,c08,10,days_500_526,INT-C1008
interval,133,c08,10,days_500_526,INT-C1008
interval,168,c08,10,days_500_526,INT-C1008
interval,177,c08,10,days_500_526,INT-C1008
interval,182,c08,10,days_500_526,INT-C1008
interval,232,c08,10,days_500_526,INT-C1008
interval,256,c08,10,days_500_526,INT-C1008
interval,260,c08,10,days_500_526,INT-C1008
interval,266,c08,10,days_500_526,INT-C1008
interval,305,c08,10,days_500_526,INT-C1008
interval,313,c08,10,days_500_526,INT-C1008
interval,356,c08,10,days_500_526,INT-C1008
interval,416,c08,10,days_500_526,INT-C1008
interval,425,c08,10,days_500_526,INT-C1008
interval,439,c08,10,days_500_526,INT-C1008
interval,447,c08,10,days_500_526,INT-C1008
interval,465,c08,10,days_500_526,INT-C1008
interval,472,c08,10,days_500_526,INT-C1008
interval,521,c08,10,days_500_526,INT-C1008
interval,556,c08,10,days_500_526,INT-C1008
interval,575,c08,10,days_500_526,INT-C1008
interval,598,c08,10,days_500_526,INT-C1008
interval,602,c08,10,days_500_526,INT-C1008
interval,648,c08,10,days_500_526,INT-C1008
interval,699,c08,10,days_500_526,INT-C1008
interval,700,c08,10,days_500_526,INT-C1008
interval,721,c08,10,days_500_526,INT-C1008
interval,730,c08,10,days_500_526,INT-C1008
interval,743,c08,10,days_500_526,INT-C1008
interval,744,c08,10,days_500_526,INT-C1008
interval,765,c08,10,days_500_526,INT-C1008
interval,790,c08,10,days_500_526,INT-C1008
interval,812,c08,10,days_500_526,INT-C1008
interval,868,c08,10,days_500_526,INT-C1008
interval,876,c08,10,days_500_526,INT-C1008
interval,908,c08,10,days_500_526,INT-C1008
interval,912,c08,10,days_500_526,INT-C1008
interval,936,c08,10,days_500_526,INT-C1008
interval,946,c08,10,days_500_526,INT-C1008
interval,948,c08,10,days_500_526,INT-C1008
interval,949,c08,10,days_500_526,INT-C1008
interval,966,c08,10,days_500_526,INT-C1008
interval,0,c09,10,days_500_526,INT-C1009
interval,6,c09,10,days_500_526,INT-C1009
interval,78,c09,10,days_500_526,INT-C1009
interval,99,c09,10,days_500_526,INT-C1009
interval,130,c09,10,days_500_526,INT-C1009
interval,178,c09,10,days_500_526,INT-C1009
interval,228,c09,10,days_500_526,INT-C1009
interval,249,c09,10,days_500_526,INT-C1009
interval,295,c09,10,days_500_526,INT-C1009
interval,314,c09,10,days_500_526,INT-C1009
interval,333,c09,10,days_500_526,INT-C1009
interval,339,c09,10,days_500_526,INT-C1009
interval,403,c09,10,days_500_526,INT-C1009
interval,409,c09,10,days_500_526,INT-C1009
interval,470,c09,10,days_500_526,INT-C1009
interval,502,c09,10,days_500_526,INT-C1009
interval,538,c09,10,days_500_526,INT-C1009
interval,569,c09,10,days_500_526,INT-C1009
interval,599,c09,10,days_500_526,INT-C1009
interval,605,c09,10,days_500_526,INT-C1009
interval,693,c09,10,days_500_526,INT-C1009
interval,710,c09,10,days_500_526,INT-C1009
interval,767,c09,10,days_500_526,INT-C1009
interval,862,c09,10,days_500_526,INT-C1009
interval,878,c09,10,days_500_526,INT-C1009
interval,929,c09,10,days_500_526,INT-C1009
interval,976,c09,10,days_500_526,INT-C1009
interval,17,c10,10,days_500_526,INT-C1010
interval,92,c10,10,days_500_526,INT-C1010
interval,136,c10,10,days_500_526,INT-C1010
interval,142,c10,10,days_500_526,INT-C1010
interval,200,c10,10,days_500_526,INT-C1010
interval,224,c10,10,days_500_526,INT-C1010
interval,302,c10,10,days_500_526,INT-C1010
interval,316,c10,10,days_500_526,INT-C1010
interval,341,c10,10,days_500_526,INT-C1010
interval,349,c10,10,days_500_526,INT-C1010
interval,351,c10,10,days_500_526,INT-C1010
interval,408,c10,10,days_500_526,INT-C1010
interval,428,c10,10,days_500_526,INT-C1010
interval,497,c10,10,days_500_526,INT-C1010
interval,511,c10,10,days_500_526,INT-C1010
interval,543,c10,10,days_500_526,INT-C1010
interval,647,c10,10,days_500_526,INT-C1010
interval,773,c10,10,days_500_526,INT-C1010
interval,806,c10,10,days_500_526,INT-C1010
interval,838,c10,10,days_500_526,INT-C1010
interval,857,c10,10,days_500_526,INT-C1010
interval,888,c10,10,days_500_526,INT-C1010
interval,915,c10,10,days_500_526,INT-C1010
interval,917,c10,10,days_500_526,INT-C1010
interval,952,c10,10,days_500_526,INT-C1010
interval,953,c10,10,days_500_526,INT-C1010
interval,971,c10,10,days_500_526,INT-C1010
interval,31,c11,10,days_500_526,INT-C1011
interval,98,c11,10,days_500_526,INT-C1011
interval,117,c11,10,days_500_526,INT-C1011
interval,134,c11,10,days_500_526,INT-C1011
interval,165,c11,10,days_500_526,INT-C1011
interval,185,c11,10,days_500_526,INT-C1011
interval,268,c11,10,days_500_526,INT-C1011
interval,278,c11,10,days_500_526,INT-C1011
interval,401,c11,10,days_500_526,INT-C1011
interval,415,c11,10,days_500_526,INT-C1011
interval,429,c11,10,days_500_526,INT-C1011
interval,451,c11,10,days_500_526,INT-C1011
interval,454,c11,10,days_500_526,INT-C1011
interval,592,c11,10,days_500_526,INT-C1011
interval,617,c11,10,days_500_526,INT-C1011
interval,661,c11,10,days_500_526,INT-C1011
interval,707,c11,10,days_500_526,INT-C1011
interval,713,c11,10,days_500_526,INT-C1011
interval,811,c11,10,days_500_526,INT-C1011
interval,833,c11,10,days_500_526,INT-C1011
interval,836,c11,10,days_500_526,INT-C1011
interval,880,c11,10,days_500_526,INT-C1011
interval,990,c11,10,days_500_526,INT-C1011
interval,1003,c11,10,days_500_526,INT-C1011
interval,62,c12,10,days_500_526,INT-C1012
interval,113,c12,10,days_500_526,INT-C1012
interval,163,c12,10,days_500_526,INT-C1012
interval,250,c12,10,days_500_526,INT-C1012
interval,369,c12,10,days_500_526,INT-C1012
interval,407,c12,10,days_500_526,INT-C1012
interval,444,c12,10,days_500_526,INT-C1012
interval,485,c12,10,days_500_526,INT-C1012
interval,513,c12,10,days_500_526,INT-C1012
interval,518,c12,10,days_500_526,INT-C1012
interval,535,c12,10,days_500_526,INT-C1012
interval,542,c12,10,days_500_526,INT-C1012
interval,551,c12,10,days_500_526,INT-C1012
interval,646,c12,10,days_500_526,INT-C1012
interval,722,c12,10,days_500_526,INT-C1012
interval,799,c12,10,days_500_526,INT-C1012
interval,800,c12,10,days_500_526,INT-C1012
interval,823,c12,10,days_500_526,INT-C1012
interval,854,c12,10,days_500_526,INT-C1012
interval,886,c12,10,days_500_526,INT-C1012
interval,895,c12,10,days_500_526,INT-C1012
interval,913,c12,10,days_500_526,INT-C1012
interval,7,c13,10,days_500_526,INT-C1013
interval,135,c13,10,days_500_526,INT-C1013
interval,153,c13,10,days_500_526,INT-C1013
interval,292,c13,10,days_500_526,INT-C1013
interval,308,c13,10,days_500_526,INT-C1013
interval,378,c13,10,days_500_526,INT-C1013
interval,418,c13,10,days_500_526,INT-C1013
interval,438,c13,10,days_500_526,INT-C1013
interval,514,c13,10,days_500_526,INT-C1013
interval,588,c13,10,days_500_526,INT-C1013
interval,701,c13,10,days_500_526,INT-C1013
interval,705,c13,10,days_500_526,INT-C1013
interval,780,c13,10,days_500_526,INT-C1013
interval,807,c13,10,days_500_526,INT-C1013
interval,818,c13,10,days_500_526,INT-C1013
interval,832,c13,10,days_500_526,INT-C1013
interval,950,c13,10,days_500_526,INT-C1013
interval,977,c13,10,days_500_526,INT-C1013
interval,996,c13,10,days_500_526,INT-C1013
interval,997,c13,10,days_500_526,INT-C1013
interval,8,c14,10,days_500_526,INT-C1014
interval,15,c14,10,days_500_526,INT-C1014
interval,32,c14,10,days_500_526,INT-C1014
interval,143,c14,10,days_500_526,INT-C1014
interval,144,c14,10,days_500_526,INT-C1014
interval,284,c14,10,days_500_526,INT-C1014
interval,422,c14,10,days_500_526,INT-C1014
interval,520,c14,10,days_500_526,INT-C1014
interval,544,c14,10,days_500_526,INT-C1014
interval,563,c14,10,days_500_526,INT-C1014
interval,580,c14,10,days_500_526,INT-C1014
interval,584,c14,10,days_500_526,INT-C1014
interval,669,c14,10,days_500_526,INT-C1014
interval,680,c14,10,days_500_526,INT-C1014
interval,731,c14,10,days_500_526,INT-C1014
interval,739,c14,10,days_500_526,INT-C1014
interval,741,c14,10,days_500_526,INT-C1014
interval,791,c14,10,days_500_526,INT-C1014
interval,797,c14,10,days_500_526,INT-C1014
interval,147,c15,10,days_500_526,INT-C1015
interval,171,c15,10,days_500_526,INT-C1015
interval,285,c15,10,days_500_526,INT-C1015
interval,336,c15,10,days_500_526,INT-C1015
interval,347,c15,10,days_500_526,INT-C1015
interval,355,c15,10,days_500_526,INT-C1015
interval,577,c15,10,days_500_526,INT-C1015
interval,590,c15,10,days_500_526,INT-C1015
interval,686,c15,10,days_500_526,INT-C1015
interval,715,c15,10,days_500_526,INT-C1015
interval,748,c15,10,days_500_526,INT-C1015
interval,926,c15,10,days_500_526,INT-C1015
interval,933,c15,10,days_500_526,INT-C1015
interval,972,c15,10,days_500_526,INT-C1015
