approach,user_id,identity_group,snapshot_index,snapshot_label,observation_id
cumulative,23,c02,0,days_0_50,CUM-C0006
cumulative,30,c02,0,days_0_50,CUM-C0006
cumulative,52,c02,0,days_0_50,CUM-C0006
cumulative,77,c02,0,days_0_50,CUM-C0006
cumulative,104,c02,0,days_0_50,CUM-C0006
cumulative,111,c02,0,days_0_50,CUM-C0006
cumulative,112,c02,0,days_0_50,CUM-C0006
cumulative,126,c02,0,days_0_50,CUM-C0006
cumulative,133,c02,0,days_0_50,CUM-C0006
cumulative,166,c02,0,days_0_50,CUM-C0006
cumulative,168,c02,0,days_0_50,CUM-C0006
cumulative,186,c02,0,days_0_50,CUM-C0006
cumulative,209,c02,0,days_0_50,CUM-C0006
cumulative,232,c02,0,days_0_50,CUM-C0006
cumulative,240,c02,0,days_0_50,CUM-C0006
cumulative,256,c02,0,days_0_50,CUM-C0006
cumulative,260,c02,0,days_0_50,CUM-C0006
cumulative,267,c02,0,days_0_50,CUM-C0006
cumulative,276,c02,0,days_0_50,CUM-C0006
cumulative,294,c02,0,days_0_50,CUM-C0006
cumulative,305,c02,0,days_0_50,CUM-C0006
cumulative,313,c02,0,days_0_50,CUM-C0006
cumulative,356,c02,0,days_0_50,CUM-C0006
cumulative,392,c02,0,days_0_50,CUM-C0006
cumulative,416,c02,0,days_0_50,CUM-C0006
cumulative,439,c02,0,days_0_50,CUM-C0006
cumulative,447,c02,0,days_0_50,CUM-C0006
cumulative,459,c02,0,days_0_50,CUM-C0006
cumulative,472,c02,0,days_0_50,CUM-C0006
cumulative,478,c02,0,days_0_50,CUM-C0006
cumulative,479,c02,0,days_0_50,CUM-C0006
cumulative,517,c02,0,days_0_50,CUM-C0006
cumulative,556,c02,0,days_0_50,CUM-C0006
cumulative,557,c02,0,days_0_50,CUM-C0006
cumulative,564,c02,0,days_0_50,CUM-C0006
cumulative,573,c02,0,days_0_50,CUM-C0006
cumulative,574,c02,0,days_0_50,CUM-C0006
cumulative,575,c02,0,days_0_50,CUM-C0006
cumulative,586,c02,0,days_0_50,CUM-C0006
cumulative,602,c02,0,days_0_50,CUM-C0006
cumulative,648,c02,0,days_0_50,CUM-C0006
cumulative,674,c02,0,days_0_50,CUM-C0006
cumulative,694,c02,0,days_0_50,CUM-C0006
cumulative,743,c02,0,days_0_50,CUM-C0006
cumulative,759,c02,0,days_0_50,CUM-C0006
cumulative,762,c02,0,days_0_50,CUM-C0006
cumulative,765,c02,0,days_0_50,CUM-C0006
cumulative,803,c02,0,days_0_50,CUM-C0006
cumulative,845,c02,0,days_0_50,CUM-C0006
cumulative,859,c02,0,days_0_50,CUM-C0006
cumulative,868,c02,0,days_0_50,CUM-C0006
cumulative,869,c02,0,days_0_50,CUM-C0006
cumulative,885,c02,0,days_0_50,CUM-C0006
cumulative,889,c02,0,days_0_50,CUM-C0006
cumulative,912,c02,0,days_0_50,CUM-C0006
cumulative,944,c02,0,days_0_50,CUM-C0006
cumulative,984,c02,0,days_0_50,CUM-C0006
cumulative,8,c03,0,days_0_50,CUM-C0008
cumulative,19,c03,0,days_0_50,CUM-C0008
cumulative,59,c03,0,days_0_50,CUM-C0008
cumulative,61,c03,0,days_0_50,CUM-C0008
cumulative,101,c03,0,days_0_50,CUM-C0008
cumulative,114,c03,0,days_0_50,CUM-C0008
cumulative,127,c03,0,days_0_50,CUM-C0008
cumulative,144,c03,0,days_0_50,CUM-C0008
cumulative,145,c03,0,days_0_50,CUM-C0008
cumulative,149,c03,0,days_0_50,CUM-C0008
cumulative,158,c03,0,days_0_50,CUM-C0008
cumulative,175,c03,0,days_0_50,CUM-C0008
cumulative,184,c03,0,days_0_50,CUM-C0008
cumulative,243,c03,0,days_0_50,CUM-C0008
cumulative,246,c03,0,days_0_50,CUM-C0008
cumulative,275,c03,0,days_0_50,CUM-C0008
cumulative,293,c03,0,days_0_50,CUM-C0008
cumulative,377,c03,0,days_0_50,CUM-C0008
cumulative,393,c03,0,days_0_50,CUM-C0008
cumulative,407,c03,0,days_0_50,CUM-C0008
cumulative,423,c03,0,days_0_50,CUM-C0008
cumulative,426,c03,0,days_0_50,CUM-C0008
cumulative,436,c03,0,days_0_50,CUM-C0008
cumulative,442,c03,0,days_0_50,CUM-C0008
cumulative,446,c03,0,days_0_50,CUM-C0008
cumulative,457,c03,0,days_0_50,CUM-C0008
cumulative,467,c03,0,days_0_50,CUM-C0008
cumulative,522,c03,0,days_0_50,CUM-C0008
cumulative,563,c03,0,days_0_50,CUM-C0008
cumulative,597,c03,0,days_0_50,CUM-C0008
cumulative,650,c03,0,days_0_50,CUM-C0008
cumulative,678,c03,0,days_0_50,CUM-C0008
cumulative,681,c03,0,days_0_50,CUM-C0008
cumulative,696,c03,0,days_0_50,CUM-C0008
cumulative,708,c03,0,days_0_50,CUM-C0008
cumulative,711,c03,0,days_0_50,CUM-C0008
cumulative,716,c03,0,days_0_50,CUM-C0008
cumulative,718,c03,0,days_0_50,CUM-C0008
cumulative,724,c03,0,days_0_50,CUM-C0008
cumulative,737,c03,0,days_0_50,CUM-C0008
cumulative,754,c03,0,days_0_50,CUM-C0008
cumulative,777,c03,0,days_0_50,CUM-C0008
cumulative,779,c03,0,days_0_50,CUM-C0008
cumulative,843,c03,0,days_0_50,CUM-C0008
cumulative,849,c03,0,days_0_50,CUM-C0008
cumulative,866,c03,0,days_0_50,CUM-C0008
cumulative,883,c03,0,days_0_50,CUM-C0008
cumulative,904,c03,0,days_0_50,CUM-C0008
cumulative,907,c03,0,days_0_50,CUM-C0008
cumulative,916,c03,0,days_0_50,CUM-C0008
cumulative,1,c04,0,days_0_50,CUM-C0002
cumulative,38,c04,0,days_0_50,CUM-C0002
cumulative,42,c04,0,days_0_50,CUM-C0002
cumulative,46,c04,0,days_0_50,CUM-C0002
cumulative,49,c04,0,days_0_50,CUM-C0002
cumulative,50,c04,0,days_0_50,CUM-C0002
cumulative,64,c04,0,days_0_50,CUM-C0002
cumulative,69,c04,0,days_0_50,CUM-C0002
cumulative,76,c04,0,days_0_50,CUM-C0002
cumulative,84,c04,0,days_0_50,CUM-C0002
cumulative,91,c04,0,days_0_50,CUM-C0002
cumulative,96,c04,0,days_0_50,CUM-C0002
cumulative,97,c04,0,days_0_50,CUM-C0002
cumulative,102,c04,0,days_0_50,CUM-C0002
cumulative,103,c04,0,days_0_50,CUM-C0002
cumulative,106,c04,0,days_0_50,CUM-C0002
cumulative,115,c04,0,days_0_50,CUM-C0002
cumulative,125,c04,0,days_0_50,CUM-C0002
cumulative,139,c04,0,days_0_50,CUM-C0002
cumulative,154,c04,0,days_0_50,CUM-C0002
cumulative,157,c04,0,days_0_50,CUM-C0002
cumulative,164,c04,0,days_0_50,CUM-C0002
cumulative,174,c04,0,days_0_50,CUM-C0002
cumulative,185,c04,0,days_0_50,CUM-C0002
cumulative,206,c04,0,days_0_50,CUM-C0002
cumulative,223,c04,0,days_0_50,CUM-C0002
cumulative,229,c04,0,days_0_50,CUM-C0002
cumulative,233,c04,0,days_0_50,CUM-C0002
cumulative,242,c04,0,days_0_50,CUM-C0002
cumulative,248,c04,0,days_0_50,CUM-C0002
cumulative,299,c04,0,days_0_50,CUM-C0002
cumulative,303,c04,0,days_0_50,CUM-C0002
cumulative,307,c04,0,days_0_50,CUM-C0002
cumulative,309,c04,0,days_0_50,CUM-C0002
cumulative,310,c04,0,days_0_50,CUM-C0002
cumulative,317,c04,0,days_0_50,CUM-C0002
cumulative,320,c04,0,days_0_50,CUM-C0002
cumulative,322,c04,0,days_0_50,CUM-C0002
cumulative,323,c04,0,days_0_50,CUM-C0002
cumulative,324,c04,0,days_0_50,CUM-C0002
cumulative,337,c04,0,days_0_50,CUM-C0002
cumulative,343,c04,0,days_0_50,CUM-C0002
cumulative,346,c04,0,days_0_50,CUM-C0002
cumulative,368,c04,0,days_0_50,CUM-C0002
cumulative,388,c04,0,days_0_50,CUM-C0002
cumulative,395,c04,0,days_0_50,CUM-C0002
cumulative,397,c04,0,days_0_50,CUM-C0002
cumulative,399,c04,0,days_0_50,CUM-C0002
cumulative,400,c04,0,days_0_50,CUM-C0002
cumulative,402,c04,0,days_0_50,CUM-C0002
cumulative,420,c04,0,days_0_50,CUM-C0002
cumulative,441,c04,0,days_0_50,CUM-C0002
cumulative,460,c04,0,days_0_50,CUM-C0002
cumulative,477,c04,0,days_0_50,CUM-C0002
cumulative,483,c04,0,days_0_50,CUM-C0002
cumulative,487,c04,0,days_0_50,CUM-C0002
cumulative,492,c04,0,days_0_50,CUM-C0002
cumulative,505,c04,0,days_0_50,CUM-C0002
cumulative,509,c04,0,days_0_50,CUM-C0002
cumulative,510,c04,0,days_0_50,CUM-C0002
cumulative,514,c04,0,days_0_50,CUM-C0002
cumulative,524,c04,0,days_0_50,CUM-C0002
cumulative,534,c04,0,days_0_50,CUM-C0002
cumulative,546,c04,0,days_0_50,CUM-C0002
cumulative,548,c04,0,days_0_50,CUM-C0002
cumulative,550,c04,0,days_0_50,CUM-C0002
cumulative,554,c04,0,days_0_50,CUM-C0002
cumulative,559,c04,0,days_0_50,CUM-C0002
cumulative,562,c04,0,days_0_50,CUM-C0002
cumulative,591,c04,0,days_0_50,CUM-C0002
cumulative,603,c04,0,days_0_50,CUM-C0002
cumulative,607,c04,0,days_0_50,CUM-C0002
cumulative,622,c04,0,days_0_50,CUM-C0002
cumulative,634,c04,0,days_0_50,CUM-C0002
cumulative,638,c04,0,days_0_50,CUM-C0002
cumulative,649,c04,0,days_0_50,CUM-C0002
cumulative,663,c04,0,days_0_50,CUM-C0002
cumulative,671,c04,0,days_0_50,CUM-C0002
cumulative,676,c04,0,days_0_50,CUM-C0002
cumulative,692,c04,0,days_0_50,CUM-C0002
cumulative,706,c04,0,days_0_50,CUM-C0002
cumulative,735,c04,0,days_0_50,CUM-C0002
cumulative,736,c04,0,days_0_50,CUM-C0002
cumulative,740,c04,0,days_0_50,CUM-C0002
cumulative,746,c04,0,days_0_50,CUM-C0002
cumulative,769,c04,0,days_0_50,CUM-C0002
cumulative,775,c04,0,days_0_50,CUM-C0002
cumulative,780,c04,0,days_0_50,CUM-C0002
cumulative,788,c04,0,days_0_50,CUM-C0002
cumulative,822,c04,0,days_0_50,CUM-C0002
cumulative,828,c04,0,days_0_50,CUM-C0002
cumulative,830,c04,0,days_0_50,CUM-C0002
cumulative,832,c04,0,days_0_50,CUM-C0002
cumulative,835,c04,0,days_0_50,CUM-C0002
cumulative,853,c04,0,days_0_50,CUM-C0002
cumulative,879,c04,0,days_0_50,CUM-C0002
cumulative,893,c04,0,days_0_50,CUM-C0002
cumulative,939,c04,0,days_0_50,CUM-C0002
cumulative,950,c04,0,days_0_50,CUM-C0002
cumulative,975,c04,0,days_0_50,CUM-C0002
cumulative,2,c05,0,days_0_50,CUM-C0001
cumulative,5,c05,0,days_0_50,CUM-C0001
cumulative,10,c05,0,days_0_50,CUM-C0001
cumulative,13,c05,0,days_0_50,CUM-C0001
cumulative,14,c05,0,days_0_50,CUM-C0001
cumulative,16,c05,0,days_0_50,CUM-C0001
cumulative,29,c05,0,days_0_50,CUM-C0001
cumulative,90,c05,0,days_0_50,CUM-C0001
cumulative,105,c05,0,days_0_50,CUM-C0001
cumulative,107,c05,0,days_0_50,CUM-C0001
cumulative,118,c05,0,days_0_50,CUM-C0001
cumulative,119,c05,0,days_0_50,CUM-C0001
cumulative,131,c05,0,days_0_50,CUM-C0001
cumulative,132,c05,0,days_0_50,CUM-C0001
cumulative,153,c05,0,days_0_50,CUM-C0001
cumulative,173,c05,0,days_0_50,CUM-C0001
cumulative,189,c05,0,days_0_50,CUM-C0001
cumulative,192,c05,0,days_0_50,CUM-C0001
cumulative,196,c05,0,days_0_50,CUM-C0001
cumulative,199,c05,0,days_0_50,CUM-C0001
cumulative,201,c05,0,days_0_50,CUM-C0001
cumulative,203,c05,0,days_0_50,CUM-C0001
cumulative,208,c05,0,days_0_50,CUM-C0001
cumulative,226,c05,0,days_0_50,CUM-C0001
cumulative,236,c05,0,days_0_50,CUM-C0001
cumulative,270,c05,0,days_0_50,CUM-C0001
cumulative,273,c05,0,days_0_50,CUM-C0001
cumulative,281,c05,0,days_0_50,CUM-C0001
cumulative,308,c05,0,days_0_50,CUM-C0001
cumulative,327,c05,0,days_0_50,CUM-C0001
cumulative,331,c05,0,days_0_50,CUM-C0001
cumulative,335,c05,0,days_0_50,CUM-C0001
cumulative,359,c05,0,days_0_50,CUM-C0001
cumulative,365,c05,0,days_0_50,CUM-C0001
cumulative,381,c05,0,days_0_50,CUM-C0001
cumulative,382,c05,0,days_0_50,CUM-C0001
cumulative,385,c05,0,days_0_50,CUM-C0001
cumulative,389,c05,0,days_0_50,CUM-C0001
cumulative,396,c05,0,days_0_50,CUM-C0001
cumulative,410,c05,0,days_0_50,CUM-C0001
cumulative,418,c05,0,days_0_50,CUM-C0001
cumulative,437,c05,0,days_0_50,CUM-C0001
cumulative,440,c05,0,days_0_50,CUM-C0001
cumulative,464,c05,0,days_0_50,CUM-C0001
cumulative,465,c05,0,days_0_50,CUM-C0001
cumulative,468,c05,0,days_0_50,CUM-C0001
cumulative,473,c05,0,days_0_50,CUM-C0001
cumulative,491,c05,0,days_0_50,CUM-C0001
cumulative,497,c05,0,days_0_50,CUM-C0001
cumulative,506,c05,0,days_0_50,CUM-C0001
cumulative,508,c05,0,days_0_50,CUM-C0001
cumulative,516,c05,0,days_0_50,CUM-C0001
cumulative,519,c05,0,days_0_50,CUM-C0001
cumulative,532,c05,0,days_0_50,CUM-C0001
cumulative,537,c05,0,days_0_50,CUM-C0001
cumulative,541,c05,0,days_0_50,CUM-C0001
cumulative,553,c05,0,days_0_50,CUM-C0001
cumulative,576,c05,0,days_0_50,CUM-C0001
cumulative,613,c05,0,days_0_50,CUM-C0001
cumulative,639,c05,0,days_0_50,CUM-C0001
cumulative,644,c05,0,days_0_50,CUM-C0001
cumulative,652,c05,0,days_0_50,CUM-C0001
cumulative,653,c05,0,days_0_50,CUM-C0001
cumulative,654,c05,0,days_0_50,CUM-C0001
cumulative,657,c05,0,days_0_50,CUM-C0001
cumulative,664,c05,0,days_0_50,CUM-C0001
cumulative,670,c05,0,days_0_50,CUM-C0001
cumulative,682,c05,0,days_0_50,CUM-C0001
cumulative,688,c05,0,days_0_50,CUM-C0001
cumulative,700,c05,0,days_0_50,CUM-C0001
cumulative,702,c05,0,days_0_50,CUM-C0001
cumulative,715,c05,0,days_0_50,CUM-C0001
cumulative,719,c05,0,days_0_50,CUM-C0001
cumulative,732,c05,0,days_0_50,CUM-C0001
cumulative,738,c05,0,days_0_50,CUM-C0001
cumulative,745,c05,0,days_0_50,CUM-C0001
cumulative,747,c05,0,days_0_50,CUM-C0001
cumulative,748,c05,0,days_0_50,CUM-C0001
cumulative,761,c05,0,days_0_50,CUM-C0001
cumulative,783,c05,0,days_0_50,CUM-C0001
cumulative,790,c05,0,days_0_50,CUM-C0001
cumulative,804,c05,0,days_0_50,CUM-C0001
cumulative,808,c05,0,days_0_50,CUM-C0001
cumulative,810,c05,0,days_0_50,CUM-C0001
cumulative,812,c05,0,days_0_50,CUM-C0001
cumulative,820,c05,0,days_0_50,CUM-C0001
cumulative,837,c05,0,days_0_50,CUM-C0001
cumulative,842,c05,0,days_0_50,CUM-C0001
cumulative,850,c05,0,days_0_50,CUM-C0001
cumulative,881,c05,0,days_0_50,CUM-C0001
cumulative,884,c05,0,days_0_50,CUM-C0001
cumulative,897,c05,0,days_0_50,CUM-C0001
cumulative,898,c05,0,days_0_50,CUM-C0001
cumulative,901,c05,0,days_0_50,CUM-C0001
cumulative,905,c05,0,days_0_50,CUM-C0001
cumulative,911,c05,0,days_0_50,CUM-C0001
cumulative,921,c05,0,days_0_50,CUM-C0001
cumulative,924,c05,0,days_0_50,CUM-C0001
cumulative,926,c05,0,days_0_50,CUM-C0001
cumulative,945,c05,0,days_0_50,CUM-C0001
cumulative,951,c05,0,days_0_50,CUM-C0001
cumulative,967,c05,0,days_0_50,CUM-C0001
cumulative,969,c05,0,days_0_50,CUM-C0001
cumulative,977,c05,0,days_0_50,CUM-C0001
cumulative,979,c05,0,days_0_50,CUM-C0001
cumulative,980,c05,0,days_0_50,CUM-C0001
cumulative,985,c05,0,days_0_50,CUM-C0001
cumulative,996,c05,0,days_0_50,CUM-C0001
cumulative,1001,c05,0,days_0_50,CUM-C0001
cumulative,1004,c05,0,days_0_50,CUM-C0001
cumulative,28,c08,0,days_0_50,CUM-C0009
cumulative,34,c08,0,days_0_50,CUM-C0009
cumulative,56,c08,0,days_0_50,CUM-C0009
cumulative,68,c08,0,days_0_50,CUM-C0009
cumulative,95,c08,0,days_0_50,CUM-C0009
cumulative,176,c08,0,days_0_50,CUM-C0009
cumulative,205,c08,0,days_0_50,CUM-C0009
cumulative,231,c08,0,days_0_50,CUM-C0009
cumulative,245,c08,0,days_0_50,CUM-C0009
cumulative,251,c08,0,days_0_50,CUM-C0009
cumulative,264,c08,0,days_0_50,CUM-C0009
cumulative,269,c08,0,days_0_50,CUM-C0009
cumulative,311,c08,0,days_0_50,CUM-C0009
cumulative,329,c08,0,days_0_50,CUM-C0009
cumulative,338,c08,0,days_0_50,CUM-C0009
cumulative,350,c08,0,days_0_50,CUM-C0009
cumulative,361,c08,0,days_0_50,CUM-C0009
cumulative,364,c08,0,days_0_50,CUM-C0009
cumulative,427,c08,0,days_0_50,CUM-C0009
cumulative,432,c08,0,days_0_50,CUM-C0009
cumulative,433,c08,0,days_0_50,CUM-C0009
cumulative,511,c08,0,days_0_50,CUM-C0009
cumulative,531,c08,0,days_0_50,CUM-C0009
cumulative,540,c08,0,days_0_50,CUM-C0009
cumulative,582,c08,0,days_0_50,CUM-C0009
cumulative,588,c08,0,days_0_50,CUM-C0009
cumulative,624,c08,0,days_0_50,CUM-C0009
cumulative,641,c08,0,days_0_50,CUM-C0009
cumulative,690,c08,0,days_0_50,CUM-C0009
cumulative,697,c08,0,days_0_50,CUM-C0009
cumulative,698,c08,0,days_0_50,CUM-C0009
cumulative,734,c08,0,days_0_50,CUM-C0009
cumulative,764,c08,0,days_0_50,CUM-C0009
cumulative,773,c08,0,days_0_50,CUM-C0009
cumulative,809,c08,0,days_0_50,CUM-C0009
cumulative,819,c08,0,days_0_50,CUM-C0009
cumulative,836,c08,0,days_0_50,CUM-C0009
cumulative,840,c08,0,days_0_50,CUM-C0009
cumulative,855,c08,0,days_0_50,CUM-C0009
cumulative,872,c08,0,days_0_50,CUM-C0009
cumulative,873,c08,0,days_0_50,CUM-C0009
cumulative,925,c08,0,days_0_50,CUM-C0009
cumulative,955,c08,0,days_0_50,CUM-C0009
cumulative,960,c08,0,days_0_50,CUM-C0009
cumulative,987,c08,0,days_0_50,CUM-C0009
cumulative,994,c08,0,days_0_50,CUM-C0009
cumulative,997,c08,0,days_0_50,CUM-C0009
cumulative,25,c09,0,days_0_50,CUM-C0012
cumulative,41,c09,0,days_0_50,CUM-C0012
cumulative,44,c09,0,days_0_50,CUM-C0012
cumulative,48,c09,0,days_0_50,CUM-C0012
cumulative,73,c09,0,days_0_50,CUM-C0012
cumulative,216,c09,0,days_0_50,CUM-C0012
cumulative,318,c09,0,days_0_50,CUM-C0012
cumulative,319,c09,0,days_0_50,CUM-C0012
cumulative,321,c09,0,days_0_50,CUM-C0012
cumulative,366,c09,0,days_0_50,CUM-C0012
cumulative,386,c09,0,days_0_50,CUM-C0012
cumulative,434,c09,0,days_0_50,CUM-C0012
cumulative,458,c09,0,days_0_50,CUM-C0012
cumulative,481,c09,0,days_0_50,CUM-C0012
cumulative,499,c09,0,days_0_50,CUM-C0012
cumulative,558,c09,0,days_0_50,CUM-C0012
cumulative,565,c09,0,days_0_50,CUM-C0012
cumulative,618,c09,0,days_0_50,CUM-C0012
cumulative,672,c09,0,days_0_50,CUM-C0012
cumulative,679,c09,0,days_0_50,CUM-C0012
cumulative,684,c09,0,days_0_50,CUM-C0012
cumulative,704,c09,0,days_0_50,CUM-C0012
cumulative,723,c09,0,days_0_50,CUM-C0012
cumulative,758,c09,0,days_0_50,CUM-C0012
cumulative,844,c09,0,days_0_50,CUM-C0012
cumulative,918,c09,0,days_0_50,CUM-C0012
cumulative,956,c09,0,days_0_50,CUM-C0012
cumulative,11,c01,1,days_0_100,CUM-C0101
cumulative,26,c01,1,days_0_100,CUM-C0101
cumulative,36,c01,1,days_0_100,CUM-C0101
cumulative,39,c01,1,days_0_100,CUM-C0101
cumulative,40,c01,1,days_0_100,CUM-C0101
cumulative,49,c01,1,days_0_100,CUM-C0101
cumulative,53,c01,1,days_0_100,CUM-C0101
cumulative,60,c01,1,days_0_100,CUM-C0101
cumulative,65,c01,1,days_0_100,CUM-C0101
cumulative,71,c01,1,days_0_100,CUM-C0101
cumulative,75,c01,1,days_0_100,CUM-C0101
cumulative,76,c01,1,days_0_100,CUM-C0101
cumulative,79,c01,1,days_0_100,CUM-C0101
cumulative,83,c01,1,days_0_100,CUM-C0101
cumulative,86,c01,1,days_0_100,CUM-C0101
cumulative,91,c01,1,days_0_100,CUM-C0101
cumulative,115,c01,1,days_0_100,CUM-C0101
cumulative,116,c01,1,days_0_100,CUM-C0101
cumulative,120,c01,1,days_0_100,CUM-C0101
cumulative,137,c01,1,days_0_100,CUM-C0101
cumulative,143,c01,1,days_0_100,CUM-C0101
cumulative,146,c01,1,days_0_100,CUM-C0101
cumulative,151,c01,1,days_0_100,CUM-C0101
cumulative,152,c01,1,days_0_100,CUM-C0101
cumulative,157,c01,1,days_0_100,CUM-C0101
cumulative,159,c01,1,days_0_100,CUM-C0101
cumulative,185,c01,1,days_0_100,CUM-C0101
cumulative,187,c01,1,days_0_100,CUM-C0101
cumulative,191,c01,1,days_0_100,CUM-C0101
cumulative,193,c01,1,days_0_100,CUM-C0101
cumulative,194,c01,1,days_0_100,CUM-C0101
cumulative,195,c01,1,days_0_100,CUM-C0101
cumulative,197,c01,1,days_0_100,CUM-C0101
cumulative,198,c01,1,days_0_100,CUM-C0101
cumulative,203,c01,1,days_0_100,CUM-C0101
cumulative,214,c01,1,days_0_100,CUM-C0101
cumulative,218,c01,1,days_0_100,CUM-C0101
cumulative,220,c01,1,days_0_100,CUM-C0101
cumulative,221,c01,1,days_0_100,CUM-C0101
cumulative,229,c01,1,days_0_100,CUM-C0101
cumulative,233,c01,1,days_0_100,CUM-C0101
cumulative,235,c01,1,days_0_100,CUM-C0101
cumulative,239,c01,1,days_0_100,CUM-C0101
cumulative,242,c01,1,days_0_100,CUM-C0101
cumulative,248,c01,1,days_0_100,CUM-C0101
cumulative,253,c01,1,days_0_100,CUM-C0101
cumulative,254,c01,1,days_0_100,CUM-C0101
cumulative,272,c01,1,days_0_100,CUM-C0101
cumulative,277,c01,1,days_0_100,CUM-C0101
cumulative,285,c01,1,days_0_100,CUM-C0101
cumulative,290,c01,1,days_0_100,CUM-C0101
cumulative,306,c01,1,days_0_100,CUM-C0101
cumulative,307,c01,1,days_0_100,CUM-C0101
cumulative,317,c01,1,days_0_100,CUM-C0101
cumulative,325,c01,1,days_0_100,CUM-C0101
cumulative,326,c01,1,days_0_100,CUM-C0101
cumulative,330,c01,1,days_0_100,CUM-C0101
cumulative,334,c01,1,days_0_100,CUM-C0101
cumulative,372,c01,1,days_0_100,CUM-C0101
cumulative,374,c01,1,days_0_100,CUM-C0101
cumulative,379,c01,1,days_0_100,CUM-C0101
cumulative,380,c01,1,days_0_100,CUM-C0101
cumulative,394,c01,1,days_0_100,CUM-C0101
cumulative,397,c01,1,days_0_100,CUM-C0101
cumulative,398,c01,1,days_0_100,CUM-C0101
cumulative,400,c01,1,days_0_100,CUM-C0101
cumulative,404,c01,1,days_0_100,CUM-C0101
cumulative,430,c01,1,days_0_100,CUM-C0101
cumulative,441,c01,1,days_0_100,CUM-C0101
cumulative,443,c01,1,days_0_100,CUM-C0101
cumulative,450,c01,1,days_0_100,CUM-C0101
cumulative,452,c01,1,days_0_100,CUM-C0101
cumulative,453,c01,1,days_0_100,CUM-C0101
cumulative,462,c01,1,days_0_100,CUM-C0101
cumulative,466,c01,1,days_0_100,CUM-C0101
cumulative,471,c01,1,days_0_100,CUM-C0101
cumulative,476,c01,1,days_0_100,CUM-C0101
cumulative,483,c01,1,days_0_100,CUM-C0101
cumulative,488,c01,1,days_0_100,CUM-C0101
cumulative,492,c01,1,days_0_100,CUM-C0101
cumulative,495,c01,1,days_0_100,CUM-C0101
cumulative,523,c01,1,days_0_100,CUM-C0101
cumulative,533,c01,1,days_0_100,CUM-C0101
cumulative,544,c01,1,days_0_100,CUM-C0101
cumulative,546,c01,1,days_0_100,CUM-C0101
cumulative,549,c01,1,days_0_100,CUM-C0101
cumulative,550,c01,1,days_0_100,CUM-C0101
cumulative,554,c01,1,days_0_100,CUM-C0101
cumulative,566,c01,1,days_0_100,CUM-C0101
cumulative,568,c01,1,days_0_100,CUM-C0101
cumulative,571,c01,1,days_0_100,CUM-C0101
cumulative,572,c01,1,days_0_100,CUM-C0101
cumulative,578,c01,1,days_0_100,CUM-C0101
cumulative,580,c01,1,days_0_100,CUM-C0101
cumulative,591,c01,1,days_0_100,CUM-C0101
cumulative,595,c01,1,days_0_100,CUM-C0101
cumulative,596,c01,1,days_0_100,CUM-C0101
cumulative,607,c01,1,days_0_100,CUM-C0101
cumulative,609,c01,1,days_0_100,CUM-C0101
cumulative,612,c01,1,days_0_100,CUM-C0101
cumulative,619,c01,1,days_0_100,CUM-C0101
cumulative,627,c01,1,days_0_100,CUM-C0101
cumulative,633,c01,1,days_0_100,CUM-C0101
cumulative,637,c01,1,days_0_100,CUM-C0101
cumulative,659,c01,1,days_0_100,CUM-C0101
cumulative,660,c01,1,days_0_100,CUM-C0101
cumulative,662,c01,1,days_0_100,CUM-C0101
cumulative,669,c01,1,days_0_100,CUM-C0101
cumulative,671,c01,1,days_0_100,CUM-C0101
cumulative,678,c01,1,days_0_100,CUM-C0101
cumulative,687,c01,1,days_0_100,CUM-C0101
cumulative,692,c01,1,days_0_100,CUM-C0101
cumulative,695,c01,1,days_0_100,CUM-C0101
cumulative,696,c01,1,days_0_100,CUM-C0101
cumulative,701,c01,1,days_0_100,CUM-C0101
cumulative,703,c01,1,days_0_100,CUM-C0101
cumulative,712,c01,1,days_0_100,CUM-C0101
cumulative,714,c01,1,days_0_100,CUM-C0101
cumulative,741,c01,1,days_0_100,CUM-C0101
cumulative,742,c01,1,days_0_100,CUM-C0101
cumulative,746,c01,1,days_0_100,CUM-C0101
cumulative,752,c01,1,days_0_100,CUM-C0101
cumulative,769,c01,1,days_0_100,CUM-C0101
cumulative,771,c01,1,days_0_100,CUM-C0101
cumulative,772,c01,1,days_0_100,CUM-C0101
cumulative,775,c01,1,days_0_100,CUM-C0101
cumulative,776,c01,1,days_0_100,CUM-C0101
cumulative,784,c01,1,days_0_100,CUM-C0101
cumulative,787,c01,1,days_0_100,CUM-C0101
cumulative,798,c01,1,days_0_100,CUM-C0101
cumulative,801,c01,1,days_0_100,CUM-C0101
cumulative,802,c01,1,days_0_100,CUM-C0101
cumulative,807,c01,1,days_0_100,CUM-C0101
cumulative,830,c01,1,days_0_100,CUM-C0101
cumulative,833,c01,1,days_0_100,CUM-C0101
cumulative,834,c01,1,days_0_100,CUM-C0101
cumulative,835,c01,1,days_0_100,CUM-C0101
cumulative,841,c01,1,days_0_100,CUM-C0101
cumulative,852,c01,1,days_0_100,CUM-C0101
cumulative,863,c01,1,days_0_100,CUM-C0101
cumulative,865,c01,1,days_0_100,CUM-C0101
cumulative,875,c01,1,days_0_100,CUM-C0101
cumulative,882,c01,1,days_0_100,CUM-C0101
cumulative,890,c01,1,days_0_100,CUM-C0101
cumulative,900,c01,1,days_0_100,CUM-C0101
cumulative,901,c01,1,days_0_100,CUM-C0101
cumulative,910,c01,1,days_0_100,CUM-C0101
cumulative,923,c01,1,days_0_100,CUM-C0101
cumulative,930,c01,1,days_0_100,CUM-C0101
cumulative,934,c01,1,days_0_100,CUM-C0101
cumulative,935,c01,1,days_0_100,CUM-C0101
cumulative,938,c01,1,days_0_100,CUM-C0101
cumulative,940,c01,1,days_0_100,CUM-C0101
cumulative,975,c01,1,days_0_100,CUM-C0101
cumulative,993,c01,1,days_0_100,CUM-C0101
cumulative,9,c02,1,days_0_100,CUM-C0104
cumulative,23,c02,1,days_0_100,CUM-C0104
cumulative,30,c02,1,days_0_100,CUM-C0104
cumulative,45,c02,1,days_0_100,CUM-C0104
cumulative,52,c02,1,days_0_100,CUM-C0104
cumulative,66,c02,1,days_0_100,CUM-C0104
cumulative,74,c02,1,days_0_100,CUM-C0104
cumulative,77,c02,1,days_0_100,CUM-C0104
cumulative,104,c02,1,days_0_100,CUM-C0104
cumulative,110,c02,1,days_0_100,CUM-C0104
cumulative,111,c02,1,days_0_100,CUM-C0104
cumulative,112,c02,1,days_0_100,CUM-C0104
cumulative,126,c02,1,days_0_100,CUM-C0104
cumulative,133,c02,1,days_0_100,CUM-C0104
cumulative,161,c02,1,days_0_100,CUM-C0104
cumulative,166,c02,1,days_0_100,CUM-C0104
cumulative,168,c02,1,days_0_100,CUM-C0104
cumulative,186,c02,1,days_0_100,CUM-C0104
cumulative,209,c02,1,days_0_100,CUM-C0104
cumulative,219,c02,1,days_0_100,CUM-C0104
cumulative,227,c02,1,days_0_100,CUM-C0104
cumulative,232,c02,1,days_0_100,CUM-C0104
cumulative,240,c02,1,days_0_100,CUM-C0104
cumulative,256,c02,1,days_0_100,CUM-C0104
cumulative,260,c02,1,days_0_100,CUM-C0104
cumulative,267,c02,1,days_0_100,CUM-C0104
cumulative,276,c02,1,days_0_100,CUM-C0104
cumulative,294,c02,1,days_0_100,CUM-C0104
cumulative,305,c02,1,days_0_100,CUM-C0104
cumulative,313,c02,1,days_0_100,CUM-C0104
cumulative,332,c02,1,days_0_100,CUM-C0104
cumulative,356,c02,1,days_0_100,CUM-C0104
cumulative,392,c02,1,days_0_100,CUM-C0104
cumulative,416,c02,1,days_0_100,CUM-C0104
cumulative,435,c02,1,days_0_100,CUM-C0104
cumulative,439,c02,1,days_0_100,CUM-C0104
cumulative,447,c02,1,days_0_100,CUM-C0104
cumulative,448,c02,1,days_0_100,CUM-C0104
cumulative,459,c02,1,days_0_100,CUM-C0104
cumulative,472,c02,1,days_0_100,CUM-C0104
cumulative,475,c02,1,days_0_100,CUM-C0104
cumulative,478,c02,1,days_0_100,CUM-C0104
cumulative,479,c02,1,days_0_100,CUM-C0104
cumulative,500,c02,1,days_0_100,CUM-C0104
cumulative,517,c02,1,days_0_100,CUM-C0104
cumulative,539,c02,1,days_0_100,CUM-C0104
cumulative,556,c02,1,days_0_100,CUM-C0104
cumulative,557,c02,1,days_0_100,CUM-C0104
cumulative,564,c02,1,days_0_100,CUM-C0104
cumulative,573,c02,1,days_0_100,CUM-C0104
cumulative,574,c02,1,days_0_100,CUM-C0104
cumulative,575,c02,1,days_0_100,CUM-C0104
cumulative,586,c02,1,days_0_100,CUM-C0104
cumulative,602,c02,1,days_0_100,CUM-C0104
cumulative,648,c02,1,days_0_100,CUM-C0104
cumulative,655,c02,1,days_0_100,CUM-C0104
cumulative,674,c02,1,days_0_100,CUM-C0104
cumulative,694,c02,1,days_0_100,CUM-C0104
cumulative,699,c02,1,days_0_100,CUM-C0104
cumulative,743,c02,1,days_0_100,CUM-C0104
cumulative,759,c02,1,days_0_100,CUM-C0104
cumulative,762,c02,1,days_0_100,CUM-C0104
cumulative,765,c02,1,days_0_100,CUM-C0104
cumulative,782,c02,1,days_0_100,CUM-C0104
cumulative,803,c02,1,days_0_100,CUM-C0104
cumulative,845,c02,1,days_0_100,CUM-C0104
cumulative,859,c02,1,days_0_100,CUM-C0104
cumulative,868,c02,1,days_0_100,CUM-C0104
cumulative,869,c02,1,days_0_100,CUM-C0104
cumulative,885,c02,1,days_0_100,CUM-C0104
cumulative,889,c02,1,days_0_100,CUM-C0104
cumulative,912,c02,1,days_0_100,CUM-C0104
cumulative,944,c02,1,days_0_100,CUM-C0104
cumulative,948,c02,1,days_0_100,CUM-C0104
cumulative,984,c02,1,days_0_100,CUM-C0104
cumulative,986,c02,1,days_0_100,CUM-C0104
cumulative,0,c03,1,days_0_100,CUM-C0103
cumulative,6,c03,1,days_0_100,CUM-C0103
cumulative,19,c03,1,days_0_100,CUM-C0103
cumulative,59,c03,1,days_0_100,CUM-C0103
cumulative,61,c03,1,days_0_100,CUM-C0103
cumulative,78,c03,1,days_0_100,CUM-C0103
cumulative,101,c03,1,days_0_100,CUM-C0103
cumulative,114,c03,1,days_0_100,CUM-C0103
cumulative,118,c03,1,days_0_100,CUM-C0103
cumulative,127,c03,1,days_0_100,CUM-C0103
cumulative,145,c03,1,days_0_100,CUM-C0103
cumulative,149,c03,1,days_0_100,CUM-C0103
cumulative,158,c03,1,days_0_100,CUM-C0103
cumulative,175,c03,1,days_0_100,CUM-C0103
cumulative,184,c03,1,days_0_100,CUM-C0103
cumulative,189,c03,1,days_0_100,CUM-C0103
cumulative,228,c03,1,days_0_100,CUM-C0103
cumulative,243,c03,1,days_0_100,CUM-C0103
cumulative,246,c03,1,days_0_100,CUM-C0103
cumulative,249,c03,1,days_0_100,CUM-C0103
cumulative,259,c03,1,days_0_100,CUM-C0103
cumulative,275,c03,1,days_0_100,CUM-C0103
cumulative,281,c03,1,days_0_100,CUM-C0103
cumulative,293,c03,1,days_0_100,CUM-C0103
cumulative,295,c03,1,days_0_100,CUM-C0103
cumulative,333,c03,1,days_0_100,CUM-C0103
cumulative,339,c03,1,days_0_100,CUM-C0103
cumulative,365,c03,1,days_0_100,CUM-C0103
cumulative,377,c03,1,days_0_100,CUM-C0103
cumulative,393,c03,1,days_0_100,CUM-C0103
cumulative,407,c03,1,days_0_100,CUM-C0103
cumulative,409,c03,1,days_0_100,CUM-C0103
cumulative,410,c03,1,days_0_100,CUM-C0103
cumulative,423,c03,1,days_0_100,CUM-C0103
cumulative,426,c03,1,days_0_100,CUM-C0103
cumulative,436,c03,1,days_0_100,CUM-C0103
cumulative,446,c03,1,days_0_100,CUM-C0103
cumulative,457,c03,1,days_0_100,CUM-C0103
cumulative,464,c03,1,days_0_100,CUM-C0103
cumulative,470,c03,1,days_0_100,CUM-C0103
cumulative,482,c03,1,days_0_100,CUM-C0103
cumulative,502,c03,1,days_0_100,CUM-C0103
cumulative,522,c03,1,days_0_100,CUM-C0103
cumulative,538,c03,1,days_0_100,CUM-C0103
cumulative,569,c03,1,days_0_100,CUM-C0103
cumulative,593,c03,1,days_0_100,CUM-C0103
cumulative,597,c03,1,days_0_100,CUM-C0103
cumulative,599,c03,1,days_0_100,CUM-C0103
cumulative,605,c03,1,days_0_100,CUM-C0103
cumulative,606,c03,1,days_0_100,CUM-C0103
cumulative,652,c03,1,days_0_100,CUM-C0103
cumulative,681,c03,1,days_0_100,CUM-C0103
cumulative,693,c03,1,days_0_100,CUM-C0103
cumulative,708,c03,1,days_0_100,CUM-C0103
cumulative,710,c03,1,days_0_100,CUM-C0103
cumulative,711,c03,1,days_0_100,CUM-C0103
cumulative,716,c03,1,days_0_100,CUM-C0103
cumulative,718,c03,1,days_0_100,CUM-C0103
cumulative,724,c03,1,days_0_100,CUM-C0103
cumulative,729,c03,1,days_0_100,CUM-C0103
cumulative,732,c03,1,days_0_100,CUM-C0103
cumulative,737,c03,1,days_0_100,CUM-C0103
cumulative,749,c03,1,days_0_100,CUM-C0103
cumulative,754,c03,1,days_0_100,CUM-C0103
cumulative,767,c03,1,days_0_100,CUM-C0103
cumulative,777,c03,1,days_0_100,CUM-C0103
cumulative,779,c03,1,days_0_100,CUM-C0103
cumulative,789,c03,1,days_0_100,CUM-C0103
cumulative,793,c03,1,days_0_100,CUM-C0103
cumulative,816,c03,1,days_0_100,CUM-C0103
cumulative,843,c03,1,days_0_100,CUM-C0103
cumulative,849,c03,1,days_0_100,CUM-C0103
cumulative,862,c03,1,days_0_100,CUM-C0103
cumulative,866,c03,1,days_0_100,CUM-C0103
cumulative,876,c03,1,days_0_100,CUM-C0103
cumulative,883,c03,1,days_0_100,CUM-C0103
cumulative,884,c03,1,days_0_100,CUM-C0103
cumulative,904,c03,1,days_0_100,CUM-C0103
cumulative,905,c03,1,days_0_100,CUM-C0103
cumulative,907,c03,1,days_0_100,CUM-C0103
cumulative,976,c03,1,days_0_100,CUM-C0103
cumulative,980,c03,1,days_0_100,CUM-C0103
cumulative,991,c03,1,days_0_100,CUM-C0103
cumulative,1,c04,1,days_0_100,CUM-C0105
cumulative,38,c04,1,days_0_100,CUM-C0105
cumulative,42,c04,1,days_0_100,CUM-C0105
cumulative,46,c04,1,days_0_100,CUM-C0105
cumulative,50,c04,1,days_0_100,CUM-C0105
cumulative,64,c04,1,days_0_100,CUM-C0105
cumulative,69,c04,1,days_0_100,CUM-C0105
cumulative,84,c04,1,days_0_100,CUM-C0105
cumulative,96,c04,1,days_0_100,CUM-C0105
cumulative,102,c04,1,days_0_100,CUM-C0105
cumulative,103,c04,1,days_0_100,CUM-C0105
cumulative,106,c04,1,days_0_100,CUM-C0105
cumulative,125,c04,1,days_0_100,CUM-C0105
cumulative,139,c04,1,days_0_100,CUM-C0105
cumulative,154,c04,1,days_0_100,CUM-C0105
cumulative,164,c04,1,days_0_100,CUM-C0105
cumulative,174,c04,1,days_0_100,CUM-C0105
cumulative,206,c04,1,days_0_100,CUM-C0105
cumulative,223,c04,1,days_0_100,CUM-C0105
cumulative,299,c04,1,days_0_100,CUM-C0105
cumulative,303,c04,1,days_0_100,CUM-C0105
cumulative,309,c04,1,days_0_100,CUM-C0105
cumulative,310,c04,1,days_0_100,CUM-C0105
cumulative,320,c04,1,days_0_100,CUM-C0105
cumulative,322,c04,1,days_0_100,CUM-C0105
cumulative,323,c04,1,days_0_100,CUM-C0105
cumulative,324,c04,1,days_0_100,CUM-C0105
cumulative,337,c04,1,days_0_100,CUM-C0105
cumulative,343,c04,1,days_0_100,CUM-C0105
cumulative,346,c04,1,days_0_100,CUM-C0105
cumulative,368,c04,1,days_0_100,CUM-C0105
cumulative,378,c04,1,days_0_100,CUM-C0105
cumulative,388,c04,1,days_0_100,CUM-C0105
cumulative,395,c04,1,days_0_100,CUM-C0105
cumulative,399,c04,1,days_0_100,CUM-C0105
cumulative,402,c04,1,days_0_100,CUM-C0105
cumulative,420,c04,1,days_0_100,CUM-C0105
cumulative,460,c04,1,days_0_100,CUM-C0105
cumulative,474,c04,1,days_0_100,CUM-C0105
cumulative,477,c04,1,days_0_100,CUM-C0105
cumulative,487,c04,1,days_0_100,CUM-C0105
cumulative,489,c04,1,days_0_100,CUM-C0105
cumulative,501,c04,1,days_0_100,CUM-C0105
cumulative,505,c04,1,days_0_100,CUM-C0105
cumulative,509,c04,1,days_0_100,CUM-C0105
cumulative,510,c04,1,days_0_100,CUM-C0105
cumulative,514,c04,1,days_0_100,CUM-C0105
cumulative,524,c04,1,days_0_100,CUM-C0105
cumulative,534,c04,1,days_0_100,CUM-C0105
cumulative,548,c04,1,days_0_100,CUM-C0105
cumulative,559,c04,1,days_0_100,CUM-C0105
cumulative,562,c04,1,days_0_100,CUM-C0105
cumulative,603,c04,1,days_0_100,CUM-C0105
cumulative,622,c04,1,days_0_100,CUM-C0105
cumulative,634,c04,1,days_0_100,CUM-C0105
cumulative,638,c04,1,days_0_100,CUM-C0105
cumulative,649,c04,1,days_0_100,CUM-C0105
cumulative,663,c04,1,days_0_100,CUM-C0105
cumulative,676,c04,1,days_0_100,CUM-C0105
cumulative,706,c04,1,days_0_100,CUM-C0105
cumulative,735,c04,1,days_0_100,CUM-C0105
cumulative,740,c04,1,days_0_100,CUM-C0105
cumulative,780,c04,1,days_0_100,CUM-C0105
cumulative,788,c04,1,days_0_100,CUM-C0105
cumulative,822,c04,1,days_0_100,CUM-C0105
cumulative,828,c04,1,days_0_100,CUM-C0105
cumulative,832,c04,1,days_0_100,CUM-C0105
cumulative,853,c04,1,days_0_100,CUM-C0105
cumulative,879,c04,1,days_0_100,CUM-C0105
cumulative,893,c04,1,days_0_100,CUM-C0105
cumulative,939,c04,1,days_0_100,CUM-C0105
cumulative,950,c04,1,days_0_100,CUM-C0105
cumulative,2,c05,1,days_0_100,CUM-C0102
cumulative,7,c05,1,days_0_100,CUM-C0102
cumulative,10,c05,1,days_0_100,CUM-C0102
cumulative,13,c05,1,days_0_100,CUM-C0102
cumulative,14,c05,1,days_0_100,CUM-C0102
cumulative,16,c05,1,days_0_100,CUM-C0102
cumulative,29,c05,1,days_0_100,CUM-C0102
cumulative,32,c05,1,days_0_100,CUM-C0102
cumulative,90,c05,1,days_0_100,CUM-C0102
cumulative,105,c05,1,days_0_100,CUM-C0102
cumulative,119,c05,1,days_0_100,CUM-C0102
cumulative,131,c05,1,days_0_100,CUM-C0102
cumulative,132,c05,1,days_0_100,CUM-C0102
cumulative,138,c05,1,days_0_100,CUM-C0102
cumulative,153,c05,1,days_0_100,CUM-C0102
cumulative,173,c05,1,days_0_100,CUM-C0102
cumulative,180,c05,1,days_0_100,CUM-C0102
cumulative,192,c05,1,days_0_100,CUM-C0102
cumulative,196,c05,1,days_0_100,CUM-C0102
cumulative,199,c05,1,days_0_100,CUM-C0102
cumulative,208,c05,1,days_0_100,CUM-C0102
cumulative,215,c05,1,days_0_100,CUM-C0102
cumulative,217,c05,1,days_0_100,CUM-C0102
cumulative,226,c05,1,days_0_100,CUM-C0102
cumulative,236,c05,1,days_0_100,CUM-C0102
cumulative,252,c05,1,days_0_100,CUM-C0102
cumulative,270,c05,1,days_0_100,CUM-C0102
cumulative,273,c05,1,days_0_100,CUM-C0102
cumulative,283,c05,1,days_0_100,CUM-C0102
cumulative,327,c05,1,days_0_100,CUM-C0102
cumulative,331,c05,1,days_0_100,CUM-C0102
cumulative,335,c05,1,days_0_100,CUM-C0102
cumulative,359,c05,1,days_0_100,CUM-C0102
cumulative,381,c05,1,days_0_100,CUM-C0102
cumulative,382,c05,1,days_0_100,CUM-C0102
cumulative,385,c05,1,days_0_100,CUM-C0102
cumulative,396,c05,1,days_0_100,CUM-C0102
cumulative,411,c05,1,days_0_100,CUM-C0102
cumulative,418,c05,1,days_0_100,CUM-C0102
cumulative,437,c05,1,days_0_100,CUM-C0102
cumulative,440,c05,1,days_0_100,CUM-C0102
cumulative,442,c05,1,days_0_100,CUM-C0102
cumulative,461,c05,1,days_0_100,CUM-C0102
cumulative,465,c05,1,days_0_100,CUM-C0102
cumulative,467,c05,1,days_0_100,CUM-C0102
cumulative,497,c05,1,days_0_100,CUM-C0102
cumulative,506,c05,1,days_0_100,CUM-C0102
cumulative,508,c05,1,days_0_100,CUM-C0102
cumulative,516,c05,1,days_0_100,CUM-C0102
cumulative,519,c05,1,days_0_100,CUM-C0102
cumulative,532,c05,1,days_0_100,CUM-C0102
cumulative,537,c05,1,days_0_100,CUM-C0102
cumulative,541,c05,1,days_0_100,CUM-C0102
cumulative,576,c05,1,days_0_100,CUM-C0102
cumulative,613,c05,1,days_0_100,CUM-C0102
cumulative,616,c05,1,days_0_100,CUM-C0102
cumulative,639,c05,1,days_0_100,CUM-C0102
cumulative,644,c05,1,days_0_100,CUM-C0102
cumulative,650,c05,1,days_0_100,CUM-C0102
cumulative,653,c05,1,days_0_100,CUM-C0102
cumulative,654,c05,1,days_0_100,CUM-C0102
cumulative,657,c05,1,days_0_100,CUM-C0102
cumulative,661,c05,1,days_0_100,CUM-C0102
cumulative,664,c05,1,days_0_100,CUM-C0102
cumulative,682,c05,1,days_0_100,CUM-C0102
cumulative,690,c05,1,days_0_100,CUM-C0102
cumulative,700,c05,1,days_0_100,CUM-C0102
cumulative,702,c05,1,days_0_100,CUM-C0102
cumulative,705,c05,1,days_0_100,CUM-C0102
cumulative,719,c05,1,days_0_100,CUM-C0102
cumulative,727,c05,1,days_0_100,CUM-C0102
cumulative,738,c05,1,days_0_100,CUM-C0102
cumulative,745,c05,1,days_0_100,CUM-C0102
cumulative,747,c05,1,days_0_100,CUM-C0102
cumulative,761,c05,1,days_0_100,CUM-C0102
cumulative,763,c05,1,days_0_100,CUM-C0102
cumulative,783,c05,1,days_0_100,CUM-C0102
cumulative,790,c05,1,days_0_100,CUM-C0102
cumulative,791,c05,1,days_0_100,CUM-C0102
cumulative,796,c05,1,days_0_100,CUM-C0102
cumulative,804,c05,1,days_0_100,CUM-C0102
cumulative,812,c05,1,days_0_100,CUM-C0102
cumulative,814,c05,1,days_0_100,CUM-C0102
cumulative,815,c05,1,days_0_100,CUM-C0102
cumulative,820,c05,1,days_0_100,CUM-C0102
cumulative,829,c05,1,days_0_100,CUM-C0102
cumulative,837,c05,1,days_0_100,CUM-C0102
cumulative,842,c05,1,days_0_100,CUM-C0102
cumulative,850,c05,1,days_0_100,CUM-C0102
cumulative,867,c05,1,days_0_100,CUM-C0102
cumulative,881,c05,1,days_0_100,CUM-C0102
cumulative,897,c05,1,days_0_100,CUM-C0102
cumulative,911,c05,1,days_0_100,CUM-C0102
cumulative,921,c05,1,days_0_100,CUM-C0102
cumulative,924,c05,1,days_0_100,CUM-C0102
cumulative,945,c05,1,days_0_100,CUM-C0102
cumulative,951,c05,1,days_0_100,CUM-C0102
cumulative,958,c05,1,days_0_100,CUM-C0102
cumulative,967,c05,1,days_0_100,CUM-C0102
cumulative,969,c05,1,days_0_100,CUM-C0102
cumulative,970,c05,1,days_0_100,CUM-C0102
cumulative,977,c05,1,days_0_100,CUM-C0102
cumulative,979,c05,1,days_0_100,CUM-C0102
cumulative,983,c05,1,days_0_100,CUM-C0102
cumulative,985,c05,1,days_0_100,CUM-C0102
cumulative,996,c05,1,days_0_100,CUM-C0102
cumulative,1001,c05,1,days_0_100,CUM-C0102
cumulative,1004,c05,1,days_0_100,CUM-C0102
cumulative,24,c06,1,days_0_100,CUM-C0111
cumulative,87,c06,1,days_0_100,CUM-C0111
cumulative,148,c06,1,days_0_100,CUM-C0111
cumulative,160,c06,1,days_0_100,CUM-C0111
cumulative,181,c06,1,days_0_100,CUM-C0111
cumulative,190,c06,1,days_0_100,CUM-C0111
cumulative,202,c06,1,days_0_100,CUM-C0111
cumulative,274,c06,1,days_0_100,CUM-C0111
cumulative,280,c06,1,days_0_100,CUM-C0111
cumulative,353,c06,1,days_0_100,CUM-C0111
cumulative,360,c06,1,days_0_100,CUM-C0111
cumulative,391,c06,1,days_0_100,CUM-C0111
cumulative,408,c06,1,days_0_100,CUM-C0111
cumulative,414,c06,1,days_0_100,CUM-C0111
cumulative,493,c06,1,days_0_100,CUM-C0111
cumulative,526,c06,1,days_0_100,CUM-C0111
cumulative,530,c06,1,days_0_100,CUM-C0111
cumulative,561,c06,1,days_0_100,CUM-C0111
cumulative,629,c06,1,days_0_100,CUM-C0111
cumulative,630,c06,1,days_0_100,CUM-C0111
cumulative,631,c06,1,days_0_100,CUM-C0111
cumulative,643,c06,1,days_0_100,CUM-C0111
cumulative,656,c06,1,days_0_100,CUM-C0111
cumulative,658,c06,1,days_0_100,CUM-C0111
cumulative,685,c06,1,days_0_100,CUM-C0111
cumulative,846,c06,1,days_0_100,CUM-C0111
cumulative,891,c06,1,days_0_100,CUM-C0111
cumulative,894,c06,1,days_0_100,CUM-C0111
cumulative,920,c06,1,days_0_100,CUM-C0111
cumulative,28,c08,1,days_0_100,CUM-C0107
cumulative,34,c08,1,days_0_100,CUM-C0107
cumulative,56,c08,1,days_0_100,CUM-C0107
cumulative,68,c08,1,days_0_100,CUM-C0107
cumulative,95,c08,1,days_0_100,CUM-C0107
cumulative,170,c08,1,days_0_100,CUM-C0107
cumulative,176,c08,1,days_0_100,CUM-C0107
cumulative,179,c08,1,days_0_100,CUM-C0107
cumulative,231,c08,1,days_0_100,CUM-C0107
cumulative,245,c08,1,days_0_100,CUM-C0107
cumulative,251,c08,1,days_0_100,CUM-C0107
cumulative,264,c08,1,days_0_100,CUM-C0107
cumulative,269,c08,1,days_0_100,CUM-C0107
cumulative,311,c08,1,days_0_100,CUM-C0107
cumulative,329,c08,1,days_0_100,CUM-C0107
cumulative,338,c08,1,days_0_100,CUM-C0107
cumulative,350,c08,1,days_0_100,CUM-C0107
cumulative,361,c08,1,days_0_100,CUM-C0107
cumulative,364,c08,1,days_0_100,CUM-C0107
cumulative,375,c08,1,days_0_100,CUM-C0107
cumulative,427,c08,1,days_0_100,CUM-C0107
cumulative,432,c08,1,days_0_100,CUM-C0107
cumulative,433,c08,1,days_0_100,CUM-C0107
cumulative,511,c08,1,days_0_100,CUM-C0107
cumulative,531,c08,1,days_0_100,CUM-C0107
cumulative,540,c08,1,days_0_100,CUM-C0107
cumulative,582,c08,1,days_0_100,CUM-C0107
cumulative,588,c08,1,days_0_100,CUM-C0107
cumulative,624,c08,1,days_0_100,CUM-C0107
cumulative,641,c08,1,days_0_100,CUM-C0107
cumulative,697,c08,1,days_0_100,CUM-C0107
cumulative,698,c08,1,days_0_100,CUM-C0107
cumulative,734,c08,1,days_0_100,CUM-C0107
cumulative,736,c08,1,days_0_100,CUM-C0107
cumulative,764,c08,1,days_0_100,CUM-C0107
cumulative,773,c08,1,days_0_100,CUM-C0107
cumulative,809,c08,1,days_0_100,CUM-C0107
cumulative,819,c08,1,days_0_100,CUM-C0107
cumulative,836,c08,1,days_0_100,CUM-C0107
cumulative,840,c08,1,days_0_100,CUM-C0107
cumulative,855,c08,1,days_0_100,CUM-C0107
cumulative,872,c08,1,days_0_100,CUM-C0107
cumulative,873,c08,1,days_0_100,CUM-C0107
cumulative,887,c08,1,days_0_100,CUM-C0107
cumulative,925,c08,1,days_0_100,CUM-C0107
cumulative,955,c08,1,days_0_100,CUM-C0107
cumulative,960,c08,1,days_0_100,CUM-C0107
cumulative,987,c08,1,days_0_100,CUM-C0107
cumulative,994,c08,1,days_0_100,CUM-C0107
cumulative,995,c08,1,days_0_100,CUM-C0107
cumulative,997,c08,1,days_0_100,CUM-C0107
cumulative,25,c09,1,days_0_100,CUM-C0112
cumulative,41,c09,1,days_0_100,CUM-C0112
cumulative,44,c09,1,days_0_100,CUM-C0112
cumulative,48,c09,1,days_0_100,CUM-C0112
cumulative,73,c09,1,days_0_100,CUM-C0112
cumulative,216,c09,1,days_0_100,CUM-C0112
cumulative,318,c09,1,days_0_100,CUM-C0112
cumulative,319,c09,1,days_0_100,CUM-C0112
cumulative,321,c09,1,days_0_100,CUM-C0112
cumulative,366,c09,1,days_0_100,CUM-C0112
cumulative,386,c09,1,days_0_100,CUM-C0112
cumulative,434,c09,1,days_0_100,CUM-C0112
cumulative,458,c09,1,days_0_100,CUM-C0112
cumulative,481,c09,1,days_0_100,CUM-C0112
cumulative,499,c09,1,days_0_100,CUM-C0112
cumulative,558,c09,1,days_0_100,CUM-C0112
cumulative,565,c09,1,days_0_100,CUM-C0112
cumulative,618,c09,1,days_0_100,CUM-C0112
cumulative,672,c09,1,days_0_100,CUM-C0112
cumulative,679,c09,1,days_0_100,CUM-C0112
cumulative,684,c09,1,days_0_100,CUM-C0112
cumulative,704,c09,1,days_0_100,CUM-C0112
cumulative,723,c09,1,days_0_100,CUM-C0112
cumulative,753,c09,1,days_0_100,CUM-C0112
cumulative,758,c09,1,days_0_100,CUM-C0112
cumulative,844,c09,1,days_0_100,CUM-C0112
cumulative,918,c09,1,days_0_100,CUM-C0112
cumulative,956,c09,1,days_0_100,CUM-C0112
cumulative,1002,c09,1,days_0_100,CUM-C0112
cumulative,8,c01,2,days_0_150,CUM-C0201
cumulative,11,c01,2,days_0_150,CUM-C0201
cumulative,26,c01,2,days_0_150,CUM-C0201
cumulative,27,c01,2,days_0_150,CUM-C0201
cumulative,34,c01,2,days_0_150,CUM-C0201
cumulative,36,c01,2,days_0_150,CUM-C0201
cumulative,39,c01,2,days_0_150,CUM-C0201
cumulative,40,c01,2,days_0_150,CUM-C0201
cumulative,49,c01,2,days_0_150,CUM-C0201
cumulative,53,c01,2,days_0_150,CUM-C0201
cumulative,60,c01,2,days_0_150,CUM-C0201
cumulative,65,c01,2,days_0_150,CUM-C0201
cumulative,75,c01,2,days_0_150,CUM-C0201
cumulative,76,c01,2,days_0_150,CUM-C0201
cumulative,79,c01,2,days_0_150,CUM-C0201
cumulative,83,c01,2,days_0_150,CUM-C0201
cumulative,86,c01,2,days_0_150,CUM-C0201
cumulative,90,c01,2,days_0_150,CUM-C0201
cumulative,91,c01,2,days_0_150,CUM-C0201
cumulative,115,c01,2,days_0_150,CUM-C0201
cumulative,116,c01,2,days_0_150,CUM-C0201
cumulative,120,c01,2,days_0_150,CUM-C0201
cumulative,137,c01,2,days_0_150,CUM-C0201
cumulative,143,c01,2,days_0_150,CUM-C0201
cumulative,144,c01,2,days_0_150,CUM-C0201
cumulative,146,c01,2,days_0_150,CUM-C0201
cumulative,147,c01,2,days_0_150,CUM-C0201
cumulative,151,c01,2,days_0_150,CUM-C0201
cumulative,152,c01,2,days_0_150,CUM-C0201
cumulative,157,c01,2,days_0_150,CUM-C0201
cumulative,159,c01,2,days_0_150,CUM-C0201
cumulative,161,c01,2,days_0_150,CUM-C0201
cumulative,171,c01,2,days_0_150,CUM-C0201
cumulative,185,c01,2,days_0_150,CUM-C0201
cumulative,187,c01,2,days_0_150,CUM-C0201
cumulative,193,c01,2,days_0_150,CUM-C0201
cumulative,194,c01,2,days_0_150,CUM-C0201
cumulative,197,c01,2,days_0_150,CUM-C0201
cumulative,198,c01,2,days_0_150,CUM-C0201
cumulative,203,c01,2,days_0_150,CUM-C0201
cumulative,212,c01,2,days_0_150,CUM-C0201
cumulative,214,c01,2,days_0_150,CUM-C0201
cumulative,218,c01,2,days_0_150,CUM-C0201
cumulative,220,c01,2,days_0_150,CUM-C0201
cumulative,221,c01,2,days_0_150,CUM-C0201
cumulative,229,c01,2,days_0_150,CUM-C0201
cumulative,230,c01,2,days_0_150,CUM-C0201
cumulative,233,c01,2,days_0_150,CUM-C0201
cumulative,235,c01,2,days_0_150,CUM-C0201
cumulative,239,c01,2,days_0_150,CUM-C0201
cumulative,242,c01,2,days_0_150,CUM-C0201
cumulative,244,c01,2,days_0_150,CUM-C0201
cumulative,248,c01,2,days_0_150,CUM-C0201
cumulative,253,c01,2,days_0_150,CUM-C0201
cumulative,254,c01,2,days_0_150,CUM-C0201
cumulative,255,c01,2,days_0_150,CUM-C0201
cumulative,257,c01,2,days_0_150,CUM-C0201
cumulative,272,c01,2,days_0_150,CUM-C0201
cumulative,277,c01,2,days_0_150,CUM-C0201
cumulative,283,c01,2,days_0_150,CUM-C0201
cumulative,285,c01,2,days_0_150,CUM-C0201
cumulative,290,c01,2,days_0_150,CUM-C0201
cumulative,306,c01,2,days_0_150,CUM-C0201
cumulative,307,c01,2,days_0_150,CUM-C0201
cumulative,308,c01,2,days_0_150,CUM-C0201
cumulative,317,c01,2,days_0_150,CUM-C0201
cumulative,326,c01,2,days_0_150,CUM-C0201
cumulative,330,c01,2,days_0_150,CUM-C0201
cumulative,334,c01,2,days_0_150,CUM-C0201
cumulative,347,c01,2,days_0_150,CUM-C0201
cumulative,352,c01,2,days_0_150,CUM-C0201
cumulative,355,c01,2,days_0_150,CUM-C0201
cumulative,379,c01,2,days_0_150,CUM-C0201
cumulative,380,c01,2,days_0_150,CUM-C0201
cumulative,394,c01,2,days_0_150,CUM-C0201
cumulative,397,c01,2,days_0_150,CUM-C0201
cumulative,398,c01,2,days_0_150,CUM-C0201
cumulative,400,c01,2,days_0_150,CUM-C0201
cumulative,413,c01,2,days_0_150,CUM-C0201
cumulative,430,c01,2,days_0_150,CUM-C0201
cumulative,443,c01,2,days_0_150,CUM-C0201
cumulative,450,c01,2,days_0_150,CUM-C0201
cumulative,462,c01,2,days_0_150,CUM-C0201
cumulative,466,c01,2,days_0_150,CUM-C0201
cumulative,471,c01,2,days_0_150,CUM-C0201
cumulative,476,c01,2,days_0_150,CUM-C0201
cumulative,483,c01,2,days_0_150,CUM-C0201
cumulative,488,c01,2,days_0_150,CUM-C0201
cumulative,492,c01,2,days_0_150,CUM-C0201
cumulative,495,c01,2,days_0_150,CUM-C0201
cumulative,533,c01,2,days_0_150,CUM-C0201
cumulative,544,c01,2,days_0_150,CUM-C0201
cumulative,546,c01,2,days_0_150,CUM-C0201
cumulative,550,c01,2,days_0_150,CUM-C0201
cumulative,554,c01,2,days_0_150,CUM-C0201
cumulative,566,c01,2,days_0_150,CUM-C0201
cumulative,568,c01,2,days_0_150,CUM-C0201
cumulative,571,c01,2,days_0_150,CUM-C0201
cumulative,572,c01,2,days_0_150,CUM-C0201
cumulative,577,c01,2,days_0_150,CUM-C0201
cumulative,578,c01,2,days_0_150,CUM-C0201
cumulative,580,c01,2,days_0_150,CUM-C0201
cumulative,590,c01,2,days_0_150,CUM-C0201
cumulative,591,c01,2,days_0_150,CUM-C0201
cumulative,596,c01,2,days_0_150,CUM-C0201
cumulative,607,c01,2,days_0_150,CUM-C0201
cumulative,609,c01,2,days_0_150,CUM-C0201
cumulative,612,c01,2,days_0_150,CUM-C0201
cumulative,613,c01,2,days_0_150,CUM-C0201
cumulative,619,c01,2,days_0_150,CUM-C0201
cumulative,623,c01,2,days_0_150,CUM-C0201
cumulative,626,c01,2,days_0_150,CUM-C0201
cumulative,627,c01,2,days_0_150,CUM-C0201
cumulative,633,c01,2,days_0_150,CUM-C0201
cumulative,640,c01,2,days_0_150,CUM-C0201
cumulative,659,c01,2,days_0_150,CUM-C0201
cumulative,660,c01,2,days_0_150,CUM-C0201
cumulative,662,c01,2,days_0_150,CUM-C0201
cumulative,665,c01,2,days_0_150,CUM-C0201
cumulative,669,c01,2,days_0_150,CUM-C0201
cumulative,671,c01,2,days_0_150,CUM-C0201
cumulative,673,c01,2,days_0_150,CUM-C0201
cumulative,678,c01,2,days_0_150,CUM-C0201
cumulative,686,c01,2,days_0_150,CUM-C0201
cumulative,687,c01,2,days_0_150,CUM-C0201
cumulative,692,c01,2,days_0_150,CUM-C0201
cumulative,695,c01,2,days_0_150,CUM-C0201
cumulative,696,c01,2,days_0_150,CUM-C0201
cumulative,703,c01,2,days_0_150,CUM-C0201
cumulative,712,c01,2,days_0_150,CUM-C0201
cumulative,714,c01,2,days_0_150,CUM-C0201
cumulative,715,c01,2,days_0_150,CUM-C0201
cumulative,739,c01,2,days_0_150,CUM-C0201
cumulative,742,c01,2,days_0_150,CUM-C0201
cumulative,746,c01,2,days_0_150,CUM-C0201
cumulative,748,c01,2,days_0_150,CUM-C0201
cumulative,752,c01,2,days_0_150,CUM-C0201
cumulative,763,c01,2,days_0_150,CUM-C0201
cumulative,769,c01,2,days_0_150,CUM-C0201
cumulative,771,c01,2,days_0_150,CUM-C0201
cumulative,772,c01,2,days_0_150,CUM-C0201
cumulative,775,c01,2,days_0_150,CUM-C0201
cumulative,776,c01,2,days_0_150,CUM-C0201
cumulative,784,c01,2,days_0_150,CUM-C0201
cumulative,787,c01,2,days_0_150,CUM-C0201
cumulative,798,c01,2,days_0_150,CUM-C0201
cumulative,802,c01,2,days_0_150,CUM-C0201
cumulative,807,c01,2,days_0_150,CUM-C0201
cumulative,830,c01,2,days_0_150,CUM-C0201
cumulative,833,c01,2,days_0_150,CUM-C0201
cumulative,834,c01,2,days_0_150,CUM-C0201
cumulative,835,c01,2,days_0_150,CUM-C0201
cumulative,841,c01,2,days_0_150,CUM-C0201
cumulative,852,c01,2,days_0_150,CUM-C0201
cumulative,863,c01,2,days_0_150,CUM-C0201
cumulative,865,c01,2,days_0_150,CUM-C0201
cumulative,875,c01,2,days_0_150,CUM-C0201
cumulative,877,c01,2,days_0_150,CUM-C0201
cumulative,882,c01,2,days_0_150,CUM-C0201
cumulative,890,c01,2,days_0_150,CUM-C0201
cumulative,900,c01,2,days_0_150,CUM-C0201
cumulative,901,c01,2,days_0_150,CUM-C0201
cumulative,910,c01,2,days_0_150,CUM-C0201
cumulative,923,c01,2,days_0_150,CUM-C0201
cumulative,926,c01,2,days_0_150,CUM-C0201
cumulative,930,c01,2,days_0_150,CUM-C0201
cumulative,931,c01,2,days_0_150,CUM-C0201
cumulative,933,c01,2,days_0_150,CUM-C0201
cumulative,935,c01,2,days_0_150,CUM-C0201
cumulative,938,c01,2,days_0_150,CUM-C0201
cumulative,940,c01,2,days_0_150,CUM-C0201
cumulative,960,c01,2,days_0_150,CUM-C0201
cumulative,966,c01,2,days_0_150,CUM-C0201
cumulative,972,c01,2,days_0_150,CUM-C0201
cumulative,975,c01,2,days_0_150,CUM-C0201
cumulative,993,c01,2,days_0_150,CUM-C0201
cumulative,997,c01,2,days_0_150,CUM-C0201
cumulative,9,c02,2,days_0_150,CUM-C0204
cumulative,23,c02,2,days_0_150,CUM-C0204
cumulative,30,c02,2,days_0_150,CUM-C0204
cumulative,45,c02,2,days_0_150,CUM-C0204
cumulative,52,c02,2,days_0_150,CUM-C0204
cumulative,66,c02,2,days_0_150,CUM-C0204
cumulative,74,c02,2,days_0_150,CUM-C0204
cumulative,77,c02,2,days_0_150,CUM-C0204
cumulative,104,c02,2,days_0_150,CUM-C0204
cumulative,110,c02,2,days_0_150,CUM-C0204
cumulative,111,c02,2,days_0_150,CUM-C0204
cumulative,112,c02,2,days_0_150,CUM-C0204
cumulative,126,c02,2,days_0_150,CUM-C0204
cumulative,133,c02,2,days_0_150,CUM-C0204
cumulative,166,c02,2,days_0_150,CUM-C0204
cumulative,168,c02,2,days_0_150,CUM-C0204
cumulative,186,c02,2,days_0_150,CUM-C0204
cumulative,209,c02,2,days_0_150,CUM-C0204
cumulative,219,c02,2,days_0_150,CUM-C0204
cumulative,227,c02,2,days_0_150,CUM-C0204
cumulative,232,c02,2,days_0_150,CUM-C0204
cumulative,240,c02,2,days_0_150,CUM-C0204
cumulative,256,c02,2,days_0_150,CUM-C0204
cumulative,260,c02,2,days_0_150,CUM-C0204
cumulative,266,c02,2,days_0_150,CUM-C0204
cumulative,267,c02,2,days_0_150,CUM-C0204
cumulative,276,c02,2,days_0_150,CUM-C0204
cumulative,294,c02,2,days_0_150,CUM-C0204
cumulative,305,c02,2,days_0_150,CUM-C0204
cumulative,313,c02,2,days_0_150,CUM-C0204
cumulative,332,c02,2,days_0_150,CUM-C0204
cumulative,356,c02,2,days_0_150,CUM-C0204
cumulative,392,c02,2,days_0_150,CUM-C0204
cumulative,416,c02,2,days_0_150,CUM-C0204
cumulative,435,c02,2,days_0_150,CUM-C0204
cumulative,439,c02,2,days_0_150,CUM-C0204
cumulative,447,c02,2,days_0_150,CUM-C0204
cumulative,448,c02,2,days_0_150,CUM-C0204
cumulative,459,c02,2,days_0_150,CUM-C0204
cumulative,472,c02,2,days_0_150,CUM-C0204
cumulative,475,c02,2,days_0_150,CUM-C0204
cumulative,478,c02,2,days_0_150,CUM-C0204
cumulative,479,c02,2,days_0_150,CUM-C0204
cumulative,500,c02,2,days_0_150,CUM-C0204
cumulative,517,c02,2,days_0_150,CUM-C0204
cumulative,523,c02,2,days_0_150,CUM-C0204
cumulative,539,c02,2,days_0_150,CUM-C0204
cumulative,556,c02,2,days_0_150,CUM-C0204
cumulative,557,c02,2,days_0_150,CUM-C0204
cumulative,564,c02,2,days_0_150,CUM-C0204
cumulative,573,c02,2,days_0_150,CUM-C0204
cumulative,574,c02,2,days_0_150,CUM-C0204
cumulative,575,c02,2,days_0_150,CUM-C0204
cumulative,586,c02,2,days_0_150,CUM-C0204
cumulative,602,c02,2,days_0_150,CUM-C0204
cumulative,648,c02,2,days_0_150,CUM-C0204
cumulative,655,c02,2,days_0_150,CUM-C0204
cumulative,674,c02,2,days_0_150,CUM-C0204
cumulative,694,c02,2,days_0_150,CUM-C0204
cumulative,699,c02,2,days_0_150,CUM-C0204
cumulative,743,c02,2,days_0_150,CUM-C0204
cumulative,759,c02,2,days_0_150,CUM-C0204
cumulative,762,c02,2,days_0_150,CUM-C0204
cumulative,765,c02,2,days_0_150,CUM-C0204
cumulative,782,c02,2,days_0_150,CUM-C0204
cumulative,803,c02,2,days_0_150,CUM-C0204
cumulative,845,c02,2,days_0_150,CUM-C0204
cumulative,859,c02,2,days_0_150,CUM-C0204
cumulative,868,c02,2,days_0_150,CUM-C0204
cumulative,869,c02,2,days_0_150,CUM-C0204
cumulative,885,c02,2,days_0_150,CUM-C0204
cumulative,889,c02,2,days_0_150,CUM-C0204
cumulative,908,c02,2,days_0_150,CUM-C0204
cumulative,912,c02,2,days_0_150,CUM-C0204
cumulative,944,c02,2,days_0_150,CUM-C0204
cumulative,949,c02,2,days_0_150,CUM-C0204
cumulative,984,c02,2,days_0_150,CUM-C0204
cumulative,986,c02,2,days_0_150,CUM-C0204
cumulative,0,c03,2,days_0_150,CUM-C0202
cumulative,6,c03,2,days_0_150,CUM-C0202
cumulative,16,c03,2,days_0_150,CUM-C0202
cumulative,18,c03,2,days_0_150,CUM-C0202
cumulative,19,c03,2,days_0_150,CUM-C0202
cumulative,32,c03,2,days_0_150,CUM-C0202
cumulative,59,c03,2,days_0_150,CUM-C0202
cumulative,61,c03,2,days_0_150,CUM-C0202
cumulative,71,c03,2,days_0_150,CUM-C0202
cumulative,78,c03,2,days_0_150,CUM-C0202
cumulative,101,c03,2,days_0_150,CUM-C0202
cumulative,114,c03,2,days_0_150,CUM-C0202
cumulative,127,c03,2,days_0_150,CUM-C0202
cumulative,145,c03,2,days_0_150,CUM-C0202
cumulative,149,c03,2,days_0_150,CUM-C0202
cumulative,158,c03,2,days_0_150,CUM-C0202
cumulative,169,c03,2,days_0_150,CUM-C0202
cumulative,178,c03,2,days_0_150,CUM-C0202
cumulative,184,c03,2,days_0_150,CUM-C0202
cumulative,189,c03,2,days_0_150,CUM-C0202
cumulative,195,c03,2,days_0_150,CUM-C0202
cumulative,225,c03,2,days_0_150,CUM-C0202
cumulative,228,c03,2,days_0_150,CUM-C0202
cumulative,237,c03,2,days_0_150,CUM-C0202
cumulative,243,c03,2,days_0_150,CUM-C0202
cumulative,246,c03,2,days_0_150,CUM-C0202
cumulative,249,c03,2,days_0_150,CUM-C0202
cumulative,259,c03,2,days_0_150,CUM-C0202
cumulative,265,c03,2,days_0_150,CUM-C0202
cumulative,281,c03,2,days_0_150,CUM-C0202
cumulative,293,c03,2,days_0_150,CUM-C0202
cumulative,295,c03,2,days_0_150,CUM-C0202
cumulative,315,c03,2,days_0_150,CUM-C0202
cumulative,325,c03,2,days_0_150,CUM-C0202
cumulative,333,c03,2,days_0_150,CUM-C0202
cumulative,339,c03,2,days_0_150,CUM-C0202
cumulative,365,c03,2,days_0_150,CUM-C0202
cumulative,372,c03,2,days_0_150,CUM-C0202
cumulative,377,c03,2,days_0_150,CUM-C0202
cumulative,393,c03,2,days_0_150,CUM-C0202
cumulative,404,c03,2,days_0_150,CUM-C0202
cumulative,407,c03,2,days_0_150,CUM-C0202
cumulative,409,c03,2,days_0_150,CUM-C0202
cumulative,410,c03,2,days_0_150,CUM-C0202
cumulative,423,c03,2,days_0_150,CUM-C0202
cumulative,426,c03,2,days_0_150,CUM-C0202
cumulative,436,c03,2,days_0_150,CUM-C0202
cumulative,452,c03,2,days_0_150,CUM-C0202
cumulative,453,c03,2,days_0_150,CUM-C0202
cumulative,457,c03,2,days_0_150,CUM-C0202
cumulative,470,c03,2,days_0_150,CUM-C0202
cumulative,482,c03,2,days_0_150,CUM-C0202
cumulative,502,c03,2,days_0_150,CUM-C0202
cumulative,522,c03,2,days_0_150,CUM-C0202
cumulative,538,c03,2,days_0_150,CUM-C0202
cumulative,569,c03,2,days_0_150,CUM-C0202
cumulative,593,c03,2,days_0_150,CUM-C0202
cumulative,595,c03,2,days_0_150,CUM-C0202
cumulative,599,c03,2,days_0_150,CUM-C0202
cumulative,605,c03,2,days_0_150,CUM-C0202
cumulative,606,c03,2,days_0_150,CUM-C0202
cumulative,652,c03,2,days_0_150,CUM-C0202
cumulative,681,c03,2,days_0_150,CUM-C0202
cumulative,693,c03,2,days_0_150,CUM-C0202
cumulative,708,c03,2,days_0_150,CUM-C0202
cumulative,710,c03,2,days_0_150,CUM-C0202
cumulative,711,c03,2,days_0_150,CUM-C0202
cumulative,716,c03,2,days_0_150,CUM-C0202
cumulative,718,c03,2,days_0_150,CUM-C0202
cumulative,724,c03,2,days_0_150,CUM-C0202
cumulative,729,c03,2,days_0_150,CUM-C0202
cumulative,732,c03,2,days_0_150,CUM-C0202
cumulative,749,c03,2,days_0_150,CUM-C0202
cumulative,754,c03,2,days_0_150,CUM-C0202
cumulative,767,c03,2,days_0_150,CUM-C0202
cumulative,777,c03,2,days_0_150,CUM-C0202
cumulative,779,c03,2,days_0_150,CUM-C0202
cumulative,789,c03,2,days_0_150,CUM-C0202
cumulative,791,c03,2,days_0_150,CUM-C0202
cumulative,793,c03,2,days_0_150,CUM-C0202
cumulative,816,c03,2,days_0_150,CUM-C0202
cumulative,832,c03,2,days_0_150,CUM-C0202
cumulative,843,c03,2,days_0_150,CUM-C0202
cumulative,861,c03,2,days_0_150,CUM-C0202
cumulative,862,c03,2,days_0_150,CUM-C0202
cumulative,866,c03,2,days_0_150,CUM-C0202
cumulative,876,c03,2,days_0_150,CUM-C0202
cumulative,883,c03,2,days_0_150,CUM-C0202
cumulative,884,c03,2,days_0_150,CUM-C0202
cumulative,896,c03,2,days_0_150,CUM-C0202
cumulative,904,c03,2,days_0_150,CUM-C0202
cumulative,905,c03,2,days_0_150,CUM-C0202
cumulative,907,c03,2,days_0_150,CUM-C0202
cumulative,916,c03,2,days_0_150,CUM-C0202
cumulative,934,c03,2,days_0_150,CUM-C0202
cumulative,970,c03,2,days_0_150,CUM-C0202
cumulative,976,c03,2,days_0_150,CUM-C0202
cumulative,991,c03,2,days_0_150,CUM-C0202
cumulative,999,c03,2,days_0_150,CUM-C0202
cumulative,1,c04,2,days_0_150,CUM-C0206
cumulative,38,c04,2,days_0_150,CUM-C0206
cumulative,42,c04,2,days_0_150,CUM-C0206
cumulative,46,c04,2,days_0_150,CUM-C0206
cumulative,50,c04,2,days_0_150,CUM-C0206
cumulative,64,c04,2,days_0_150,CUM-C0206
cumulative,69,c04,2,days_0_150,CUM-C0206
cumulative,84,c04,2,days_0_150,CUM-C0206
cumulative,96,c04,2,days_0_150,CUM-C0206
cumulative,102,c04,2,days_0_150,CUM-C0206
cumulative,103,c04,2,days_0_150,CUM-C0206
cumulative,106,c04,2,days_0_150,CUM-C0206
cumulative,125,c04,2,days_0_150,CUM-C0206
cumulative,139,c04,2,days_0_150,CUM-C0206
cumulative,154,c04,2,days_0_150,CUM-C0206
cumulative,164,c04,2,days_0_150,CUM-C0206
cumulative,172,c04,2,days_0_150,CUM-C0206
cumulative,174,c04,2,days_0_150,CUM-C0206
cumulative,206,c04,2,days_0_150,CUM-C0206
cumulative,223,c04,2,days_0_150,CUM-C0206
cumulative,299,c04,2,days_0_150,CUM-C0206
cumulative,303,c04,2,days_0_150,CUM-C0206
cumulative,309,c04,2,days_0_150,CUM-C0206
cumulative,310,c04,2,days_0_150,CUM-C0206
cumulative,320,c04,2,days_0_150,CUM-C0206
cumulative,322,c04,2,days_0_150,CUM-C0206
cumulative,323,c04,2,days_0_150,CUM-C0206
cumulative,324,c04,2,days_0_150,CUM-C0206
cumulative,337,c04,2,days_0_150,CUM-C0206
cumulative,343,c04,2,days_0_150,CUM-C0206
cumulative,346,c04,2,days_0_150,CUM-C0206
cumulative,368,c04,2,days_0_150,CUM-C0206
cumulative,378,c04,2,days_0_150,CUM-C0206
cumulative,388,c04,2,days_0_150,CUM-C0206
cumulative,395,c04,2,days_0_150,CUM-C0206
cumulative,402,c04,2,days_0_150,CUM-C0206
cumulative,420,c04,2,days_0_150,CUM-C0206
cumulative,460,c04,2,days_0_150,CUM-C0206
cumulative,474,c04,2,days_0_150,CUM-C0206
cumulative,477,c04,2,days_0_150,CUM-C0206
cumulative,487,c04,2,days_0_150,CUM-C0206
cumulative,489,c04,2,days_0_150,CUM-C0206
cumulative,498,c04,2,days_0_150,CUM-C0206
cumulative,501,c04,2,days_0_150,CUM-C0206
cumulative,505,c04,2,days_0_150,CUM-C0206
cumulative,509,c04,2,days_0_150,CUM-C0206
cumulative,510,c04,2,days_0_150,CUM-C0206
cumulative,514,c04,2,days_0_150,CUM-C0206
cumulative,524,c04,2,days_0_150,CUM-C0206
cumulative,534,c04,2,days_0_150,CUM-C0206
cumulative,548,c04,2,days_0_150,CUM-C0206
cumulative,559,c04,2,days_0_150,CUM-C0206
cumulative,562,c04,2,days_0_150,CUM-C0206
cumulative,603,c04,2,days_0_150,CUM-C0206
cumulative,622,c04,2,days_0_150,CUM-C0206
cumulative,634,c04,2,days_0_150,CUM-C0206
cumulative,638,c04,2,days_0_150,CUM-C0206
cumulative,649,c04,2,days_0_150,CUM-C0206
cumulative,663,c04,2,days_0_150,CUM-C0206
cumulative,676,c04,2,days_0_150,CUM-C0206
cumulative,705,c04,2,days_0_150,CUM-C0206
cumulative,706,c04,2,days_0_150,CUM-C0206
cumulative,735,c04,2,days_0_150,CUM-C0206
cumulative,740,c04,2,days_0_150,CUM-C0206
cumulative,768,c04,2,days_0_150,CUM-C0206
cumulative,780,c04,2,days_0_150,CUM-C0206
cumulative,788,c04,2,days_0_150,CUM-C0206
cumulative,822,c04,2,days_0_150,CUM-C0206
cumulative,828,c04,2,days_0_150,CUM-C0206
cumulative,853,c04,2,days_0_150,CUM-C0206
cumulative,879,c04,2,days_0_150,CUM-C0206
cumulative,893,c04,2,days_0_150,CUM-C0206
cumulative,939,c04,2,days_0_150,CUM-C0206
cumulative,950,c04,2,days_0_150,CUM-C0206
cumulative,2,c05,2,days_0_150,CUM-C0203
cumulative,7,c05,2,days_0_150,CUM-C0203
cumulative,10,c05,2,days_0_150,CUM-C0203
cumulative,13,c05,2,days_0_150,CUM-C0203
cumulative,14,c05,2,days_0_150,CUM-C0203
cumulative,105,c05,2,days_0_150,CUM-C0203
cumulative,119,c05,2,days_0_150,CUM-C0203
cumulative,131,c05,2,days_0_150,CUM-C0203
cumulative,132,c05,2,days_0_150,CUM-C0203
cumulative,153,c05,2,days_0_150,CUM-C0203
cumulative,173,c05,2,days_0_150,CUM-C0203
cumulative,192,c05,2,days_0_150,CUM-C0203
cumulative,199,c05,2,days_0_150,CUM-C0203
cumulative,252,c05,2,days_0_150,CUM-C0203
cumulative,270,c05,2,days_0_150,CUM-C0203
cumulative,273,c05,2,days_0_150,CUM-C0203
cumulative,327,c05,2,days_0_150,CUM-C0203
cumulative,331,c05,2,days_0_150,CUM-C0203
cumulative,374,c05,2,days_0_150,CUM-C0203
cumulative,381,c05,2,days_0_150,CUM-C0203
cumulative,382,c05,2,days_0_150,CUM-C0203
cumulative,396,c05,2,days_0_150,CUM-C0203
cumulative,411,c05,2,days_0_150,CUM-C0203
cumulative,418,c05,2,days_0_150,CUM-C0203
cumulative,437,c05,2,days_0_150,CUM-C0203
cumulative,442,c05,2,days_0_150,CUM-C0203
cumulative,461,c05,2,days_0_150,CUM-C0203
cumulative,465,c05,2,days_0_150,CUM-C0203
cumulative,467,c05,2,days_0_150,CUM-C0203
cumulative,497,c05,2,days_0_150,CUM-C0203
cumulative,506,c05,2,days_0_150,CUM-C0203
cumulative,508,c05,2,days_0_150,CUM-C0203
cumulative,516,c05,2,days_0_150,CUM-C0203
cumulative,519,c05,2,days_0_150,CUM-C0203
cumulative,532,c05,2,days_0_150,CUM-C0203
cumulative,541,c05,2,days_0_150,CUM-C0203
cumulative,576,c05,2,days_0_150,CUM-C0203
cumulative,597,c05,2,days_0_150,CUM-C0203
cumulative,616,c05,2,days_0_150,CUM-C0203
cumulative,639,c05,2,days_0_150,CUM-C0203
cumulative,644,c05,2,days_0_150,CUM-C0203
cumulative,650,c05,2,days_0_150,CUM-C0203
cumulative,653,c05,2,days_0_150,CUM-C0203
cumulative,654,c05,2,days_0_150,CUM-C0203
cumulative,657,c05,2,days_0_150,CUM-C0203
cumulative,661,c05,2,days_0_150,CUM-C0203
cumulative,682,c05,2,days_0_150,CUM-C0203
cumulative,700,c05,2,days_0_150,CUM-C0203
cumulative,702,c05,2,days_0_150,CUM-C0203
cumulative,719,c05,2,days_0_150,CUM-C0203
cumulative,738,c05,2,days_0_150,CUM-C0203
cumulative,745,c05,2,days_0_150,CUM-C0203
cumulative,747,c05,2,days_0_150,CUM-C0203
cumulative,761,c05,2,days_0_150,CUM-C0203
cumulative,783,c05,2,days_0_150,CUM-C0203
cumulative,790,c05,2,days_0_150,CUM-C0203
cumulative,796,c05,2,days_0_150,CUM-C0203
cumulative,804,c05,2,days_0_150,CUM-C0203
cumulative,812,c05,2,days_0_150,CUM-C0203
cumulative,814,c05,2,days_0_150,CUM-C0203
cumulative,820,c05,2,days_0_150,CUM-C0203
cumulative,837,c05,2,days_0_150,CUM-C0203
cumulative,842,c05,2,days_0_150,CUM-C0203
cumulative,850,c05,2,days_0_150,CUM-C0203
cumulative,881,c05,2,days_0_150,CUM-C0203
cumulative,911,c05,2,days_0_150,CUM-C0203
cumulative,921,c05,2,days_0_150,CUM-C0203
cumulative,924,c05,2,days_0_150,CUM-C0203
cumulative,945,c05,2,days_0_150,CUM-C0203
cumulative,951,c05,2,days_0_150,CUM-C0203
cumulative,967,c05,2,days_0_150,CUM-C0203
cumulative,969,c05,2,days_0_150,CUM-C0203
cumulative,977,c05,2,days_0_150,CUM-C0203
cumulative,979,c05,2,days_0_150,CUM-C0203
cumulative,983,c05,2,days_0_150,CUM-C0203
cumulative,996,c05,2,days_0_150,CUM-C0203
cumulative,1001,c05,2,days_0_150,CUM-C0203
cumulative,1004,c05,2,days_0_150,CUM-C0203
cumulative,24,c06,2,days_0_150,CUM-C0211
cumulative,87,c06,2,days_0_150,CUM-C0211
cumulative,148,c06,2,days_0_150,CUM-C0211
cumulative,160,c06,2,days_0_150,CUM-C0211
cumulative,181,c06,2,days_0_150,CUM-C0211
cumulative,190,c06,2,days_0_150,CUM-C0211
cumulative,202,c06,2,days_0_150,CUM-C0211
cumulative,274,c06,2,days_0_150,CUM-C0211
cumulative,280,c06,2,days_0_150,CUM-C0211
cumulative,353,c06,2,days_0_150,CUM-C0211
cumulative,360,c06,2,days_0_150,CUM-C0211
cumulative,391,c06,2,days_0_150,CUM-C0211
cumulative,408,c06,2,days_0_150,CUM-C0211
cumulative,414,c06,2,days_0_150,CUM-C0211
cumulative,445,c06,2,days_0_150,CUM-C0211
cumulative,493,c06,2,days_0_150,CUM-C0211
cumulative,526,c06,2,days_0_150,CUM-C0211
cumulative,530,c06,2,days_0_150,CUM-C0211
cumulative,561,c06,2,days_0_150,CUM-C0211
cumulative,629,c06,2,days_0_150,CUM-C0211
cumulative,630,c06,2,days_0_150,CUM-C0211
cumulative,631,c06,2,days_0_150,CUM-C0211
cumulative,643,c06,2,days_0_150,CUM-C0211
cumulative,656,c06,2,days_0_150,CUM-C0211
cumulative,658,c06,2,days_0_150,CUM-C0211
cumulative,685,c06,2,days_0_150,CUM-C0211
cumulative,846,c06,2,days_0_150,CUM-C0211
cumulative,891,c06,2,days_0_150,CUM-C0211
cumulative,894,c06,2,days_0_150,CUM-C0211
cumulative,920,c06,2,days_0_150,CUM-C0211
cumulative,28,c08,2,days_0_150,CUM-C0209
cumulative,56,c08,2,days_0_150,CUM-C0209
cumulative,68,c08,2,days_0_150,CUM-C0209
cumulative,95,c08,2,days_0_150,CUM-C0209
cumulative,170,c08,2,days_0_150,CUM-C0209
cumulative,176,c08,2,days_0_150,CUM-C0209
cumulative,231,c08,2,days_0_150,CUM-C0209
cumulative,245,c08,2,days_0_150,CUM-C0209
cumulative,251,c08,2,days_0_150,CUM-C0209
cumulative,264,c08,2,days_0_150,CUM-C0209
cumulative,269,c08,2,days_0_150,CUM-C0209
cumulative,311,c08,2,days_0_150,CUM-C0209
cumulative,329,c08,2,days_0_150,CUM-C0209
cumulative,338,c08,2,days_0_150,CUM-C0209
cumulative,350,c08,2,days_0_150,CUM-C0209
cumulative,361,c08,2,days_0_150,CUM-C0209
cumulative,364,c08,2,days_0_150,CUM-C0209
cumulative,375,c08,2,days_0_150,CUM-C0209
cumulative,399,c08,2,days_0_150,CUM-C0209
cumulative,427,c08,2,days_0_150,CUM-C0209
cumulative,432,c08,2,days_0_150,CUM-C0209
cumulative,433,c08,2,days_0_150,CUM-C0209
cumulative,511,c08,2,days_0_150,CUM-C0209
cumulative,531,c08,2,days_0_150,CUM-C0209
cumulative,540,c08,2,days_0_150,CUM-C0209
cumulative,582,c08,2,days_0_150,CUM-C0209
cumulative,588,c08,2,days_0_150,CUM-C0209
cumulative,624,c08,2,days_0_150,CUM-C0209
cumulative,641,c08,2,days_0_150,CUM-C0209
cumulative,690,c08,2,days_0_150,CUM-C0209
cumulative,697,c08,2,days_0_150,CUM-C0209
cumulative,698,c08,2,days_0_150,CUM-C0209
cumulative,734,c08,2,days_0_150,CUM-C0209
cumulative,736,c08,2,days_0_150,CUM-C0209
cumulative,764,c08,2,days_0_150,CUM-C0209
cumulative,773,c08,2,days_0_150,CUM-C0209
cumulative,809,c08,2,days_0_150,CUM-C0209
cumulative,815,c08,2,days_0_150,CUM-C0209
cumulative,819,c08,2,days_0_150,CUM-C0209
cumulative,836,c08,2,days_0_150,CUM-C0209
cumulative,840,c08,2,days_0_150,CUM-C0209
cumulative,855,c08,2,days_0_150,CUM-C0209
cumulative,872,c08,2,days_0_150,CUM-C0209
cumulative,873,c08,2,days_0_150,CUM-C0209
cumulative,925,c08,2,days_0_150,CUM-C0209
cumulative,955,c08,2,days_0_150,CUM-C0209
cumulative,987,c08,2,days_0_150,CUM-C0209
cumulative,994,c08,2,days_0_150,CUM-C0209
cumulative,995,c08,2,days_0_150,CUM-C0209
cumulative,25,c09,2,days_0_150,CUM-C0210
cumulative,41,c09,2,days_0_150,CUM-C0210
cumulative,44,c09,2,days_0_150,CUM-C0210
cumulative,48,c09,2,days_0_150,CUM-C0210
cumulative,73,c09,2,days_0_150,CUM-C0210
cumulative,85,c09,2,days_0_150,CUM-C0210
cumulative,216,c09,2,days_0_150,CUM-C0210
cumulative,318,c09,2,days_0_150,CUM-C0210
cumulative,319,c09,2,days_0_150,CUM-C0210
cumulative,321,c09,2,days_0_150,CUM-C0210
cumulative,366,c09,2,days_0_150,CUM-C0210
cumulative,386,c09,2,days_0_150,CUM-C0210
cumulative,434,c09,2,days_0_150,CUM-C0210
cumulative,458,c09,2,days_0_150,CUM-C0210
cumulative,481,c09,2,days_0_150,CUM-C0210
cumulative,499,c09,2,days_0_150,CUM-C0210
cumulative,558,c09,2,days_0_150,CUM-C0210
cumulative,565,c09,2,days_0_150,CUM-C0210
cumulative,600,c09,2,days_0_150,CUM-C0210
cumulative,618,c09,2,days_0_150,CUM-C0210
cumulative,672,c09,2,days_0_150,CUM-C0210
cumulative,679,c09,2,days_0_150,CUM-C0210
cumulative,684,c09,2,days_0_150,CUM-C0210
cumulative,704,c09,2,days_0_150,CUM-C0210
cumulative,723,c09,2,days_0_150,CUM-C0210
cumulative,753,c09,2,days_0_150,CUM-C0210
cumulative,758,c09,2,days_0_150,CUM-C0210
cumulative,844,c09,2,days_0_150,CUM-C0210
cumulative,918,c09,2,days_0_150,CUM-C0210
cumulative,956,c09,2,days_0_150,CUM-C0210
cumulative,1002,c09,2,days_0_150,CUM-C0210
cumulative,11,c01,3,days_0_200,CUM-C0301
cumulative,26,c01,3,days_0_200,CUM-C0301
cumulative,27,c01,3,days_0_200,CUM-C0301
cumulative,34,c01,3,days_0_200,CUM-C0301
cumulative,36,c01,3,days_0_200,CUM-C0301
cumulative,39,c01,3,days_0_200,CUM-C0301
cumulative,40,c01,3,days_0_200,CUM-C0301
cumulative,53,c01,3,days_0_200,CUM-C0301
cumulative,60,c01,3,days_0_200,CUM-C0301
cumulative,65,c01,3,days_0_200,CUM-C0301
cumulative,70,c01,3,days_0_200,CUM-C0301
cumulative,75,c01,3,days_0_200,CUM-C0301
cumulative,79,c01,3,days_0_200,CUM-C0301
cumulative,83,c01,3,days_0_200,CUM-C0301
cumulative,86,c01,3,days_0_200,CUM-C0301
cumulative,91,c01,3,days_0_200,CUM-C0301
cumulative,115,c01,3,days_0_200,CUM-C0301
cumulative,116,c01,3,days_0_200,CUM-C0301
cumulative,120,c01,3,days_0_200,CUM-C0301
cumulative,137,c01,3,days_0_200,CUM-C0301
cumulative,146,c01,3,days_0_200,CUM-C0301
cumulative,147,c01,3,days_0_200,CUM-C0301
cumulative,151,c01,3,days_0_200,CUM-C0301
cumulative,152,c01,3,days_0_200,CUM-C0301
cumulative,157,c01,3,days_0_200,CUM-C0301
cumulative,159,c01,3,days_0_200,CUM-C0301
cumulative,161,c01,3,days_0_200,CUM-C0301
cumulative,171,c01,3,days_0_200,CUM-C0301
cumulative,179,c01,3,days_0_200,CUM-C0301
cumulative,185,c01,3,days_0_200,CUM-C0301
cumulative,187,c01,3,days_0_200,CUM-C0301
cumulative,193,c01,3,days_0_200,CUM-C0301
cumulative,194,c01,3,days_0_200,CUM-C0301
cumulative,197,c01,3,days_0_200,CUM-C0301
cumulative,198,c01,3,days_0_200,CUM-C0301
cumulative,203,c01,3,days_0_200,CUM-C0301
cumulative,212,c01,3,days_0_200,CUM-C0301
cumulative,214,c01,3,days_0_200,CUM-C0301
cumulative,218,c01,3,days_0_200,CUM-C0301
cumulative,220,c01,3,days_0_200,CUM-C0301
cumulative,221,c01,3,days_0_200,CUM-C0301
cumulative,229,c01,3,days_0_200,CUM-C0301
cumulative,230,c01,3,days_0_200,CUM-C0301
cumulative,233,c01,3,days_0_200,CUM-C0301
cumulative,235,c01,3,days_0_200,CUM-C0301
cumulative,239,c01,3,days_0_200,CUM-C0301
cumulative,242,c01,3,days_0_200,CUM-C0301
cumulative,244,c01,3,days_0_200,CUM-C0301
cumulative,253,c01,3,days_0_200,CUM-C0301
cumulative,254,c01,3,days_0_200,CUM-C0301
cumulative,255,c01,3,days_0_200,CUM-C0301
cumulative,257,c01,3,days_0_200,CUM-C0301
cumulative,272,c01,3,days_0_200,CUM-C0301
cumulative,277,c01,3,days_0_200,CUM-C0301
cumulative,278,c01,3,days_0_200,CUM-C0301
cumulative,283,c01,3,days_0_200,CUM-C0301
cumulative,285,c01,3,days_0_200,CUM-C0301
cumulative,290,c01,3,days_0_200,CUM-C0301
cumulative,306,c01,3,days_0_200,CUM-C0301
cumulative,307,c01,3,days_0_200,CUM-C0301
cumulative,308,c01,3,days_0_200,CUM-C0301
cumulative,315,c01,3,days_0_200,CUM-C0301
cumulative,326,c01,3,days_0_200,CUM-C0301
cumulative,334,c01,3,days_0_200,CUM-C0301
cumulative,347,c01,3,days_0_200,CUM-C0301
cumulative,352,c01,3,days_0_200,CUM-C0301
cumulative,355,c01,3,days_0_200,CUM-C0301
cumulative,379,c01,3,days_0_200,CUM-C0301
cumulative,380,c01,3,days_0_200,CUM-C0301
cumulative,394,c01,3,days_0_200,CUM-C0301
cumulative,397,c01,3,days_0_200,CUM-C0301
cumulative,398,c01,3,days_0_200,CUM-C0301
cumulative,400,c01,3,days_0_200,CUM-C0301
cumulative,413,c01,3,days_0_200,CUM-C0301
cumulative,430,c01,3,days_0_200,CUM-C0301
cumulative,443,c01,3,days_0_200,CUM-C0301
cumulative,450,c01,3,days_0_200,CUM-C0301
cumulative,462,c01,3,days_0_200,CUM-C0301
cumulative,466,c01,3,days_0_200,CUM-C0301
cumulative,471,c01,3,days_0_200,CUM-C0301
cumulative,476,c01,3,days_0_200,CUM-C0301
cumulative,483,c01,3,days_0_200,CUM-C0301
cumulative,488,c01,3,days_0_200,CUM-C0301
cumulative,495,c01,3,days_0_200,CUM-C0301
cumulative,533,c01,3,days_0_200,CUM-C0301
cumulative,544,c01,3,days_0_200,CUM-C0301
cumulative,546,c01,3,days_0_200,CUM-C0301
cumulative,550,c01,3,days_0_200,CUM-C0301
cumulative,554,c01,3,days_0_200,CUM-C0301
cumulative,566,c01,3,days_0_200,CUM-C0301
cumulative,568,c01,3,days_0_200,CUM-C0301
cumulative,571,c01,3,days_0_200,CUM-C0301
cumulative,572,c01,3,days_0_200,CUM-C0301
cumulative,577,c01,3,days_0_200,CUM-C0301
cumulative,578,c01,3,days_0_200,CUM-C0301
cumulative,590,c01,3,days_0_200,CUM-C0301
cumulative,591,c01,3,days_0_200,CUM-C0301
cumulative,596,c01,3,days_0_200,CUM-C0301
cumulative,607,c01,3,days_0_200,CUM-C0301
cumulative,609,c01,3,days_0_200,CUM-C0301
cumulative,612,c01,3,days_0_200,CUM-C0301
cumulative,619,c01,3,days_0_200,CUM-C0301
cumulative,623,c01,3,days_0_200,CUM-C0301
cumulative,626,c01,3,days_0_200,CUM-C0301
cumulative,627,c01,3,days_0_200,CUM-C0301
cumulative,633,c01,3,days_0_200,CUM-C0301
cumulative,637,c01,3,days_0_200,CUM-C0301
cumulative,640,c01,3,days_0_200,CUM-C0301
cumulative,659,c01,3,days_0_200,CUM-C0301
cumulative,660,c01,3,days_0_200,CUM-C0301
cumulative,662,c01,3,days_0_200,CUM-C0301
cumulative,665,c01,3,days_0_200,CUM-C0301
cumulative,671,c01,3,days_0_200,CUM-C0301
cumulative,673,c01,3,days_0_200,CUM-C0301
cumulative,678,c01,3,days_0_200,CUM-C0301
cumulative,686,c01,3,days_0_200,CUM-C0301
cumulative,687,c01,3,days_0_200,CUM-C0301
cumulative,692,c01,3,days_0_200,CUM-C0301
cumulative,695,c01,3,days_0_200,CUM-C0301
cumulative,696,c01,3,days_0_200,CUM-C0301
cumulative,703,c01,3,days_0_200,CUM-C0301
cumulative,712,c01,3,days_0_200,CUM-C0301
cumulative,714,c01,3,days_0_200,CUM-C0301
cumulative,715,c01,3,days_0_200,CUM-C0301
cumulative,742,c01,3,days_0_200,CUM-C0301
cumulative,746,c01,3,days_0_200,CUM-C0301
cumulative,748,c01,3,days_0_200,CUM-C0301
cumulative,752,c01,3,days_0_200,CUM-C0301
cumulative,763,c01,3,days_0_200,CUM-C0301
cumulative,769,c01,3,days_0_200,CUM-C0301
cumulative,771,c01,3,days_0_200,CUM-C0301
cumulative,772,c01,3,days_0_200,CUM-C0301
cumulative,775,c01,3,days_0_200,CUM-C0301
cumulative,776,c01,3,days_0_200,CUM-C0301
cumulative,784,c01,3,days_0_200,CUM-C0301
cumulative,787,c01,3,days_0_200,CUM-C0301
cumulative,798,c01,3,days_0_200,CUM-C0301
cumulative,802,c01,3,days_0_200,CUM-C0301
cumulative,805,c01,3,days_0_200,CUM-C0301
cumulative,807,c01,3,days_0_200,CUM-C0301
cumulative,830,c01,3,days_0_200,CUM-C0301
cumulative,833,c01,3,days_0_200,CUM-C0301
cumulative,834,c01,3,days_0_200,CUM-C0301
cumulative,835,c01,3,days_0_200,CUM-C0301
cumulative,841,c01,3,days_0_200,CUM-C0301
cumulative,852,c01,3,days_0_200,CUM-C0301
cumulative,863,c01,3,days_0_200,CUM-C0301
cumulative,865,c01,3,days_0_200,CUM-C0301
cumulative,875,c01,3,days_0_200,CUM-C0301
cumulative,877,c01,3,days_0_200,CUM-C0301
cumulative,882,c01,3,days_0_200,CUM-C0301
cumulative,890,c01,3,days_0_200,CUM-C0301
cumulative,900,c01,3,days_0_200,CUM-C0301
cumulative,901,c01,3,days_0_200,CUM-C0301
cumulative,910,c01,3,days_0_200,CUM-C0301
cumulative,923,c01,3,days_0_200,CUM-C0301
cumulative,926,c01,3,days_0_200,CUM-C0301
cumulative,930,c01,3,days_0_200,CUM-C0301
cumulative,931,c01,3,days_0_200,CUM-C0301
cumulative,933,c01,3,days_0_200,CUM-C0301
cumulative,935,c01,3,days_0_200,CUM-C0301
cumulative,938,c01,3,days_0_200,CUM-C0301
cumulative,940,c01,3,days_0_200,CUM-C0301
cumulative,960,c01,3,days_0_200,CUM-C0301
cumulative,966,c01,3,days_0_200,CUM-C0301
cumulative,972,c01,3,days_0_200,CUM-C0301
cumulative,975,c01,3,days_0_200,CUM-C0301
cumulative,993,c01,3,days_0_200,CUM-C0301
cumulative,997,c01,3,days_0_200,CUM-C0301
cumulative,9,c02,3,days_0_200,CUM-C0303
cumulative,23,c02,3,days_0_200,CUM-C0303
cumulative,30,c02,3,days_0_200,CUM-C0303
cumulative,45,c02,3,days_0_200,CUM-C0303
cumulative,52,c02,3,days_0_200,CUM-C0303
cumulative,66,c02,3,days_0_200,CUM-C0303
cumulative,74,c02,3,days_0_200,CUM-C0303
cumulative,77,c02,3,days_0_200,CUM-C0303
cumulative,104,c02,3,days_0_200,CUM-C0303
cumulative,110,c02,3,days_0_200,CUM-C0303
cumulative,111,c02,3,days_0_200,CUM-C0303
cumulative,112,c02,3,days_0_200,CUM-C0303
cumulative,126,c02,3,days_0_200,CUM-C0303
cumulative,133,c02,3,days_0_200,CUM-C0303
cumulative,166,c02,3,days_0_200,CUM-C0303
cumulative,168,c02,3,days_0_200,CUM-C0303
cumulative,182,c02,3,days_0_200,CUM-C0303
cumulative,186,c02,3,days_0_200,CUM-C0303
cumulative,204,c02,3,days_0_200,CUM-C0303
cumulative,209,c02,3,days_0_200,CUM-C0303
cumulative,219,c02,3,days_0_200,CUM-C0303
cumulative,227,c02,3,days_0_200,CUM-C0303
cumulative,232,c02,3,days_0_200,CUM-C0303
cumulative,240,c02,3,days_0_200,CUM-C0303
cumulative,256,c02,3,days_0_200,CUM-C0303
cumulative,260,c02,3,days_0_200,CUM-C0303
cumulative,266,c02,3,days_0_200,CUM-C0303
cumulative,267,c02,3,days_0_200,CUM-C0303
cumulative,276,c02,3,days_0_200,CUM-C0303
cumulative,294,c02,3,days_0_200,CUM-C0303
cumulative,305,c02,3,days_0_200,CUM-C0303
cumulative,313,c02,3,days_0_200,CUM-C0303
cumulative,332,c02,3,days_0_200,CUM-C0303
cumulative,356,c02,3,days_0_200,CUM-C0303
cumulative,392,c02,3,days_0_200,CUM-C0303
cumulative,416,c02,3,days_0_200,CUM-C0303
cumulative,425,c02,3,days_0_200,CUM-C0303
cumulative,435,c02,3,days_0_200,CUM-C0303
cumulative,439,c02,3,days_0_200,CUM-C0303
cumulative,447,c02,3,days_0_200,CUM-C0303
cumulative,448,c02,3,days_0_200,CUM-C0303
cumulative,459,c02,3,days_0_200,CUM-C0303
cumulative,472,c02,3,days_0_200,CUM-C0303
cumulative,475,c02,3,days_0_200,CUM-C0303
cumulative,478,c02,3,days_0_200,CUM-C0303
cumulative,479,c02,3,days_0_200,CUM-C0303
cumulative,500,c02,3,days_0_200,CUM-C0303
cumulative,517,c02,3,days_0_200,CUM-C0303
cumulative,523,c02,3,days_0_200,CUM-C0303
cumulative,539,c02,3,days_0_200,CUM-C0303
cumulative,556,c02,3,days_0_200,CUM-C0303
cumulative,557,c02,3,days_0_200,CUM-C0303
cumulative,564,c02,3,days_0_200,CUM-C0303
cumulative,573,c02,3,days_0_200,CUM-C0303
cumulative,574,c02,3,days_0_200,CUM-C0303
cumulative,575,c02,3,days_0_200,CUM-C0303
cumulative,586,c02,3,days_0_200,CUM-C0303
cumulative,602,c02,3,days_0_200,CUM-C0303
cumulative,648,c02,3,days_0_200,CUM-C0303
cumulative,655,c02,3,days_0_200,CUM-C0303
cumulative,674,c02,3,days_0_200,CUM-C0303
cumulative,694,c02,3,days_0_200,CUM-C0303
cumulative,699,c02,3,days_0_200,CUM-C0303
cumulative,730,c02,3,days_0_200,CUM-C0303
cumulative,743,c02,3,days_0_200,CUM-C0303
cumulative,759,c02,3,days_0_200,CUM-C0303
cumulative,762,c02,3,days_0_200,CUM-C0303
cumulative,765,c02,3,days_0_200,CUM-C0303
cumulative,782,c02,3,days_0_200,CUM-C0303
cumulative,794,c02,3,days_0_200,CUM-C0303
cumulative,800,c02,3,days_0_200,CUM-C0303
cumulative,803,c02,3,days_0_200,CUM-C0303
cumulative,814,c02,3,days_0_200,CUM-C0303
cumulative,845,c02,3,days_0_200,CUM-C0303
cumulative,859,c02,3,days_0_200,CUM-C0303
cumulative,868,c02,3,days_0_200,CUM-C0303
cumulative,869,c02,3,days_0_200,CUM-C0303
cumulative,885,c02,3,days_0_200,CUM-C0303
cumulative,889,c02,3,days_0_200,CUM-C0303
cumulative,908,c02,3,days_0_200,CUM-C0303
cumulative,912,c02,3,days_0_200,CUM-C0303
cumulative,944,c02,3,days_0_200,CUM-C0303
cumulative,949,c02,3,days_0_200,CUM-C0303
cumulative,984,c02,3,days_0_200,CUM-C0303
cumulative,986,c02,3,days_0_200,CUM-C0303
cumulative,16,c03,3,days_0_200,CUM-C0304
cumulative,18,c03,3,days_0_200,CUM-C0304
cumulative,38,c03,3,days_0_200,CUM-C0304
cumulative,59,c03,3,days_0_200,CUM-C0304
cumulative,61,c03,3,days_0_200,CUM-C0304
cumulative,71,c03,3,days_0_200,CUM-C0304
cumulative,101,c03,3,days_0_200,CUM-C0304
cumulative,114,c03,3,days_0_200,CUM-C0304
cumulative,127,c03,3,days_0_200,CUM-C0304
cumulative,145,c03,3,days_0_200,CUM-C0304
cumulative,149,c03,3,days_0_200,CUM-C0304
cumulative,158,c03,3,days_0_200,CUM-C0304
cumulative,162,c03,3,days_0_200,CUM-C0304
cumulative,169,c03,3,days_0_200,CUM-C0304
cumulative,175,c03,3,days_0_200,CUM-C0304
cumulative,184,c03,3,days_0_200,CUM-C0304
cumulative,189,c03,3,days_0_200,CUM-C0304
cumulative,195,c03,3,days_0_200,CUM-C0304
cumulative,225,c03,3,days_0_200,CUM-C0304
cumulative,237,c03,3,days_0_200,CUM-C0304
cumulative,243,c03,3,days_0_200,CUM-C0304
cumulative,246,c03,3,days_0_200,CUM-C0304
cumulative,259,c03,3,days_0_200,CUM-C0304
cumulative,265,c03,3,days_0_200,CUM-C0304
cumulative,275,c03,3,days_0_200,CUM-C0304
cumulative,281,c03,3,days_0_200,CUM-C0304
cumulative,293,c03,3,days_0_200,CUM-C0304
cumulative,325,c03,3,days_0_200,CUM-C0304
cumulative,365,c03,3,days_0_200,CUM-C0304
cumulative,372,c03,3,days_0_200,CUM-C0304
cumulative,377,c03,3,days_0_200,CUM-C0304
cumulative,393,c03,3,days_0_200,CUM-C0304
cumulative,404,c03,3,days_0_200,CUM-C0304
cumulative,407,c03,3,days_0_200,CUM-C0304
cumulative,410,c03,3,days_0_200,CUM-C0304
cumulative,423,c03,3,days_0_200,CUM-C0304
cumulative,426,c03,3,days_0_200,CUM-C0304
cumulative,436,c03,3,days_0_200,CUM-C0304
cumulative,446,c03,3,days_0_200,CUM-C0304
cumulative,452,c03,3,days_0_200,CUM-C0304
cumulative,453,c03,3,days_0_200,CUM-C0304
cumulative,457,c03,3,days_0_200,CUM-C0304
cumulative,460,c03,3,days_0_200,CUM-C0304
cumulative,474,c03,3,days_0_200,CUM-C0304
cumulative,522,c03,3,days_0_200,CUM-C0304
cumulative,593,c03,3,days_0_200,CUM-C0304
cumulative,595,c03,3,days_0_200,CUM-C0304
cumulative,652,c03,3,days_0_200,CUM-C0304
cumulative,681,c03,3,days_0_200,CUM-C0304
cumulative,708,c03,3,days_0_200,CUM-C0304
cumulative,711,c03,3,days_0_200,CUM-C0304
cumulative,716,c03,3,days_0_200,CUM-C0304
cumulative,718,c03,3,days_0_200,CUM-C0304
cumulative,724,c03,3,days_0_200,CUM-C0304
cumulative,729,c03,3,days_0_200,CUM-C0304
cumulative,737,c03,3,days_0_200,CUM-C0304
cumulative,754,c03,3,days_0_200,CUM-C0304
cumulative,777,c03,3,days_0_200,CUM-C0304
cumulative,779,c03,3,days_0_200,CUM-C0304
cumulative,793,c03,3,days_0_200,CUM-C0304
cumulative,832,c03,3,days_0_200,CUM-C0304
cumulative,843,c03,3,days_0_200,CUM-C0304
cumulative,849,c03,3,days_0_200,CUM-C0304
cumulative,861,c03,3,days_0_200,CUM-C0304
cumulative,866,c03,3,days_0_200,CUM-C0304
cumulative,876,c03,3,days_0_200,CUM-C0304
cumulative,883,c03,3,days_0_200,CUM-C0304
cumulative,884,c03,3,days_0_200,CUM-C0304
cumulative,896,c03,3,days_0_200,CUM-C0304
cumulative,904,c03,3,days_0_200,CUM-C0304
cumulative,905,c03,3,days_0_200,CUM-C0304
cumulative,907,c03,3,days_0_200,CUM-C0304
cumulative,916,c03,3,days_0_200,CUM-C0304
cumulative,934,c03,3,days_0_200,CUM-C0304
cumulative,970,c03,3,days_0_200,CUM-C0304
cumulative,999,c03,3,days_0_200,CUM-C0304
cumulative,1,c04,3,days_0_200,CUM-C0306
cumulative,42,c04,3,days_0_200,CUM-C0306
cumulative,46,c04,3,days_0_200,CUM-C0306
cumulative,50,c04,3,days_0_200,CUM-C0306
cumulative,64,c04,3,days_0_200,CUM-C0306
cumulative,69,c04,3,days_0_200,CUM-C0306
cumulative,76,c04,3,days_0_200,CUM-C0306
cumulative,84,c04,3,days_0_200,CUM-C0306
cumulative,96,c04,3,days_0_200,CUM-C0306
cumulative,97,c04,3,days_0_200,CUM-C0306
cumulative,102,c04,3,days_0_200,CUM-C0306
cumulative,103,c04,3,days_0_200,CUM-C0306
cumulative,106,c04,3,days_0_200,CUM-C0306
cumulative,125,c04,3,days_0_200,CUM-C0306
cumulative,139,c04,3,days_0_200,CUM-C0306
cumulative,154,c04,3,days_0_200,CUM-C0306
cumulative,164,c04,3,days_0_200,CUM-C0306
cumulative,172,c04,3,days_0_200,CUM-C0306
cumulative,174,c04,3,days_0_200,CUM-C0306
cumulative,206,c04,3,days_0_200,CUM-C0306
cumulative,223,c04,3,days_0_200,CUM-C0306
cumulative,299,c04,3,days_0_200,CUM-C0306
cumulative,303,c04,3,days_0_200,CUM-C0306
cumulative,309,c04,3,days_0_200,CUM-C0306
cumulative,310,c04,3,days_0_200,CUM-C0306
cumulative,322,c04,3,days_0_200,CUM-C0306
cumulative,323,c04,3,days_0_200,CUM-C0306
cumulative,324,c04,3,days_0_200,CUM-C0306
cumulative,337,c04,3,days_0_200,CUM-C0306
cumulative,343,c04,3,days_0_200,CUM-C0306
cumulative,346,c04,3,days_0_200,CUM-C0306
cumulative,368,c04,3,days_0_200,CUM-C0306
cumulative,378,c04,3,days_0_200,CUM-C0306
cumulative,388,c04,3,days_0_200,CUM-C0306
cumulative,395,c04,3,days_0_200,CUM-C0306
cumulative,399,c04,3,days_0_200,CUM-C0306
cumulative,402,c04,3,days_0_200,CUM-C0306
cumulative,420,c04,3,days_0_200,CUM-C0306
cumulative,477,c04,3,days_0_200,CUM-C0306
cumulative,487,c04,3,days_0_200,CUM-C0306
cumulative,489,c04,3,days_0_200,CUM-C0306
cumulative,498,c04,3,days_0_200,CUM-C0306
cumulative,501,c04,3,days_0_200,CUM-C0306
cumulative,505,c04,3,days_0_200,CUM-C0306
cumulative,509,c04,3,days_0_200,CUM-C0306
cumulative,510,c04,3,days_0_200,CUM-C0306
cumulative,514,c04,3,days_0_200,CUM-C0306
cumulative,524,c04,3,days_0_200,CUM-C0306
cumulative,534,c04,3,days_0_200,CUM-C0306
cumulative,548,c04,3,days_0_200,CUM-C0306
cumulative,559,c04,3,days_0_200,CUM-C0306
cumulative,562,c04,3,days_0_200,CUM-C0306
cumulative,603,c04,3,days_0_200,CUM-C0306
cumulative,622,c04,3,days_0_200,CUM-C0306
cumulative,634,c04,3,days_0_200,CUM-C0306
cumulative,638,c04,3,days_0_200,CUM-C0306
cumulative,649,c04,3,days_0_200,CUM-C0306
cumulative,663,c04,3,days_0_200,CUM-C0306
cumulative,676,c04,3,days_0_200,CUM-C0306
cumulative,705,c04,3,days_0_200,CUM-C0306
cumulative,706,c04,3,days_0_200,CUM-C0306
cumulative,735,c04,3,days_0_200,CUM-C0306
cumulative,740,c04,3,days_0_200,CUM-C0306
cumulative,768,c04,3,days_0_200,CUM-C0306
cumulative,780,c04,3,days_0_200,CUM-C0306
cumulative,788,c04,3,days_0_200,CUM-C0306
cumulative,822,c04,3,days_0_200,CUM-C0306
cumulative,853,c04,3,days_0_200,CUM-C0306
cumulative,879,c04,3,days_0_200,CUM-C0306
cumulative,893,c04,3,days_0_200,CUM-C0306
cumulative,939,c04,3,days_0_200,CUM-C0306
cumulative,950,c04,3,days_0_200,CUM-C0306
cumulative,2,c05,3,days_0_200,CUM-C0302
cumulative,10,c05,3,days_0_200,CUM-C0302
cumulative,13,c05,3,days_0_200,CUM-C0302
cumulative,14,c05,3,days_0_200,CUM-C0302
cumulative,32,c05,3,days_0_200,CUM-C0302
cumulative,49,c05,3,days_0_200,CUM-C0302
cumulative,105,c05,3,days_0_200,CUM-C0302
cumulative,119,c05,3,days_0_200,CUM-C0302
cumulative,131,c05,3,days_0_200,CUM-C0302
cumulative,132,c05,3,days_0_200,CUM-C0302
cumulative,143,c05,3,days_0_200,CUM-C0302
cumulative,153,c05,3,days_0_200,CUM-C0302
cumulative,173,c05,3,days_0_200,CUM-C0302
cumulative,192,c05,3,days_0_200,CUM-C0302
cumulative,199,c05,3,days_0_200,CUM-C0302
cumulative,208,c05,3,days_0_200,CUM-C0302
cumulative,213,c05,3,days_0_200,CUM-C0302
cumulative,226,c05,3,days_0_200,CUM-C0302
cumulative,236,c05,3,days_0_200,CUM-C0302
cumulative,248,c05,3,days_0_200,CUM-C0302
cumulative,252,c05,3,days_0_200,CUM-C0302
cumulative,270,c05,3,days_0_200,CUM-C0302
cumulative,273,c05,3,days_0_200,CUM-C0302
cumulative,317,c05,3,days_0_200,CUM-C0302
cumulative,327,c05,3,days_0_200,CUM-C0302
cumulative,331,c05,3,days_0_200,CUM-C0302
cumulative,359,c05,3,days_0_200,CUM-C0302
cumulative,374,c05,3,days_0_200,CUM-C0302
cumulative,381,c05,3,days_0_200,CUM-C0302
cumulative,382,c05,3,days_0_200,CUM-C0302
cumulative,396,c05,3,days_0_200,CUM-C0302
cumulative,411,c05,3,days_0_200,CUM-C0302
cumulative,418,c05,3,days_0_200,CUM-C0302
cumulative,437,c05,3,days_0_200,CUM-C0302
cumulative,440,c05,3,days_0_200,CUM-C0302
cumulative,442,c05,3,days_0_200,CUM-C0302
cumulative,461,c05,3,days_0_200,CUM-C0302
cumulative,465,c05,3,days_0_200,CUM-C0302
cumulative,467,c05,3,days_0_200,CUM-C0302
cumulative,490,c05,3,days_0_200,CUM-C0302
cumulative,492,c05,3,days_0_200,CUM-C0302
cumulative,496,c05,3,days_0_200,CUM-C0302
cumulative,497,c05,3,days_0_200,CUM-C0302
cumulative,506,c05,3,days_0_200,CUM-C0302
cumulative,508,c05,3,days_0_200,CUM-C0302
cumulative,516,c05,3,days_0_200,CUM-C0302
cumulative,519,c05,3,days_0_200,CUM-C0302
cumulative,532,c05,3,days_0_200,CUM-C0302
cumulative,537,c05,3,days_0_200,CUM-C0302
cumulative,541,c05,3,days_0_200,CUM-C0302
cumulative,576,c05,3,days_0_200,CUM-C0302
cumulative,580,c05,3,days_0_200,CUM-C0302
cumulative,597,c05,3,days_0_200,CUM-C0302
cumulative,616,c05,3,days_0_200,CUM-C0302
cumulative,639,c05,3,days_0_200,CUM-C0302
cumulative,644,c05,3,days_0_200,CUM-C0302
cumulative,650,c05,3,days_0_200,CUM-C0302
cumulative,653,c05,3,days_0_200,CUM-C0302
cumulative,654,c05,3,days_0_200,CUM-C0302
cumulative,657,c05,3,days_0_200,CUM-C0302
cumulative,661,c05,3,days_0_200,CUM-C0302
cumulative,669,c05,3,days_0_200,CUM-C0302
cumulative,682,c05,3,days_0_200,CUM-C0302
cumulative,690,c05,3,days_0_200,CUM-C0302
cumulative,700,c05,3,days_0_200,CUM-C0302
cumulative,702,c05,3,days_0_200,CUM-C0302
cumulative,719,c05,3,days_0_200,CUM-C0302
cumulative,738,c05,3,days_0_200,CUM-C0302
cumulative,745,c05,3,days_0_200,CUM-C0302
cumulative,747,c05,3,days_0_200,CUM-C0302
cumulative,761,c05,3,days_0_200,CUM-C0302
cumulative,783,c05,3,days_0_200,CUM-C0302
cumulative,790,c05,3,days_0_200,CUM-C0302
cumulative,791,c05,3,days_0_200,CUM-C0302
cumulative,796,c05,3,days_0_200,CUM-C0302
cumulative,804,c05,3,days_0_200,CUM-C0302
cumulative,812,c05,3,days_0_200,CUM-C0302
cumulative,820,c05,3,days_0_200,CUM-C0302
cumulative,828,c05,3,days_0_200,CUM-C0302
cumulative,837,c05,3,days_0_200,CUM-C0302
cumulative,842,c05,3,days_0_200,CUM-C0302
cumulative,850,c05,3,days_0_200,CUM-C0302
cumulative,881,c05,3,days_0_200,CUM-C0302
cumulative,897,c05,3,days_0_200,CUM-C0302
cumulative,911,c05,3,days_0_200,CUM-C0302
cumulative,921,c05,3,days_0_200,CUM-C0302
cumulative,924,c05,3,days_0_200,CUM-C0302
cumulative,928,c05,3,days_0_200,CUM-C0302
cumulative,945,c05,3,days_0_200,CUM-C0302
cumulative,951,c05,3,days_0_200,CUM-C0302
cumulative,967,c05,3,days_0_200,CUM-C0302
cumulative,969,c05,3,days_0_200,CUM-C0302
cumulative,977,c05,3,days_0_200,CUM-C0302
cumulative,979,c05,3,days_0_200,CUM-C0302
cumulative,996,c05,3,days_0_200,CUM-C0302
cumulative,1001,c05,3,days_0_200,CUM-C0302
cumulative,1004,c05,3,days_0_200,CUM-C0302
cumulative,24,c06,3,days_0_200,CUM-C0310
cumulative,87,c06,3,days_0_200,CUM-C0310
cumulative,148,c06,3,days_0_200,CUM-C0310
cumulative,160,c06,3,days_0_200,CUM-C0310
cumulative,181,c06,3,days_0_200,CUM-C0310
cumulative,190,c06,3,days_0_200,CUM-C0310
cumulative,202,c06,3,days_0_200,CUM-C0310
cumulative,274,c06,3,days_0_200,CUM-C0310
cumulative,280,c06,3,days_0_200,CUM-C0310
cumulative,353,c06,3,days_0_200,CUM-C0310
cumulative,360,c06,3,days_0_200,CUM-C0310
cumulative,373,c06,3,days_0_200,CUM-C0310
cumulative,391,c06,3,days_0_200,CUM-C0310
cumulative,408,c06,3,days_0_200,CUM-C0310
cumulative,414,c06,3,days_0_200,CUM-C0310
cumulative,445,c06,3,days_0_200,CUM-C0310
cumulative,493,c06,3,days_0_200,CUM-C0310
cumulative,526,c06,3,days_0_200,CUM-C0310
cumulative,530,c06,3,days_0_200,CUM-C0310
cumulative,561,c06,3,days_0_200,CUM-C0310
cumulative,629,c06,3,days_0_200,CUM-C0310
cumulative,630,c06,3,days_0_200,CUM-C0310
cumulative,631,c06,3,days_0_200,CUM-C0310
cumulative,643,c06,3,days_0_200,CUM-C0310
cumulative,656,c06,3,days_0_200,CUM-C0310
cumulative,658,c06,3,days_0_200,CUM-C0310
cumulative,685,c06,3,days_0_200,CUM-C0310
cumulative,846,c06,3,days_0_200,CUM-C0310
cumulative,891,c06,3,days_0_200,CUM-C0310
cumulative,894,c06,3,days_0_200,CUM-C0310
cumulative,920,c06,3,days_0_200,CUM-C0310
cumulative,28,c08,3,days_0_200,CUM-C0309
cumulative,56,c08,3,days_0_200,CUM-C0309
cumulative,68,c08,3,days_0_200,CUM-C0309
cumulative,95,c08,3,days_0_200,CUM-C0309
cumulative,170,c08,3,days_0_200,CUM-C0309
cumulative,176,c08,3,days_0_200,CUM-C0309
cumulative,231,c08,3,days_0_200,CUM-C0309
cumulative,245,c08,3,days_0_200,CUM-C0309
cumulative,251,c08,3,days_0_200,CUM-C0309
cumulative,264,c08,3,days_0_200,CUM-C0309
cumulative,269,c08,3,days_0_200,CUM-C0309
cumulative,311,c08,3,days_0_200,CUM-C0309
cumulative,329,c08,3,days_0_200,CUM-C0309
cumulative,338,c08,3,days_0_200,CUM-C0309
cumulative,350,c08,3,days_0_200,CUM-C0309
cumulative,361,c08,3,days_0_200,CUM-C0309
cumulative,364,c08,3,days_0_200,CUM-C0309
cumulative,375,c08,3,days_0_200,CUM-C0309
cumulative,427,c08,3,days_0_200,CUM-C0309
cumulative,432,c08,3,days_0_200,CUM-C0309
cumulative,433,c08,3,days_0_200,CUM-C0309
cumulative,482,c08,3,days_0_200,CUM-C0309
cumulative,511,c08,3,days_0_200,CUM-C0309
cumulative,531,c08,3,days_0_200,CUM-C0309
cumulative,540,c08,3,days_0_200,CUM-C0309
cumulative,582,c08,3,days_0_200,CUM-C0309
cumulative,588,c08,3,days_0_200,CUM-C0309
cumulative,606,c08,3,days_0_200,CUM-C0309
cumulative,624,c08,3,days_0_200,CUM-C0309
cumulative,641,c08,3,days_0_200,CUM-C0309
cumulative,697,c08,3,days_0_200,CUM-C0309
cumulative,698,c08,3,days_0_200,CUM-C0309
cumulative,734,c08,3,days_0_200,CUM-C0309
cumulative,736,c08,3,days_0_200,CUM-C0309
cumulative,764,c08,3,days_0_200,CUM-C0309
cumulative,773,c08,3,days_0_200,CUM-C0309
cumulative,809,c08,3,days_0_200,CUM-C0309
cumulative,815,c08,3,days_0_200,CUM-C0309
cumulative,819,c08,3,days_0_200,CUM-C0309
cumulative,836,c08,3,days_0_200,CUM-C0309
cumulative,840,c08,3,days_0_200,CUM-C0309
cumulative,855,c08,3,days_0_200,CUM-C0309
cumulative,872,c08,3,days_0_200,CUM-C0309
cumulative,873,c08,3,days_0_200,CUM-C0309
cumulative,925,c08,3,days_0_200,CUM-C0309
cumulative,955,c08,3,days_0_200,CUM-C0309
cumulative,983,c08,3,days_0_200,CUM-C0309
cumulative,987,c08,3,days_0_200,CUM-C0309
cumulative,994,c08,3,days_0_200,CUM-C0309
cumulative,995,c08,3,days_0_200,CUM-C0309
cumulative,25,c09,3,days_0_200,CUM-C0311
cumulative,41,c09,3,days_0_200,CUM-C0311
cumulative,44,c09,3,days_0_200,CUM-C0311
cumulative,48,c09,3,days_0_200,CUM-C0311
cumulative,73,c09,3,days_0_200,CUM-C0311
cumulative,85,c09,3,days_0_200,CUM-C0311
cumulative,216,c09,3,days_0_200,CUM-C0311
cumulative,318,c09,3,days_0_200,CUM-C0311
cumulative,319,c09,3,days_0_200,CUM-C0311
cumulative,321,c09,3,days_0_200,CUM-C0311
cumulative,366,c09,3,days_0_200,CUM-C0311
cumulative,386,c09,3,days_0_200,CUM-C0311
cumulative,434,c09,3,days_0_200,CUM-C0311
cumulative,458,c09,3,days_0_200,CUM-C0311
cumulative,481,c09,3,days_0_200,CUM-C0311
cumulative,499,c09,3,days_0_200,CUM-C0311
cumulative,558,c09,3,days_0_200,CUM-C0311
cumulative,565,c09,3,days_0_200,CUM-C0311
cumulative,600,c09,3,days_0_200,CUM-C0311
cumulative,618,c09,3,days_0_200,CUM-C0311
cumulative,672,c09,3,days_0_200,CUM-C0311
cumulative,679,c09,3,days_0_200,CUM-C0311
cumulative,684,c09,3,days_0_200,CUM-C0311
cumulative,704,c09,3,days_0_200,CUM-C0311
cumulative,723,c09,3,days_0_200,CUM-C0311
cumulative,753,c09,3,days_0_200,CUM-C0311
cumulative,758,c09,3,days_0_200,CUM-C0311
cumulative,844,c09,3,days_0_200,CUM-C0311
cumulative,918,c09,3,days_0_200,CUM-C0311
cumulative,956,c09,3,days_0_200,CUM-C0311
cumulative,1002,c09,3,days_0_200,CUM-C0311
cumulative,11,c01,4,days_0_250,CUM-C0401
cumulative,26,c01,4,days_0_250,CUM-C0401
cumulative,27,c01,4,days_0_250,CUM-C0401
cumulative,34,c01,4,days_0_250,CUM-C0401
cumulative,36,c01,4,days_0_250,CUM-C0401
cumulative,39,c01,4,days_0_250,CUM-C0401
cumulative,40,c01,4,days_0_250,CUM-C0401
cumulative,53,c01,4,days_0_250,CUM-C0401
cumulative,60,c01,4,days_0_250,CUM-C0401
cumulative,65,c01,4,days_0_250,CUM-C0401
cumulative,70,c01,4,days_0_250,CUM-C0401
cumulative,75,c01,4,days_0_250,CUM-C0401
cumulative,79,c01,4,days_0_250,CUM-C0401
cumulative,83,c01,4,days_0_250,CUM-C0401
cumulative,86,c01,4,days_0_250,CUM-C0401
cumulative,90,c01,4,days_0_250,CUM-C0401
cumulative,91,c01,4,days_0_250,CUM-C0401
cumulative,116,c01,4,days_0_250,CUM-C0401
cumulative,120,c01,4,days_0_250,CUM-C0401
cumulative,137,c01,4,days_0_250,CUM-C0401
cumulative,144,c01,4,days_0_250,CUM-C0401
cumulative,146,c01,4,days_0_250,CUM-C0401
cumulative,147,c01,4,days_0_250,CUM-C0401
cumulative,151,c01,4,days_0_250,CUM-C0401
cumulative,152,c01,4,days_0_250,CUM-C0401
cumulative,157,c01,4,days_0_250,CUM-C0401
cumulative,159,c01,4,days_0_250,CUM-C0401
cumulative,161,c01,4,days_0_250,CUM-C0401
cumulative,171,c01,4,days_0_250,CUM-C0401
cumulative,179,c01,4,days_0_250,CUM-C0401
cumulative,185,c01,4,days_0_250,CUM-C0401
cumulative,187,c01,4,days_0_250,CUM-C0401
cumulative,191,c01,4,days_0_250,CUM-C0401
cumulative,193,c01,4,days_0_250,CUM-C0401
cumulative,194,c01,4,days_0_250,CUM-C0401
cumulative,197,c01,4,days_0_250,CUM-C0401
cumulative,198,c01,4,days_0_250,CUM-C0401
cumulative,203,c01,4,days_0_250,CUM-C0401
cumulative,212,c01,4,days_0_250,CUM-C0401
cumulative,213,c01,4,days_0_250,CUM-C0401
cumulative,214,c01,4,days_0_250,CUM-C0401
cumulative,218,c01,4,days_0_250,CUM-C0401
cumulative,219,c01,4,days_0_250,CUM-C0401
cumulative,220,c01,4,days_0_250,CUM-C0401
cumulative,221,c01,4,days_0_250,CUM-C0401
cumulative,229,c01,4,days_0_250,CUM-C0401
cumulative,230,c01,4,days_0_250,CUM-C0401
cumulative,233,c01,4,days_0_250,CUM-C0401
cumulative,235,c01,4,days_0_250,CUM-C0401
cumulative,239,c01,4,days_0_250,CUM-C0401
cumulative,242,c01,4,days_0_250,CUM-C0401
cumulative,244,c01,4,days_0_250,CUM-C0401
cumulative,253,c01,4,days_0_250,CUM-C0401
cumulative,254,c01,4,days_0_250,CUM-C0401
cumulative,255,c01,4,days_0_250,CUM-C0401
cumulative,272,c01,4,days_0_250,CUM-C0401
cumulative,277,c01,4,days_0_250,CUM-C0401
cumulative,283,c01,4,days_0_250,CUM-C0401
cumulative,285,c01,4,days_0_250,CUM-C0401
cumulative,290,c01,4,days_0_250,CUM-C0401
cumulative,306,c01,4,days_0_250,CUM-C0401
cumulative,307,c01,4,days_0_250,CUM-C0401
cumulative,308,c01,4,days_0_250,CUM-C0401
cumulative,315,c01,4,days_0_250,CUM-C0401
cumulative,317,c01,4,days_0_250,CUM-C0401
cumulative,326,c01,4,days_0_250,CUM-C0401
cumulative,334,c01,4,days_0_250,CUM-C0401
cumulative,347,c01,4,days_0_250,CUM-C0401
cumulative,352,c01,4,days_0_250,CUM-C0401
cumulative,355,c01,4,days_0_250,CUM-C0401
cumulative,374,c01,4,days_0_250,CUM-C0401
cumulative,379,c01,4,days_0_250,CUM-C0401
cumulative,380,c01,4,days_0_250,CUM-C0401
cumulative,389,c01,4,days_0_250,CUM-C0401
cumulative,394,c01,4,days_0_250,CUM-C0401
cumulative,397,c01,4,days_0_250,CUM-C0401
cumulative,398,c01,4,days_0_250,CUM-C0401
cumulative,400,c01,4,days_0_250,CUM-C0401
cumulative,413,c01,4,days_0_250,CUM-C0401
cumulative,430,c01,4,days_0_250,CUM-C0401
cumulative,443,c01,4,days_0_250,CUM-C0401
cumulative,448,c01,4,days_0_250,CUM-C0401
cumulative,450,c01,4,days_0_250,CUM-C0401
cumulative,462,c01,4,days_0_250,CUM-C0401
cumulative,466,c01,4,days_0_250,CUM-C0401
cumulative,471,c01,4,days_0_250,CUM-C0401
cumulative,476,c01,4,days_0_250,CUM-C0401
cumulative,483,c01,4,days_0_250,CUM-C0401
cumulative,488,c01,4,days_0_250,CUM-C0401
cumulative,495,c01,4,days_0_250,CUM-C0401
cumulative,533,c01,4,days_0_250,CUM-C0401
cumulative,544,c01,4,days_0_250,CUM-C0401
cumulative,546,c01,4,days_0_250,CUM-C0401
cumulative,550,c01,4,days_0_250,CUM-C0401
cumulative,554,c01,4,days_0_250,CUM-C0401
cumulative,566,c01,4,days_0_250,CUM-C0401
cumulative,568,c01,4,days_0_250,CUM-C0401
cumulative,570,c01,4,days_0_250,CUM-C0401
cumulative,571,c01,4,days_0_250,CUM-C0401
cumulative,572,c01,4,days_0_250,CUM-C0401
cumulative,577,c01,4,days_0_250,CUM-C0401
cumulative,578,c01,4,days_0_250,CUM-C0401
cumulative,590,c01,4,days_0_250,CUM-C0401
cumulative,591,c01,4,days_0_250,CUM-C0401
cumulative,596,c01,4,days_0_250,CUM-C0401
cumulative,607,c01,4,days_0_250,CUM-C0401
cumulative,609,c01,4,days_0_250,CUM-C0401
cumulative,612,c01,4,days_0_250,CUM-C0401
cumulative,613,c01,4,days_0_250,CUM-C0401
cumulative,619,c01,4,days_0_250,CUM-C0401
cumulative,623,c01,4,days_0_250,CUM-C0401
cumulative,626,c01,4,days_0_250,CUM-C0401
cumulative,627,c01,4,days_0_250,CUM-C0401
cumulative,633,c01,4,days_0_250,CUM-C0401
cumulative,640,c01,4,days_0_250,CUM-C0401
cumulative,651,c01,4,days_0_250,CUM-C0401
cumulative,659,c01,4,days_0_250,CUM-C0401
cumulative,660,c01,4,days_0_250,CUM-C0401
cumulative,661,c01,4,days_0_250,CUM-C0401
cumulative,662,c01,4,days_0_250,CUM-C0401
cumulative,665,c01,4,days_0_250,CUM-C0401
cumulative,671,c01,4,days_0_250,CUM-C0401
cumulative,673,c01,4,days_0_250,CUM-C0401
cumulative,678,c01,4,days_0_250,CUM-C0401
cumulative,686,c01,4,days_0_250,CUM-C0401
cumulative,687,c01,4,days_0_250,CUM-C0401
cumulative,692,c01,4,days_0_250,CUM-C0401
cumulative,695,c01,4,days_0_250,CUM-C0401
cumulative,696,c01,4,days_0_250,CUM-C0401
cumulative,703,c01,4,days_0_250,CUM-C0401
cumulative,712,c01,4,days_0_250,CUM-C0401
cumulative,714,c01,4,days_0_250,CUM-C0401
cumulative,715,c01,4,days_0_250,CUM-C0401
cumulative,742,c01,4,days_0_250,CUM-C0401
cumulative,746,c01,4,days_0_250,CUM-C0401
cumulative,748,c01,4,days_0_250,CUM-C0401
cumulative,752,c01,4,days_0_250,CUM-C0401
cumulative,763,c01,4,days_0_250,CUM-C0401
cumulative,769,c01,4,days_0_250,CUM-C0401
cumulative,771,c01,4,days_0_250,CUM-C0401
cumulative,772,c01,4,days_0_250,CUM-C0401
cumulative,775,c01,4,days_0_250,CUM-C0401
cumulative,776,c01,4,days_0_250,CUM-C0401
cumulative,784,c01,4,days_0_250,CUM-C0401
cumulative,787,c01,4,days_0_250,CUM-C0401
cumulative,798,c01,4,days_0_250,CUM-C0401
cumulative,802,c01,4,days_0_250,CUM-C0401
cumulative,805,c01,4,days_0_250,CUM-C0401
cumulative,807,c01,4,days_0_250,CUM-C0401
cumulative,830,c01,4,days_0_250,CUM-C0401
cumulative,833,c01,4,days_0_250,CUM-C0401
cumulative,834,c01,4,days_0_250,CUM-C0401
cumulative,835,c01,4,days_0_250,CUM-C0401
cumulative,841,c01,4,days_0_250,CUM-C0401
cumulative,852,c01,4,days_0_250,CUM-C0401
cumulative,863,c01,4,days_0_250,CUM-C0401
cumulative,865,c01,4,days_0_250,CUM-C0401
cumulative,875,c01,4,days_0_250,CUM-C0401
cumulative,877,c01,4,days_0_250,CUM-C0401
cumulative,882,c01,4,days_0_250,CUM-C0401
cumulative,890,c01,4,days_0_250,CUM-C0401
cumulative,900,c01,4,days_0_250,CUM-C0401
cumulative,901,c01,4,days_0_250,CUM-C0401
cumulative,923,c01,4,days_0_250,CUM-C0401
cumulative,926,c01,4,days_0_250,CUM-C0401
cumulative,930,c01,4,days_0_250,CUM-C0401
cumulative,931,c01,4,days_0_250,CUM-C0401
cumulative,933,c01,4,days_0_250,CUM-C0401
cumulative,935,c01,4,days_0_250,CUM-C0401
cumulative,938,c01,4,days_0_250,CUM-C0401
cumulative,940,c01,4,days_0_250,CUM-C0401
cumulative,960,c01,4,days_0_250,CUM-C0401
cumulative,966,c01,4,days_0_250,CUM-C0401
cumulative,972,c01,4,days_0_250,CUM-C0401
cumulative,975,c01,4,days_0_250,CUM-C0401
cumulative,993,c01,4,days_0_250,CUM-C0401
cumulative,997,c01,4,days_0_250,CUM-C0401
cumulative,2,c02,4,days_0_250,CUM-C0404
cumulative,9,c02,4,days_0_250,CUM-C0404
cumulative,23,c02,4,days_0_250,CUM-C0404
cumulative,30,c02,4,days_0_250,CUM-C0404
cumulative,37,c02,4,days_0_250,CUM-C0404
cumulative,45,c02,4,days_0_250,CUM-C0404
cumulative,52,c02,4,days_0_250,CUM-C0404
cumulative,66,c02,4,days_0_250,CUM-C0404
cumulative,74,c02,4,days_0_250,CUM-C0404
cumulative,77,c02,4,days_0_250,CUM-C0404
cumulative,104,c02,4,days_0_250,CUM-C0404
cumulative,110,c02,4,days_0_250,CUM-C0404
cumulative,111,c02,4,days_0_250,CUM-C0404
cumulative,112,c02,4,days_0_250,CUM-C0404
cumulative,119,c02,4,days_0_250,CUM-C0404
cumulative,121,c02,4,days_0_250,CUM-C0404
cumulative,126,c02,4,days_0_250,CUM-C0404
cumulative,133,c02,4,days_0_250,CUM-C0404
cumulative,166,c02,4,days_0_250,CUM-C0404
cumulative,168,c02,4,days_0_250,CUM-C0404
cumulative,182,c02,4,days_0_250,CUM-C0404
cumulative,186,c02,4,days_0_250,CUM-C0404
cumulative,204,c02,4,days_0_250,CUM-C0404
cumulative,209,c02,4,days_0_250,CUM-C0404
cumulative,227,c02,4,days_0_250,CUM-C0404
cumulative,232,c02,4,days_0_250,CUM-C0404
cumulative,240,c02,4,days_0_250,CUM-C0404
cumulative,256,c02,4,days_0_250,CUM-C0404
cumulative,260,c02,4,days_0_250,CUM-C0404
cumulative,266,c02,4,days_0_250,CUM-C0404
cumulative,267,c02,4,days_0_250,CUM-C0404
cumulative,276,c02,4,days_0_250,CUM-C0404
cumulative,287,c02,4,days_0_250,CUM-C0404
cumulative,294,c02,4,days_0_250,CUM-C0404
cumulative,305,c02,4,days_0_250,CUM-C0404
cumulative,313,c02,4,days_0_250,CUM-C0404
cumulative,332,c02,4,days_0_250,CUM-C0404
cumulative,356,c02,4,days_0_250,CUM-C0404
cumulative,392,c02,4,days_0_250,CUM-C0404
cumulative,412,c02,4,days_0_250,CUM-C0404
cumulative,416,c02,4,days_0_250,CUM-C0404
cumulative,425,c02,4,days_0_250,CUM-C0404
cumulative,435,c02,4,days_0_250,CUM-C0404
cumulative,439,c02,4,days_0_250,CUM-C0404
cumulative,447,c02,4,days_0_250,CUM-C0404
cumulative,459,c02,4,days_0_250,CUM-C0404
cumulative,465,c02,4,days_0_250,CUM-C0404
cumulative,472,c02,4,days_0_250,CUM-C0404
cumulative,475,c02,4,days_0_250,CUM-C0404
cumulative,478,c02,4,days_0_250,CUM-C0404
cumulative,479,c02,4,days_0_250,CUM-C0404
cumulative,500,c02,4,days_0_250,CUM-C0404
cumulative,517,c02,4,days_0_250,CUM-C0404
cumulative,523,c02,4,days_0_250,CUM-C0404
cumulative,539,c02,4,days_0_250,CUM-C0404
cumulative,556,c02,4,days_0_250,CUM-C0404
cumulative,557,c02,4,days_0_250,CUM-C0404
cumulative,564,c02,4,days_0_250,CUM-C0404
cumulative,573,c02,4,days_0_250,CUM-C0404
cumulative,574,c02,4,days_0_250,CUM-C0404
cumulative,575,c02,4,days_0_250,CUM-C0404
cumulative,586,c02,4,days_0_250,CUM-C0404
cumulative,602,c02,4,days_0_250,CUM-C0404
cumulative,648,c02,4,days_0_250,CUM-C0404
cumulative,655,c02,4,days_0_250,CUM-C0404
cumulative,674,c02,4,days_0_250,CUM-C0404
cumulative,677,c02,4,days_0_250,CUM-C0404
cumulative,694,c02,4,days_0_250,CUM-C0404
cumulative,699,c02,4,days_0_250,CUM-C0404
cumulative,700,c02,4,days_0_250,CUM-C0404
cumulative,717,c02,4,days_0_250,CUM-C0404
cumulative,730,c02,4,days_0_250,CUM-C0404
cumulative,743,c02,4,days_0_250,CUM-C0404
cumulative,759,c02,4,days_0_250,CUM-C0404
cumulative,762,c02,4,days_0_250,CUM-C0404
cumulative,765,c02,4,days_0_250,CUM-C0404
cumulative,782,c02,4,days_0_250,CUM-C0404
cumulative,790,c02,4,days_0_250,CUM-C0404
cumulative,794,c02,4,days_0_250,CUM-C0404
cumulative,800,c02,4,days_0_250,CUM-C0404
cumulative,803,c02,4,days_0_250,CUM-C0404
cumulative,812,c02,4,days_0_250,CUM-C0404
cumulative,814,c02,4,days_0_250,CUM-C0404
cumulative,825,c02,4,days_0_250,CUM-C0404
cumulative,845,c02,4,days_0_250,CUM-C0404
cumulative,859,c02,4,days_0_250,CUM-C0404
cumulative,868,c02,4,days_0_250,CUM-C0404
cumulative,869,c02,4,days_0_250,CUM-C0404
cumulative,885,c02,4,days_0_250,CUM-C0404
cumulative,889,c02,4,days_0_250,CUM-C0404
cumulative,908,c02,4,days_0_250,CUM-C0404
cumulative,912,c02,4,days_0_250,CUM-C0404
cumulative,944,c02,4,days_0_250,CUM-C0404
cumulative,948,c02,4,days_0_250,CUM-C0404
cumulative,949,c02,4,days_0_250,CUM-C0404
cumulative,984,c02,4,days_0_250,CUM-C0404
cumulative,986,c02,4,days_0_250,CUM-C0404
cumulative,0,c03,4,days_0_250,CUM-C0403
cumulative,6,c03,4,days_0_250,CUM-C0403
cumulative,16,c03,4,days_0_250,CUM-C0403
cumulative,18,c03,4,days_0_250,CUM-C0403
cumulative,19,c03,4,days_0_250,CUM-C0403
cumulative,32,c03,4,days_0_250,CUM-C0403
cumulative,59,c03,4,days_0_250,CUM-C0403
cumulative,61,c03,4,days_0_250,CUM-C0403
cumulative,71,c03,4,days_0_250,CUM-C0403
cumulative,78,c03,4,days_0_250,CUM-C0403
cumulative,101,c03,4,days_0_250,CUM-C0403
cumulative,114,c03,4,days_0_250,CUM-C0403
cumulative,115,c03,4,days_0_250,CUM-C0403
cumulative,127,c03,4,days_0_250,CUM-C0403
cumulative,143,c03,4,days_0_250,CUM-C0403
cumulative,145,c03,4,days_0_250,CUM-C0403
cumulative,149,c03,4,days_0_250,CUM-C0403
cumulative,158,c03,4,days_0_250,CUM-C0403
cumulative,162,c03,4,days_0_250,CUM-C0403
cumulative,169,c03,4,days_0_250,CUM-C0403
cumulative,178,c03,4,days_0_250,CUM-C0403
cumulative,184,c03,4,days_0_250,CUM-C0403
cumulative,189,c03,4,days_0_250,CUM-C0403
cumulative,195,c03,4,days_0_250,CUM-C0403
cumulative,225,c03,4,days_0_250,CUM-C0403
cumulative,228,c03,4,days_0_250,CUM-C0403
cumulative,237,c03,4,days_0_250,CUM-C0403
cumulative,243,c03,4,days_0_250,CUM-C0403
cumulative,246,c03,4,days_0_250,CUM-C0403
cumulative,249,c03,4,days_0_250,CUM-C0403
cumulative,259,c03,4,days_0_250,CUM-C0403
cumulative,265,c03,4,days_0_250,CUM-C0403
cumulative,279,c03,4,days_0_250,CUM-C0403
cumulative,281,c03,4,days_0_250,CUM-C0403
cumulative,293,c03,4,days_0_250,CUM-C0403
cumulative,295,c03,4,days_0_250,CUM-C0403
cumulative,312,c03,4,days_0_250,CUM-C0403
cumulative,320,c03,4,days_0_250,CUM-C0403
cumulative,325,c03,4,days_0_250,CUM-C0403
cumulative,333,c03,4,days_0_250,CUM-C0403
cumulative,339,c03,4,days_0_250,CUM-C0403
cumulative,340,c03,4,days_0_250,CUM-C0403
cumulative,365,c03,4,days_0_250,CUM-C0403
cumulative,372,c03,4,days_0_250,CUM-C0403
cumulative,377,c03,4,days_0_250,CUM-C0403
cumulative,393,c03,4,days_0_250,CUM-C0403
cumulative,404,c03,4,days_0_250,CUM-C0403
cumulative,407,c03,4,days_0_250,CUM-C0403
cumulative,409,c03,4,days_0_250,CUM-C0403
cumulative,410,c03,4,days_0_250,CUM-C0403
cumulative,423,c03,4,days_0_250,CUM-C0403
cumulative,426,c03,4,days_0_250,CUM-C0403
cumulative,436,c03,4,days_0_250,CUM-C0403
cumulative,452,c03,4,days_0_250,CUM-C0403
cumulative,453,c03,4,days_0_250,CUM-C0403
cumulative,457,c03,4,days_0_250,CUM-C0403
cumulative,470,c03,4,days_0_250,CUM-C0403
cumulative,490,c03,4,days_0_250,CUM-C0403
cumulative,496,c03,4,days_0_250,CUM-C0403
cumulative,502,c03,4,days_0_250,CUM-C0403
cumulative,519,c03,4,days_0_250,CUM-C0403
cumulative,522,c03,4,days_0_250,CUM-C0403
cumulative,538,c03,4,days_0_250,CUM-C0403
cumulative,569,c03,4,days_0_250,CUM-C0403
cumulative,580,c03,4,days_0_250,CUM-C0403
cumulative,593,c03,4,days_0_250,CUM-C0403
cumulative,595,c03,4,days_0_250,CUM-C0403
cumulative,599,c03,4,days_0_250,CUM-C0403
cumulative,605,c03,4,days_0_250,CUM-C0403
cumulative,615,c03,4,days_0_250,CUM-C0403
cumulative,635,c03,4,days_0_250,CUM-C0403
cumulative,652,c03,4,days_0_250,CUM-C0403
cumulative,669,c03,4,days_0_250,CUM-C0403
cumulative,681,c03,4,days_0_250,CUM-C0403
cumulative,693,c03,4,days_0_250,CUM-C0403
cumulative,705,c03,4,days_0_250,CUM-C0403
cumulative,708,c03,4,days_0_250,CUM-C0403
cumulative,710,c03,4,days_0_250,CUM-C0403
cumulative,711,c03,4,days_0_250,CUM-C0403
cumulative,716,c03,4,days_0_250,CUM-C0403
cumulative,718,c03,4,days_0_250,CUM-C0403
cumulative,724,c03,4,days_0_250,CUM-C0403
cumulative,729,c03,4,days_0_250,CUM-C0403
cumulative,732,c03,4,days_0_250,CUM-C0403
cumulative,749,c03,4,days_0_250,CUM-C0403
cumulative,754,c03,4,days_0_250,CUM-C0403
cumulative,767,c03,4,days_0_250,CUM-C0403
cumulative,777,c03,4,days_0_250,CUM-C0403
cumulative,779,c03,4,days_0_250,CUM-C0403
cumulative,791,c03,4,days_0_250,CUM-C0403
cumulative,793,c03,4,days_0_250,CUM-C0403
cumulative,797,c03,4,days_0_250,CUM-C0403
cumulative,816,c03,4,days_0_250,CUM-C0403
cumulative,832,c03,4,days_0_250,CUM-C0403
cumulative,843,c03,4,days_0_250,CUM-C0403
cumulative,861,c03,4,days_0_250,CUM-C0403
cumulative,862,c03,4,days_0_250,CUM-C0403
cumulative,866,c03,4,days_0_250,CUM-C0403
cumulative,876,c03,4,days_0_250,CUM-C0403
cumulative,883,c03,4,days_0_250,CUM-C0403
cumulative,884,c03,4,days_0_250,CUM-C0403
cumulative,896,c03,4,days_0_250,CUM-C0403
cumulative,904,c03,4,days_0_250,CUM-C0403
cumulative,905,c03,4,days_0_250,CUM-C0403
cumulative,907,c03,4,days_0_250,CUM-C0403
cumulative,916,c03,4,days_0_250,CUM-C0403
cumulative,934,c03,4,days_0_250,CUM-C0403
cumulative,970,c03,4,days_0_250,CUM-C0403
cumulative,976,c03,4,days_0_250,CUM-C0403
cumulative,991,c03,4,days_0_250,CUM-C0403
cumulative,999,c03,4,days_0_250,CUM-C0403
cumulative,1,c04,4,days_0_250,CUM-C0405
cumulative,38,c04,4,days_0_250,CUM-C0405
cumulative,42,c04,4,days_0_250,CUM-C0405
cumulative,46,c04,4,days_0_250,CUM-C0405
cumulative,50,c04,4,days_0_250,CUM-C0405
cumulative,64,c04,4,days_0_250,CUM-C0405
cumulative,69,c04,4,days_0_250,CUM-C0405
cumulative,76,c04,4,days_0_250,CUM-C0405
cumulative,84,c04,4,days_0_250,CUM-C0405
cumulative,96,c04,4,days_0_250,CUM-C0405
cumulative,97,c04,4,days_0_250,CUM-C0405
cumulative,102,c04,4,days_0_250,CUM-C0405
cumulative,103,c04,4,days_0_250,CUM-C0405
cumulative,106,c04,4,days_0_250,CUM-C0405
cumulative,125,c04,4,days_0_250,CUM-C0405
cumulative,132,c04,4,days_0_250,CUM-C0405
cumulative,139,c04,4,days_0_250,CUM-C0405
cumulative,154,c04,4,days_0_250,CUM-C0405
cumulative,164,c04,4,days_0_250,CUM-C0405
cumulative,172,c04,4,days_0_250,CUM-C0405
cumulative,174,c04,4,days_0_250,CUM-C0405
cumulative,206,c04,4,days_0_250,CUM-C0405
cumulative,223,c04,4,days_0_250,CUM-C0405
cumulative,299,c04,4,days_0_250,CUM-C0405
cumulative,303,c04,4,days_0_250,CUM-C0405
cumulative,309,c04,4,days_0_250,CUM-C0405
cumulative,310,c04,4,days_0_250,CUM-C0405
cumulative,322,c04,4,days_0_250,CUM-C0405
cumulative,323,c04,4,days_0_250,CUM-C0405
cumulative,324,c04,4,days_0_250,CUM-C0405
cumulative,337,c04,4,days_0_250,CUM-C0405
cumulative,343,c04,4,days_0_250,CUM-C0405
cumulative,346,c04,4,days_0_250,CUM-C0405
cumulative,368,c04,4,days_0_250,CUM-C0405
cumulative,378,c04,4,days_0_250,CUM-C0405
cumulative,388,c04,4,days_0_250,CUM-C0405
cumulative,395,c04,4,days_0_250,CUM-C0405
cumulative,399,c04,4,days_0_250,CUM-C0405
cumulative,402,c04,4,days_0_250,CUM-C0405
cumulative,420,c04,4,days_0_250,CUM-C0405
cumulative,460,c04,4,days_0_250,CUM-C0405
cumulative,474,c04,4,days_0_250,CUM-C0405
cumulative,477,c04,4,days_0_250,CUM-C0405
cumulative,487,c04,4,days_0_250,CUM-C0405
cumulative,489,c04,4,days_0_250,CUM-C0405
cumulative,498,c04,4,days_0_250,CUM-C0405
cumulative,501,c04,4,days_0_250,CUM-C0405
cumulative,505,c04,4,days_0_250,CUM-C0405
cumulative,509,c04,4,days_0_250,CUM-C0405
cumulative,510,c04,4,days_0_250,CUM-C0405
cumulative,514,c04,4,days_0_250,CUM-C0405
cumulative,524,c04,4,days_0_250,CUM-C0405
cumulative,534,c04,4,days_0_250,CUM-C0405
cumulative,548,c04,4,days_0_250,CUM-C0405
cumulative,559,c04,4,days_0_250,CUM-C0405
cumulative,562,c04,4,days_0_250,CUM-C0405
cumulative,603,c04,4,days_0_250,CUM-C0405
cumulative,622,c04,4,days_0_250,CUM-C0405
cumulative,634,c04,4,days_0_250,CUM-C0405
cumulative,638,c04,4,days_0_250,CUM-C0405
cumulative,649,c04,4,days_0_250,CUM-C0405
cumulative,663,c04,4,days_0_250,CUM-C0405
cumulative,676,c04,4,days_0_250,CUM-C0405
cumulative,706,c04,4,days_0_250,CUM-C0405
cumulative,735,c04,4,days_0_250,CUM-C0405
cumulative,740,c04,4,days_0_250,CUM-C0405
cumulative,768,c04,4,days_0_250,CUM-C0405
cumulative,780,c04,4,days_0_250,CUM-C0405
cumulative,788,c04,4,days_0_250,CUM-C0405
cumulative,822,c04,4,days_0_250,CUM-C0405
cumulative,842,c04,4,days_0_250,CUM-C0405
cumulative,853,c04,4,days_0_250,CUM-C0405
cumulative,879,c04,4,days_0_250,CUM-C0405
cumulative,893,c04,4,days_0_250,CUM-C0405
cumulative,939,c04,4,days_0_250,CUM-C0405
cumulative,950,c04,4,days_0_250,CUM-C0405
cumulative,5,c05,4,days_0_250,CUM-C0402
cumulative,7,c05,4,days_0_250,CUM-C0402
cumulative,10,c05,4,days_0_250,CUM-C0402
cumulative,13,c05,4,days_0_250,CUM-C0402
cumulative,14,c05,4,days_0_250,CUM-C0402
cumulative,29,c05,4,days_0_250,CUM-C0402
cumulative,49,c05,4,days_0_250,CUM-C0402
cumulative,105,c05,4,days_0_250,CUM-C0402
cumulative,107,c05,4,days_0_250,CUM-C0402
cumulative,118,c05,4,days_0_250,CUM-C0402
cumulative,131,c05,4,days_0_250,CUM-C0402
cumulative,153,c05,4,days_0_250,CUM-C0402
cumulative,173,c05,4,days_0_250,CUM-C0402
cumulative,175,c05,4,days_0_250,CUM-C0402
cumulative,180,c05,4,days_0_250,CUM-C0402
cumulative,183,c05,4,days_0_250,CUM-C0402
cumulative,192,c05,4,days_0_250,CUM-C0402
cumulative,199,c05,4,days_0_250,CUM-C0402
cumulative,201,c05,4,days_0_250,CUM-C0402
cumulative,208,c05,4,days_0_250,CUM-C0402
cumulative,215,c05,4,days_0_250,CUM-C0402
cumulative,217,c05,4,days_0_250,CUM-C0402
cumulative,222,c05,4,days_0_250,CUM-C0402
cumulative,226,c05,4,days_0_250,CUM-C0402
cumulative,236,c05,4,days_0_250,CUM-C0402
cumulative,238,c05,4,days_0_250,CUM-C0402
cumulative,248,c05,4,days_0_250,CUM-C0402
cumulative,252,c05,4,days_0_250,CUM-C0402
cumulative,270,c05,4,days_0_250,CUM-C0402
cumulative,273,c05,4,days_0_250,CUM-C0402
cumulative,275,c05,4,days_0_250,CUM-C0402
cumulative,327,c05,4,days_0_250,CUM-C0402
cumulative,328,c05,4,days_0_250,CUM-C0402
cumulative,331,c05,4,days_0_250,CUM-C0402
cumulative,335,c05,4,days_0_250,CUM-C0402
cumulative,357,c05,4,days_0_250,CUM-C0402
cumulative,359,c05,4,days_0_250,CUM-C0402
cumulative,381,c05,4,days_0_250,CUM-C0402
cumulative,382,c05,4,days_0_250,CUM-C0402
cumulative,385,c05,4,days_0_250,CUM-C0402
cumulative,396,c05,4,days_0_250,CUM-C0402
cumulative,411,c05,4,days_0_250,CUM-C0402
cumulative,418,c05,4,days_0_250,CUM-C0402
cumulative,437,c05,4,days_0_250,CUM-C0402
cumulative,440,c05,4,days_0_250,CUM-C0402
cumulative,442,c05,4,days_0_250,CUM-C0402
cumulative,446,c05,4,days_0_250,CUM-C0402
cumulative,464,c05,4,days_0_250,CUM-C0402
cumulative,467,c05,4,days_0_250,CUM-C0402
cumulative,468,c05,4,days_0_250,CUM-C0402
cumulative,473,c05,4,days_0_250,CUM-C0402
cumulative,491,c05,4,days_0_250,CUM-C0402
cumulative,492,c05,4,days_0_250,CUM-C0402
cumulative,497,c05,4,days_0_250,CUM-C0402
cumulative,506,c05,4,days_0_250,CUM-C0402
cumulative,508,c05,4,days_0_250,CUM-C0402
cumulative,516,c05,4,days_0_250,CUM-C0402
cumulative,532,c05,4,days_0_250,CUM-C0402
cumulative,537,c05,4,days_0_250,CUM-C0402
cumulative,541,c05,4,days_0_250,CUM-C0402
cumulative,553,c05,4,days_0_250,CUM-C0402
cumulative,576,c05,4,days_0_250,CUM-C0402
cumulative,597,c05,4,days_0_250,CUM-C0402
cumulative,616,c05,4,days_0_250,CUM-C0402
cumulative,639,c05,4,days_0_250,CUM-C0402
cumulative,644,c05,4,days_0_250,CUM-C0402
cumulative,650,c05,4,days_0_250,CUM-C0402
cumulative,653,c05,4,days_0_250,CUM-C0402
cumulative,654,c05,4,days_0_250,CUM-C0402
cumulative,657,c05,4,days_0_250,CUM-C0402
cumulative,664,c05,4,days_0_250,CUM-C0402
cumulative,666,c05,4,days_0_250,CUM-C0402
cumulative,670,c05,4,days_0_250,CUM-C0402
cumulative,682,c05,4,days_0_250,CUM-C0402
cumulative,688,c05,4,days_0_250,CUM-C0402
cumulative,690,c05,4,days_0_250,CUM-C0402
cumulative,702,c05,4,days_0_250,CUM-C0402
cumulative,719,c05,4,days_0_250,CUM-C0402
cumulative,726,c05,4,days_0_250,CUM-C0402
cumulative,727,c05,4,days_0_250,CUM-C0402
cumulative,737,c05,4,days_0_250,CUM-C0402
cumulative,738,c05,4,days_0_250,CUM-C0402
cumulative,745,c05,4,days_0_250,CUM-C0402
cumulative,747,c05,4,days_0_250,CUM-C0402
cumulative,761,c05,4,days_0_250,CUM-C0402
cumulative,783,c05,4,days_0_250,CUM-C0402
cumulative,796,c05,4,days_0_250,CUM-C0402
cumulative,801,c05,4,days_0_250,CUM-C0402
cumulative,804,c05,4,days_0_250,CUM-C0402
cumulative,808,c05,4,days_0_250,CUM-C0402
cumulative,810,c05,4,days_0_250,CUM-C0402
cumulative,820,c05,4,days_0_250,CUM-C0402
cumulative,828,c05,4,days_0_250,CUM-C0402
cumulative,829,c05,4,days_0_250,CUM-C0402
cumulative,837,c05,4,days_0_250,CUM-C0402
cumulative,839,c05,4,days_0_250,CUM-C0402
cumulative,849,c05,4,days_0_250,CUM-C0402
cumulative,850,c05,4,days_0_250,CUM-C0402
cumulative,881,c05,4,days_0_250,CUM-C0402
cumulative,897,c05,4,days_0_250,CUM-C0402
cumulative,898,c05,4,days_0_250,CUM-C0402
cumulative,899,c05,4,days_0_250,CUM-C0402
cumulative,911,c05,4,days_0_250,CUM-C0402
cumulative,921,c05,4,days_0_250,CUM-C0402
cumulative,924,c05,4,days_0_250,CUM-C0402
cumulative,928,c05,4,days_0_250,CUM-C0402
cumulative,945,c05,4,days_0_250,CUM-C0402
cumulative,951,c05,4,days_0_250,CUM-C0402
cumulative,958,c05,4,days_0_250,CUM-C0402
cumulative,967,c05,4,days_0_250,CUM-C0402
cumulative,969,c05,4,days_0_250,CUM-C0402
cumulative,977,c05,4,days_0_250,CUM-C0402
cumulative,979,c05,4,days_0_250,CUM-C0402
cumulative,980,c05,4,days_0_250,CUM-C0402
cumulative,985,c05,4,days_0_250,CUM-C0402
cumulative,996,c05,4,days_0_250,CUM-C0402
cumulative,1001,c05,4,days_0_250,CUM-C0402
cumulative,1004,c05,4,days_0_250,CUM-C0402
cumulative,24,c06,4,days_0_250,CUM-C0406
cumulative,35,c06,4,days_0_250,CUM-C0406
cumulative,87,c06,4,days_0_250,CUM-C0406
cumulative,141,c06,4,days_0_250,CUM-C0406
cumulative,148,c06,4,days_0_250,CUM-C0406
cumulative,160,c06,4,days_0_250,CUM-C0406
cumulative,167,c06,4,days_0_250,CUM-C0406
cumulative,181,c06,4,days_0_250,CUM-C0406
cumulative,188,c06,4,days_0_250,CUM-C0406
cumulative,190,c06,4,days_0_250,CUM-C0406
cumulative,202,c06,4,days_0_250,CUM-C0406
cumulative,207,c06,4,days_0_250,CUM-C0406
cumulative,241,c06,4,days_0_250,CUM-C0406
cumulative,274,c06,4,days_0_250,CUM-C0406
cumulative,280,c06,4,days_0_250,CUM-C0406
cumulative,286,c06,4,days_0_250,CUM-C0406
cumulative,288,c06,4,days_0_250,CUM-C0406
cumulative,301,c06,4,days_0_250,CUM-C0406
cumulative,353,c06,4,days_0_250,CUM-C0406
cumulative,360,c06,4,days_0_250,CUM-C0406
cumulative,373,c06,4,days_0_250,CUM-C0406
cumulative,391,c06,4,days_0_250,CUM-C0406
cumulative,408,c06,4,days_0_250,CUM-C0406
cumulative,414,c06,4,days_0_250,CUM-C0406
cumulative,421,c06,4,days_0_250,CUM-C0406
cumulative,424,c06,4,days_0_250,CUM-C0406
cumulative,431,c06,4,days_0_250,CUM-C0406
cumulative,445,c06,4,days_0_250,CUM-C0406
cumulative,469,c06,4,days_0_250,CUM-C0406
cumulative,493,c06,4,days_0_250,CUM-C0406
cumulative,512,c06,4,days_0_250,CUM-C0406
cumulative,526,c06,4,days_0_250,CUM-C0406
cumulative,530,c06,4,days_0_250,CUM-C0406
cumulative,547,c06,4,days_0_250,CUM-C0406
cumulative,552,c06,4,days_0_250,CUM-C0406
cumulative,561,c06,4,days_0_250,CUM-C0406
cumulative,614,c06,4,days_0_250,CUM-C0406
cumulative,629,c06,4,days_0_250,CUM-C0406
cumulative,630,c06,4,days_0_250,CUM-C0406
cumulative,631,c06,4,days_0_250,CUM-C0406
cumulative,643,c06,4,days_0_250,CUM-C0406
cumulative,645,c06,4,days_0_250,CUM-C0406
cumulative,656,c06,4,days_0_250,CUM-C0406
cumulative,658,c06,4,days_0_250,CUM-C0406
cumulative,685,c06,4,days_0_250,CUM-C0406
cumulative,709,c06,4,days_0_250,CUM-C0406
cumulative,795,c06,4,days_0_250,CUM-C0406
cumulative,817,c06,4,days_0_250,CUM-C0406
cumulative,824,c06,4,days_0_250,CUM-C0406
cumulative,846,c06,4,days_0_250,CUM-C0406
cumulative,847,c06,4,days_0_250,CUM-C0406
cumulative,851,c06,4,days_0_250,CUM-C0406
cumulative,858,c06,4,days_0_250,CUM-C0406
cumulative,891,c06,4,days_0_250,CUM-C0406
cumulative,894,c06,4,days_0_250,CUM-C0406
cumulative,920,c06,4,days_0_250,CUM-C0406
cumulative,954,c06,4,days_0_250,CUM-C0406
cumulative,957,c06,4,days_0_250,CUM-C0406
cumulative,978,c06,4,days_0_250,CUM-C0406
cumulative,988,c06,4,days_0_250,CUM-C0406
cumulative,28,c08,4,days_0_250,CUM-C0408
cumulative,56,c08,4,days_0_250,CUM-C0408
cumulative,68,c08,4,days_0_250,CUM-C0408
cumulative,95,c08,4,days_0_250,CUM-C0408
cumulative,170,c08,4,days_0_250,CUM-C0408
cumulative,176,c08,4,days_0_250,CUM-C0408
cumulative,231,c08,4,days_0_250,CUM-C0408
cumulative,245,c08,4,days_0_250,CUM-C0408
cumulative,251,c08,4,days_0_250,CUM-C0408
cumulative,264,c08,4,days_0_250,CUM-C0408
cumulative,269,c08,4,days_0_250,CUM-C0408
cumulative,311,c08,4,days_0_250,CUM-C0408
cumulative,329,c08,4,days_0_250,CUM-C0408
cumulative,338,c08,4,days_0_250,CUM-C0408
cumulative,350,c08,4,days_0_250,CUM-C0408
cumulative,361,c08,4,days_0_250,CUM-C0408
cumulative,364,c08,4,days_0_250,CUM-C0408
cumulative,375,c08,4,days_0_250,CUM-C0408
cumulative,427,c08,4,days_0_250,CUM-C0408
cumulative,432,c08,4,days_0_250,CUM-C0408
cumulative,433,c08,4,days_0_250,CUM-C0408
cumulative,461,c08,4,days_0_250,CUM-C0408
cumulative,480,c08,4,days_0_250,CUM-C0408
cumulative,482,c08,4,days_0_250,CUM-C0408
cumulative,511,c08,4,days_0_250,CUM-C0408
cumulative,531,c08,4,days_0_250,CUM-C0408
cumulative,540,c08,4,days_0_250,CUM-C0408
cumulative,582,c08,4,days_0_250,CUM-C0408
cumulative,588,c08,4,days_0_250,CUM-C0408
cumulative,606,c08,4,days_0_250,CUM-C0408
cumulative,624,c08,4,days_0_250,CUM-C0408
cumulative,641,c08,4,days_0_250,CUM-C0408
cumulative,697,c08,4,days_0_250,CUM-C0408
cumulative,698,c08,4,days_0_250,CUM-C0408
cumulative,733,c08,4,days_0_250,CUM-C0408
cumulative,734,c08,4,days_0_250,CUM-C0408
cumulative,736,c08,4,days_0_250,CUM-C0408
cumulative,764,c08,4,days_0_250,CUM-C0408
cumulative,773,c08,4,days_0_250,CUM-C0408
cumulative,789,c08,4,days_0_250,CUM-C0408
cumulative,809,c08,4,days_0_250,CUM-C0408
cumulative,815,c08,4,days_0_250,CUM-C0408
cumulative,819,c08,4,days_0_250,CUM-C0408
cumulative,836,c08,4,days_0_250,CUM-C0408
cumulative,840,c08,4,days_0_250,CUM-C0408
cumulative,855,c08,4,days_0_250,CUM-C0408
cumulative,872,c08,4,days_0_250,CUM-C0408
cumulative,873,c08,4,days_0_250,CUM-C0408
cumulative,910,c08,4,days_0_250,CUM-C0408
cumulative,925,c08,4,days_0_250,CUM-C0408
cumulative,955,c08,4,days_0_250,CUM-C0408
cumulative,983,c08,4,days_0_250,CUM-C0408
cumulative,987,c08,4,days_0_250,CUM-C0408
cumulative,994,c08,4,days_0_250,CUM-C0408
cumulative,995,c08,4,days_0_250,CUM-C0408
cumulative,25,c09,4,days_0_250,CUM-C0409
cumulative,41,c09,4,days_0_250,CUM-C0409
cumulative,44,c09,4,days_0_250,CUM-C0409
cumulative,48,c09,4,days_0_250,CUM-C0409
cumulative,73,c09,4,days_0_250,CUM-C0409
cumulative,85,c09,4,days_0_250,CUM-C0409
cumulative,216,c09,4,days_0_250,CUM-C0409
cumulative,318,c09,4,days_0_250,CUM-C0409
cumulative,319,c09,4,days_0_250,CUM-C0409
cumulative,321,c09,4,days_0_250,CUM-C0409
cumulative,366,c09,4,days_0_250,CUM-C0409
cumulative,386,c09,4,days_0_250,CUM-C0409
cumulative,434,c09,4,days_0_250,CUM-C0409
cumulative,458,c09,4,days_0_250,CUM-C0409
cumulative,481,c09,4,days_0_250,CUM-C0409
cumulative,499,c09,4,days_0_250,CUM-C0409
cumulative,558,c09,4,days_0_250,CUM-C0409
cumulative,565,c09,4,days_0_250,CUM-C0409
cumulative,600,c09,4,days_0_250,CUM-C0409
cumulative,618,c09,4,days_0_250,CUM-C0409
cumulative,672,c09,4,days_0_250,CUM-C0409
cumulative,679,c09,4,days_0_250,CUM-C0409
cumulative,684,c09,4,days_0_250,CUM-C0409
cumulative,704,c09,4,days_0_250,CUM-C0409
cumulative,723,c09,4,days_0_250,CUM-C0409
cumulative,753,c09,4,days_0_250,CUM-C0409
cumulative,758,c09,4,days_0_250,CUM-C0409
cumulative,844,c09,4,days_0_250,CUM-C0409
cumulative,918,c09,4,days_0_250,CUM-C0409
cumulative,956,c09,4,days_0_250,CUM-C0409
cumulative,1002,c09,4,days_0_250,CUM-C0409
cumulative,17,c11,4,days_0_250,CUM-C0410
cumulative,31,c11,4,days_0_250,CUM-C0410
cumulative,67,c11,4,days_0_250,CUM-C0410
cumulative,92,c11,4,days_0_250,CUM-C0410
cumulative,122,c11,4,days_0_250,CUM-C0410
cumulative,136,c11,4,days_0_250,CUM-C0410
cumulative,142,c11,4,days_0_250,CUM-C0410
cumulative,165,c11,4,days_0_250,CUM-C0410
cumulative,200,c11,4,days_0_250,CUM-C0410
cumulative,302,c11,4,days_0_250,CUM-C0410
cumulative,316,c11,4,days_0_250,CUM-C0410
cumulative,341,c11,4,days_0_250,CUM-C0410
cumulative,344,c11,4,days_0_250,CUM-C0410
cumulative,349,c11,4,days_0_250,CUM-C0410
cumulative,428,c11,4,days_0_250,CUM-C0410
cumulative,543,c11,4,days_0_250,CUM-C0410
cumulative,647,c11,4,days_0_250,CUM-C0410
cumulative,739,c11,4,days_0_250,CUM-C0410
cumulative,831,c11,4,days_0_250,CUM-C0410
cumulative,838,c11,4,days_0_250,CUM-C0410
cumulative,857,c11,4,days_0_250,CUM-C0410
cumulative,915,c11,4,days_0_250,CUM-C0410
cumulative,952,c11,4,days_0_250,CUM-C0410
cumulative,953,c11,4,days_0_250,CUM-C0410
cumulative,963,c11,4,days_0_250,CUM-C0410
cumulative,971,c11,4,days_0_250,CUM-C0410
cumulative,990,c11,4,days_0_250,CUM-C0410
cumulative,11,c01,5,days_0_300,CUM-C0501
cumulative,26,c01,5,days_0_300,CUM-C0501
cumulative,27,c01,5,days_0_300,CUM-C0501
cumulative,34,c01,5,days_0_300,CUM-C0501
cumulative,36,c01,5,days_0_300,CUM-C0501
cumulative,39,c01,5,days_0_300,CUM-C0501
cumulative,40,c01,5,days_0_300,CUM-C0501
cumulative,49,c01,5,days_0_300,CUM-C0501
cumulative,53,c01,5,days_0_300,CUM-C0501
cumulative,60,c01,5,days_0_300,CUM-C0501
cumulative,65,c01,5,days_0_300,CUM-C0501
cumulative,75,c01,5,days_0_300,CUM-C0501
cumulative,79,c01,5,days_0_300,CUM-C0501
cumulative,83,c01,5,days_0_300,CUM-C0501
cumulative,86,c01,5,days_0_300,CUM-C0501
cumulative,90,c01,5,days_0_300,CUM-C0501
cumulative,91,c01,5,days_0_300,CUM-C0501
cumulative,116,c01,5,days_0_300,CUM-C0501
cumulative,120,c01,5,days_0_300,CUM-C0501
cumulative,137,c01,5,days_0_300,CUM-C0501
cumulative,144,c01,5,days_0_300,CUM-C0501
cumulative,146,c01,5,days_0_300,CUM-C0501
cumulative,147,c01,5,days_0_300,CUM-C0501
cumulative,151,c01,5,days_0_300,CUM-C0501
cumulative,152,c01,5,days_0_300,CUM-C0501
cumulative,157,c01,5,days_0_300,CUM-C0501
cumulative,159,c01,5,days_0_300,CUM-C0501
cumulative,161,c01,5,days_0_300,CUM-C0501
cumulative,171,c01,5,days_0_300,CUM-C0501
cumulative,179,c01,5,days_0_300,CUM-C0501
cumulative,185,c01,5,days_0_300,CUM-C0501
cumulative,187,c01,5,days_0_300,CUM-C0501
cumulative,191,c01,5,days_0_300,CUM-C0501
cumulative,193,c01,5,days_0_300,CUM-C0501
cumulative,194,c01,5,days_0_300,CUM-C0501
cumulative,197,c01,5,days_0_300,CUM-C0501
cumulative,198,c01,5,days_0_300,CUM-C0501
cumulative,203,c01,5,days_0_300,CUM-C0501
cumulative,212,c01,5,days_0_300,CUM-C0501
cumulative,214,c01,5,days_0_300,CUM-C0501
cumulative,218,c01,5,days_0_300,CUM-C0501
cumulative,220,c01,5,days_0_300,CUM-C0501
cumulative,221,c01,5,days_0_300,CUM-C0501
cumulative,229,c01,5,days_0_300,CUM-C0501
cumulative,230,c01,5,days_0_300,CUM-C0501
cumulative,233,c01,5,days_0_300,CUM-C0501
cumulative,235,c01,5,days_0_300,CUM-C0501
cumulative,239,c01,5,days_0_300,CUM-C0501
cumulative,242,c01,5,days_0_300,CUM-C0501
cumulative,244,c01,5,days_0_300,CUM-C0501
cumulative,248,c01,5,days_0_300,CUM-C0501
cumulative,253,c01,5,days_0_300,CUM-C0501
cumulative,254,c01,5,days_0_300,CUM-C0501
cumulative,255,c01,5,days_0_300,CUM-C0501
cumulative,271,c01,5,days_0_300,CUM-C0501
cumulative,272,c01,5,days_0_300,CUM-C0501
cumulative,273,c01,5,days_0_300,CUM-C0501
cumulative,277,c01,5,days_0_300,CUM-C0501
cumulative,283,c01,5,days_0_300,CUM-C0501
cumulative,285,c01,5,days_0_300,CUM-C0501
cumulative,290,c01,5,days_0_300,CUM-C0501
cumulative,306,c01,5,days_0_300,CUM-C0501
cumulative,307,c01,5,days_0_300,CUM-C0501
cumulative,308,c01,5,days_0_300,CUM-C0501
cumulative,326,c01,5,days_0_300,CUM-C0501
cumulative,334,c01,5,days_0_300,CUM-C0501
cumulative,347,c01,5,days_0_300,CUM-C0501
cumulative,352,c01,5,days_0_300,CUM-C0501
cumulative,355,c01,5,days_0_300,CUM-C0501
cumulative,379,c01,5,days_0_300,CUM-C0501
cumulative,380,c01,5,days_0_300,CUM-C0501
cumulative,394,c01,5,days_0_300,CUM-C0501
cumulative,397,c01,5,days_0_300,CUM-C0501
cumulative,398,c01,5,days_0_300,CUM-C0501
cumulative,400,c01,5,days_0_300,CUM-C0501
cumulative,413,c01,5,days_0_300,CUM-C0501
cumulative,430,c01,5,days_0_300,CUM-C0501
cumulative,443,c01,5,days_0_300,CUM-C0501
cumulative,450,c01,5,days_0_300,CUM-C0501
cumulative,462,c01,5,days_0_300,CUM-C0501
cumulative,466,c01,5,days_0_300,CUM-C0501
cumulative,471,c01,5,days_0_300,CUM-C0501
cumulative,476,c01,5,days_0_300,CUM-C0501
cumulative,483,c01,5,days_0_300,CUM-C0501
cumulative,488,c01,5,days_0_300,CUM-C0501
cumulative,492,c01,5,days_0_300,CUM-C0501
cumulative,495,c01,5,days_0_300,CUM-C0501
cumulative,533,c01,5,days_0_300,CUM-C0501
cumulative,544,c01,5,days_0_300,CUM-C0501
cumulative,546,c01,5,days_0_300,CUM-C0501
cumulative,550,c01,5,days_0_300,CUM-C0501
cumulative,554,c01,5,days_0_300,CUM-C0501
cumulative,566,c01,5,days_0_300,CUM-C0501
cumulative,568,c01,5,days_0_300,CUM-C0501
cumulative,570,c01,5,days_0_300,CUM-C0501
cumulative,571,c01,5,days_0_300,CUM-C0501
cumulative,572,c01,5,days_0_300,CUM-C0501
cumulative,577,c01,5,days_0_300,CUM-C0501
cumulative,578,c01,5,days_0_300,CUM-C0501
cumulative,590,c01,5,days_0_300,CUM-C0501
cumulative,591,c01,5,days_0_300,CUM-C0501
cumulative,596,c01,5,days_0_300,CUM-C0501
cumulative,598,c01,5,days_0_300,CUM-C0501
cumulative,607,c01,5,days_0_300,CUM-C0501
cumulative,609,c01,5,days_0_300,CUM-C0501
cumulative,612,c01,5,days_0_300,CUM-C0501
cumulative,613,c01,5,days_0_300,CUM-C0501
cumulative,619,c01,5,days_0_300,CUM-C0501
cumulative,623,c01,5,days_0_300,CUM-C0501
cumulative,625,c01,5,days_0_300,CUM-C0501
cumulative,626,c01,5,days_0_300,CUM-C0501
cumulative,627,c01,5,days_0_300,CUM-C0501
cumulative,633,c01,5,days_0_300,CUM-C0501
cumulative,640,c01,5,days_0_300,CUM-C0501
cumulative,642,c01,5,days_0_300,CUM-C0501
cumulative,651,c01,5,days_0_300,CUM-C0501
cumulative,659,c01,5,days_0_300,CUM-C0501
cumulative,660,c01,5,days_0_300,CUM-C0501
cumulative,661,c01,5,days_0_300,CUM-C0501
cumulative,662,c01,5,days_0_300,CUM-C0501
cumulative,665,c01,5,days_0_300,CUM-C0501
cumulative,668,c01,5,days_0_300,CUM-C0501
cumulative,671,c01,5,days_0_300,CUM-C0501
cumulative,673,c01,5,days_0_300,CUM-C0501
cumulative,677,c01,5,days_0_300,CUM-C0501
cumulative,678,c01,5,days_0_300,CUM-C0501
cumulative,686,c01,5,days_0_300,CUM-C0501
cumulative,687,c01,5,days_0_300,CUM-C0501
cumulative,692,c01,5,days_0_300,CUM-C0501
cumulative,695,c01,5,days_0_300,CUM-C0501
cumulative,696,c01,5,days_0_300,CUM-C0501
cumulative,703,c01,5,days_0_300,CUM-C0501
cumulative,712,c01,5,days_0_300,CUM-C0501
cumulative,714,c01,5,days_0_300,CUM-C0501
cumulative,715,c01,5,days_0_300,CUM-C0501
cumulative,734,c01,5,days_0_300,CUM-C0501
cumulative,742,c01,5,days_0_300,CUM-C0501
cumulative,746,c01,5,days_0_300,CUM-C0501
cumulative,748,c01,5,days_0_300,CUM-C0501
cumulative,752,c01,5,days_0_300,CUM-C0501
cumulative,763,c01,5,days_0_300,CUM-C0501
cumulative,769,c01,5,days_0_300,CUM-C0501
cumulative,771,c01,5,days_0_300,CUM-C0501
cumulative,772,c01,5,days_0_300,CUM-C0501
cumulative,775,c01,5,days_0_300,CUM-C0501
cumulative,776,c01,5,days_0_300,CUM-C0501
cumulative,784,c01,5,days_0_300,CUM-C0501
cumulative,787,c01,5,days_0_300,CUM-C0501
cumulative,798,c01,5,days_0_300,CUM-C0501
cumulative,802,c01,5,days_0_300,CUM-C0501
cumulative,805,c01,5,days_0_300,CUM-C0501
cumulative,807,c01,5,days_0_300,CUM-C0501
cumulative,830,c01,5,days_0_300,CUM-C0501
cumulative,833,c01,5,days_0_300,CUM-C0501
cumulative,834,c01,5,days_0_300,CUM-C0501
cumulative,835,c01,5,days_0_300,CUM-C0501
cumulative,841,c01,5,days_0_300,CUM-C0501
cumulative,852,c01,5,days_0_300,CUM-C0501
cumulative,863,c01,5,days_0_300,CUM-C0501
cumulative,865,c01,5,days_0_300,CUM-C0501
cumulative,875,c01,5,days_0_300,CUM-C0501
cumulative,877,c01,5,days_0_300,CUM-C0501
cumulative,882,c01,5,days_0_300,CUM-C0501
cumulative,890,c01,5,days_0_300,CUM-C0501
cumulative,900,c01,5,days_0_300,CUM-C0501
cumulative,901,c01,5,days_0_300,CUM-C0501
cumulative,910,c01,5,days_0_300,CUM-C0501
cumulative,923,c01,5,days_0_300,CUM-C0501
cumulative,926,c01,5,days_0_300,CUM-C0501
cumulative,930,c01,5,days_0_300,CUM-C0501
cumulative,931,c01,5,days_0_300,CUM-C0501
cumulative,933,c01,5,days_0_300,CUM-C0501
cumulative,935,c01,5,days_0_300,CUM-C0501
cumulative,938,c01,5,days_0_300,CUM-C0501
cumulative,940,c01,5,days_0_300,CUM-C0501
cumulative,951,c01,5,days_0_300,CUM-C0501
cumulative,960,c01,5,days_0_300,CUM-C0501
cumulative,966,c01,5,days_0_300,CUM-C0501
cumulative,972,c01,5,days_0_300,CUM-C0501
cumulative,975,c01,5,days_0_300,CUM-C0501
cumulative,992,c01,5,days_0_300,CUM-C0501
cumulative,993,c01,5,days_0_300,CUM-C0501
cumulative,997,c01,5,days_0_300,CUM-C0501
cumulative,2,c02,5,days_0_300,CUM-C0503
cumulative,9,c02,5,days_0_300,CUM-C0503
cumulative,23,c02,5,days_0_300,CUM-C0503
cumulative,30,c02,5,days_0_300,CUM-C0503
cumulative,37,c02,5,days_0_300,CUM-C0503
cumulative,43,c02,5,days_0_300,CUM-C0503
cumulative,45,c02,5,days_0_300,CUM-C0503
cumulative,52,c02,5,days_0_300,CUM-C0503
cumulative,66,c02,5,days_0_300,CUM-C0503
cumulative,74,c02,5,days_0_300,CUM-C0503
cumulative,77,c02,5,days_0_300,CUM-C0503
cumulative,80,c02,5,days_0_300,CUM-C0503
cumulative,94,c02,5,days_0_300,CUM-C0503
cumulative,104,c02,5,days_0_300,CUM-C0503
cumulative,110,c02,5,days_0_300,CUM-C0503
cumulative,111,c02,5,days_0_300,CUM-C0503
cumulative,112,c02,5,days_0_300,CUM-C0503
cumulative,119,c02,5,days_0_300,CUM-C0503
cumulative,121,c02,5,days_0_300,CUM-C0503
cumulative,126,c02,5,days_0_300,CUM-C0503
cumulative,133,c02,5,days_0_300,CUM-C0503
cumulative,166,c02,5,days_0_300,CUM-C0503
cumulative,168,c02,5,days_0_300,CUM-C0503
cumulative,182,c02,5,days_0_300,CUM-C0503
cumulative,186,c02,5,days_0_300,CUM-C0503
cumulative,204,c02,5,days_0_300,CUM-C0503
cumulative,209,c02,5,days_0_300,CUM-C0503
cumulative,227,c02,5,days_0_300,CUM-C0503
cumulative,232,c02,5,days_0_300,CUM-C0503
cumulative,240,c02,5,days_0_300,CUM-C0503
cumulative,256,c02,5,days_0_300,CUM-C0503
cumulative,260,c02,5,days_0_300,CUM-C0503
cumulative,266,c02,5,days_0_300,CUM-C0503
cumulative,267,c02,5,days_0_300,CUM-C0503
cumulative,276,c02,5,days_0_300,CUM-C0503
cumulative,287,c02,5,days_0_300,CUM-C0503
cumulative,294,c02,5,days_0_300,CUM-C0503
cumulative,305,c02,5,days_0_300,CUM-C0503
cumulative,313,c02,5,days_0_300,CUM-C0503
cumulative,332,c02,5,days_0_300,CUM-C0503
cumulative,340,c02,5,days_0_300,CUM-C0503
cumulative,356,c02,5,days_0_300,CUM-C0503
cumulative,392,c02,5,days_0_300,CUM-C0503
cumulative,412,c02,5,days_0_300,CUM-C0503
cumulative,416,c02,5,days_0_300,CUM-C0503
cumulative,425,c02,5,days_0_300,CUM-C0503
cumulative,435,c02,5,days_0_300,CUM-C0503
cumulative,439,c02,5,days_0_300,CUM-C0503
cumulative,447,c02,5,days_0_300,CUM-C0503
cumulative,459,c02,5,days_0_300,CUM-C0503
cumulative,465,c02,5,days_0_300,CUM-C0503
cumulative,472,c02,5,days_0_300,CUM-C0503
cumulative,475,c02,5,days_0_300,CUM-C0503
cumulative,478,c02,5,days_0_300,CUM-C0503
cumulative,500,c02,5,days_0_300,CUM-C0503
cumulative,517,c02,5,days_0_300,CUM-C0503
cumulative,523,c02,5,days_0_300,CUM-C0503
cumulative,539,c02,5,days_0_300,CUM-C0503
cumulative,556,c02,5,days_0_300,CUM-C0503
cumulative,557,c02,5,days_0_300,CUM-C0503
cumulative,564,c02,5,days_0_300,CUM-C0503
cumulative,573,c02,5,days_0_300,CUM-C0503
cumulative,574,c02,5,days_0_300,CUM-C0503
cumulative,575,c02,5,days_0_300,CUM-C0503
cumulative,586,c02,5,days_0_300,CUM-C0503
cumulative,602,c02,5,days_0_300,CUM-C0503
cumulative,648,c02,5,days_0_300,CUM-C0503
cumulative,655,c02,5,days_0_300,CUM-C0503
cumulative,674,c02,5,days_0_300,CUM-C0503
cumulative,694,c02,5,days_0_300,CUM-C0503
cumulative,699,c02,5,days_0_300,CUM-C0503
cumulative,700,c02,5,days_0_300,CUM-C0503
cumulative,721,c02,5,days_0_300,CUM-C0503
cumulative,730,c02,5,days_0_300,CUM-C0503
cumulative,743,c02,5,days_0_300,CUM-C0503
cumulative,759,c02,5,days_0_300,CUM-C0503
cumulative,762,c02,5,days_0_300,CUM-C0503
cumulative,765,c02,5,days_0_300,CUM-C0503
cumulative,768,c02,5,days_0_300,CUM-C0503
cumulative,782,c02,5,days_0_300,CUM-C0503
cumulative,790,c02,5,days_0_300,CUM-C0503
cumulative,794,c02,5,days_0_300,CUM-C0503
cumulative,803,c02,5,days_0_300,CUM-C0503
cumulative,812,c02,5,days_0_300,CUM-C0503
cumulative,814,c02,5,days_0_300,CUM-C0503
cumulative,825,c02,5,days_0_300,CUM-C0503
cumulative,845,c02,5,days_0_300,CUM-C0503
cumulative,859,c02,5,days_0_300,CUM-C0503
cumulative,868,c02,5,days_0_300,CUM-C0503
cumulative,869,c02,5,days_0_300,CUM-C0503
cumulative,885,c02,5,days_0_300,CUM-C0503
cumulative,889,c02,5,days_0_300,CUM-C0503
cumulative,908,c02,5,days_0_300,CUM-C0503
cumulative,912,c02,5,days_0_300,CUM-C0503
cumulative,944,c02,5,days_0_300,CUM-C0503
cumulative,946,c02,5,days_0_300,CUM-C0503
cumulative,949,c02,5,days_0_300,CUM-C0503
cumulative,984,c02,5,days_0_300,CUM-C0503
cumulative,986,c02,5,days_0_300,CUM-C0503
cumulative,0,c03,5,days_0_300,CUM-C0502
cumulative,6,c03,5,days_0_300,CUM-C0502
cumulative,18,c03,5,days_0_300,CUM-C0502
cumulative,19,c03,5,days_0_300,CUM-C0502
cumulative,32,c03,5,days_0_300,CUM-C0502
cumulative,59,c03,5,days_0_300,CUM-C0502
cumulative,61,c03,5,days_0_300,CUM-C0502
cumulative,71,c03,5,days_0_300,CUM-C0502
cumulative,78,c03,5,days_0_300,CUM-C0502
cumulative,101,c03,5,days_0_300,CUM-C0502
cumulative,114,c03,5,days_0_300,CUM-C0502
cumulative,115,c03,5,days_0_300,CUM-C0502
cumulative,118,c03,5,days_0_300,CUM-C0502
cumulative,127,c03,5,days_0_300,CUM-C0502
cumulative,143,c03,5,days_0_300,CUM-C0502
cumulative,145,c03,5,days_0_300,CUM-C0502
cumulative,149,c03,5,days_0_300,CUM-C0502
cumulative,158,c03,5,days_0_300,CUM-C0502
cumulative,162,c03,5,days_0_300,CUM-C0502
cumulative,169,c03,5,days_0_300,CUM-C0502
cumulative,178,c03,5,days_0_300,CUM-C0502
cumulative,184,c03,5,days_0_300,CUM-C0502
cumulative,189,c03,5,days_0_300,CUM-C0502
cumulative,195,c03,5,days_0_300,CUM-C0502
cumulative,225,c03,5,days_0_300,CUM-C0502
cumulative,228,c03,5,days_0_300,CUM-C0502
cumulative,237,c03,5,days_0_300,CUM-C0502
cumulative,243,c03,5,days_0_300,CUM-C0502
cumulative,246,c03,5,days_0_300,CUM-C0502
cumulative,249,c03,5,days_0_300,CUM-C0502
cumulative,259,c03,5,days_0_300,CUM-C0502
cumulative,265,c03,5,days_0_300,CUM-C0502
cumulative,279,c03,5,days_0_300,CUM-C0502
cumulative,281,c03,5,days_0_300,CUM-C0502
cumulative,293,c03,5,days_0_300,CUM-C0502
cumulative,295,c03,5,days_0_300,CUM-C0502
cumulative,312,c03,5,days_0_300,CUM-C0502
cumulative,320,c03,5,days_0_300,CUM-C0502
cumulative,325,c03,5,days_0_300,CUM-C0502
cumulative,333,c03,5,days_0_300,CUM-C0502
cumulative,339,c03,5,days_0_300,CUM-C0502
cumulative,365,c03,5,days_0_300,CUM-C0502
cumulative,372,c03,5,days_0_300,CUM-C0502
cumulative,377,c03,5,days_0_300,CUM-C0502
cumulative,393,c03,5,days_0_300,CUM-C0502
cumulative,404,c03,5,days_0_300,CUM-C0502
cumulative,407,c03,5,days_0_300,CUM-C0502
cumulative,409,c03,5,days_0_300,CUM-C0502
cumulative,423,c03,5,days_0_300,CUM-C0502
cumulative,426,c03,5,days_0_300,CUM-C0502
cumulative,436,c03,5,days_0_300,CUM-C0502
cumulative,452,c03,5,days_0_300,CUM-C0502
cumulative,453,c03,5,days_0_300,CUM-C0502
cumulative,457,c03,5,days_0_300,CUM-C0502
cumulative,470,c03,5,days_0_300,CUM-C0502
cumulative,479,c03,5,days_0_300,CUM-C0502
cumulative,490,c03,5,days_0_300,CUM-C0502
cumulative,496,c03,5,days_0_300,CUM-C0502
cumulative,502,c03,5,days_0_300,CUM-C0502
cumulative,519,c03,5,days_0_300,CUM-C0502
cumulative,522,c03,5,days_0_300,CUM-C0502
cumulative,538,c03,5,days_0_300,CUM-C0502
cumulative,569,c03,5,days_0_300,CUM-C0502
cumulative,580,c03,5,days_0_300,CUM-C0502
cumulative,593,c03,5,days_0_300,CUM-C0502
cumulative,595,c03,5,days_0_300,CUM-C0502
cumulative,599,c03,5,days_0_300,CUM-C0502
cumulative,605,c03,5,days_0_300,CUM-C0502
cumulative,615,c03,5,days_0_300,CUM-C0502
cumulative,635,c03,5,days_0_300,CUM-C0502
cumulative,652,c03,5,days_0_300,CUM-C0502
cumulative,669,c03,5,days_0_300,CUM-C0502
cumulative,681,c03,5,days_0_300,CUM-C0502
cumulative,693,c03,5,days_0_300,CUM-C0502
cumulative,708,c03,5,days_0_300,CUM-C0502
cumulative,710,c03,5,days_0_300,CUM-C0502
cumulative,711,c03,5,days_0_300,CUM-C0502
cumulative,716,c03,5,days_0_300,CUM-C0502
cumulative,718,c03,5,days_0_300,CUM-C0502
cumulative,724,c03,5,days_0_300,CUM-C0502
cumulative,729,c03,5,days_0_300,CUM-C0502
cumulative,732,c03,5,days_0_300,CUM-C0502
cumulative,749,c03,5,days_0_300,CUM-C0502
cumulative,754,c03,5,days_0_300,CUM-C0502
cumulative,767,c03,5,days_0_300,CUM-C0502
cumulative,779,c03,5,days_0_300,CUM-C0502
cumulative,789,c03,5,days_0_300,CUM-C0502
cumulative,791,c03,5,days_0_300,CUM-C0502
cumulative,793,c03,5,days_0_300,CUM-C0502
cumulative,797,c03,5,days_0_300,CUM-C0502
cumulative,816,c03,5,days_0_300,CUM-C0502
cumulative,843,c03,5,days_0_300,CUM-C0502
cumulative,861,c03,5,days_0_300,CUM-C0502
cumulative,862,c03,5,days_0_300,CUM-C0502
cumulative,866,c03,5,days_0_300,CUM-C0502
cumulative,876,c03,5,days_0_300,CUM-C0502
cumulative,883,c03,5,days_0_300,CUM-C0502
cumulative,884,c03,5,days_0_300,CUM-C0502
cumulative,896,c03,5,days_0_300,CUM-C0502
cumulative,904,c03,5,days_0_300,CUM-C0502
cumulative,905,c03,5,days_0_300,CUM-C0502
cumulative,907,c03,5,days_0_300,CUM-C0502
cumulative,916,c03,5,days_0_300,CUM-C0502
cumulative,934,c03,5,days_0_300,CUM-C0502
cumulative,976,c03,5,days_0_300,CUM-C0502
cumulative,991,c03,5,days_0_300,CUM-C0502
cumulative,999,c03,5,days_0_300,CUM-C0502
cumulative,1,c04,5,days_0_300,CUM-C0505
cumulative,38,c04,5,days_0_300,CUM-C0505
cumulative,42,c04,5,days_0_300,CUM-C0505
cumulative,46,c04,5,days_0_300,CUM-C0505
cumulative,50,c04,5,days_0_300,CUM-C0505
cumulative,64,c04,5,days_0_300,CUM-C0505
cumulative,69,c04,5,days_0_300,CUM-C0505
cumulative,70,c04,5,days_0_300,CUM-C0505
cumulative,84,c04,5,days_0_300,CUM-C0505
cumulative,96,c04,5,days_0_300,CUM-C0505
cumulative,97,c04,5,days_0_300,CUM-C0505
cumulative,102,c04,5,days_0_300,CUM-C0505
cumulative,103,c04,5,days_0_300,CUM-C0505
cumulative,106,c04,5,days_0_300,CUM-C0505
cumulative,125,c04,5,days_0_300,CUM-C0505
cumulative,132,c04,5,days_0_300,CUM-C0505
cumulative,139,c04,5,days_0_300,CUM-C0505
cumulative,154,c04,5,days_0_300,CUM-C0505
cumulative,164,c04,5,days_0_300,CUM-C0505
cumulative,172,c04,5,days_0_300,CUM-C0505
cumulative,174,c04,5,days_0_300,CUM-C0505
cumulative,206,c04,5,days_0_300,CUM-C0505
cumulative,223,c04,5,days_0_300,CUM-C0505
cumulative,299,c04,5,days_0_300,CUM-C0505
cumulative,303,c04,5,days_0_300,CUM-C0505
cumulative,309,c04,5,days_0_300,CUM-C0505
cumulative,310,c04,5,days_0_300,CUM-C0505
cumulative,322,c04,5,days_0_300,CUM-C0505
cumulative,323,c04,5,days_0_300,CUM-C0505
cumulative,324,c04,5,days_0_300,CUM-C0505
cumulative,337,c04,5,days_0_300,CUM-C0505
cumulative,343,c04,5,days_0_300,CUM-C0505
cumulative,346,c04,5,days_0_300,CUM-C0505
cumulative,368,c04,5,days_0_300,CUM-C0505
cumulative,378,c04,5,days_0_300,CUM-C0505
cumulative,388,c04,5,days_0_300,CUM-C0505
cumulative,395,c04,5,days_0_300,CUM-C0505
cumulative,399,c04,5,days_0_300,CUM-C0505
cumulative,402,c04,5,days_0_300,CUM-C0505
cumulative,420,c04,5,days_0_300,CUM-C0505
cumulative,460,c04,5,days_0_300,CUM-C0505
cumulative,474,c04,5,days_0_300,CUM-C0505
cumulative,477,c04,5,days_0_300,CUM-C0505
cumulative,487,c04,5,days_0_300,CUM-C0505
cumulative,489,c04,5,days_0_300,CUM-C0505
cumulative,498,c04,5,days_0_300,CUM-C0505
cumulative,501,c04,5,days_0_300,CUM-C0505
cumulative,505,c04,5,days_0_300,CUM-C0505
cumulative,509,c04,5,days_0_300,CUM-C0505
cumulative,510,c04,5,days_0_300,CUM-C0505
cumulative,514,c04,5,days_0_300,CUM-C0505
cumulative,524,c04,5,days_0_300,CUM-C0505
cumulative,534,c04,5,days_0_300,CUM-C0505
cumulative,548,c04,5,days_0_300,CUM-C0505
cumulative,559,c04,5,days_0_300,CUM-C0505
cumulative,562,c04,5,days_0_300,CUM-C0505
cumulative,583,c04,5,days_0_300,CUM-C0505
cumulative,603,c04,5,days_0_300,CUM-C0505
cumulative,622,c04,5,days_0_300,CUM-C0505
cumulative,634,c04,5,days_0_300,CUM-C0505
cumulative,638,c04,5,days_0_300,CUM-C0505
cumulative,649,c04,5,days_0_300,CUM-C0505
cumulative,663,c04,5,days_0_300,CUM-C0505
cumulative,676,c04,5,days_0_300,CUM-C0505
cumulative,706,c04,5,days_0_300,CUM-C0505
cumulative,735,c04,5,days_0_300,CUM-C0505
cumulative,740,c04,5,days_0_300,CUM-C0505
cumulative,780,c04,5,days_0_300,CUM-C0505
cumulative,788,c04,5,days_0_300,CUM-C0505
cumulative,822,c04,5,days_0_300,CUM-C0505
cumulative,832,c04,5,days_0_300,CUM-C0505
cumulative,842,c04,5,days_0_300,CUM-C0505
cumulative,853,c04,5,days_0_300,CUM-C0505
cumulative,879,c04,5,days_0_300,CUM-C0505
cumulative,893,c04,5,days_0_300,CUM-C0505
cumulative,939,c04,5,days_0_300,CUM-C0505
cumulative,943,c04,5,days_0_300,CUM-C0505
cumulative,950,c04,5,days_0_300,CUM-C0505
cumulative,10,c05,5,days_0_300,CUM-C0506
cumulative,13,c05,5,days_0_300,CUM-C0506
cumulative,14,c05,5,days_0_300,CUM-C0506
cumulative,16,c05,5,days_0_300,CUM-C0506
cumulative,76,c05,5,days_0_300,CUM-C0506
cumulative,105,c05,5,days_0_300,CUM-C0506
cumulative,131,c05,5,days_0_300,CUM-C0506
cumulative,153,c05,5,days_0_300,CUM-C0506
cumulative,173,c05,5,days_0_300,CUM-C0506
cumulative,199,c05,5,days_0_300,CUM-C0506
cumulative,213,c05,5,days_0_300,CUM-C0506
cumulative,222,c05,5,days_0_300,CUM-C0506
cumulative,252,c05,5,days_0_300,CUM-C0506
cumulative,270,c05,5,days_0_300,CUM-C0506
cumulative,317,c05,5,days_0_300,CUM-C0506
cumulative,328,c05,5,days_0_300,CUM-C0506
cumulative,331,c05,5,days_0_300,CUM-C0506
cumulative,374,c05,5,days_0_300,CUM-C0506
cumulative,382,c05,5,days_0_300,CUM-C0506
cumulative,396,c05,5,days_0_300,CUM-C0506
cumulative,410,c05,5,days_0_300,CUM-C0506
cumulative,411,c05,5,days_0_300,CUM-C0506
cumulative,418,c05,5,days_0_300,CUM-C0506
cumulative,437,c05,5,days_0_300,CUM-C0506
cumulative,442,c05,5,days_0_300,CUM-C0506
cumulative,461,c05,5,days_0_300,CUM-C0506
cumulative,467,c05,5,days_0_300,CUM-C0506
cumulative,491,c05,5,days_0_300,CUM-C0506
cumulative,497,c05,5,days_0_300,CUM-C0506
cumulative,506,c05,5,days_0_300,CUM-C0506
cumulative,508,c05,5,days_0_300,CUM-C0506
cumulative,516,c05,5,days_0_300,CUM-C0506
cumulative,532,c05,5,days_0_300,CUM-C0506
cumulative,541,c05,5,days_0_300,CUM-C0506
cumulative,576,c05,5,days_0_300,CUM-C0506
cumulative,597,c05,5,days_0_300,CUM-C0506
cumulative,616,c05,5,days_0_300,CUM-C0506
cumulative,639,c05,5,days_0_300,CUM-C0506
cumulative,644,c05,5,days_0_300,CUM-C0506
cumulative,650,c05,5,days_0_300,CUM-C0506
cumulative,653,c05,5,days_0_300,CUM-C0506
cumulative,654,c05,5,days_0_300,CUM-C0506
cumulative,657,c05,5,days_0_300,CUM-C0506
cumulative,666,c05,5,days_0_300,CUM-C0506
cumulative,682,c05,5,days_0_300,CUM-C0506
cumulative,690,c05,5,days_0_300,CUM-C0506
cumulative,702,c05,5,days_0_300,CUM-C0506
cumulative,705,c05,5,days_0_300,CUM-C0506
cumulative,719,c05,5,days_0_300,CUM-C0506
cumulative,738,c05,5,days_0_300,CUM-C0506
cumulative,745,c05,5,days_0_300,CUM-C0506
cumulative,747,c05,5,days_0_300,CUM-C0506
cumulative,761,c05,5,days_0_300,CUM-C0506
cumulative,777,c05,5,days_0_300,CUM-C0506
cumulative,783,c05,5,days_0_300,CUM-C0506
cumulative,796,c05,5,days_0_300,CUM-C0506
cumulative,801,c05,5,days_0_300,CUM-C0506
cumulative,804,c05,5,days_0_300,CUM-C0506
cumulative,820,c05,5,days_0_300,CUM-C0506
cumulative,828,c05,5,days_0_300,CUM-C0506
cumulative,837,c05,5,days_0_300,CUM-C0506
cumulative,850,c05,5,days_0_300,CUM-C0506
cumulative,881,c05,5,days_0_300,CUM-C0506
cumulative,911,c05,5,days_0_300,CUM-C0506
cumulative,921,c05,5,days_0_300,CUM-C0506
cumulative,924,c05,5,days_0_300,CUM-C0506
cumulative,928,c05,5,days_0_300,CUM-C0506
cumulative,945,c05,5,days_0_300,CUM-C0506
cumulative,967,c05,5,days_0_300,CUM-C0506
cumulative,969,c05,5,days_0_300,CUM-C0506
cumulative,970,c05,5,days_0_300,CUM-C0506
cumulative,977,c05,5,days_0_300,CUM-C0506
cumulative,979,c05,5,days_0_300,CUM-C0506
cumulative,996,c05,5,days_0_300,CUM-C0506
cumulative,1001,c05,5,days_0_300,CUM-C0506
cumulative,1004,c05,5,days_0_300,CUM-C0506
cumulative,24,c06,5,days_0_300,CUM-C0508
cumulative,35,c06,5,days_0_300,CUM-C0508
cumulative,87,c06,5,days_0_300,CUM-C0508
cumulative,141,c06,5,days_0_300,CUM-C0508
cumulative,148,c06,5,days_0_300,CUM-C0508
cumulative,160,c06,5,days_0_300,CUM-C0508
cumulative,167,c06,5,days_0_300,CUM-C0508
cumulative,181,c06,5,days_0_300,CUM-C0508
cumulative,188,c06,5,days_0_300,CUM-C0508
cumulative,190,c06,5,days_0_300,CUM-C0508
cumulative,202,c06,5,days_0_300,CUM-C0508
cumulative,207,c06,5,days_0_300,CUM-C0508
cumulative,241,c06,5,days_0_300,CUM-C0508
cumulative,274,c06,5,days_0_300,CUM-C0508
cumulative,280,c06,5,days_0_300,CUM-C0508
cumulative,286,c06,5,days_0_300,CUM-C0508
cumulative,288,c06,5,days_0_300,CUM-C0508
cumulative,301,c06,5,days_0_300,CUM-C0508
cumulative,353,c06,5,days_0_300,CUM-C0508
cumulative,360,c06,5,days_0_300,CUM-C0508
cumulative,373,c06,5,days_0_300,CUM-C0508
cumulative,391,c06,5,days_0_300,CUM-C0508
cumulative,408,c06,5,days_0_300,CUM-C0508
cumulative,414,c06,5,days_0_300,CUM-C0508
cumulative,421,c06,5,days_0_300,CUM-C0508
cumulative,424,c06,5,days_0_300,CUM-C0508
cumulative,431,c06,5,days_0_300,CUM-C0508
cumulative,445,c06,5,days_0_300,CUM-C0508
cumulative,469,c06,5,days_0_300,CUM-C0508
cumulative,493,c06,5,days_0_300,CUM-C0508
cumulative,512,c06,5,days_0_300,CUM-C0508
cumulative,526,c06,5,days_0_300,CUM-C0508
cumulative,530,c06,5,days_0_300,CUM-C0508
cumulative,547,c06,5,days_0_300,CUM-C0508
cumulative,552,c06,5,days_0_300,CUM-C0508
cumulative,561,c06,5,days_0_300,CUM-C0508
cumulative,614,c06,5,days_0_300,CUM-C0508
cumulative,629,c06,5,days_0_300,CUM-C0508
cumulative,630,c06,5,days_0_300,CUM-C0508
cumulative,631,c06,5,days_0_300,CUM-C0508
cumulative,643,c06,5,days_0_300,CUM-C0508
cumulative,645,c06,5,days_0_300,CUM-C0508
cumulative,656,c06,5,days_0_300,CUM-C0508
cumulative,658,c06,5,days_0_300,CUM-C0508
cumulative,685,c06,5,days_0_300,CUM-C0508
cumulative,709,c06,5,days_0_300,CUM-C0508
cumulative,795,c06,5,days_0_300,CUM-C0508
cumulative,817,c06,5,days_0_300,CUM-C0508
cumulative,824,c06,5,days_0_300,CUM-C0508
cumulative,846,c06,5,days_0_300,CUM-C0508
cumulative,847,c06,5,days_0_300,CUM-C0508
cumulative,851,c06,5,days_0_300,CUM-C0508
cumulative,858,c06,5,days_0_300,CUM-C0508
cumulative,891,c06,5,days_0_300,CUM-C0508
cumulative,894,c06,5,days_0_300,CUM-C0508
cumulative,902,c06,5,days_0_300,CUM-C0508
cumulative,920,c06,5,days_0_300,CUM-C0508
cumulative,954,c06,5,days_0_300,CUM-C0508
cumulative,957,c06,5,days_0_300,CUM-C0508
cumulative,964,c06,5,days_0_300,CUM-C0508
cumulative,978,c06,5,days_0_300,CUM-C0508
cumulative,988,c06,5,days_0_300,CUM-C0508
cumulative,5,c07,5,days_0_300,CUM-C0504
cumulative,7,c07,5,days_0_300,CUM-C0504
cumulative,29,c07,5,days_0_300,CUM-C0504
cumulative,62,c07,5,days_0_300,CUM-C0504
cumulative,98,c07,5,days_0_300,CUM-C0504
cumulative,107,c07,5,days_0_300,CUM-C0504
cumulative,113,c07,5,days_0_300,CUM-C0504
cumulative,117,c07,5,days_0_300,CUM-C0504
cumulative,124,c07,5,days_0_300,CUM-C0504
cumulative,134,c07,5,days_0_300,CUM-C0504
cumulative,150,c07,5,days_0_300,CUM-C0504
cumulative,175,c07,5,days_0_300,CUM-C0504
cumulative,183,c07,5,days_0_300,CUM-C0504
cumulative,192,c07,5,days_0_300,CUM-C0504
cumulative,196,c07,5,days_0_300,CUM-C0504
cumulative,201,c07,5,days_0_300,CUM-C0504
cumulative,208,c07,5,days_0_300,CUM-C0504
cumulative,226,c07,5,days_0_300,CUM-C0504
cumulative,236,c07,5,days_0_300,CUM-C0504
cumulative,238,c07,5,days_0_300,CUM-C0504
cumulative,250,c07,5,days_0_300,CUM-C0504
cumulative,257,c07,5,days_0_300,CUM-C0504
cumulative,263,c07,5,days_0_300,CUM-C0504
cumulative,268,c07,5,days_0_300,CUM-C0504
cumulative,275,c07,5,days_0_300,CUM-C0504
cumulative,278,c07,5,days_0_300,CUM-C0504
cumulative,291,c07,5,days_0_300,CUM-C0504
cumulative,297,c07,5,days_0_300,CUM-C0504
cumulative,327,c07,5,days_0_300,CUM-C0504
cumulative,335,c07,5,days_0_300,CUM-C0504
cumulative,359,c07,5,days_0_300,CUM-C0504
cumulative,369,c07,5,days_0_300,CUM-C0504
cumulative,381,c07,5,days_0_300,CUM-C0504
cumulative,385,c07,5,days_0_300,CUM-C0504
cumulative,401,c07,5,days_0_300,CUM-C0504
cumulative,415,c07,5,days_0_300,CUM-C0504
cumulative,429,c07,5,days_0_300,CUM-C0504
cumulative,440,c07,5,days_0_300,CUM-C0504
cumulative,444,c07,5,days_0_300,CUM-C0504
cumulative,446,c07,5,days_0_300,CUM-C0504
cumulative,449,c07,5,days_0_300,CUM-C0504
cumulative,454,c07,5,days_0_300,CUM-C0504
cumulative,464,c07,5,days_0_300,CUM-C0504
cumulative,468,c07,5,days_0_300,CUM-C0504
cumulative,473,c07,5,days_0_300,CUM-C0504
cumulative,485,c07,5,days_0_300,CUM-C0504
cumulative,504,c07,5,days_0_300,CUM-C0504
cumulative,513,c07,5,days_0_300,CUM-C0504
cumulative,515,c07,5,days_0_300,CUM-C0504
cumulative,535,c07,5,days_0_300,CUM-C0504
cumulative,537,c07,5,days_0_300,CUM-C0504
cumulative,542,c07,5,days_0_300,CUM-C0504
cumulative,551,c07,5,days_0_300,CUM-C0504
cumulative,553,c07,5,days_0_300,CUM-C0504
cumulative,592,c07,5,days_0_300,CUM-C0504
cumulative,646,c07,5,days_0_300,CUM-C0504
cumulative,664,c07,5,days_0_300,CUM-C0504
cumulative,670,c07,5,days_0_300,CUM-C0504
cumulative,683,c07,5,days_0_300,CUM-C0504
cumulative,688,c07,5,days_0_300,CUM-C0504
cumulative,691,c07,5,days_0_300,CUM-C0504
cumulative,707,c07,5,days_0_300,CUM-C0504
cumulative,713,c07,5,days_0_300,CUM-C0504
cumulative,722,c07,5,days_0_300,CUM-C0504
cumulative,726,c07,5,days_0_300,CUM-C0504
cumulative,737,c07,5,days_0_300,CUM-C0504
cumulative,770,c07,5,days_0_300,CUM-C0504
cumulative,800,c07,5,days_0_300,CUM-C0504
cumulative,808,c07,5,days_0_300,CUM-C0504
cumulative,810,c07,5,days_0_300,CUM-C0504
cumulative,821,c07,5,days_0_300,CUM-C0504
cumulative,823,c07,5,days_0_300,CUM-C0504
cumulative,839,c07,5,days_0_300,CUM-C0504
cumulative,849,c07,5,days_0_300,CUM-C0504
cumulative,854,c07,5,days_0_300,CUM-C0504
cumulative,880,c07,5,days_0_300,CUM-C0504
cumulative,886,c07,5,days_0_300,CUM-C0504
cumulative,897,c07,5,days_0_300,CUM-C0504
cumulative,898,c07,5,days_0_300,CUM-C0504
cumulative,899,c07,5,days_0_300,CUM-C0504
cumulative,927,c07,5,days_0_300,CUM-C0504
cumulative,948,c07,5,days_0_300,CUM-C0504
cumulative,968,c07,5,days_0_300,CUM-C0504
cumulative,980,c07,5,days_0_300,CUM-C0504
cumulative,985,c07,5,days_0_300,CUM-C0504
cumulative,1003,c07,5,days_0_300,CUM-C0504
cumulative,28,c08,5,days_0_300,CUM-C0509
cumulative,56,c08,5,days_0_300,CUM-C0509
cumulative,68,c08,5,days_0_300,CUM-C0509
cumulative,95,c08,5,days_0_300,CUM-C0509
cumulative,170,c08,5,days_0_300,CUM-C0509
cumulative,176,c08,5,days_0_300,CUM-C0509
cumulative,219,c08,5,days_0_300,CUM-C0509
cumulative,231,c08,5,days_0_300,CUM-C0509
cumulative,245,c08,5,days_0_300,CUM-C0509
cumulative,251,c08,5,days_0_300,CUM-C0509
cumulative,264,c08,5,days_0_300,CUM-C0509
cumulative,269,c08,5,days_0_300,CUM-C0509
cumulative,311,c08,5,days_0_300,CUM-C0509
cumulative,329,c08,5,days_0_300,CUM-C0509
cumulative,338,c08,5,days_0_300,CUM-C0509
cumulative,350,c08,5,days_0_300,CUM-C0509
cumulative,361,c08,5,days_0_300,CUM-C0509
cumulative,364,c08,5,days_0_300,CUM-C0509
cumulative,375,c08,5,days_0_300,CUM-C0509
cumulative,427,c08,5,days_0_300,CUM-C0509
cumulative,432,c08,5,days_0_300,CUM-C0509
cumulative,433,c08,5,days_0_300,CUM-C0509
cumulative,448,c08,5,days_0_300,CUM-C0509
cumulative,480,c08,5,days_0_300,CUM-C0509
cumulative,482,c08,5,days_0_300,CUM-C0509
cumulative,511,c08,5,days_0_300,CUM-C0509
cumulative,531,c08,5,days_0_300,CUM-C0509
cumulative,540,c08,5,days_0_300,CUM-C0509
cumulative,582,c08,5,days_0_300,CUM-C0509
cumulative,588,c08,5,days_0_300,CUM-C0509
cumulative,606,c08,5,days_0_300,CUM-C0509
cumulative,624,c08,5,days_0_300,CUM-C0509
cumulative,641,c08,5,days_0_300,CUM-C0509
cumulative,697,c08,5,days_0_300,CUM-C0509
cumulative,698,c08,5,days_0_300,CUM-C0509
cumulative,733,c08,5,days_0_300,CUM-C0509
cumulative,736,c08,5,days_0_300,CUM-C0509
cumulative,764,c08,5,days_0_300,CUM-C0509
cumulative,773,c08,5,days_0_300,CUM-C0509
cumulative,809,c08,5,days_0_300,CUM-C0509
cumulative,815,c08,5,days_0_300,CUM-C0509
cumulative,819,c08,5,days_0_300,CUM-C0509
cumulative,836,c08,5,days_0_300,CUM-C0509
cumulative,840,c08,5,days_0_300,CUM-C0509
cumulative,855,c08,5,days_0_300,CUM-C0509
cumulative,872,c08,5,days_0_300,CUM-C0509
cumulative,873,c08,5,days_0_300,CUM-C0509
cumulative,925,c08,5,days_0_300,CUM-C0509
cumulative,955,c08,5,days_0_300,CUM-C0509
cumulative,983,c08,5,days_0_300,CUM-C0509
cumulative,987,c08,5,days_0_300,CUM-C0509
cumulative,994,c08,5,days_0_300,CUM-C0509
cumulative,995,c08,5,days_0_300,CUM-C0509
cumulative,25,c09,5,days_0_300,CUM-C0510
cumulative,41,c09,5,days_0_300,CUM-C0510
cumulative,44,c09,5,days_0_300,CUM-C0510
cumulative,48,c09,5,days_0_300,CUM-C0510
cumulative,73,c09,5,days_0_300,CUM-C0510
cumulative,85,c09,5,days_0_300,CUM-C0510
cumulative,216,c09,5,days_0_300,CUM-C0510
cumulative,318,c09,5,days_0_300,CUM-C0510
cumulative,319,c09,5,days_0_300,CUM-C0510
cumulative,321,c09,5,days_0_300,CUM-C0510
cumulative,366,c09,5,days_0_300,CUM-C0510
cumulative,386,c09,5,days_0_300,CUM-C0510
cumulative,434,c09,5,days_0_300,CUM-C0510
cumulative,458,c09,5,days_0_300,CUM-C0510
cumulative,481,c09,5,days_0_300,CUM-C0510
cumulative,499,c09,5,days_0_300,CUM-C0510
cumulative,558,c09,5,days_0_300,CUM-C0510
cumulative,565,c09,5,days_0_300,CUM-C0510
cumulative,600,c09,5,days_0_300,CUM-C0510
cumulative,618,c09,5,days_0_300,CUM-C0510
cumulative,672,c09,5,days_0_300,CUM-C0510
cumulative,679,c09,5,days_0_300,CUM-C0510
cumulative,684,c09,5,days_0_300,CUM-C0510
cumulative,704,c09,5,days_0_300,CUM-C0510
cumulative,723,c09,5,days_0_300,CUM-C0510
cumulative,753,c09,5,days_0_300,CUM-C0510
cumulative,758,c09,5,days_0_300,CUM-C0510
cumulative,844,c09,5,days_0_300,CUM-C0510
cumulative,918,c09,5,days_0_300,CUM-C0510
cumulative,956,c09,5,days_0_300,CUM-C0510
cumulative,1002,c09,5,days_0_300,CUM-C0510
cumulative,17,c11,5,days_0_300,CUM-C0511
cumulative,31,c11,5,days_0_300,CUM-C0511
cumulative,67,c11,5,days_0_300,CUM-C0511
cumulative,92,c11,5,days_0_300,CUM-C0511
cumulative,122,c11,5,days_0_300,CUM-C0511
cumulative,136,c11,5,days_0_300,CUM-C0511
cumulative,142,c11,5,days_0_300,CUM-C0511
cumulative,165,c11,5,days_0_300,CUM-C0511
cumulative,200,c11,5,days_0_300,CUM-C0511
cumulative,302,c11,5,days_0_300,CUM-C0511
cumulative,316,c11,5,days_0_300,CUM-C0511
cumulative,341,c11,5,days_0_300,CUM-C0511
cumulative,344,c11,5,days_0_300,CUM-C0511
cumulative,349,c11,5,days_0_300,CUM-C0511
cumulative,428,c11,5,days_0_300,CUM-C0511
cumulative,543,c11,5,days_0_300,CUM-C0511
cumulative,647,c11,5,days_0_300,CUM-C0511
cumulative,739,c11,5,days_0_300,CUM-C0511
cumulative,831,c11,5,days_0_300,CUM-C0511
cumulative,838,c11,5,days_0_300,CUM-C0511
cumulative,857,c11,5,days_0_300,CUM-C0511
cumulative,915,c11,5,days_0_300,CUM-C0511
cumulative,952,c11,5,days_0_300,CUM-C0511
cumulative,953,c11,5,days_0_300,CUM-C0511
cumulative,963,c11,5,days_0_300,CUM-C0511
cumulative,971,c11,5,days_0_300,CUM-C0511
cumulative,990,c11,5,days_0_300,CUM-C0511
cumulative,180,c14,5,days_0_300,CUM-C0512
cumulative,215,c14,5,days_0_300,CUM-C0512
cumulative,217,c14,5,days_0_300,CUM-C0512
cumulative,357,c14,5,days_0_300,CUM-C0512
cumulative,727,c14,5,days_0_300,CUM-C0512
cumulative,829,c14,5,days_0_300,CUM-C0512
cumulative,958,c14,5,days_0_300,CUM-C0512
cumulative,11,c01,6,days_0_350,CUM-C0601
cumulative,26,c01,6,days_0_350,CUM-C0601
cumulative,27,c01,6,days_0_350,CUM-C0601
cumulative,34,c01,6,days_0_350,CUM-C0601
cumulative,36,c01,6,days_0_350,CUM-C0601
cumulative,40,c01,6,days_0_350,CUM-C0601
cumulative,49,c01,6,days_0_350,CUM-C0601
cumulative,53,c01,6,days_0_350,CUM-C0601
cumulative,60,c01,6,days_0_350,CUM-C0601
cumulative,65,c01,6,days_0_350,CUM-C0601
cumulative,75,c01,6,days_0_350,CUM-C0601
cumulative,79,c01,6,days_0_350,CUM-C0601
cumulative,83,c01,6,days_0_350,CUM-C0601
cumulative,86,c01,6,days_0_350,CUM-C0601
cumulative,90,c01,6,days_0_350,CUM-C0601
cumulative,91,c01,6,days_0_350,CUM-C0601
cumulative,116,c01,6,days_0_350,CUM-C0601
cumulative,120,c01,6,days_0_350,CUM-C0601
cumulative,137,c01,6,days_0_350,CUM-C0601
cumulative,144,c01,6,days_0_350,CUM-C0601
cumulative,146,c01,6,days_0_350,CUM-C0601
cumulative,147,c01,6,days_0_350,CUM-C0601
cumulative,151,c01,6,days_0_350,CUM-C0601
cumulative,152,c01,6,days_0_350,CUM-C0601
cumulative,157,c01,6,days_0_350,CUM-C0601
cumulative,159,c01,6,days_0_350,CUM-C0601
cumulative,161,c01,6,days_0_350,CUM-C0601
cumulative,171,c01,6,days_0_350,CUM-C0601
cumulative,179,c01,6,days_0_350,CUM-C0601
cumulative,182,c01,6,days_0_350,CUM-C0601
cumulative,185,c01,6,days_0_350,CUM-C0601
cumulative,187,c01,6,days_0_350,CUM-C0601
cumulative,191,c01,6,days_0_350,CUM-C0601
cumulative,193,c01,6,days_0_350,CUM-C0601
cumulative,194,c01,6,days_0_350,CUM-C0601
cumulative,198,c01,6,days_0_350,CUM-C0601
cumulative,203,c01,6,days_0_350,CUM-C0601
cumulative,212,c01,6,days_0_350,CUM-C0601
cumulative,213,c01,6,days_0_350,CUM-C0601
cumulative,214,c01,6,days_0_350,CUM-C0601
cumulative,218,c01,6,days_0_350,CUM-C0601
cumulative,220,c01,6,days_0_350,CUM-C0601
cumulative,221,c01,6,days_0_350,CUM-C0601
cumulative,229,c01,6,days_0_350,CUM-C0601
cumulative,230,c01,6,days_0_350,CUM-C0601
cumulative,233,c01,6,days_0_350,CUM-C0601
cumulative,242,c01,6,days_0_350,CUM-C0601
cumulative,244,c01,6,days_0_350,CUM-C0601
cumulative,248,c01,6,days_0_350,CUM-C0601
cumulative,253,c01,6,days_0_350,CUM-C0601
cumulative,254,c01,6,days_0_350,CUM-C0601
cumulative,255,c01,6,days_0_350,CUM-C0601
cumulative,271,c01,6,days_0_350,CUM-C0601
cumulative,272,c01,6,days_0_350,CUM-C0601
cumulative,277,c01,6,days_0_350,CUM-C0601
cumulative,283,c01,6,days_0_350,CUM-C0601
cumulative,285,c01,6,days_0_350,CUM-C0601
cumulative,290,c01,6,days_0_350,CUM-C0601
cumulative,306,c01,6,days_0_350,CUM-C0601
cumulative,307,c01,6,days_0_350,CUM-C0601
cumulative,308,c01,6,days_0_350,CUM-C0601
cumulative,317,c01,6,days_0_350,CUM-C0601
cumulative,326,c01,6,days_0_350,CUM-C0601
cumulative,334,c01,6,days_0_350,CUM-C0601
cumulative,347,c01,6,days_0_350,CUM-C0601
cumulative,352,c01,6,days_0_350,CUM-C0601
cumulative,355,c01,6,days_0_350,CUM-C0601
cumulative,374,c01,6,days_0_350,CUM-C0601
cumulative,379,c01,6,days_0_350,CUM-C0601
cumulative,380,c01,6,days_0_350,CUM-C0601
cumulative,394,c01,6,days_0_350,CUM-C0601
cumulative,397,c01,6,days_0_350,CUM-C0601
cumulative,398,c01,6,days_0_350,CUM-C0601
cumulative,400,c01,6,days_0_350,CUM-C0601
cumulative,413,c01,6,days_0_350,CUM-C0601
cumulative,430,c01,6,days_0_350,CUM-C0601
cumulative,443,c01,6,days_0_350,CUM-C0601
cumulative,450,c01,6,days_0_350,CUM-C0601
cumulative,462,c01,6,days_0_350,CUM-C0601
cumulative,466,c01,6,days_0_350,CUM-C0601
cumulative,471,c01,6,days_0_350,CUM-C0601
cumulative,483,c01,6,days_0_350,CUM-C0601
cumulative,488,c01,6,days_0_350,CUM-C0601
cumulative,492,c01,6,days_0_350,CUM-C0601
cumulative,495,c01,6,days_0_350,CUM-C0601
cumulative,533,c01,6,days_0_350,CUM-C0601
cumulative,544,c01,6,days_0_350,CUM-C0601
cumulative,546,c01,6,days_0_350,CUM-C0601
cumulative,550,c01,6,days_0_350,CUM-C0601
cumulative,554,c01,6,days_0_350,CUM-C0601
cumulative,566,c01,6,days_0_350,CUM-C0601
cumulative,568,c01,6,days_0_350,CUM-C0601
cumulative,570,c01,6,days_0_350,CUM-C0601
cumulative,571,c01,6,days_0_350,CUM-C0601
cumulative,572,c01,6,days_0_350,CUM-C0601
cumulative,577,c01,6,days_0_350,CUM-C0601
cumulative,578,c01,6,days_0_350,CUM-C0601
cumulative,590,c01,6,days_0_350,CUM-C0601
cumulative,591,c01,6,days_0_350,CUM-C0601
cumulative,596,c01,6,days_0_350,CUM-C0601
cumulative,607,c01,6,days_0_350,CUM-C0601
cumulative,609,c01,6,days_0_350,CUM-C0601
cumulative,612,c01,6,days_0_350,CUM-C0601
cumulative,613,c01,6,days_0_350,CUM-C0601
cumulative,619,c01,6,days_0_350,CUM-C0601
cumulative,623,c01,6,days_0_350,CUM-C0601
cumulative,625,c01,6,days_0_350,CUM-C0601
cumulative,626,c01,6,days_0_350,CUM-C0601
cumulative,633,c01,6,days_0_350,CUM-C0601
cumulative,640,c01,6,days_0_350,CUM-C0601
cumulative,642,c01,6,days_0_350,CUM-C0601
cumulative,651,c01,6,days_0_350,CUM-C0601
cumulative,659,c01,6,days_0_350,CUM-C0601
cumulative,660,c01,6,days_0_350,CUM-C0601
cumulative,661,c01,6,days_0_350,CUM-C0601
cumulative,662,c01,6,days_0_350,CUM-C0601
cumulative,665,c01,6,days_0_350,CUM-C0601
cumulative,668,c01,6,days_0_350,CUM-C0601
cumulative,671,c01,6,days_0_350,CUM-C0601
cumulative,673,c01,6,days_0_350,CUM-C0601
cumulative,677,c01,6,days_0_350,CUM-C0601
cumulative,678,c01,6,days_0_350,CUM-C0601
cumulative,686,c01,6,days_0_350,CUM-C0601
cumulative,687,c01,6,days_0_350,CUM-C0601
cumulative,692,c01,6,days_0_350,CUM-C0601
cumulative,695,c01,6,days_0_350,CUM-C0601
cumulative,696,c01,6,days_0_350,CUM-C0601
cumulative,703,c01,6,days_0_350,CUM-C0601
cumulative,712,c01,6,days_0_350,CUM-C0601
cumulative,714,c01,6,days_0_350,CUM-C0601
cumulative,715,c01,6,days_0_350,CUM-C0601
cumulative,734,c01,6,days_0_350,CUM-C0601
cumulative,739,c01,6,days_0_350,CUM-C0601
cumulative,742,c01,6,days_0_350,CUM-C0601
cumulative,746,c01,6,days_0_350,CUM-C0601
cumulative,748,c01,6,days_0_350,CUM-C0601
cumulative,752,c01,6,days_0_350,CUM-C0601
cumulative,763,c01,6,days_0_350,CUM-C0601
cumulative,769,c01,6,days_0_350,CUM-C0601
cumulative,771,c01,6,days_0_350,CUM-C0601
cumulative,772,c01,6,days_0_350,CUM-C0601
cumulative,775,c01,6,days_0_350,CUM-C0601
cumulative,776,c01,6,days_0_350,CUM-C0601
cumulative,784,c01,6,days_0_350,CUM-C0601
cumulative,787,c01,6,days_0_350,CUM-C0601
cumulative,798,c01,6,days_0_350,CUM-C0601
cumulative,802,c01,6,days_0_350,CUM-C0601
cumulative,805,c01,6,days_0_350,CUM-C0601
cumulative,807,c01,6,days_0_350,CUM-C0601
cumulative,813,c01,6,days_0_350,CUM-C0601
cumulative,830,c01,6,days_0_350,CUM-C0601
cumulative,833,c01,6,days_0_350,CUM-C0601
cumulative,834,c01,6,days_0_350,CUM-C0601
cumulative,835,c01,6,days_0_350,CUM-C0601
cumulative,852,c01,6,days_0_350,CUM-C0601
cumulative,863,c01,6,days_0_350,CUM-C0601
cumulative,865,c01,6,days_0_350,CUM-C0601
cumulative,877,c01,6,days_0_350,CUM-C0601
cumulative,882,c01,6,days_0_350,CUM-C0601
cumulative,900,c01,6,days_0_350,CUM-C0601
cumulative,901,c01,6,days_0_350,CUM-C0601
cumulative,910,c01,6,days_0_350,CUM-C0601
cumulative,926,c01,6,days_0_350,CUM-C0601
cumulative,930,c01,6,days_0_350,CUM-C0601
cumulative,931,c01,6,days_0_350,CUM-C0601
cumulative,933,c01,6,days_0_350,CUM-C0601
cumulative,935,c01,6,days_0_350,CUM-C0601
cumulative,938,c01,6,days_0_350,CUM-C0601
cumulative,940,c01,6,days_0_350,CUM-C0601
cumulative,960,c01,6,days_0_350,CUM-C0601
cumulative,966,c01,6,days_0_350,CUM-C0601
cumulative,970,c01,6,days_0_350,CUM-C0601
cumulative,972,c01,6,days_0_350,CUM-C0601
cumulative,975,c01,6,days_0_350,CUM-C0601
cumulative,992,c01,6,days_0_350,CUM-C0601
cumulative,993,c01,6,days_0_350,CUM-C0601
cumulative,997,c01,6,days_0_350,CUM-C0601
cumulative,2,c02,6,days_0_350,CUM-C0603
cumulative,9,c02,6,days_0_350,CUM-C0603
cumulative,23,c02,6,days_0_350,CUM-C0603
cumulative,30,c02,6,days_0_350,CUM-C0603
cumulative,37,c02,6,days_0_350,CUM-C0603
cumulative,43,c02,6,days_0_350,CUM-C0603
cumulative,45,c02,6,days_0_350,CUM-C0603
cumulative,52,c02,6,days_0_350,CUM-C0603
cumulative,66,c02,6,days_0_350,CUM-C0603
cumulative,74,c02,6,days_0_350,CUM-C0603
cumulative,77,c02,6,days_0_350,CUM-C0603
cumulative,80,c02,6,days_0_350,CUM-C0603
cumulative,94,c02,6,days_0_350,CUM-C0603
cumulative,104,c02,6,days_0_350,CUM-C0603
cumulative,110,c02,6,days_0_350,CUM-C0603
cumulative,111,c02,6,days_0_350,CUM-C0603
cumulative,112,c02,6,days_0_350,CUM-C0603
cumulative,119,c02,6,days_0_350,CUM-C0603
cumulative,121,c02,6,days_0_350,CUM-C0603
cumulative,126,c02,6,days_0_350,CUM-C0603
cumulative,128,c02,6,days_0_350,CUM-C0603
cumulative,133,c02,6,days_0_350,CUM-C0603
cumulative,166,c02,6,days_0_350,CUM-C0603
cumulative,168,c02,6,days_0_350,CUM-C0603
cumulative,186,c02,6,days_0_350,CUM-C0603
cumulative,204,c02,6,days_0_350,CUM-C0603
cumulative,209,c02,6,days_0_350,CUM-C0603
cumulative,227,c02,6,days_0_350,CUM-C0603
cumulative,232,c02,6,days_0_350,CUM-C0603
cumulative,240,c02,6,days_0_350,CUM-C0603
cumulative,256,c02,6,days_0_350,CUM-C0603
cumulative,260,c02,6,days_0_350,CUM-C0603
cumulative,266,c02,6,days_0_350,CUM-C0603
cumulative,267,c02,6,days_0_350,CUM-C0603
cumulative,276,c02,6,days_0_350,CUM-C0603
cumulative,287,c02,6,days_0_350,CUM-C0603
cumulative,294,c02,6,days_0_350,CUM-C0603
cumulative,305,c02,6,days_0_350,CUM-C0603
cumulative,313,c02,6,days_0_350,CUM-C0603
cumulative,332,c02,6,days_0_350,CUM-C0603
cumulative,340,c02,6,days_0_350,CUM-C0603
cumulative,356,c02,6,days_0_350,CUM-C0603
cumulative,392,c02,6,days_0_350,CUM-C0603
cumulative,412,c02,6,days_0_350,CUM-C0603
cumulative,416,c02,6,days_0_350,CUM-C0603
cumulative,425,c02,6,days_0_350,CUM-C0603
cumulative,435,c02,6,days_0_350,CUM-C0603
cumulative,439,c02,6,days_0_350,CUM-C0603
cumulative,447,c02,6,days_0_350,CUM-C0603
cumulative,459,c02,6,days_0_350,CUM-C0603
cumulative,465,c02,6,days_0_350,CUM-C0603
cumulative,472,c02,6,days_0_350,CUM-C0603
cumulative,475,c02,6,days_0_350,CUM-C0603
cumulative,478,c02,6,days_0_350,CUM-C0603
cumulative,500,c02,6,days_0_350,CUM-C0603
cumulative,517,c02,6,days_0_350,CUM-C0603
cumulative,523,c02,6,days_0_350,CUM-C0603
cumulative,539,c02,6,days_0_350,CUM-C0603
cumulative,556,c02,6,days_0_350,CUM-C0603
cumulative,557,c02,6,days_0_350,CUM-C0603
cumulative,564,c02,6,days_0_350,CUM-C0603
cumulative,573,c02,6,days_0_350,CUM-C0603
cumulative,574,c02,6,days_0_350,CUM-C0603
cumulative,575,c02,6,days_0_350,CUM-C0603
cumulative,586,c02,6,days_0_350,CUM-C0603
cumulative,598,c02,6,days_0_350,CUM-C0603
cumulative,602,c02,6,days_0_350,CUM-C0603
cumulative,648,c02,6,days_0_350,CUM-C0603
cumulative,655,c02,6,days_0_350,CUM-C0603
cumulative,674,c02,6,days_0_350,CUM-C0603
cumulative,694,c02,6,days_0_350,CUM-C0603
cumulative,699,c02,6,days_0_350,CUM-C0603
cumulative,700,c02,6,days_0_350,CUM-C0603
cumulative,721,c02,6,days_0_350,CUM-C0603
cumulative,730,c02,6,days_0_350,CUM-C0603
cumulative,743,c02,6,days_0_350,CUM-C0603
cumulative,756,c02,6,days_0_350,CUM-C0603
cumulative,759,c02,6,days_0_350,CUM-C0603
cumulative,762,c02,6,days_0_350,CUM-C0603
cumulative,765,c02,6,days_0_350,CUM-C0603
cumulative,768,c02,6,days_0_350,CUM-C0603
cumulative,782,c02,6,days_0_350,CUM-C0603
cumulative,790,c02,6,days_0_350,CUM-C0603
cumulative,794,c02,6,days_0_350,CUM-C0603
cumulative,803,c02,6,days_0_350,CUM-C0603
cumulative,812,c02,6,days_0_350,CUM-C0603
cumulative,814,c02,6,days_0_350,CUM-C0603
cumulative,825,c02,6,days_0_350,CUM-C0603
cumulative,845,c02,6,days_0_350,CUM-C0603
cumulative,859,c02,6,days_0_350,CUM-C0603
cumulative,868,c02,6,days_0_350,CUM-C0603
cumulative,869,c02,6,days_0_350,CUM-C0603
cumulative,885,c02,6,days_0_350,CUM-C0603
cumulative,889,c02,6,days_0_350,CUM-C0603
cumulative,908,c02,6,days_0_350,CUM-C0603
cumulative,912,c02,6,days_0_350,CUM-C0603
cumulative,944,c02,6,days_0_350,CUM-C0603
cumulative,946,c02,6,days_0_350,CUM-C0603
cumulative,948,c02,6,days_0_350,CUM-C0603
cumulative,949,c02,6,days_0_350,CUM-C0603
cumulative,961,c02,6,days_0_350,CUM-C0603
cumulative,984,c02,6,days_0_350,CUM-C0603
cumulative,986,c02,6,days_0_350,CUM-C0603
cumulative,0,c03,6,days_0_350,CUM-C0602
cumulative,6,c03,6,days_0_350,CUM-C0602
cumulative,16,c03,6,days_0_350,CUM-C0602
cumulative,18,c03,6,days_0_350,CUM-C0602
cumulative,19,c03,6,days_0_350,CUM-C0602
cumulative,32,c03,6,days_0_350,CUM-C0602
cumulative,59,c03,6,days_0_350,CUM-C0602
cumulative,61,c03,6,days_0_350,CUM-C0602
cumulative,71,c03,6,days_0_350,CUM-C0602
cumulative,78,c03,6,days_0_350,CUM-C0602
cumulative,114,c03,6,days_0_350,CUM-C0602
cumulative,115,c03,6,days_0_350,CUM-C0602
cumulative,118,c03,6,days_0_350,CUM-C0602
cumulative,127,c03,6,days_0_350,CUM-C0602
cumulative,143,c03,6,days_0_350,CUM-C0602
cumulative,145,c03,6,days_0_350,CUM-C0602
cumulative,149,c03,6,days_0_350,CUM-C0602
cumulative,158,c03,6,days_0_350,CUM-C0602
cumulative,162,c03,6,days_0_350,CUM-C0602
cumulative,169,c03,6,days_0_350,CUM-C0602
cumulative,178,c03,6,days_0_350,CUM-C0602
cumulative,189,c03,6,days_0_350,CUM-C0602
cumulative,195,c03,6,days_0_350,CUM-C0602
cumulative,225,c03,6,days_0_350,CUM-C0602
cumulative,228,c03,6,days_0_350,CUM-C0602
cumulative,237,c03,6,days_0_350,CUM-C0602
cumulative,243,c03,6,days_0_350,CUM-C0602
cumulative,249,c03,6,days_0_350,CUM-C0602
cumulative,259,c03,6,days_0_350,CUM-C0602
cumulative,265,c03,6,days_0_350,CUM-C0602
cumulative,279,c03,6,days_0_350,CUM-C0602
cumulative,281,c03,6,days_0_350,CUM-C0602
cumulative,293,c03,6,days_0_350,CUM-C0602
cumulative,295,c03,6,days_0_350,CUM-C0602
cumulative,312,c03,6,days_0_350,CUM-C0602
cumulative,320,c03,6,days_0_350,CUM-C0602
cumulative,325,c03,6,days_0_350,CUM-C0602
cumulative,333,c03,6,days_0_350,CUM-C0602
cumulative,339,c03,6,days_0_350,CUM-C0602
cumulative,365,c03,6,days_0_350,CUM-C0602
cumulative,372,c03,6,days_0_350,CUM-C0602
cumulative,377,c03,6,days_0_350,CUM-C0602
cumulative,393,c03,6,days_0_350,CUM-C0602
cumulative,404,c03,6,days_0_350,CUM-C0602
cumulative,407,c03,6,days_0_350,CUM-C0602
cumulative,409,c03,6,days_0_350,CUM-C0602
cumulative,410,c03,6,days_0_350,CUM-C0602
cumulative,426,c03,6,days_0_350,CUM-C0602
cumulative,436,c03,6,days_0_350,CUM-C0602
cumulative,452,c03,6,days_0_350,CUM-C0602
cumulative,453,c03,6,days_0_350,CUM-C0602
cumulative,457,c03,6,days_0_350,CUM-C0602
cumulative,470,c03,6,days_0_350,CUM-C0602
cumulative,479,c03,6,days_0_350,CUM-C0602
cumulative,490,c03,6,days_0_350,CUM-C0602
cumulative,496,c03,6,days_0_350,CUM-C0602
cumulative,502,c03,6,days_0_350,CUM-C0602
cumulative,519,c03,6,days_0_350,CUM-C0602
cumulative,522,c03,6,days_0_350,CUM-C0602
cumulative,538,c03,6,days_0_350,CUM-C0602
cumulative,569,c03,6,days_0_350,CUM-C0602
cumulative,580,c03,6,days_0_350,CUM-C0602
cumulative,593,c03,6,days_0_350,CUM-C0602
cumulative,595,c03,6,days_0_350,CUM-C0602
cumulative,599,c03,6,days_0_350,CUM-C0602
cumulative,605,c03,6,days_0_350,CUM-C0602
cumulative,615,c03,6,days_0_350,CUM-C0602
cumulative,635,c03,6,days_0_350,CUM-C0602
cumulative,652,c03,6,days_0_350,CUM-C0602
cumulative,669,c03,6,days_0_350,CUM-C0602
cumulative,681,c03,6,days_0_350,CUM-C0602
cumulative,693,c03,6,days_0_350,CUM-C0602
cumulative,708,c03,6,days_0_350,CUM-C0602
cumulative,710,c03,6,days_0_350,CUM-C0602
cumulative,711,c03,6,days_0_350,CUM-C0602
cumulative,716,c03,6,days_0_350,CUM-C0602
cumulative,718,c03,6,days_0_350,CUM-C0602
cumulative,724,c03,6,days_0_350,CUM-C0602
cumulative,729,c03,6,days_0_350,CUM-C0602
cumulative,732,c03,6,days_0_350,CUM-C0602
cumulative,749,c03,6,days_0_350,CUM-C0602
cumulative,754,c03,6,days_0_350,CUM-C0602
cumulative,767,c03,6,days_0_350,CUM-C0602
cumulative,777,c03,6,days_0_350,CUM-C0602
cumulative,791,c03,6,days_0_350,CUM-C0602
cumulative,793,c03,6,days_0_350,CUM-C0602
cumulative,797,c03,6,days_0_350,CUM-C0602
cumulative,816,c03,6,days_0_350,CUM-C0602
cumulative,843,c03,6,days_0_350,CUM-C0602
cumulative,861,c03,6,days_0_350,CUM-C0602
cumulative,862,c03,6,days_0_350,CUM-C0602
cumulative,866,c03,6,days_0_350,CUM-C0602
cumulative,876,c03,6,days_0_350,CUM-C0602
cumulative,883,c03,6,days_0_350,CUM-C0602
cumulative,884,c03,6,days_0_350,CUM-C0602
cumulative,896,c03,6,days_0_350,CUM-C0602
cumulative,904,c03,6,days_0_350,CUM-C0602
cumulative,905,c03,6,days_0_350,CUM-C0602
cumulative,907,c03,6,days_0_350,CUM-C0602
cumulative,916,c03,6,days_0_350,CUM-C0602
cumulative,934,c03,6,days_0_350,CUM-C0602
cumulative,976,c03,6,days_0_350,CUM-C0602
cumulative,991,c03,6,days_0_350,CUM-C0602
cumulative,999,c03,6,days_0_350,CUM-C0602
cumulative,1,c04,6,days_0_350,CUM-C0604
cumulative,38,c04,6,days_0_350,CUM-C0604
cumulative,42,c04,6,days_0_350,CUM-C0604
cumulative,46,c04,6,days_0_350,CUM-C0604
cumulative,50,c04,6,days_0_350,CUM-C0604
cumulative,64,c04,6,days_0_350,CUM-C0604
cumulative,69,c04,6,days_0_350,CUM-C0604
cumulative,70,c04,6,days_0_350,CUM-C0604
cumulative,76,c04,6,days_0_350,CUM-C0604
cumulative,84,c04,6,days_0_350,CUM-C0604
cumulative,96,c04,6,days_0_350,CUM-C0604
cumulative,97,c04,6,days_0_350,CUM-C0604
cumulative,101,c04,6,days_0_350,CUM-C0604
cumulative,102,c04,6,days_0_350,CUM-C0604
cumulative,103,c04,6,days_0_350,CUM-C0604
cumulative,106,c04,6,days_0_350,CUM-C0604
cumulative,125,c04,6,days_0_350,CUM-C0604
cumulative,132,c04,6,days_0_350,CUM-C0604
cumulative,139,c04,6,days_0_350,CUM-C0604
cumulative,154,c04,6,days_0_350,CUM-C0604
cumulative,164,c04,6,days_0_350,CUM-C0604
cumulative,172,c04,6,days_0_350,CUM-C0604
cumulative,174,c04,6,days_0_350,CUM-C0604
cumulative,184,c04,6,days_0_350,CUM-C0604
cumulative,206,c04,6,days_0_350,CUM-C0604
cumulative,223,c04,6,days_0_350,CUM-C0604
cumulative,246,c04,6,days_0_350,CUM-C0604
cumulative,299,c04,6,days_0_350,CUM-C0604
cumulative,303,c04,6,days_0_350,CUM-C0604
cumulative,309,c04,6,days_0_350,CUM-C0604
cumulative,310,c04,6,days_0_350,CUM-C0604
cumulative,322,c04,6,days_0_350,CUM-C0604
cumulative,323,c04,6,days_0_350,CUM-C0604
cumulative,324,c04,6,days_0_350,CUM-C0604
cumulative,337,c04,6,days_0_350,CUM-C0604
cumulative,343,c04,6,days_0_350,CUM-C0604
cumulative,346,c04,6,days_0_350,CUM-C0604
cumulative,368,c04,6,days_0_350,CUM-C0604
cumulative,378,c04,6,days_0_350,CUM-C0604
cumulative,388,c04,6,days_0_350,CUM-C0604
cumulative,395,c04,6,days_0_350,CUM-C0604
cumulative,399,c04,6,days_0_350,CUM-C0604
cumulative,402,c04,6,days_0_350,CUM-C0604
cumulative,420,c04,6,days_0_350,CUM-C0604
cumulative,423,c04,6,days_0_350,CUM-C0604
cumulative,460,c04,6,days_0_350,CUM-C0604
cumulative,474,c04,6,days_0_350,CUM-C0604
cumulative,477,c04,6,days_0_350,CUM-C0604
cumulative,487,c04,6,days_0_350,CUM-C0604
cumulative,489,c04,6,days_0_350,CUM-C0604
cumulative,498,c04,6,days_0_350,CUM-C0604
cumulative,501,c04,6,days_0_350,CUM-C0604
cumulative,505,c04,6,days_0_350,CUM-C0604
cumulative,509,c04,6,days_0_350,CUM-C0604
cumulative,510,c04,6,days_0_350,CUM-C0604
cumulative,514,c04,6,days_0_350,CUM-C0604
cumulative,524,c04,6,days_0_350,CUM-C0604
cumulative,534,c04,6,days_0_350,CUM-C0604
cumulative,548,c04,6,days_0_350,CUM-C0604
cumulative,559,c04,6,days_0_350,CUM-C0604
cumulative,562,c04,6,days_0_350,CUM-C0604
cumulative,583,c04,6,days_0_350,CUM-C0604
cumulative,603,c04,6,days_0_350,CUM-C0604
cumulative,622,c04,6,days_0_350,CUM-C0604
cumulative,634,c04,6,days_0_350,CUM-C0604
cumulative,638,c04,6,days_0_350,CUM-C0604
cumulative,649,c04,6,days_0_350,CUM-C0604
cumulative,663,c04,6,days_0_350,CUM-C0604
cumulative,676,c04,6,days_0_350,CUM-C0604
cumulative,705,c04,6,days_0_350,CUM-C0604
cumulative,706,c04,6,days_0_350,CUM-C0604
cumulative,735,c04,6,days_0_350,CUM-C0604
cumulative,740,c04,6,days_0_350,CUM-C0604
cumulative,779,c04,6,days_0_350,CUM-C0604
cumulative,780,c04,6,days_0_350,CUM-C0604
cumulative,788,c04,6,days_0_350,CUM-C0604
cumulative,822,c04,6,days_0_350,CUM-C0604
cumulative,832,c04,6,days_0_350,CUM-C0604
cumulative,842,c04,6,days_0_350,CUM-C0604
cumulative,853,c04,6,days_0_350,CUM-C0604
cumulative,879,c04,6,days_0_350,CUM-C0604
cumulative,893,c04,6,days_0_350,CUM-C0604
cumulative,939,c04,6,days_0_350,CUM-C0604
cumulative,950,c04,6,days_0_350,CUM-C0604
cumulative,10,c05,6,days_0_350,CUM-C0605
cumulative,13,c05,6,days_0_350,CUM-C0605
cumulative,14,c05,6,days_0_350,CUM-C0605
cumulative,39,c05,6,days_0_350,CUM-C0605
cumulative,105,c05,6,days_0_350,CUM-C0605
cumulative,131,c05,6,days_0_350,CUM-C0605
cumulative,153,c05,6,days_0_350,CUM-C0605
cumulative,173,c05,6,days_0_350,CUM-C0605
cumulative,197,c05,6,days_0_350,CUM-C0605
cumulative,199,c05,6,days_0_350,CUM-C0605
cumulative,222,c05,6,days_0_350,CUM-C0605
cumulative,235,c05,6,days_0_350,CUM-C0605
cumulative,239,c05,6,days_0_350,CUM-C0605
cumulative,252,c05,6,days_0_350,CUM-C0605
cumulative,270,c05,6,days_0_350,CUM-C0605
cumulative,273,c05,6,days_0_350,CUM-C0605
cumulative,328,c05,6,days_0_350,CUM-C0605
cumulative,331,c05,6,days_0_350,CUM-C0605
cumulative,382,c05,6,days_0_350,CUM-C0605
cumulative,396,c05,6,days_0_350,CUM-C0605
cumulative,411,c05,6,days_0_350,CUM-C0605
cumulative,418,c05,6,days_0_350,CUM-C0605
cumulative,437,c05,6,days_0_350,CUM-C0605
cumulative,442,c05,6,days_0_350,CUM-C0605
cumulative,467,c05,6,days_0_350,CUM-C0605
cumulative,473,c05,6,days_0_350,CUM-C0605
cumulative,476,c05,6,days_0_350,CUM-C0605
cumulative,497,c05,6,days_0_350,CUM-C0605
cumulative,506,c05,6,days_0_350,CUM-C0605
cumulative,508,c05,6,days_0_350,CUM-C0605
cumulative,516,c05,6,days_0_350,CUM-C0605
cumulative,532,c05,6,days_0_350,CUM-C0605
cumulative,541,c05,6,days_0_350,CUM-C0605
cumulative,576,c05,6,days_0_350,CUM-C0605
cumulative,597,c05,6,days_0_350,CUM-C0605
cumulative,616,c05,6,days_0_350,CUM-C0605
cumulative,627,c05,6,days_0_350,CUM-C0605
cumulative,639,c05,6,days_0_350,CUM-C0605
cumulative,644,c05,6,days_0_350,CUM-C0605
cumulative,650,c05,6,days_0_350,CUM-C0605
cumulative,653,c05,6,days_0_350,CUM-C0605
cumulative,654,c05,6,days_0_350,CUM-C0605
cumulative,657,c05,6,days_0_350,CUM-C0605
cumulative,666,c05,6,days_0_350,CUM-C0605
cumulative,682,c05,6,days_0_350,CUM-C0605
cumulative,690,c05,6,days_0_350,CUM-C0605
cumulative,702,c05,6,days_0_350,CUM-C0605
cumulative,719,c05,6,days_0_350,CUM-C0605
cumulative,738,c05,6,days_0_350,CUM-C0605
cumulative,745,c05,6,days_0_350,CUM-C0605
cumulative,747,c05,6,days_0_350,CUM-C0605
cumulative,761,c05,6,days_0_350,CUM-C0605
cumulative,783,c05,6,days_0_350,CUM-C0605
cumulative,796,c05,6,days_0_350,CUM-C0605
cumulative,801,c05,6,days_0_350,CUM-C0605
cumulative,804,c05,6,days_0_350,CUM-C0605
cumulative,820,c05,6,days_0_350,CUM-C0605
cumulative,826,c05,6,days_0_350,CUM-C0605
cumulative,828,c05,6,days_0_350,CUM-C0605
cumulative,837,c05,6,days_0_350,CUM-C0605
cumulative,850,c05,6,days_0_350,CUM-C0605
cumulative,875,c05,6,days_0_350,CUM-C0605
cumulative,881,c05,6,days_0_350,CUM-C0605
cumulative,890,c05,6,days_0_350,CUM-C0605
cumulative,911,c05,6,days_0_350,CUM-C0605
cumulative,921,c05,6,days_0_350,CUM-C0605
cumulative,923,c05,6,days_0_350,CUM-C0605
cumulative,924,c05,6,days_0_350,CUM-C0605
cumulative,928,c05,6,days_0_350,CUM-C0605
cumulative,945,c05,6,days_0_350,CUM-C0605
cumulative,951,c05,6,days_0_350,CUM-C0605
cumulative,967,c05,6,days_0_350,CUM-C0605
cumulative,969,c05,6,days_0_350,CUM-C0605
cumulative,977,c05,6,days_0_350,CUM-C0605
cumulative,979,c05,6,days_0_350,CUM-C0605
cumulative,996,c05,6,days_0_350,CUM-C0605
cumulative,1001,c05,6,days_0_350,CUM-C0605
cumulative,1004,c05,6,days_0_350,CUM-C0605
cumulative,24,c06,6,days_0_350,CUM-C0607
cumulative,35,c06,6,days_0_350,CUM-C0607
cumulative,87,c06,6,days_0_350,CUM-C0607
cumulative,141,c06,6,days_0_350,CUM-C0607
cumulative,148,c06,6,days_0_350,CUM-C0607
cumulative,160,c06,6,days_0_350,CUM-C0607
cumulative,167,c06,6,days_0_350,CUM-C0607
cumulative,181,c06,6,days_0_350,CUM-C0607
cumulative,188,c06,6,days_0_350,CUM-C0607
cumulative,190,c06,6,days_0_350,CUM-C0607
cumulative,202,c06,6,days_0_350,CUM-C0607
cumulative,207,c06,6,days_0_350,CUM-C0607
cumulative,241,c06,6,days_0_350,CUM-C0607
cumulative,274,c06,6,days_0_350,CUM-C0607
cumulative,280,c06,6,days_0_350,CUM-C0607
cumulative,286,c06,6,days_0_350,CUM-C0607
cumulative,288,c06,6,days_0_350,CUM-C0607
cumulative,301,c06,6,days_0_350,CUM-C0607
cumulative,353,c06,6,days_0_350,CUM-C0607
cumulative,360,c06,6,days_0_350,CUM-C0607
cumulative,373,c06,6,days_0_350,CUM-C0607
cumulative,391,c06,6,days_0_350,CUM-C0607
cumulative,408,c06,6,days_0_350,CUM-C0607
cumulative,414,c06,6,days_0_350,CUM-C0607
cumulative,421,c06,6,days_0_350,CUM-C0607
cumulative,424,c06,6,days_0_350,CUM-C0607
cumulative,431,c06,6,days_0_350,CUM-C0607
cumulative,445,c06,6,days_0_350,CUM-C0607
cumulative,469,c06,6,days_0_350,CUM-C0607
cumulative,484,c06,6,days_0_350,CUM-C0607
cumulative,493,c06,6,days_0_350,CUM-C0607
cumulative,512,c06,6,days_0_350,CUM-C0607
cumulative,526,c06,6,days_0_350,CUM-C0607
cumulative,530,c06,6,days_0_350,CUM-C0607
cumulative,547,c06,6,days_0_350,CUM-C0607
cumulative,552,c06,6,days_0_350,CUM-C0607
cumulative,561,c06,6,days_0_350,CUM-C0607
cumulative,614,c06,6,days_0_350,CUM-C0607
cumulative,629,c06,6,days_0_350,CUM-C0607
cumulative,630,c06,6,days_0_350,CUM-C0607
cumulative,631,c06,6,days_0_350,CUM-C0607
cumulative,643,c06,6,days_0_350,CUM-C0607
cumulative,645,c06,6,days_0_350,CUM-C0607
cumulative,656,c06,6,days_0_350,CUM-C0607
cumulative,658,c06,6,days_0_350,CUM-C0607
cumulative,685,c06,6,days_0_350,CUM-C0607
cumulative,709,c06,6,days_0_350,CUM-C0607
cumulative,795,c06,6,days_0_350,CUM-C0607
cumulative,817,c06,6,days_0_350,CUM-C0607
cumulative,824,c06,6,days_0_350,CUM-C0607
cumulative,841,c06,6,days_0_350,CUM-C0607
cumulative,846,c06,6,days_0_350,CUM-C0607
cumulative,847,c06,6,days_0_350,CUM-C0607
cumulative,851,c06,6,days_0_350,CUM-C0607
cumulative,858,c06,6,days_0_350,CUM-C0607
cumulative,891,c06,6,days_0_350,CUM-C0607
cumulative,894,c06,6,days_0_350,CUM-C0607
cumulative,902,c06,6,days_0_350,CUM-C0607
cumulative,920,c06,6,days_0_350,CUM-C0607
cumulative,954,c06,6,days_0_350,CUM-C0607
cumulative,957,c06,6,days_0_350,CUM-C0607
cumulative,964,c06,6,days_0_350,CUM-C0607
cumulative,978,c06,6,days_0_350,CUM-C0607
cumulative,988,c06,6,days_0_350,CUM-C0607
cumulative,5,c07,6,days_0_350,CUM-C0608
cumulative,7,c07,6,days_0_350,CUM-C0608
cumulative,29,c07,6,days_0_350,CUM-C0608
cumulative,98,c07,6,days_0_350,CUM-C0608
cumulative,107,c07,6,days_0_350,CUM-C0608
cumulative,117,c07,6,days_0_350,CUM-C0608
cumulative,134,c07,6,days_0_350,CUM-C0608
cumulative,150,c07,6,days_0_350,CUM-C0608
cumulative,175,c07,6,days_0_350,CUM-C0608
cumulative,183,c07,6,days_0_350,CUM-C0608
cumulative,192,c07,6,days_0_350,CUM-C0608
cumulative,196,c07,6,days_0_350,CUM-C0608
cumulative,201,c07,6,days_0_350,CUM-C0608
cumulative,208,c07,6,days_0_350,CUM-C0608
cumulative,226,c07,6,days_0_350,CUM-C0608
cumulative,236,c07,6,days_0_350,CUM-C0608
cumulative,257,c07,6,days_0_350,CUM-C0608
cumulative,262,c07,6,days_0_350,CUM-C0608
cumulative,268,c07,6,days_0_350,CUM-C0608
cumulative,275,c07,6,days_0_350,CUM-C0608
cumulative,278,c07,6,days_0_350,CUM-C0608
cumulative,291,c07,6,days_0_350,CUM-C0608
cumulative,297,c07,6,days_0_350,CUM-C0608
cumulative,327,c07,6,days_0_350,CUM-C0608
cumulative,335,c07,6,days_0_350,CUM-C0608
cumulative,359,c07,6,days_0_350,CUM-C0608
cumulative,381,c07,6,days_0_350,CUM-C0608
cumulative,385,c07,6,days_0_350,CUM-C0608
cumulative,401,c07,6,days_0_350,CUM-C0608
cumulative,415,c07,6,days_0_350,CUM-C0608
cumulative,429,c07,6,days_0_350,CUM-C0608
cumulative,440,c07,6,days_0_350,CUM-C0608
cumulative,446,c07,6,days_0_350,CUM-C0608
cumulative,449,c07,6,days_0_350,CUM-C0608
cumulative,454,c07,6,days_0_350,CUM-C0608
cumulative,464,c07,6,days_0_350,CUM-C0608
cumulative,468,c07,6,days_0_350,CUM-C0608
cumulative,491,c07,6,days_0_350,CUM-C0608
cumulative,504,c07,6,days_0_350,CUM-C0608
cumulative,537,c07,6,days_0_350,CUM-C0608
cumulative,553,c07,6,days_0_350,CUM-C0608
cumulative,592,c07,6,days_0_350,CUM-C0608
cumulative,664,c07,6,days_0_350,CUM-C0608
cumulative,670,c07,6,days_0_350,CUM-C0608
cumulative,683,c07,6,days_0_350,CUM-C0608
cumulative,688,c07,6,days_0_350,CUM-C0608
cumulative,707,c07,6,days_0_350,CUM-C0608
cumulative,713,c07,6,days_0_350,CUM-C0608
cumulative,726,c07,6,days_0_350,CUM-C0608
cumulative,737,c07,6,days_0_350,CUM-C0608
cumulative,808,c07,6,days_0_350,CUM-C0608
cumulative,810,c07,6,days_0_350,CUM-C0608
cumulative,839,c07,6,days_0_350,CUM-C0608
cumulative,849,c07,6,days_0_350,CUM-C0608
cumulative,880,c07,6,days_0_350,CUM-C0608
cumulative,897,c07,6,days_0_350,CUM-C0608
cumulative,898,c07,6,days_0_350,CUM-C0608
cumulative,899,c07,6,days_0_350,CUM-C0608
cumulative,941,c07,6,days_0_350,CUM-C0608
cumulative,980,c07,6,days_0_350,CUM-C0608
cumulative,985,c07,6,days_0_350,CUM-C0608
cumulative,1003,c07,6,days_0_350,CUM-C0608
cumulative,28,c08,6,days_0_350,CUM-C0609
cumulative,56,c08,6,days_0_350,CUM-C0609
cumulative,68,c08,6,days_0_350,CUM-C0609
cumulative,95,c08,6,days_0_350,CUM-C0609
cumulative,170,c08,6,days_0_350,CUM-C0609
cumulative,176,c08,6,days_0_350,CUM-C0609
cumulative,219,c08,6,days_0_350,CUM-C0609
cumulative,231,c08,6,days_0_350,CUM-C0609
cumulative,245,c08,6,days_0_350,CUM-C0609
cumulative,251,c08,6,days_0_350,CUM-C0609
cumulative,264,c08,6,days_0_350,CUM-C0609
cumulative,269,c08,6,days_0_350,CUM-C0609
cumulative,311,c08,6,days_0_350,CUM-C0609
cumulative,329,c08,6,days_0_350,CUM-C0609
cumulative,338,c08,6,days_0_350,CUM-C0609
cumulative,350,c08,6,days_0_350,CUM-C0609
cumulative,361,c08,6,days_0_350,CUM-C0609
cumulative,364,c08,6,days_0_350,CUM-C0609
cumulative,375,c08,6,days_0_350,CUM-C0609
cumulative,427,c08,6,days_0_350,CUM-C0609
cumulative,432,c08,6,days_0_350,CUM-C0609
cumulative,433,c08,6,days_0_350,CUM-C0609
cumulative,448,c08,6,days_0_350,CUM-C0609
cumulative,461,c08,6,days_0_350,CUM-C0609
cumulative,480,c08,6,days_0_350,CUM-C0609
cumulative,482,c08,6,days_0_350,CUM-C0609
cumulative,511,c08,6,days_0_350,CUM-C0609
cumulative,531,c08,6,days_0_350,CUM-C0609
cumulative,540,c08,6,days_0_350,CUM-C0609
cumulative,582,c08,6,days_0_350,CUM-C0609
cumulative,588,c08,6,days_0_350,CUM-C0609
cumulative,606,c08,6,days_0_350,CUM-C0609
cumulative,624,c08,6,days_0_350,CUM-C0609
cumulative,641,c08,6,days_0_350,CUM-C0609
cumulative,697,c08,6,days_0_350,CUM-C0609
cumulative,698,c08,6,days_0_350,CUM-C0609
cumulative,733,c08,6,days_0_350,CUM-C0609
cumulative,736,c08,6,days_0_350,CUM-C0609
cumulative,764,c08,6,days_0_350,CUM-C0609
cumulative,773,c08,6,days_0_350,CUM-C0609
cumulative,789,c08,6,days_0_350,CUM-C0609
cumulative,809,c08,6,days_0_350,CUM-C0609
cumulative,815,c08,6,days_0_350,CUM-C0609
cumulative,819,c08,6,days_0_350,CUM-C0609
cumulative,836,c08,6,days_0_350,CUM-C0609
cumulative,840,c08,6,days_0_350,CUM-C0609
cumulative,855,c08,6,days_0_350,CUM-C0609
cumulative,872,c08,6,days_0_350,CUM-C0609
cumulative,873,c08,6,days_0_350,CUM-C0609
cumulative,874,c08,6,days_0_350,CUM-C0609
cumulative,925,c08,6,days_0_350,CUM-C0609
cumulative,955,c08,6,days_0_350,CUM-C0609
cumulative,983,c08,6,days_0_350,CUM-C0609
cumulative,987,c08,6,days_0_350,CUM-C0609
cumulative,994,c08,6,days_0_350,CUM-C0609
cumulative,995,c08,6,days_0_350,CUM-C0609
cumulative,25,c09,6,days_0_350,CUM-C0610
cumulative,41,c09,6,days_0_350,CUM-C0610
cumulative,44,c09,6,days_0_350,CUM-C0610
cumulative,48,c09,6,days_0_350,CUM-C0610
cumulative,73,c09,6,days_0_350,CUM-C0610
cumulative,85,c09,6,days_0_350,CUM-C0610
cumulative,216,c09,6,days_0_350,CUM-C0610
cumulative,318,c09,6,days_0_350,CUM-C0610
cumulative,319,c09,6,days_0_350,CUM-C0610
cumulative,321,c09,6,days_0_350,CUM-C0610
cumulative,366,c09,6,days_0_350,CUM-C0610
cumulative,386,c09,6,days_0_350,CUM-C0610
cumulative,434,c09,6,days_0_350,CUM-C0610
cumulative,458,c09,6,days_0_350,CUM-C0610
cumulative,481,c09,6,days_0_350,CUM-C0610
cumulative,499,c09,6,days_0_350,CUM-C0610
cumulative,558,c09,6,days_0_350,CUM-C0610
cumulative,565,c09,6,days_0_350,CUM-C0610
cumulative,600,c09,6,days_0_350,CUM-C0610
cumulative,618,c09,6,days_0_350,CUM-C0610
cumulative,672,c09,6,days_0_350,CUM-C0610
cumulative,679,c09,6,days_0_350,CUM-C0610
cumulative,684,c09,6,days_0_350,CUM-C0610
cumulative,704,c09,6,days_0_350,CUM-C0610
cumulative,723,c09,6,days_0_350,CUM-C0610
cumulative,753,c09,6,days_0_350,CUM-C0610
cumulative,758,c09,6,days_0_350,CUM-C0610
cumulative,844,c09,6,days_0_350,CUM-C0610
cumulative,918,c09,6,days_0_350,CUM-C0610
cumulative,956,c09,6,days_0_350,CUM-C0610
cumulative,1002,c09,6,days_0_350,CUM-C0610
cumulative,62,c10,6,days_0_350,CUM-C0612
cumulative,113,c10,6,days_0_350,CUM-C0612
cumulative,124,c10,6,days_0_350,CUM-C0612
cumulative,250,c10,6,days_0_350,CUM-C0612
cumulative,263,c10,6,days_0_350,CUM-C0612
cumulative,369,c10,6,days_0_350,CUM-C0612
cumulative,444,c10,6,days_0_350,CUM-C0612
cumulative,485,c10,6,days_0_350,CUM-C0612
cumulative,513,c10,6,days_0_350,CUM-C0612
cumulative,515,c10,6,days_0_350,CUM-C0612
cumulative,535,c10,6,days_0_350,CUM-C0612
cumulative,542,c10,6,days_0_350,CUM-C0612
cumulative,551,c10,6,days_0_350,CUM-C0612
cumulative,646,c10,6,days_0_350,CUM-C0612
cumulative,691,c10,6,days_0_350,CUM-C0612
cumulative,722,c10,6,days_0_350,CUM-C0612
cumulative,770,c10,6,days_0_350,CUM-C0612
cumulative,800,c10,6,days_0_350,CUM-C0612
cumulative,821,c10,6,days_0_350,CUM-C0612
cumulative,823,c10,6,days_0_350,CUM-C0612
cumulative,854,c10,6,days_0_350,CUM-C0612
cumulative,886,c10,6,days_0_350,CUM-C0612
cumulative,927,c10,6,days_0_350,CUM-C0612
cumulative,968,c10,6,days_0_350,CUM-C0612
cumulative,17,c11,6,days_0_350,CUM-C0611
cumulative,31,c11,6,days_0_350,CUM-C0611
cumulative,67,c11,6,days_0_350,CUM-C0611
cumulative,92,c11,6,days_0_350,CUM-C0611
cumulative,122,c11,6,days_0_350,CUM-C0611
cumulative,136,c11,6,days_0_350,CUM-C0611
cumulative,142,c11,6,days_0_350,CUM-C0611
cumulative,165,c11,6,days_0_350,CUM-C0611
cumulative,200,c11,6,days_0_350,CUM-C0611
cumulative,302,c11,6,days_0_350,CUM-C0611
cumulative,316,c11,6,days_0_350,CUM-C0611
cumulative,341,c11,6,days_0_350,CUM-C0611
cumulative,344,c11,6,days_0_350,CUM-C0611
cumulative,349,c11,6,days_0_350,CUM-C0611
cumulative,428,c11,6,days_0_350,CUM-C0611
cumulative,543,c11,6,days_0_350,CUM-C0611
cumulative,636,c11,6,days_0_350,CUM-C0611
cumulative,647,c11,6,days_0_350,CUM-C0611
cumulative,831,c11,6,days_0_350,CUM-C0611
cumulative,838,c11,6,days_0_350,CUM-C0611
cumulative,857,c11,6,days_0_350,CUM-C0611
cumulative,892,c11,6,days_0_350,CUM-C0611
cumulative,915,c11,6,days_0_350,CUM-C0611
cumulative,952,c11,6,days_0_350,CUM-C0611
cumulative,953,c11,6,days_0_350,CUM-C0611
cumulative,963,c11,6,days_0_350,CUM-C0611
cumulative,971,c11,6,days_0_350,CUM-C0611
cumulative,990,c11,6,days_0_350,CUM-C0611
cumulative,180,c14,6,days_0_350,CUM-C0613
cumulative,215,c14,6,days_0_350,CUM-C0613
cumulative,217,c14,6,days_0_350,CUM-C0613
cumulative,238,c14,6,days_0_350,CUM-C0613
cumulative,357,c14,6,days_0_350,CUM-C0613
cumulative,727,c14,6,days_0_350,CUM-C0613
cumulative,829,c14,6,days_0_350,CUM-C0613
cumulative,958,c14,6,days_0_350,CUM-C0613
cumulative,8,c01,7,days_0_400,CUM-C0701
cumulative,11,c01,7,days_0_400,CUM-C0701
cumulative,26,c01,7,days_0_400,CUM-C0701
cumulative,27,c01,7,days_0_400,CUM-C0701
cumulative,34,c01,7,days_0_400,CUM-C0701
cumulative,36,c01,7,days_0_400,CUM-C0701
cumulative,39,c01,7,days_0_400,CUM-C0701
cumulative,40,c01,7,days_0_400,CUM-C0701
cumulative,47,c01,7,days_0_400,CUM-C0701
cumulative,49,c01,7,days_0_400,CUM-C0701
cumulative,53,c01,7,days_0_400,CUM-C0701
cumulative,60,c01,7,days_0_400,CUM-C0701
cumulative,65,c01,7,days_0_400,CUM-C0701
cumulative,70,c01,7,days_0_400,CUM-C0701
cumulative,75,c01,7,days_0_400,CUM-C0701
cumulative,79,c01,7,days_0_400,CUM-C0701
cumulative,83,c01,7,days_0_400,CUM-C0701
cumulative,86,c01,7,days_0_400,CUM-C0701
cumulative,91,c01,7,days_0_400,CUM-C0701
cumulative,93,c01,7,days_0_400,CUM-C0701
cumulative,116,c01,7,days_0_400,CUM-C0701
cumulative,120,c01,7,days_0_400,CUM-C0701
cumulative,129,c01,7,days_0_400,CUM-C0701
cumulative,137,c01,7,days_0_400,CUM-C0701
cumulative,146,c01,7,days_0_400,CUM-C0701
cumulative,147,c01,7,days_0_400,CUM-C0701
cumulative,151,c01,7,days_0_400,CUM-C0701
cumulative,152,c01,7,days_0_400,CUM-C0701
cumulative,157,c01,7,days_0_400,CUM-C0701
cumulative,159,c01,7,days_0_400,CUM-C0701
cumulative,161,c01,7,days_0_400,CUM-C0701
cumulative,171,c01,7,days_0_400,CUM-C0701
cumulative,179,c01,7,days_0_400,CUM-C0701
cumulative,182,c01,7,days_0_400,CUM-C0701
cumulative,185,c01,7,days_0_400,CUM-C0701
cumulative,187,c01,7,days_0_400,CUM-C0701
cumulative,191,c01,7,days_0_400,CUM-C0701
cumulative,193,c01,7,days_0_400,CUM-C0701
cumulative,194,c01,7,days_0_400,CUM-C0701
cumulative,197,c01,7,days_0_400,CUM-C0701
cumulative,198,c01,7,days_0_400,CUM-C0701
cumulative,203,c01,7,days_0_400,CUM-C0701
cumulative,212,c01,7,days_0_400,CUM-C0701
cumulative,213,c01,7,days_0_400,CUM-C0701
cumulative,214,c01,7,days_0_400,CUM-C0701
cumulative,218,c01,7,days_0_400,CUM-C0701
cumulative,220,c01,7,days_0_400,CUM-C0701
cumulative,221,c01,7,days_0_400,CUM-C0701
cumulative,229,c01,7,days_0_400,CUM-C0701
cumulative,230,c01,7,days_0_400,CUM-C0701
cumulative,233,c01,7,days_0_400,CUM-C0701
cumulative,235,c01,7,days_0_400,CUM-C0701
cumulative,239,c01,7,days_0_400,CUM-C0701
cumulative,242,c01,7,days_0_400,CUM-C0701
cumulative,244,c01,7,days_0_400,CUM-C0701
cumulative,248,c01,7,days_0_400,CUM-C0701
cumulative,253,c01,7,days_0_400,CUM-C0701
cumulative,254,c01,7,days_0_400,CUM-C0701
cumulative,255,c01,7,days_0_400,CUM-C0701
cumulative,271,c01,7,days_0_400,CUM-C0701
cumulative,272,c01,7,days_0_400,CUM-C0701
cumulative,273,c01,7,days_0_400,CUM-C0701
cumulative,277,c01,7,days_0_400,CUM-C0701
cumulative,283,c01,7,days_0_400,CUM-C0701
cumulative,285,c01,7,days_0_400,CUM-C0701
cumulative,290,c01,7,days_0_400,CUM-C0701
cumulative,306,c01,7,days_0_400,CUM-C0701
cumulative,307,c01,7,days_0_400,CUM-C0701
cumulative,308,c01,7,days_0_400,CUM-C0701
cumulative,317,c01,7,days_0_400,CUM-C0701
cumulative,326,c01,7,days_0_400,CUM-C0701
cumulative,334,c01,7,days_0_400,CUM-C0701
cumulative,336,c01,7,days_0_400,CUM-C0701
cumulative,347,c01,7,days_0_400,CUM-C0701
cumulative,352,c01,7,days_0_400,CUM-C0701
cumulative,355,c01,7,days_0_400,CUM-C0701
cumulative,367,c01,7,days_0_400,CUM-C0701
cumulative,374,c01,7,days_0_400,CUM-C0701
cumulative,379,c01,7,days_0_400,CUM-C0701
cumulative,380,c01,7,days_0_400,CUM-C0701
cumulative,394,c01,7,days_0_400,CUM-C0701
cumulative,397,c01,7,days_0_400,CUM-C0701
cumulative,398,c01,7,days_0_400,CUM-C0701
cumulative,400,c01,7,days_0_400,CUM-C0701
cumulative,413,c01,7,days_0_400,CUM-C0701
cumulative,430,c01,7,days_0_400,CUM-C0701
cumulative,443,c01,7,days_0_400,CUM-C0701
cumulative,450,c01,7,days_0_400,CUM-C0701
cumulative,462,c01,7,days_0_400,CUM-C0701
cumulative,466,c01,7,days_0_400,CUM-C0701
cumulative,471,c01,7,days_0_400,CUM-C0701
cumulative,476,c01,7,days_0_400,CUM-C0701
cumulative,483,c01,7,days_0_400,CUM-C0701
cumulative,488,c01,7,days_0_400,CUM-C0701
cumulative,492,c01,7,days_0_400,CUM-C0701
cumulative,495,c01,7,days_0_400,CUM-C0701
cumulative,525,c01,7,days_0_400,CUM-C0701
cumulative,533,c01,7,days_0_400,CUM-C0701
cumulative,544,c01,7,days_0_400,CUM-C0701
cumulative,546,c01,7,days_0_400,CUM-C0701
cumulative,550,c01,7,days_0_400,CUM-C0701
cumulative,554,c01,7,days_0_400,CUM-C0701
cumulative,566,c01,7,days_0_400,CUM-C0701
cumulative,568,c01,7,days_0_400,CUM-C0701
cumulative,571,c01,7,days_0_400,CUM-C0701
cumulative,572,c01,7,days_0_400,CUM-C0701
cumulative,577,c01,7,days_0_400,CUM-C0701
cumulative,578,c01,7,days_0_400,CUM-C0701
cumulative,585,c01,7,days_0_400,CUM-C0701
cumulative,590,c01,7,days_0_400,CUM-C0701
cumulative,591,c01,7,days_0_400,CUM-C0701
cumulative,596,c01,7,days_0_400,CUM-C0701
cumulative,607,c01,7,days_0_400,CUM-C0701
cumulative,609,c01,7,days_0_400,CUM-C0701
cumulative,612,c01,7,days_0_400,CUM-C0701
cumulative,617,c01,7,days_0_400,CUM-C0701
cumulative,619,c01,7,days_0_400,CUM-C0701
cumulative,623,c01,7,days_0_400,CUM-C0701
cumulative,626,c01,7,days_0_400,CUM-C0701
cumulative,627,c01,7,days_0_400,CUM-C0701
cumulative,633,c01,7,days_0_400,CUM-C0701
cumulative,640,c01,7,days_0_400,CUM-C0701
cumulative,642,c01,7,days_0_400,CUM-C0701
cumulative,651,c01,7,days_0_400,CUM-C0701
cumulative,659,c01,7,days_0_400,CUM-C0701
cumulative,660,c01,7,days_0_400,CUM-C0701
cumulative,661,c01,7,days_0_400,CUM-C0701
cumulative,662,c01,7,days_0_400,CUM-C0701
cumulative,665,c01,7,days_0_400,CUM-C0701
cumulative,668,c01,7,days_0_400,CUM-C0701
cumulative,669,c01,7,days_0_400,CUM-C0701
cumulative,671,c01,7,days_0_400,CUM-C0701
cumulative,673,c01,7,days_0_400,CUM-C0701
cumulative,677,c01,7,days_0_400,CUM-C0701
cumulative,678,c01,7,days_0_400,CUM-C0701
cumulative,686,c01,7,days_0_400,CUM-C0701
cumulative,687,c01,7,days_0_400,CUM-C0701
cumulative,692,c01,7,days_0_400,CUM-C0701
cumulative,695,c01,7,days_0_400,CUM-C0701
cumulative,696,c01,7,days_0_400,CUM-C0701
cumulative,703,c01,7,days_0_400,CUM-C0701
cumulative,706,c01,7,days_0_400,CUM-C0701
cumulative,712,c01,7,days_0_400,CUM-C0701
cumulative,714,c01,7,days_0_400,CUM-C0701
cumulative,715,c01,7,days_0_400,CUM-C0701
cumulative,734,c01,7,days_0_400,CUM-C0701
cumulative,739,c01,7,days_0_400,CUM-C0701
cumulative,741,c01,7,days_0_400,CUM-C0701
cumulative,742,c01,7,days_0_400,CUM-C0701
cumulative,746,c01,7,days_0_400,CUM-C0701
cumulative,748,c01,7,days_0_400,CUM-C0701
cumulative,752,c01,7,days_0_400,CUM-C0701
cumulative,763,c01,7,days_0_400,CUM-C0701
cumulative,769,c01,7,days_0_400,CUM-C0701
cumulative,771,c01,7,days_0_400,CUM-C0701
cumulative,772,c01,7,days_0_400,CUM-C0701
cumulative,775,c01,7,days_0_400,CUM-C0701
cumulative,776,c01,7,days_0_400,CUM-C0701
cumulative,784,c01,7,days_0_400,CUM-C0701
cumulative,787,c01,7,days_0_400,CUM-C0701
cumulative,792,c01,7,days_0_400,CUM-C0701
cumulative,798,c01,7,days_0_400,CUM-C0701
cumulative,802,c01,7,days_0_400,CUM-C0701
cumulative,805,c01,7,days_0_400,CUM-C0701
cumulative,807,c01,7,days_0_400,CUM-C0701
cumulative,813,c01,7,days_0_400,CUM-C0701
cumulative,830,c01,7,days_0_400,CUM-C0701
cumulative,833,c01,7,days_0_400,CUM-C0701
cumulative,834,c01,7,days_0_400,CUM-C0701
cumulative,835,c01,7,days_0_400,CUM-C0701
cumulative,852,c01,7,days_0_400,CUM-C0701
cumulative,863,c01,7,days_0_400,CUM-C0701
cumulative,865,c01,7,days_0_400,CUM-C0701
cumulative,875,c01,7,days_0_400,CUM-C0701
cumulative,877,c01,7,days_0_400,CUM-C0701
cumulative,882,c01,7,days_0_400,CUM-C0701
cumulative,890,c01,7,days_0_400,CUM-C0701
cumulative,900,c01,7,days_0_400,CUM-C0701
cumulative,901,c01,7,days_0_400,CUM-C0701
cumulative,910,c01,7,days_0_400,CUM-C0701
cumulative,923,c01,7,days_0_400,CUM-C0701
cumulative,926,c01,7,days_0_400,CUM-C0701
cumulative,930,c01,7,days_0_400,CUM-C0701
cumulative,931,c01,7,days_0_400,CUM-C0701
cumulative,933,c01,7,days_0_400,CUM-C0701
cumulative,935,c01,7,days_0_400,CUM-C0701
cumulative,938,c01,7,days_0_400,CUM-C0701
cumulative,940,c01,7,days_0_400,CUM-C0701
cumulative,951,c01,7,days_0_400,CUM-C0701
cumulative,960,c01,7,days_0_400,CUM-C0701
cumulative,966,c01,7,days_0_400,CUM-C0701
cumulative,972,c01,7,days_0_400,CUM-C0701
cumulative,975,c01,7,days_0_400,CUM-C0701
cumulative,992,c01,7,days_0_400,CUM-C0701
cumulative,993,c01,7,days_0_400,CUM-C0701
cumulative,997,c01,7,days_0_400,CUM-C0701
cumulative,2,c02,7,days_0_400,CUM-C0703
cumulative,9,c02,7,days_0_400,CUM-C0703
cumulative,23,c02,7,days_0_400,CUM-C0703
cumulative,30,c02,7,days_0_400,CUM-C0703
cumulative,37,c02,7,days_0_400,CUM-C0703
cumulative,43,c02,7,days_0_400,CUM-C0703
cumulative,45,c02,7,days_0_400,CUM-C0703
cumulative,52,c02,7,days_0_400,CUM-C0703
cumulative,66,c02,7,days_0_400,CUM-C0703
cumulative,74,c02,7,days_0_400,CUM-C0703
cumulative,77,c02,7,days_0_400,CUM-C0703
cumulative,80,c02,7,days_0_400,CUM-C0703
cumulative,94,c02,7,days_0_400,CUM-C0703
cumulative,104,c02,7,days_0_400,CUM-C0703
cumulative,109,c02,7,days_0_400,CUM-C0703
cumulative,110,c02,7,days_0_400,CUM-C0703
cumulative,111,c02,7,days_0_400,CUM-C0703
cumulative,112,c02,7,days_0_400,CUM-C0703
cumulative,119,c02,7,days_0_400,CUM-C0703
cumulative,121,c02,7,days_0_400,CUM-C0703
cumulative,126,c02,7,days_0_400,CUM-C0703
cumulative,128,c02,7,days_0_400,CUM-C0703
cumulative,133,c02,7,days_0_400,CUM-C0703
cumulative,166,c02,7,days_0_400,CUM-C0703
cumulative,168,c02,7,days_0_400,CUM-C0703
cumulative,186,c02,7,days_0_400,CUM-C0703
cumulative,204,c02,7,days_0_400,CUM-C0703
cumulative,209,c02,7,days_0_400,CUM-C0703
cumulative,227,c02,7,days_0_400,CUM-C0703
cumulative,232,c02,7,days_0_400,CUM-C0703
cumulative,240,c02,7,days_0_400,CUM-C0703
cumulative,256,c02,7,days_0_400,CUM-C0703
cumulative,257,c02,7,days_0_400,CUM-C0703
cumulative,260,c02,7,days_0_400,CUM-C0703
cumulative,266,c02,7,days_0_400,CUM-C0703
cumulative,267,c02,7,days_0_400,CUM-C0703
cumulative,276,c02,7,days_0_400,CUM-C0703
cumulative,287,c02,7,days_0_400,CUM-C0703
cumulative,294,c02,7,days_0_400,CUM-C0703
cumulative,305,c02,7,days_0_400,CUM-C0703
cumulative,313,c02,7,days_0_400,CUM-C0703
cumulative,332,c02,7,days_0_400,CUM-C0703
cumulative,340,c02,7,days_0_400,CUM-C0703
cumulative,356,c02,7,days_0_400,CUM-C0703
cumulative,392,c02,7,days_0_400,CUM-C0703
cumulative,412,c02,7,days_0_400,CUM-C0703
cumulative,416,c02,7,days_0_400,CUM-C0703
cumulative,425,c02,7,days_0_400,CUM-C0703
cumulative,435,c02,7,days_0_400,CUM-C0703
cumulative,439,c02,7,days_0_400,CUM-C0703
cumulative,447,c02,7,days_0_400,CUM-C0703
cumulative,459,c02,7,days_0_400,CUM-C0703
cumulative,465,c02,7,days_0_400,CUM-C0703
cumulative,472,c02,7,days_0_400,CUM-C0703
cumulative,475,c02,7,days_0_400,CUM-C0703
cumulative,478,c02,7,days_0_400,CUM-C0703
cumulative,500,c02,7,days_0_400,CUM-C0703
cumulative,517,c02,7,days_0_400,CUM-C0703
cumulative,523,c02,7,days_0_400,CUM-C0703
cumulative,539,c02,7,days_0_400,CUM-C0703
cumulative,556,c02,7,days_0_400,CUM-C0703
cumulative,557,c02,7,days_0_400,CUM-C0703
cumulative,564,c02,7,days_0_400,CUM-C0703
cumulative,567,c02,7,days_0_400,CUM-C0703
cumulative,570,c02,7,days_0_400,CUM-C0703
cumulative,573,c02,7,days_0_400,CUM-C0703
cumulative,574,c02,7,days_0_400,CUM-C0703
cumulative,575,c02,7,days_0_400,CUM-C0703
cumulative,586,c02,7,days_0_400,CUM-C0703
cumulative,598,c02,7,days_0_400,CUM-C0703
cumulative,602,c02,7,days_0_400,CUM-C0703
cumulative,648,c02,7,days_0_400,CUM-C0703
cumulative,655,c02,7,days_0_400,CUM-C0703
cumulative,674,c02,7,days_0_400,CUM-C0703
cumulative,694,c02,7,days_0_400,CUM-C0703
cumulative,699,c02,7,days_0_400,CUM-C0703
cumulative,700,c02,7,days_0_400,CUM-C0703
cumulative,721,c02,7,days_0_400,CUM-C0703
cumulative,730,c02,7,days_0_400,CUM-C0703
cumulative,743,c02,7,days_0_400,CUM-C0703
cumulative,751,c02,7,days_0_400,CUM-C0703
cumulative,756,c02,7,days_0_400,CUM-C0703
cumulative,759,c02,7,days_0_400,CUM-C0703
cumulative,762,c02,7,days_0_400,CUM-C0703
cumulative,765,c02,7,days_0_400,CUM-C0703
cumulative,768,c02,7,days_0_400,CUM-C0703
cumulative,782,c02,7,days_0_400,CUM-C0703
cumulative,790,c02,7,days_0_400,CUM-C0703
cumulative,794,c02,7,days_0_400,CUM-C0703
cumulative,803,c02,7,days_0_400,CUM-C0703
cumulative,812,c02,7,days_0_400,CUM-C0703
cumulative,814,c02,7,days_0_400,CUM-C0703
cumulative,825,c02,7,days_0_400,CUM-C0703
cumulative,845,c02,7,days_0_400,CUM-C0703
cumulative,859,c02,7,days_0_400,CUM-C0703
cumulative,868,c02,7,days_0_400,CUM-C0703
cumulative,869,c02,7,days_0_400,CUM-C0703
cumulative,885,c02,7,days_0_400,CUM-C0703
cumulative,888,c02,7,days_0_400,CUM-C0703
cumulative,889,c02,7,days_0_400,CUM-C0703
cumulative,908,c02,7,days_0_400,CUM-C0703
cumulative,912,c02,7,days_0_400,CUM-C0703
cumulative,944,c02,7,days_0_400,CUM-C0703
cumulative,946,c02,7,days_0_400,CUM-C0703
cumulative,948,c02,7,days_0_400,CUM-C0703
cumulative,949,c02,7,days_0_400,CUM-C0703
cumulative,961,c02,7,days_0_400,CUM-C0703
cumulative,984,c02,7,days_0_400,CUM-C0703
cumulative,986,c02,7,days_0_400,CUM-C0703
cumulative,998,c02,7,days_0_400,CUM-C0703
cumulative,1000,c02,7,days_0_400,CUM-C0703
cumulative,0,c03,7,days_0_400,CUM-C0702
cumulative,6,c03,7,days_0_400,CUM-C0702
cumulative,16,c03,7,days_0_400,CUM-C0702
cumulative,18,c03,7,days_0_400,CUM-C0702
cumulative,19,c03,7,days_0_400,CUM-C0702
cumulative,32,c03,7,days_0_400,CUM-C0702
cumulative,55,c03,7,days_0_400,CUM-C0702
cumulative,59,c03,7,days_0_400,CUM-C0702
cumulative,61,c03,7,days_0_400,CUM-C0702
cumulative,71,c03,7,days_0_400,CUM-C0702
cumulative,78,c03,7,days_0_400,CUM-C0702
cumulative,89,c03,7,days_0_400,CUM-C0702
cumulative,99,c03,7,days_0_400,CUM-C0702
cumulative,101,c03,7,days_0_400,CUM-C0702
cumulative,114,c03,7,days_0_400,CUM-C0702
cumulative,115,c03,7,days_0_400,CUM-C0702
cumulative,118,c03,7,days_0_400,CUM-C0702
cumulative,127,c03,7,days_0_400,CUM-C0702
cumulative,143,c03,7,days_0_400,CUM-C0702
cumulative,145,c03,7,days_0_400,CUM-C0702
cumulative,149,c03,7,days_0_400,CUM-C0702
cumulative,158,c03,7,days_0_400,CUM-C0702
cumulative,162,c03,7,days_0_400,CUM-C0702
cumulative,169,c03,7,days_0_400,CUM-C0702
cumulative,178,c03,7,days_0_400,CUM-C0702
cumulative,184,c03,7,days_0_400,CUM-C0702
cumulative,189,c03,7,days_0_400,CUM-C0702
cumulative,195,c03,7,days_0_400,CUM-C0702
cumulative,224,c03,7,days_0_400,CUM-C0702
cumulative,225,c03,7,days_0_400,CUM-C0702
cumulative,228,c03,7,days_0_400,CUM-C0702
cumulative,237,c03,7,days_0_400,CUM-C0702
cumulative,243,c03,7,days_0_400,CUM-C0702
cumulative,246,c03,7,days_0_400,CUM-C0702
cumulative,249,c03,7,days_0_400,CUM-C0702
cumulative,259,c03,7,days_0_400,CUM-C0702
cumulative,265,c03,7,days_0_400,CUM-C0702
cumulative,279,c03,7,days_0_400,CUM-C0702
cumulative,281,c03,7,days_0_400,CUM-C0702
cumulative,293,c03,7,days_0_400,CUM-C0702
cumulative,295,c03,7,days_0_400,CUM-C0702
cumulative,296,c03,7,days_0_400,CUM-C0702
cumulative,312,c03,7,days_0_400,CUM-C0702
cumulative,314,c03,7,days_0_400,CUM-C0702
cumulative,320,c03,7,days_0_400,CUM-C0702
cumulative,325,c03,7,days_0_400,CUM-C0702
cumulative,333,c03,7,days_0_400,CUM-C0702
cumulative,339,c03,7,days_0_400,CUM-C0702
cumulative,345,c03,7,days_0_400,CUM-C0702
cumulative,349,c03,7,days_0_400,CUM-C0702
cumulative,359,c03,7,days_0_400,CUM-C0702
cumulative,365,c03,7,days_0_400,CUM-C0702
cumulative,372,c03,7,days_0_400,CUM-C0702
cumulative,377,c03,7,days_0_400,CUM-C0702
cumulative,393,c03,7,days_0_400,CUM-C0702
cumulative,404,c03,7,days_0_400,CUM-C0702
cumulative,407,c03,7,days_0_400,CUM-C0702
cumulative,409,c03,7,days_0_400,CUM-C0702
cumulative,410,c03,7,days_0_400,CUM-C0702
cumulative,423,c03,7,days_0_400,CUM-C0702
cumulative,426,c03,7,days_0_400,CUM-C0702
cumulative,436,c03,7,days_0_400,CUM-C0702
cumulative,452,c03,7,days_0_400,CUM-C0702
cumulative,453,c03,7,days_0_400,CUM-C0702
cumulative,455,c03,7,days_0_400,CUM-C0702
cumulative,457,c03,7,days_0_400,CUM-C0702
cumulative,470,c03,7,days_0_400,CUM-C0702
cumulative,479,c03,7,days_0_400,CUM-C0702
cumulative,490,c03,7,days_0_400,CUM-C0702
cumulative,496,c03,7,days_0_400,CUM-C0702
cumulative,502,c03,7,days_0_400,CUM-C0702
cumulative,519,c03,7,days_0_400,CUM-C0702
cumulative,522,c03,7,days_0_400,CUM-C0702
cumulative,538,c03,7,days_0_400,CUM-C0702
cumulative,569,c03,7,days_0_400,CUM-C0702
cumulative,580,c03,7,days_0_400,CUM-C0702
cumulative,593,c03,7,days_0_400,CUM-C0702
cumulative,595,c03,7,days_0_400,CUM-C0702
cumulative,599,c03,7,days_0_400,CUM-C0702
cumulative,605,c03,7,days_0_400,CUM-C0702
cumulative,615,c03,7,days_0_400,CUM-C0702
cumulative,635,c03,7,days_0_400,CUM-C0702
cumulative,652,c03,7,days_0_400,CUM-C0702
cumulative,681,c03,7,days_0_400,CUM-C0702
cumulative,690,c03,7,days_0_400,CUM-C0702
cumulative,693,c03,7,days_0_400,CUM-C0702
cumulative,705,c03,7,days_0_400,CUM-C0702
cumulative,708,c03,7,days_0_400,CUM-C0702
cumulative,710,c03,7,days_0_400,CUM-C0702
cumulative,711,c03,7,days_0_400,CUM-C0702
cumulative,716,c03,7,days_0_400,CUM-C0702
cumulative,718,c03,7,days_0_400,CUM-C0702
cumulative,724,c03,7,days_0_400,CUM-C0702
cumulative,729,c03,7,days_0_400,CUM-C0702
cumulative,732,c03,7,days_0_400,CUM-C0702
cumulative,749,c03,7,days_0_400,CUM-C0702
cumulative,754,c03,7,days_0_400,CUM-C0702
cumulative,767,c03,7,days_0_400,CUM-C0702
cumulative,777,c03,7,days_0_400,CUM-C0702
cumulative,779,c03,7,days_0_400,CUM-C0702
cumulative,791,c03,7,days_0_400,CUM-C0702
cumulative,793,c03,7,days_0_400,CUM-C0702
cumulative,816,c03,7,days_0_400,CUM-C0702
cumulative,843,c03,7,days_0_400,CUM-C0702
cumulative,861,c03,7,days_0_400,CUM-C0702
cumulative,862,c03,7,days_0_400,CUM-C0702
cumulative,866,c03,7,days_0_400,CUM-C0702
cumulative,876,c03,7,days_0_400,CUM-C0702
cumulative,883,c03,7,days_0_400,CUM-C0702
cumulative,884,c03,7,days_0_400,CUM-C0702
cumulative,896,c03,7,days_0_400,CUM-C0702
cumulative,904,c03,7,days_0_400,CUM-C0702
cumulative,905,c03,7,days_0_400,CUM-C0702
cumulative,907,c03,7,days_0_400,CUM-C0702
cumulative,916,c03,7,days_0_400,CUM-C0702
cumulative,929,c03,7,days_0_400,CUM-C0702
cumulative,934,c03,7,days_0_400,CUM-C0702
cumulative,976,c03,7,days_0_400,CUM-C0702
cumulative,991,c03,7,days_0_400,CUM-C0702
cumulative,999,c03,7,days_0_400,CUM-C0702
cumulative,1,c04,7,days_0_400,CUM-C0704
cumulative,38,c04,7,days_0_400,CUM-C0704
cumulative,42,c04,7,days_0_400,CUM-C0704
cumulative,46,c04,7,days_0_400,CUM-C0704
cumulative,50,c04,7,days_0_400,CUM-C0704
cumulative,64,c04,7,days_0_400,CUM-C0704
cumulative,69,c04,7,days_0_400,CUM-C0704
cumulative,76,c04,7,days_0_400,CUM-C0704
cumulative,84,c04,7,days_0_400,CUM-C0704
cumulative,96,c04,7,days_0_400,CUM-C0704
cumulative,97,c04,7,days_0_400,CUM-C0704
cumulative,102,c04,7,days_0_400,CUM-C0704
cumulative,103,c04,7,days_0_400,CUM-C0704
cumulative,105,c04,7,days_0_400,CUM-C0704
cumulative,106,c04,7,days_0_400,CUM-C0704
cumulative,125,c04,7,days_0_400,CUM-C0704
cumulative,132,c04,7,days_0_400,CUM-C0704
cumulative,139,c04,7,days_0_400,CUM-C0704
cumulative,153,c04,7,days_0_400,CUM-C0704
cumulative,154,c04,7,days_0_400,CUM-C0704
cumulative,164,c04,7,days_0_400,CUM-C0704
cumulative,172,c04,7,days_0_400,CUM-C0704
cumulative,174,c04,7,days_0_400,CUM-C0704
cumulative,206,c04,7,days_0_400,CUM-C0704
cumulative,222,c04,7,days_0_400,CUM-C0704
cumulative,223,c04,7,days_0_400,CUM-C0704
cumulative,282,c04,7,days_0_400,CUM-C0704
cumulative,299,c04,7,days_0_400,CUM-C0704
cumulative,303,c04,7,days_0_400,CUM-C0704
cumulative,309,c04,7,days_0_400,CUM-C0704
cumulative,310,c04,7,days_0_400,CUM-C0704
cumulative,322,c04,7,days_0_400,CUM-C0704
cumulative,323,c04,7,days_0_400,CUM-C0704
cumulative,324,c04,7,days_0_400,CUM-C0704
cumulative,331,c04,7,days_0_400,CUM-C0704
cumulative,337,c04,7,days_0_400,CUM-C0704
cumulative,343,c04,7,days_0_400,CUM-C0704
cumulative,346,c04,7,days_0_400,CUM-C0704
cumulative,368,c04,7,days_0_400,CUM-C0704
cumulative,376,c04,7,days_0_400,CUM-C0704
cumulative,378,c04,7,days_0_400,CUM-C0704
cumulative,388,c04,7,days_0_400,CUM-C0704
cumulative,395,c04,7,days_0_400,CUM-C0704
cumulative,399,c04,7,days_0_400,CUM-C0704
cumulative,402,c04,7,days_0_400,CUM-C0704
cumulative,411,c04,7,days_0_400,CUM-C0704
cumulative,418,c04,7,days_0_400,CUM-C0704
cumulative,419,c04,7,days_0_400,CUM-C0704
cumulative,420,c04,7,days_0_400,CUM-C0704
cumulative,460,c04,7,days_0_400,CUM-C0704
cumulative,474,c04,7,days_0_400,CUM-C0704
cumulative,477,c04,7,days_0_400,CUM-C0704
cumulative,487,c04,7,days_0_400,CUM-C0704
cumulative,489,c04,7,days_0_400,CUM-C0704
cumulative,497,c04,7,days_0_400,CUM-C0704
cumulative,498,c04,7,days_0_400,CUM-C0704
cumulative,501,c04,7,days_0_400,CUM-C0704
cumulative,505,c04,7,days_0_400,CUM-C0704
cumulative,509,c04,7,days_0_400,CUM-C0704
cumulative,510,c04,7,days_0_400,CUM-C0704
cumulative,514,c04,7,days_0_400,CUM-C0704
cumulative,524,c04,7,days_0_400,CUM-C0704
cumulative,534,c04,7,days_0_400,CUM-C0704
cumulative,548,c04,7,days_0_400,CUM-C0704
cumulative,559,c04,7,days_0_400,CUM-C0704
cumulative,562,c04,7,days_0_400,CUM-C0704
cumulative,583,c04,7,days_0_400,CUM-C0704
cumulative,601,c04,7,days_0_400,CUM-C0704
cumulative,603,c04,7,days_0_400,CUM-C0704
cumulative,616,c04,7,days_0_400,CUM-C0704
cumulative,622,c04,7,days_0_400,CUM-C0704
cumulative,634,c04,7,days_0_400,CUM-C0704
cumulative,638,c04,7,days_0_400,CUM-C0704
cumulative,639,c04,7,days_0_400,CUM-C0704
cumulative,649,c04,7,days_0_400,CUM-C0704
cumulative,663,c04,7,days_0_400,CUM-C0704
cumulative,676,c04,7,days_0_400,CUM-C0704
cumulative,735,c04,7,days_0_400,CUM-C0704
cumulative,740,c04,7,days_0_400,CUM-C0704
cumulative,780,c04,7,days_0_400,CUM-C0704
cumulative,788,c04,7,days_0_400,CUM-C0704
cumulative,822,c04,7,days_0_400,CUM-C0704
cumulative,832,c04,7,days_0_400,CUM-C0704
cumulative,842,c04,7,days_0_400,CUM-C0704
cumulative,853,c04,7,days_0_400,CUM-C0704
cumulative,879,c04,7,days_0_400,CUM-C0704
cumulative,893,c04,7,days_0_400,CUM-C0704
cumulative,911,c04,7,days_0_400,CUM-C0704
cumulative,939,c04,7,days_0_400,CUM-C0704
cumulative,943,c04,7,days_0_400,CUM-C0704
cumulative,950,c04,7,days_0_400,CUM-C0704
cumulative,969,c04,7,days_0_400,CUM-C0704
cumulative,977,c04,7,days_0_400,CUM-C0704
cumulative,996,c04,7,days_0_400,CUM-C0704
cumulative,1004,c04,7,days_0_400,CUM-C0704
cumulative,10,c05,7,days_0_400,CUM-C0708
cumulative,13,c05,7,days_0_400,CUM-C0708
cumulative,14,c05,7,days_0_400,CUM-C0708
cumulative,90,c05,7,days_0_400,CUM-C0708
cumulative,131,c05,7,days_0_400,CUM-C0708
cumulative,144,c05,7,days_0_400,CUM-C0708
cumulative,173,c05,7,days_0_400,CUM-C0708
cumulative,199,c05,7,days_0_400,CUM-C0708
cumulative,252,c05,7,days_0_400,CUM-C0708
cumulative,270,c05,7,days_0_400,CUM-C0708
cumulative,328,c05,7,days_0_400,CUM-C0708
cumulative,382,c05,7,days_0_400,CUM-C0708
cumulative,396,c05,7,days_0_400,CUM-C0708
cumulative,437,c05,7,days_0_400,CUM-C0708
cumulative,442,c05,7,days_0_400,CUM-C0708
cumulative,467,c05,7,days_0_400,CUM-C0708
cumulative,506,c05,7,days_0_400,CUM-C0708
cumulative,508,c05,7,days_0_400,CUM-C0708
cumulative,516,c05,7,days_0_400,CUM-C0708
cumulative,532,c05,7,days_0_400,CUM-C0708
cumulative,541,c05,7,days_0_400,CUM-C0708
cumulative,576,c05,7,days_0_400,CUM-C0708
cumulative,597,c05,7,days_0_400,CUM-C0708
cumulative,613,c05,7,days_0_400,CUM-C0708
cumulative,625,c05,7,days_0_400,CUM-C0708
cumulative,644,c05,7,days_0_400,CUM-C0708
cumulative,650,c05,7,days_0_400,CUM-C0708
cumulative,653,c05,7,days_0_400,CUM-C0708
cumulative,654,c05,7,days_0_400,CUM-C0708
cumulative,657,c05,7,days_0_400,CUM-C0708
cumulative,666,c05,7,days_0_400,CUM-C0708
cumulative,682,c05,7,days_0_400,CUM-C0708
cumulative,702,c05,7,days_0_400,CUM-C0708
cumulative,719,c05,7,days_0_400,CUM-C0708
cumulative,738,c05,7,days_0_400,CUM-C0708
cumulative,745,c05,7,days_0_400,CUM-C0708
cumulative,747,c05,7,days_0_400,CUM-C0708
cumulative,761,c05,7,days_0_400,CUM-C0708
cumulative,783,c05,7,days_0_400,CUM-C0708
cumulative,796,c05,7,days_0_400,CUM-C0708
cumulative,801,c05,7,days_0_400,CUM-C0708
cumulative,804,c05,7,days_0_400,CUM-C0708
cumulative,820,c05,7,days_0_400,CUM-C0708
cumulative,826,c05,7,days_0_400,CUM-C0708
cumulative,828,c05,7,days_0_400,CUM-C0708
cumulative,837,c05,7,days_0_400,CUM-C0708
cumulative,850,c05,7,days_0_400,CUM-C0708
cumulative,881,c05,7,days_0_400,CUM-C0708
cumulative,921,c05,7,days_0_400,CUM-C0708
cumulative,924,c05,7,days_0_400,CUM-C0708
cumulative,928,c05,7,days_0_400,CUM-C0708
cumulative,945,c05,7,days_0_400,CUM-C0708
cumulative,967,c05,7,days_0_400,CUM-C0708
cumulative,970,c05,7,days_0_400,CUM-C0708
cumulative,979,c05,7,days_0_400,CUM-C0708
cumulative,1001,c05,7,days_0_400,CUM-C0708
cumulative,24,c06,7,days_0_400,CUM-C0705
cumulative,35,c06,7,days_0_400,CUM-C0705
cumulative,87,c06,7,days_0_400,CUM-C0705
cumulative,141,c06,7,days_0_400,CUM-C0705
cumulative,148,c06,7,days_0_400,CUM-C0705
cumulative,160,c06,7,days_0_400,CUM-C0705
cumulative,167,c06,7,days_0_400,CUM-C0705
cumulative,181,c06,7,days_0_400,CUM-C0705
cumulative,188,c06,7,days_0_400,CUM-C0705
cumulative,190,c06,7,days_0_400,CUM-C0705
cumulative,202,c06,7,days_0_400,CUM-C0705
cumulative,207,c06,7,days_0_400,CUM-C0705
cumulative,241,c06,7,days_0_400,CUM-C0705
cumulative,274,c06,7,days_0_400,CUM-C0705
cumulative,280,c06,7,days_0_400,CUM-C0705
cumulative,286,c06,7,days_0_400,CUM-C0705
cumulative,288,c06,7,days_0_400,CUM-C0705
cumulative,301,c06,7,days_0_400,CUM-C0705
cumulative,353,c06,7,days_0_400,CUM-C0705
cumulative,360,c06,7,days_0_400,CUM-C0705
cumulative,373,c06,7,days_0_400,CUM-C0705
cumulative,391,c06,7,days_0_400,CUM-C0705
cumulative,408,c06,7,days_0_400,CUM-C0705
cumulative,414,c06,7,days_0_400,CUM-C0705
cumulative,421,c06,7,days_0_400,CUM-C0705
cumulative,424,c06,7,days_0_400,CUM-C0705
cumulative,431,c06,7,days_0_400,CUM-C0705
cumulative,445,c06,7,days_0_400,CUM-C0705
cumulative,469,c06,7,days_0_400,CUM-C0705
cumulative,484,c06,7,days_0_400,CUM-C0705
cumulative,493,c06,7,days_0_400,CUM-C0705
cumulative,512,c06,7,days_0_400,CUM-C0705
cumulative,526,c06,7,days_0_400,CUM-C0705
cumulative,530,c06,7,days_0_400,CUM-C0705
cumulative,547,c06,7,days_0_400,CUM-C0705
cumulative,552,c06,7,days_0_400,CUM-C0705
cumulative,561,c06,7,days_0_400,CUM-C0705
cumulative,614,c06,7,days_0_400,CUM-C0705
cumulative,629,c06,7,days_0_400,CUM-C0705
cumulative,630,c06,7,days_0_400,CUM-C0705
cumulative,631,c06,7,days_0_400,CUM-C0705
cumulative,643,c06,7,days_0_400,CUM-C0705
cumulative,645,c06,7,days_0_400,CUM-C0705
cumulative,656,c06,7,days_0_400,CUM-C0705
cumulative,658,c06,7,days_0_400,CUM-C0705
cumulative,685,c06,7,days_0_400,CUM-C0705
cumulative,709,c06,7,days_0_400,CUM-C0705
cumulative,750,c06,7,days_0_400,CUM-C0705
cumulative,773,c06,7,days_0_400,CUM-C0705
cumulative,795,c06,7,days_0_400,CUM-C0705
cumulative,817,c06,7,days_0_400,CUM-C0705
cumulative,824,c06,7,days_0_400,CUM-C0705
cumulative,841,c06,7,days_0_400,CUM-C0705
cumulative,846,c06,7,days_0_400,CUM-C0705
cumulative,847,c06,7,days_0_400,CUM-C0705
cumulative,851,c06,7,days_0_400,CUM-C0705
cumulative,858,c06,7,days_0_400,CUM-C0705
cumulative,891,c06,7,days_0_400,CUM-C0705
cumulative,894,c06,7,days_0_400,CUM-C0705
cumulative,902,c06,7,days_0_400,CUM-C0705
cumulative,920,c06,7,days_0_400,CUM-C0705
cumulative,954,c06,7,days_0_400,CUM-C0705
cumulative,957,c06,7,days_0_400,CUM-C0705
cumulative,964,c06,7,days_0_400,CUM-C0705
cumulative,978,c06,7,days_0_400,CUM-C0705
cumulative,988,c06,7,days_0_400,CUM-C0705
cumulative,989,c06,7,days_0_400,CUM-C0705
cumulative,5,c07,7,days_0_400,CUM-C0707
cumulative,7,c07,7,days_0_400,CUM-C0707
cumulative,29,c07,7,days_0_400,CUM-C0707
cumulative,98,c07,7,days_0_400,CUM-C0707
cumulative,107,c07,7,days_0_400,CUM-C0707
cumulative,117,c07,7,days_0_400,CUM-C0707
cumulative,134,c07,7,days_0_400,CUM-C0707
cumulative,150,c07,7,days_0_400,CUM-C0707
cumulative,175,c07,7,days_0_400,CUM-C0707
cumulative,183,c07,7,days_0_400,CUM-C0707
cumulative,192,c07,7,days_0_400,CUM-C0707
cumulative,196,c07,7,days_0_400,CUM-C0707
cumulative,201,c07,7,days_0_400,CUM-C0707
cumulative,208,c07,7,days_0_400,CUM-C0707
cumulative,226,c07,7,days_0_400,CUM-C0707
cumulative,236,c07,7,days_0_400,CUM-C0707
cumulative,262,c07,7,days_0_400,CUM-C0707
cumulative,268,c07,7,days_0_400,CUM-C0707
cumulative,275,c07,7,days_0_400,CUM-C0707
cumulative,278,c07,7,days_0_400,CUM-C0707
cumulative,289,c07,7,days_0_400,CUM-C0707
cumulative,291,c07,7,days_0_400,CUM-C0707
cumulative,297,c07,7,days_0_400,CUM-C0707
cumulative,327,c07,7,days_0_400,CUM-C0707
cumulative,335,c07,7,days_0_400,CUM-C0707
cumulative,381,c07,7,days_0_400,CUM-C0707
cumulative,385,c07,7,days_0_400,CUM-C0707
cumulative,401,c07,7,days_0_400,CUM-C0707
cumulative,415,c07,7,days_0_400,CUM-C0707
cumulative,429,c07,7,days_0_400,CUM-C0707
cumulative,440,c07,7,days_0_400,CUM-C0707
cumulative,446,c07,7,days_0_400,CUM-C0707
cumulative,449,c07,7,days_0_400,CUM-C0707
cumulative,454,c07,7,days_0_400,CUM-C0707
cumulative,464,c07,7,days_0_400,CUM-C0707
cumulative,468,c07,7,days_0_400,CUM-C0707
cumulative,473,c07,7,days_0_400,CUM-C0707
cumulative,491,c07,7,days_0_400,CUM-C0707
cumulative,504,c07,7,days_0_400,CUM-C0707
cumulative,537,c07,7,days_0_400,CUM-C0707
cumulative,553,c07,7,days_0_400,CUM-C0707
cumulative,592,c07,7,days_0_400,CUM-C0707
cumulative,664,c07,7,days_0_400,CUM-C0707
cumulative,670,c07,7,days_0_400,CUM-C0707
cumulative,683,c07,7,days_0_400,CUM-C0707
cumulative,688,c07,7,days_0_400,CUM-C0707
cumulative,707,c07,7,days_0_400,CUM-C0707
cumulative,713,c07,7,days_0_400,CUM-C0707
cumulative,726,c07,7,days_0_400,CUM-C0707
cumulative,737,c07,7,days_0_400,CUM-C0707
cumulative,808,c07,7,days_0_400,CUM-C0707
cumulative,810,c07,7,days_0_400,CUM-C0707
cumulative,839,c07,7,days_0_400,CUM-C0707
cumulative,849,c07,7,days_0_400,CUM-C0707
cumulative,880,c07,7,days_0_400,CUM-C0707
cumulative,898,c07,7,days_0_400,CUM-C0707
cumulative,899,c07,7,days_0_400,CUM-C0707
cumulative,980,c07,7,days_0_400,CUM-C0707
cumulative,985,c07,7,days_0_400,CUM-C0707
cumulative,1003,c07,7,days_0_400,CUM-C0707
cumulative,28,c08,7,days_0_400,CUM-C0709
cumulative,56,c08,7,days_0_400,CUM-C0709
cumulative,68,c08,7,days_0_400,CUM-C0709
cumulative,95,c08,7,days_0_400,CUM-C0709
cumulative,170,c08,7,days_0_400,CUM-C0709
cumulative,176,c08,7,days_0_400,CUM-C0709
cumulative,219,c08,7,days_0_400,CUM-C0709
cumulative,231,c08,7,days_0_400,CUM-C0709
cumulative,245,c08,7,days_0_400,CUM-C0709
cumulative,251,c08,7,days_0_400,CUM-C0709
cumulative,264,c08,7,days_0_400,CUM-C0709
cumulative,269,c08,7,days_0_400,CUM-C0709
cumulative,311,c08,7,days_0_400,CUM-C0709
cumulative,329,c08,7,days_0_400,CUM-C0709
cumulative,338,c08,7,days_0_400,CUM-C0709
cumulative,350,c08,7,days_0_400,CUM-C0709
cumulative,361,c08,7,days_0_400,CUM-C0709
cumulative,364,c08,7,days_0_400,CUM-C0709
cumulative,375,c08,7,days_0_400,CUM-C0709
cumulative,427,c08,7,days_0_400,CUM-C0709
cumulative,432,c08,7,days_0_400,CUM-C0709
cumulative,433,c08,7,days_0_400,CUM-C0709
cumulative,448,c08,7,days_0_400,CUM-C0709
cumulative,461,c08,7,days_0_400,CUM-C0709
cumulative,480,c08,7,days_0_400,CUM-C0709
cumulative,482,c08,7,days_0_400,CUM-C0709
cumulative,511,c08,7,days_0_400,CUM-C0709
cumulative,531,c08,7,days_0_400,CUM-C0709
cumulative,540,c08,7,days_0_400,CUM-C0709
cumulative,582,c08,7,days_0_400,CUM-C0709
cumulative,588,c08,7,days_0_400,CUM-C0709
cumulative,606,c08,7,days_0_400,CUM-C0709
cumulative,624,c08,7,days_0_400,CUM-C0709
cumulative,641,c08,7,days_0_400,CUM-C0709
cumulative,697,c08,7,days_0_400,CUM-C0709
cumulative,698,c08,7,days_0_400,CUM-C0709
cumulative,733,c08,7,days_0_400,CUM-C0709
cumulative,736,c08,7,days_0_400,CUM-C0709
cumulative,764,c08,7,days_0_400,CUM-C0709
cumulative,789,c08,7,days_0_400,CUM-C0709
cumulative,809,c08,7,days_0_400,CUM-C0709
cumulative,815,c08,7,days_0_400,CUM-C0709
cumulative,819,c08,7,days_0_400,CUM-C0709
cumulative,836,c08,7,days_0_400,CUM-C0709
cumulative,840,c08,7,days_0_400,CUM-C0709
cumulative,855,c08,7,days_0_400,CUM-C0709
cumulative,872,c08,7,days_0_400,CUM-C0709
cumulative,873,c08,7,days_0_400,CUM-C0709
cumulative,874,c08,7,days_0_400,CUM-C0709
cumulative,925,c08,7,days_0_400,CUM-C0709
cumulative,955,c08,7,days_0_400,CUM-C0709
cumulative,983,c08,7,days_0_400,CUM-C0709
cumulative,987,c08,7,days_0_400,CUM-C0709
cumulative,994,c08,7,days_0_400,CUM-C0709
cumulative,995,c08,7,days_0_400,CUM-C0709
cumulative,25,c09,7,days_0_400,CUM-C0710
cumulative,41,c09,7,days_0_400,CUM-C0710
cumulative,44,c09,7,days_0_400,CUM-C0710
cumulative,48,c09,7,days_0_400,CUM-C0710
cumulative,73,c09,7,days_0_400,CUM-C0710
cumulative,85,c09,7,days_0_400,CUM-C0710
cumulative,216,c09,7,days_0_400,CUM-C0710
cumulative,318,c09,7,days_0_400,CUM-C0710
cumulative,319,c09,7,days_0_400,CUM-C0710
cumulative,321,c09,7,days_0_400,CUM-C0710
cumulative,366,c09,7,days_0_400,CUM-C0710
cumulative,386,c09,7,days_0_400,CUM-C0710
cumulative,434,c09,7,days_0_400,CUM-C0710
cumulative,458,c09,7,days_0_400,CUM-C0710
cumulative,481,c09,7,days_0_400,CUM-C0710
cumulative,499,c09,7,days_0_400,CUM-C0710
cumulative,503,c09,7,days_0_400,CUM-C0710
cumulative,558,c09,7,days_0_400,CUM-C0710
cumulative,565,c09,7,days_0_400,CUM-C0710
cumulative,600,c09,7,days_0_400,CUM-C0710
cumulative,618,c09,7,days_0_400,CUM-C0710
cumulative,672,c09,7,days_0_400,CUM-C0710
cumulative,679,c09,7,days_0_400,CUM-C0710
cumulative,684,c09,7,days_0_400,CUM-C0710
cumulative,704,c09,7,days_0_400,CUM-C0710
cumulative,723,c09,7,days_0_400,CUM-C0710
cumulative,753,c09,7,days_0_400,CUM-C0710
cumulative,758,c09,7,days_0_400,CUM-C0710
cumulative,844,c09,7,days_0_400,CUM-C0710
cumulative,918,c09,7,days_0_400,CUM-C0710
cumulative,956,c09,7,days_0_400,CUM-C0710
cumulative,1002,c09,7,days_0_400,CUM-C0710
cumulative,62,c10,7,days_0_400,CUM-C0711
cumulative,113,c10,7,days_0_400,CUM-C0711
cumulative,124,c10,7,days_0_400,CUM-C0711
cumulative,163,c10,7,days_0_400,CUM-C0711
cumulative,250,c10,7,days_0_400,CUM-C0711
cumulative,263,c10,7,days_0_400,CUM-C0711
cumulative,369,c10,7,days_0_400,CUM-C0711
cumulative,444,c10,7,days_0_400,CUM-C0711
cumulative,485,c10,7,days_0_400,CUM-C0711
cumulative,513,c10,7,days_0_400,CUM-C0711
cumulative,515,c10,7,days_0_400,CUM-C0711
cumulative,535,c10,7,days_0_400,CUM-C0711
cumulative,542,c10,7,days_0_400,CUM-C0711
cumulative,551,c10,7,days_0_400,CUM-C0711
cumulative,646,c10,7,days_0_400,CUM-C0711
cumulative,691,c10,7,days_0_400,CUM-C0711
cumulative,722,c10,7,days_0_400,CUM-C0711
cumulative,770,c10,7,days_0_400,CUM-C0711
cumulative,799,c10,7,days_0_400,CUM-C0711
cumulative,800,c10,7,days_0_400,CUM-C0711
cumulative,821,c10,7,days_0_400,CUM-C0711
cumulative,823,c10,7,days_0_400,CUM-C0711
cumulative,854,c10,7,days_0_400,CUM-C0711
cumulative,886,c10,7,days_0_400,CUM-C0711
cumulative,895,c10,7,days_0_400,CUM-C0711
cumulative,913,c10,7,days_0_400,CUM-C0711
cumulative,927,c10,7,days_0_400,CUM-C0711
cumulative,968,c10,7,days_0_400,CUM-C0711
cumulative,17,c11,7,days_0_400,CUM-C0712
cumulative,31,c11,7,days_0_400,CUM-C0712
cumulative,67,c11,7,days_0_400,CUM-C0712
cumulative,92,c11,7,days_0_400,CUM-C0712
cumulative,122,c11,7,days_0_400,CUM-C0712
cumulative,136,c11,7,days_0_400,CUM-C0712
cumulative,142,c11,7,days_0_400,CUM-C0712
cumulative,165,c11,7,days_0_400,CUM-C0712
cumulative,200,c11,7,days_0_400,CUM-C0712
cumulative,302,c11,7,days_0_400,CUM-C0712
cumulative,316,c11,7,days_0_400,CUM-C0712
cumulative,341,c11,7,days_0_400,CUM-C0712
cumulative,344,c11,7,days_0_400,CUM-C0712
cumulative,428,c11,7,days_0_400,CUM-C0712
cumulative,543,c11,7,days_0_400,CUM-C0712
cumulative,636,c11,7,days_0_400,CUM-C0712
cumulative,647,c11,7,days_0_400,CUM-C0712
cumulative,831,c11,7,days_0_400,CUM-C0712
cumulative,838,c11,7,days_0_400,CUM-C0712
cumulative,857,c11,7,days_0_400,CUM-C0712
cumulative,892,c11,7,days_0_400,CUM-C0712
cumulative,915,c11,7,days_0_400,CUM-C0712
cumulative,952,c11,7,days_0_400,CUM-C0712
cumulative,953,c11,7,days_0_400,CUM-C0712
cumulative,963,c11,7,days_0_400,CUM-C0712
cumulative,971,c11,7,days_0_400,CUM-C0712
cumulative,990,c11,7,days_0_400,CUM-C0712
cumulative,123,c14,7,days_0_400,CUM-C0713
cumulative,180,c14,7,days_0_400,CUM-C0713
cumulative,215,c14,7,days_0_400,CUM-C0713
cumulative,217,c14,7,days_0_400,CUM-C0713
cumulative,238,c14,7,days_0_400,CUM-C0713
cumulative,357,c14,7,days_0_400,CUM-C0713
cumulative,727,c14,7,days_0_400,CUM-C0713
cumulative,829,c14,7,days_0_400,CUM-C0713
cumulative,897,c14,7,days_0_400,CUM-C0713
cumulative,958,c14,7,days_0_400,CUM-C0713
cumulative,8,c01,8,days_0_450,CUM-C0801
cumulative,11,c01,8,days_0_450,CUM-C0801
cumulative,26,c01,8,days_0_450,CUM-C0801
cumulative,34,c01,8,days_0_450,CUM-C0801
cumulative,36,c01,8,days_0_450,CUM-C0801
cumulative,39,c01,8,days_0_450,CUM-C0801
cumulative,40,c01,8,days_0_450,CUM-C0801
cumulative,47,c01,8,days_0_450,CUM-C0801
cumulative,49,c01,8,days_0_450,CUM-C0801
cumulative,53,c01,8,days_0_450,CUM-C0801
cumulative,60,c01,8,days_0_450,CUM-C0801
cumulative,65,c01,8,days_0_450,CUM-C0801
cumulative,75,c01,8,days_0_450,CUM-C0801
cumulative,79,c01,8,days_0_450,CUM-C0801
cumulative,83,c01,8,days_0_450,CUM-C0801
cumulative,86,c01,8,days_0_450,CUM-C0801
cumulative,90,c01,8,days_0_450,CUM-C0801
cumulative,93,c01,8,days_0_450,CUM-C0801
cumulative,116,c01,8,days_0_450,CUM-C0801
cumulative,120,c01,8,days_0_450,CUM-C0801
cumulative,137,c01,8,days_0_450,CUM-C0801
cumulative,144,c01,8,days_0_450,CUM-C0801
cumulative,146,c01,8,days_0_450,CUM-C0801
cumulative,151,c01,8,days_0_450,CUM-C0801
cumulative,152,c01,8,days_0_450,CUM-C0801
cumulative,155,c01,8,days_0_450,CUM-C0801
cumulative,159,c01,8,days_0_450,CUM-C0801
cumulative,161,c01,8,days_0_450,CUM-C0801
cumulative,179,c01,8,days_0_450,CUM-C0801
cumulative,185,c01,8,days_0_450,CUM-C0801
cumulative,187,c01,8,days_0_450,CUM-C0801
cumulative,191,c01,8,days_0_450,CUM-C0801
cumulative,193,c01,8,days_0_450,CUM-C0801
cumulative,194,c01,8,days_0_450,CUM-C0801
cumulative,197,c01,8,days_0_450,CUM-C0801
cumulative,198,c01,8,days_0_450,CUM-C0801
cumulative,203,c01,8,days_0_450,CUM-C0801
cumulative,212,c01,8,days_0_450,CUM-C0801
cumulative,213,c01,8,days_0_450,CUM-C0801
cumulative,214,c01,8,days_0_450,CUM-C0801
cumulative,218,c01,8,days_0_450,CUM-C0801
cumulative,220,c01,8,days_0_450,CUM-C0801
cumulative,221,c01,8,days_0_450,CUM-C0801
cumulative,229,c01,8,days_0_450,CUM-C0801
cumulative,233,c01,8,days_0_450,CUM-C0801
cumulative,235,c01,8,days_0_450,CUM-C0801
cumulative,239,c01,8,days_0_450,CUM-C0801
cumulative,242,c01,8,days_0_450,CUM-C0801
cumulative,244,c01,8,days_0_450,CUM-C0801
cumulative,248,c01,8,days_0_450,CUM-C0801
cumulative,253,c01,8,days_0_450,CUM-C0801
cumulative,254,c01,8,days_0_450,CUM-C0801
cumulative,257,c01,8,days_0_450,CUM-C0801
cumulative,271,c01,8,days_0_450,CUM-C0801
cumulative,272,c01,8,days_0_450,CUM-C0801
cumulative,273,c01,8,days_0_450,CUM-C0801
cumulative,283,c01,8,days_0_450,CUM-C0801
cumulative,290,c01,8,days_0_450,CUM-C0801
cumulative,300,c01,8,days_0_450,CUM-C0801
cumulative,306,c01,8,days_0_450,CUM-C0801
cumulative,307,c01,8,days_0_450,CUM-C0801
cumulative,317,c01,8,days_0_450,CUM-C0801
cumulative,326,c01,8,days_0_450,CUM-C0801
cumulative,334,c01,8,days_0_450,CUM-C0801
cumulative,352,c01,8,days_0_450,CUM-C0801
cumulative,367,c01,8,days_0_450,CUM-C0801
cumulative,374,c01,8,days_0_450,CUM-C0801
cumulative,379,c01,8,days_0_450,CUM-C0801
cumulative,380,c01,8,days_0_450,CUM-C0801
cumulative,390,c01,8,days_0_450,CUM-C0801
cumulative,394,c01,8,days_0_450,CUM-C0801
cumulative,397,c01,8,days_0_450,CUM-C0801
cumulative,398,c01,8,days_0_450,CUM-C0801
cumulative,400,c01,8,days_0_450,CUM-C0801
cumulative,413,c01,8,days_0_450,CUM-C0801
cumulative,430,c01,8,days_0_450,CUM-C0801
cumulative,443,c01,8,days_0_450,CUM-C0801
cumulative,450,c01,8,days_0_450,CUM-C0801
cumulative,462,c01,8,days_0_450,CUM-C0801
cumulative,466,c01,8,days_0_450,CUM-C0801
cumulative,471,c01,8,days_0_450,CUM-C0801
cumulative,476,c01,8,days_0_450,CUM-C0801
cumulative,483,c01,8,days_0_450,CUM-C0801
cumulative,488,c01,8,days_0_450,CUM-C0801
cumulative,492,c01,8,days_0_450,CUM-C0801
cumulative,495,c01,8,days_0_450,CUM-C0801
cumulative,523,c01,8,days_0_450,CUM-C0801
cumulative,525,c01,8,days_0_450,CUM-C0801
cumulative,533,c01,8,days_0_450,CUM-C0801
cumulative,544,c01,8,days_0_450,CUM-C0801
cumulative,546,c01,8,days_0_450,CUM-C0801
cumulative,550,c01,8,days_0_450,CUM-C0801
cumulative,554,c01,8,days_0_450,CUM-C0801
cumulative,566,c01,8,days_0_450,CUM-C0801
cumulative,568,c01,8,days_0_450,CUM-C0801
cumulative,571,c01,8,days_0_450,CUM-C0801
cumulative,572,c01,8,days_0_450,CUM-C0801
cumulative,578,c01,8,days_0_450,CUM-C0801
cumulative,585,c01,8,days_0_450,CUM-C0801
cumulative,591,c01,8,days_0_450,CUM-C0801
cumulative,596,c01,8,days_0_450,CUM-C0801
cumulative,607,c01,8,days_0_450,CUM-C0801
cumulative,609,c01,8,days_0_450,CUM-C0801
cumulative,613,c01,8,days_0_450,CUM-C0801
cumulative,617,c01,8,days_0_450,CUM-C0801
cumulative,619,c01,8,days_0_450,CUM-C0801
cumulative,623,c01,8,days_0_450,CUM-C0801
cumulative,625,c01,8,days_0_450,CUM-C0801
cumulative,626,c01,8,days_0_450,CUM-C0801
cumulative,633,c01,8,days_0_450,CUM-C0801
cumulative,640,c01,8,days_0_450,CUM-C0801
cumulative,642,c01,8,days_0_450,CUM-C0801
cumulative,651,c01,8,days_0_450,CUM-C0801
cumulative,659,c01,8,days_0_450,CUM-C0801
cumulative,660,c01,8,days_0_450,CUM-C0801
cumulative,661,c01,8,days_0_450,CUM-C0801
cumulative,662,c01,8,days_0_450,CUM-C0801
cumulative,665,c01,8,days_0_450,CUM-C0801
cumulative,668,c01,8,days_0_450,CUM-C0801
cumulative,669,c01,8,days_0_450,CUM-C0801
cumulative,671,c01,8,days_0_450,CUM-C0801
cumulative,677,c01,8,days_0_450,CUM-C0801
cumulative,678,c01,8,days_0_450,CUM-C0801
cumulative,687,c01,8,days_0_450,CUM-C0801
cumulative,692,c01,8,days_0_450,CUM-C0801
cumulative,695,c01,8,days_0_450,CUM-C0801
cumulative,696,c01,8,days_0_450,CUM-C0801
cumulative,703,c01,8,days_0_450,CUM-C0801
cumulative,706,c01,8,days_0_450,CUM-C0801
cumulative,712,c01,8,days_0_450,CUM-C0801
cumulative,714,c01,8,days_0_450,CUM-C0801
cumulative,734,c01,8,days_0_450,CUM-C0801
cumulative,739,c01,8,days_0_450,CUM-C0801
cumulative,741,c01,8,days_0_450,CUM-C0801
cumulative,742,c01,8,days_0_450,CUM-C0801
cumulative,746,c01,8,days_0_450,CUM-C0801
cumulative,752,c01,8,days_0_450,CUM-C0801
cumulative,763,c01,8,days_0_450,CUM-C0801
cumulative,769,c01,8,days_0_450,CUM-C0801
cumulative,771,c01,8,days_0_450,CUM-C0801
cumulative,772,c01,8,days_0_450,CUM-C0801
cumulative,775,c01,8,days_0_450,CUM-C0801
cumulative,776,c01,8,days_0_450,CUM-C0801
cumulative,784,c01,8,days_0_450,CUM-C0801
cumulative,787,c01,8,days_0_450,CUM-C0801
cumulative,798,c01,8,days_0_450,CUM-C0801
cumulative,802,c01,8,days_0_450,CUM-C0801
cumulative,805,c01,8,days_0_450,CUM-C0801
cumulative,807,c01,8,days_0_450,CUM-C0801
cumulative,811,c01,8,days_0_450,CUM-C0801
cumulative,813,c01,8,days_0_450,CUM-C0801
cumulative,830,c01,8,days_0_450,CUM-C0801
cumulative,833,c01,8,days_0_450,CUM-C0801
cumulative,834,c01,8,days_0_450,CUM-C0801
cumulative,835,c01,8,days_0_450,CUM-C0801
cumulative,852,c01,8,days_0_450,CUM-C0801
cumulative,863,c01,8,days_0_450,CUM-C0801
cumulative,864,c01,8,days_0_450,CUM-C0801
cumulative,865,c01,8,days_0_450,CUM-C0801
cumulative,875,c01,8,days_0_450,CUM-C0801
cumulative,882,c01,8,days_0_450,CUM-C0801
cumulative,890,c01,8,days_0_450,CUM-C0801
cumulative,900,c01,8,days_0_450,CUM-C0801
cumulative,901,c01,8,days_0_450,CUM-C0801
cumulative,910,c01,8,days_0_450,CUM-C0801
cumulative,923,c01,8,days_0_450,CUM-C0801
cumulative,930,c01,8,days_0_450,CUM-C0801
cumulative,935,c01,8,days_0_450,CUM-C0801
cumulative,938,c01,8,days_0_450,CUM-C0801
cumulative,940,c01,8,days_0_450,CUM-C0801
cumulative,951,c01,8,days_0_450,CUM-C0801
cumulative,960,c01,8,days_0_450,CUM-C0801
cumulative,962,c01,8,days_0_450,CUM-C0801
cumulative,970,c01,8,days_0_450,CUM-C0801
cumulative,975,c01,8,days_0_450,CUM-C0801
cumulative,981,c01,8,days_0_450,CUM-C0801
cumulative,992,c01,8,days_0_450,CUM-C0801
cumulative,993,c01,8,days_0_450,CUM-C0801
cumulative,997,c01,8,days_0_450,CUM-C0801
cumulative,2,c02,8,days_0_450,CUM-C0803
cumulative,9,c02,8,days_0_450,CUM-C0803
cumulative,23,c02,8,days_0_450,CUM-C0803
cumulative,30,c02,8,days_0_450,CUM-C0803
cumulative,37,c02,8,days_0_450,CUM-C0803
cumulative,43,c02,8,days_0_450,CUM-C0803
cumulative,45,c02,8,days_0_450,CUM-C0803
cumulative,52,c02,8,days_0_450,CUM-C0803
cumulative,66,c02,8,days_0_450,CUM-C0803
cumulative,74,c02,8,days_0_450,CUM-C0803
cumulative,77,c02,8,days_0_450,CUM-C0803
cumulative,80,c02,8,days_0_450,CUM-C0803
cumulative,94,c02,8,days_0_450,CUM-C0803
cumulative,104,c02,8,days_0_450,CUM-C0803
cumulative,109,c02,8,days_0_450,CUM-C0803
cumulative,110,c02,8,days_0_450,CUM-C0803
cumulative,111,c02,8,days_0_450,CUM-C0803
cumulative,112,c02,8,days_0_450,CUM-C0803
cumulative,119,c02,8,days_0_450,CUM-C0803
cumulative,121,c02,8,days_0_450,CUM-C0803
cumulative,126,c02,8,days_0_450,CUM-C0803
cumulative,128,c02,8,days_0_450,CUM-C0803
cumulative,133,c02,8,days_0_450,CUM-C0803
cumulative,166,c02,8,days_0_450,CUM-C0803
cumulative,168,c02,8,days_0_450,CUM-C0803
cumulative,182,c02,8,days_0_450,CUM-C0803
cumulative,186,c02,8,days_0_450,CUM-C0803
cumulative,204,c02,8,days_0_450,CUM-C0803
cumulative,209,c02,8,days_0_450,CUM-C0803
cumulative,210,c02,8,days_0_450,CUM-C0803
cumulative,227,c02,8,days_0_450,CUM-C0803
cumulative,232,c02,8,days_0_450,CUM-C0803
cumulative,240,c02,8,days_0_450,CUM-C0803
cumulative,256,c02,8,days_0_450,CUM-C0803
cumulative,260,c02,8,days_0_450,CUM-C0803
cumulative,266,c02,8,days_0_450,CUM-C0803
cumulative,267,c02,8,days_0_450,CUM-C0803
cumulative,276,c02,8,days_0_450,CUM-C0803
cumulative,287,c02,8,days_0_450,CUM-C0803
cumulative,294,c02,8,days_0_450,CUM-C0803
cumulative,305,c02,8,days_0_450,CUM-C0803
cumulative,313,c02,8,days_0_450,CUM-C0803
cumulative,332,c02,8,days_0_450,CUM-C0803
cumulative,340,c02,8,days_0_450,CUM-C0803
cumulative,356,c02,8,days_0_450,CUM-C0803
cumulative,392,c02,8,days_0_450,CUM-C0803
cumulative,412,c02,8,days_0_450,CUM-C0803
cumulative,416,c02,8,days_0_450,CUM-C0803
cumulative,425,c02,8,days_0_450,CUM-C0803
cumulative,435,c02,8,days_0_450,CUM-C0803
cumulative,439,c02,8,days_0_450,CUM-C0803
cumulative,447,c02,8,days_0_450,CUM-C0803
cumulative,459,c02,8,days_0_450,CUM-C0803
cumulative,465,c02,8,days_0_450,CUM-C0803
cumulative,472,c02,8,days_0_450,CUM-C0803
cumulative,475,c02,8,days_0_450,CUM-C0803
cumulative,478,c02,8,days_0_450,CUM-C0803
cumulative,490,c02,8,days_0_450,CUM-C0803
cumulative,500,c02,8,days_0_450,CUM-C0803
cumulative,517,c02,8,days_0_450,CUM-C0803
cumulative,539,c02,8,days_0_450,CUM-C0803
cumulative,556,c02,8,days_0_450,CUM-C0803
cumulative,557,c02,8,days_0_450,CUM-C0803
cumulative,560,c02,8,days_0_450,CUM-C0803
cumulative,564,c02,8,days_0_450,CUM-C0803
cumulative,567,c02,8,days_0_450,CUM-C0803
cumulative,570,c02,8,days_0_450,CUM-C0803
cumulative,573,c02,8,days_0_450,CUM-C0803
cumulative,574,c02,8,days_0_450,CUM-C0803
cumulative,575,c02,8,days_0_450,CUM-C0803
cumulative,586,c02,8,days_0_450,CUM-C0803
cumulative,598,c02,8,days_0_450,CUM-C0803
cumulative,602,c02,8,days_0_450,CUM-C0803
cumulative,648,c02,8,days_0_450,CUM-C0803
cumulative,655,c02,8,days_0_450,CUM-C0803
cumulative,674,c02,8,days_0_450,CUM-C0803
cumulative,694,c02,8,days_0_450,CUM-C0803
cumulative,699,c02,8,days_0_450,CUM-C0803
cumulative,700,c02,8,days_0_450,CUM-C0803
cumulative,721,c02,8,days_0_450,CUM-C0803
cumulative,730,c02,8,days_0_450,CUM-C0803
cumulative,743,c02,8,days_0_450,CUM-C0803
cumulative,744,c02,8,days_0_450,CUM-C0803
cumulative,751,c02,8,days_0_450,CUM-C0803
cumulative,756,c02,8,days_0_450,CUM-C0803
cumulative,759,c02,8,days_0_450,CUM-C0803
cumulative,762,c02,8,days_0_450,CUM-C0803
cumulative,765,c02,8,days_0_450,CUM-C0803
cumulative,768,c02,8,days_0_450,CUM-C0803
cumulative,782,c02,8,days_0_450,CUM-C0803
cumulative,790,c02,8,days_0_450,CUM-C0803
cumulative,794,c02,8,days_0_450,CUM-C0803
cumulative,803,c02,8,days_0_450,CUM-C0803
cumulative,812,c02,8,days_0_450,CUM-C0803
cumulative,814,c02,8,days_0_450,CUM-C0803
cumulative,825,c02,8,days_0_450,CUM-C0803
cumulative,845,c02,8,days_0_450,CUM-C0803
cumulative,859,c02,8,days_0_450,CUM-C0803
cumulative,868,c02,8,days_0_450,CUM-C0803
cumulative,869,c02,8,days_0_450,CUM-C0803
cumulative,885,c02,8,days_0_450,CUM-C0803
cumulative,889,c02,8,days_0_450,CUM-C0803
cumulative,908,c02,8,days_0_450,CUM-C0803
cumulative,912,c02,8,days_0_450,CUM-C0803
cumulative,944,c02,8,days_0_450,CUM-C0803
cumulative,946,c02,8,days_0_450,CUM-C0803
cumulative,948,c02,8,days_0_450,CUM-C0803
cumulative,949,c02,8,days_0_450,CUM-C0803
cumulative,961,c02,8,days_0_450,CUM-C0803
cumulative,974,c02,8,days_0_450,CUM-C0803
cumulative,984,c02,8,days_0_450,CUM-C0803
cumulative,986,c02,8,days_0_450,CUM-C0803
cumulative,998,c02,8,days_0_450,CUM-C0803
cumulative,0,c03,8,days_0_450,CUM-C0802
cumulative,6,c03,8,days_0_450,CUM-C0802
cumulative,16,c03,8,days_0_450,CUM-C0802
cumulative,18,c03,8,days_0_450,CUM-C0802
cumulative,19,c03,8,days_0_450,CUM-C0802
cumulative,32,c03,8,days_0_450,CUM-C0802
cumulative,55,c03,8,days_0_450,CUM-C0802
cumulative,59,c03,8,days_0_450,CUM-C0802
cumulative,61,c03,8,days_0_450,CUM-C0802
cumulative,71,c03,8,days_0_450,CUM-C0802
cumulative,78,c03,8,days_0_450,CUM-C0802
cumulative,89,c03,8,days_0_450,CUM-C0802
cumulative,99,c03,8,days_0_450,CUM-C0802
cumulative,101,c03,8,days_0_450,CUM-C0802
cumulative,114,c03,8,days_0_450,CUM-C0802
cumulative,115,c03,8,days_0_450,CUM-C0802
cumulative,118,c03,8,days_0_450,CUM-C0802
cumulative,127,c03,8,days_0_450,CUM-C0802
cumulative,130,c03,8,days_0_450,CUM-C0802
cumulative,143,c03,8,days_0_450,CUM-C0802
cumulative,145,c03,8,days_0_450,CUM-C0802
cumulative,149,c03,8,days_0_450,CUM-C0802
cumulative,158,c03,8,days_0_450,CUM-C0802
cumulative,162,c03,8,days_0_450,CUM-C0802
cumulative,169,c03,8,days_0_450,CUM-C0802
cumulative,178,c03,8,days_0_450,CUM-C0802
cumulative,184,c03,8,days_0_450,CUM-C0802
cumulative,189,c03,8,days_0_450,CUM-C0802
cumulative,195,c03,8,days_0_450,CUM-C0802
cumulative,225,c03,8,days_0_450,CUM-C0802
cumulative,228,c03,8,days_0_450,CUM-C0802
cumulative,237,c03,8,days_0_450,CUM-C0802
cumulative,243,c03,8,days_0_450,CUM-C0802
cumulative,246,c03,8,days_0_450,CUM-C0802
cumulative,249,c03,8,days_0_450,CUM-C0802
cumulative,259,c03,8,days_0_450,CUM-C0802
cumulative,265,c03,8,days_0_450,CUM-C0802
cumulative,279,c03,8,days_0_450,CUM-C0802
cumulative,281,c03,8,days_0_450,CUM-C0802
cumulative,293,c03,8,days_0_450,CUM-C0802
cumulative,295,c03,8,days_0_450,CUM-C0802
cumulative,296,c03,8,days_0_450,CUM-C0802
cumulative,312,c03,8,days_0_450,CUM-C0802
cumulative,314,c03,8,days_0_450,CUM-C0802
cumulative,325,c03,8,days_0_450,CUM-C0802
cumulative,333,c03,8,days_0_450,CUM-C0802
cumulative,339,c03,8,days_0_450,CUM-C0802
cumulative,345,c03,8,days_0_450,CUM-C0802
cumulative,359,c03,8,days_0_450,CUM-C0802
cumulative,365,c03,8,days_0_450,CUM-C0802
cumulative,372,c03,8,days_0_450,CUM-C0802
cumulative,376,c03,8,days_0_450,CUM-C0802
cumulative,377,c03,8,days_0_450,CUM-C0802
cumulative,393,c03,8,days_0_450,CUM-C0802
cumulative,404,c03,8,days_0_450,CUM-C0802
cumulative,407,c03,8,days_0_450,CUM-C0802
cumulative,409,c03,8,days_0_450,CUM-C0802
cumulative,410,c03,8,days_0_450,CUM-C0802
cumulative,423,c03,8,days_0_450,CUM-C0802
cumulative,426,c03,8,days_0_450,CUM-C0802
cumulative,436,c03,8,days_0_450,CUM-C0802
cumulative,452,c03,8,days_0_450,CUM-C0802
cumulative,453,c03,8,days_0_450,CUM-C0802
cumulative,455,c03,8,days_0_450,CUM-C0802
cumulative,457,c03,8,days_0_450,CUM-C0802
cumulative,470,c03,8,days_0_450,CUM-C0802
cumulative,479,c03,8,days_0_450,CUM-C0802
cumulative,496,c03,8,days_0_450,CUM-C0802
cumulative,502,c03,8,days_0_450,CUM-C0802
cumulative,519,c03,8,days_0_450,CUM-C0802
cumulative,522,c03,8,days_0_450,CUM-C0802
cumulative,527,c03,8,days_0_450,CUM-C0802
cumulative,538,c03,8,days_0_450,CUM-C0802
cumulative,569,c03,8,days_0_450,CUM-C0802
cumulative,579,c03,8,days_0_450,CUM-C0802
cumulative,580,c03,8,days_0_450,CUM-C0802
cumulative,593,c03,8,days_0_450,CUM-C0802
cumulative,595,c03,8,days_0_450,CUM-C0802
cumulative,599,c03,8,days_0_450,CUM-C0802
cumulative,605,c03,8,days_0_450,CUM-C0802
cumulative,615,c03,8,days_0_450,CUM-C0802
cumulative,635,c03,8,days_0_450,CUM-C0802
cumulative,652,c03,8,days_0_450,CUM-C0802
cumulative,681,c03,8,days_0_450,CUM-C0802
cumulative,690,c03,8,days_0_450,CUM-C0802
cumulative,693,c03,8,days_0_450,CUM-C0802
cumulative,705,c03,8,days_0_450,CUM-C0802
cumulative,708,c03,8,days_0_450,CUM-C0802
cumulative,710,c03,8,days_0_450,CUM-C0802
cumulative,711,c03,8,days_0_450,CUM-C0802
cumulative,716,c03,8,days_0_450,CUM-C0802
cumulative,718,c03,8,days_0_450,CUM-C0802
cumulative,724,c03,8,days_0_450,CUM-C0802
cumulative,728,c03,8,days_0_450,CUM-C0802
cumulative,729,c03,8,days_0_450,CUM-C0802
cumulative,732,c03,8,days_0_450,CUM-C0802
cumulative,749,c03,8,days_0_450,CUM-C0802
cumulative,754,c03,8,days_0_450,CUM-C0802
cumulative,767,c03,8,days_0_450,CUM-C0802
cumulative,777,c03,8,days_0_450,CUM-C0802
cumulative,779,c03,8,days_0_450,CUM-C0802
cumulative,785,c03,8,days_0_450,CUM-C0802
cumulative,786,c03,8,days_0_450,CUM-C0802
cumulative,791,c03,8,days_0_450,CUM-C0802
cumulative,793,c03,8,days_0_450,CUM-C0802
cumulative,816,c03,8,days_0_450,CUM-C0802
cumulative,843,c03,8,days_0_450,CUM-C0802
cumulative,861,c03,8,days_0_450,CUM-C0802
cumulative,862,c03,8,days_0_450,CUM-C0802
cumulative,866,c03,8,days_0_450,CUM-C0802
cumulative,876,c03,8,days_0_450,CUM-C0802
cumulative,878,c03,8,days_0_450,CUM-C0802
cumulative,883,c03,8,days_0_450,CUM-C0802
cumulative,884,c03,8,days_0_450,CUM-C0802
cumulative,896,c03,8,days_0_450,CUM-C0802
cumulative,904,c03,8,days_0_450,CUM-C0802
cumulative,905,c03,8,days_0_450,CUM-C0802
cumulative,907,c03,8,days_0_450,CUM-C0802
cumulative,916,c03,8,days_0_450,CUM-C0802
cumulative,919,c03,8,days_0_450,CUM-C0802
cumulative,929,c03,8,days_0_450,CUM-C0802
cumulative,934,c03,8,days_0_450,CUM-C0802
cumulative,976,c03,8,days_0_450,CUM-C0802
cumulative,991,c03,8,days_0_450,CUM-C0802
cumulative,999,c03,8,days_0_450,CUM-C0802
cumulative,1,c04,8,days_0_450,CUM-C0804
cumulative,38,c04,8,days_0_450,CUM-C0804
cumulative,42,c04,8,days_0_450,CUM-C0804
cumulative,46,c04,8,days_0_450,CUM-C0804
cumulative,50,c04,8,days_0_450,CUM-C0804
cumulative,64,c04,8,days_0_450,CUM-C0804
cumulative,69,c04,8,days_0_450,CUM-C0804
cumulative,70,c04,8,days_0_450,CUM-C0804
cumulative,76,c04,8,days_0_450,CUM-C0804
cumulative,84,c04,8,days_0_450,CUM-C0804
cumulative,88,c04,8,days_0_450,CUM-C0804
cumulative,91,c04,8,days_0_450,CUM-C0804
cumulative,96,c04,8,days_0_450,CUM-C0804
cumulative,97,c04,8,days_0_450,CUM-C0804
cumulative,102,c04,8,days_0_450,CUM-C0804
cumulative,103,c04,8,days_0_450,CUM-C0804
cumulative,106,c04,8,days_0_450,CUM-C0804
cumulative,125,c04,8,days_0_450,CUM-C0804
cumulative,132,c04,8,days_0_450,CUM-C0804
cumulative,139,c04,8,days_0_450,CUM-C0804
cumulative,154,c04,8,days_0_450,CUM-C0804
cumulative,164,c04,8,days_0_450,CUM-C0804
cumulative,172,c04,8,days_0_450,CUM-C0804
cumulative,174,c04,8,days_0_450,CUM-C0804
cumulative,206,c04,8,days_0_450,CUM-C0804
cumulative,223,c04,8,days_0_450,CUM-C0804
cumulative,247,c04,8,days_0_450,CUM-C0804
cumulative,282,c04,8,days_0_450,CUM-C0804
cumulative,299,c04,8,days_0_450,CUM-C0804
cumulative,303,c04,8,days_0_450,CUM-C0804
cumulative,309,c04,8,days_0_450,CUM-C0804
cumulative,310,c04,8,days_0_450,CUM-C0804
cumulative,322,c04,8,days_0_450,CUM-C0804
cumulative,323,c04,8,days_0_450,CUM-C0804
cumulative,324,c04,8,days_0_450,CUM-C0804
cumulative,337,c04,8,days_0_450,CUM-C0804
cumulative,343,c04,8,days_0_450,CUM-C0804
cumulative,346,c04,8,days_0_450,CUM-C0804
cumulative,368,c04,8,days_0_450,CUM-C0804
cumulative,378,c04,8,days_0_450,CUM-C0804
cumulative,388,c04,8,days_0_450,CUM-C0804
cumulative,395,c04,8,days_0_450,CUM-C0804
cumulative,399,c04,8,days_0_450,CUM-C0804
cumulative,402,c04,8,days_0_450,CUM-C0804
cumulative,420,c04,8,days_0_450,CUM-C0804
cumulative,460,c04,8,days_0_450,CUM-C0804
cumulative,474,c04,8,days_0_450,CUM-C0804
cumulative,477,c04,8,days_0_450,CUM-C0804
cumulative,487,c04,8,days_0_450,CUM-C0804
cumulative,489,c04,8,days_0_450,CUM-C0804
cumulative,498,c04,8,days_0_450,CUM-C0804
cumulative,501,c04,8,days_0_450,CUM-C0804
cumulative,505,c04,8,days_0_450,CUM-C0804
cumulative,509,c04,8,days_0_450,CUM-C0804
cumulative,510,c04,8,days_0_450,CUM-C0804
cumulative,514,c04,8,days_0_450,CUM-C0804
cumulative,524,c04,8,days_0_450,CUM-C0804
cumulative,534,c04,8,days_0_450,CUM-C0804
cumulative,548,c04,8,days_0_450,CUM-C0804
cumulative,559,c04,8,days_0_450,CUM-C0804
cumulative,562,c04,8,days_0_450,CUM-C0804
cumulative,583,c04,8,days_0_450,CUM-C0804
cumulative,601,c04,8,days_0_450,CUM-C0804
cumulative,603,c04,8,days_0_450,CUM-C0804
cumulative,612,c04,8,days_0_450,CUM-C0804
cumulative,622,c04,8,days_0_450,CUM-C0804
cumulative,634,c04,8,days_0_450,CUM-C0804
cumulative,638,c04,8,days_0_450,CUM-C0804
cumulative,649,c04,8,days_0_450,CUM-C0804
cumulative,663,c04,8,days_0_450,CUM-C0804
cumulative,676,c04,8,days_0_450,CUM-C0804
cumulative,735,c04,8,days_0_450,CUM-C0804
cumulative,740,c04,8,days_0_450,CUM-C0804
cumulative,780,c04,8,days_0_450,CUM-C0804
cumulative,788,c04,8,days_0_450,CUM-C0804
cumulative,822,c04,8,days_0_450,CUM-C0804
cumulative,832,c04,8,days_0_450,CUM-C0804
cumulative,842,c04,8,days_0_450,CUM-C0804
cumulative,853,c04,8,days_0_450,CUM-C0804
cumulative,879,c04,8,days_0_450,CUM-C0804
cumulative,893,c04,8,days_0_450,CUM-C0804
cumulative,906,c04,8,days_0_450,CUM-C0804
cumulative,939,c04,8,days_0_450,CUM-C0804
cumulative,943,c04,8,days_0_450,CUM-C0804
cumulative,950,c04,8,days_0_450,CUM-C0804
cumulative,10,c05,8,days_0_450,CUM-C0805
cumulative,13,c05,8,days_0_450,CUM-C0805
cumulative,14,c05,8,days_0_450,CUM-C0805
cumulative,105,c05,8,days_0_450,CUM-C0805
cumulative,131,c05,8,days_0_450,CUM-C0805
cumulative,153,c05,8,days_0_450,CUM-C0805
cumulative,173,c05,8,days_0_450,CUM-C0805
cumulative,199,c05,8,days_0_450,CUM-C0805
cumulative,222,c05,8,days_0_450,CUM-C0805
cumulative,252,c05,8,days_0_450,CUM-C0805
cumulative,270,c05,8,days_0_450,CUM-C0805
cumulative,328,c05,8,days_0_450,CUM-C0805
cumulative,331,c05,8,days_0_450,CUM-C0805
cumulative,382,c05,8,days_0_450,CUM-C0805
cumulative,396,c05,8,days_0_450,CUM-C0805
cumulative,411,c05,8,days_0_450,CUM-C0805
cumulative,418,c05,8,days_0_450,CUM-C0805
cumulative,419,c05,8,days_0_450,CUM-C0805
cumulative,437,c05,8,days_0_450,CUM-C0805
cumulative,442,c05,8,days_0_450,CUM-C0805
cumulative,467,c05,8,days_0_450,CUM-C0805
cumulative,497,c05,8,days_0_450,CUM-C0805
cumulative,506,c05,8,days_0_450,CUM-C0805
cumulative,508,c05,8,days_0_450,CUM-C0805
cumulative,516,c05,8,days_0_450,CUM-C0805
cumulative,532,c05,8,days_0_450,CUM-C0805
cumulative,541,c05,8,days_0_450,CUM-C0805
cumulative,576,c05,8,days_0_450,CUM-C0805
cumulative,597,c05,8,days_0_450,CUM-C0805
cumulative,611,c05,8,days_0_450,CUM-C0805
cumulative,616,c05,8,days_0_450,CUM-C0805
cumulative,639,c05,8,days_0_450,CUM-C0805
cumulative,644,c05,8,days_0_450,CUM-C0805
cumulative,650,c05,8,days_0_450,CUM-C0805
cumulative,653,c05,8,days_0_450,CUM-C0805
cumulative,654,c05,8,days_0_450,CUM-C0805
cumulative,657,c05,8,days_0_450,CUM-C0805
cumulative,666,c05,8,days_0_450,CUM-C0805
cumulative,682,c05,8,days_0_450,CUM-C0805
cumulative,702,c05,8,days_0_450,CUM-C0805
cumulative,719,c05,8,days_0_450,CUM-C0805
cumulative,738,c05,8,days_0_450,CUM-C0805
cumulative,745,c05,8,days_0_450,CUM-C0805
cumulative,747,c05,8,days_0_450,CUM-C0805
cumulative,760,c05,8,days_0_450,CUM-C0805
cumulative,761,c05,8,days_0_450,CUM-C0805
cumulative,783,c05,8,days_0_450,CUM-C0805
cumulative,796,c05,8,days_0_450,CUM-C0805
cumulative,801,c05,8,days_0_450,CUM-C0805
cumulative,804,c05,8,days_0_450,CUM-C0805
cumulative,820,c05,8,days_0_450,CUM-C0805
cumulative,826,c05,8,days_0_450,CUM-C0805
cumulative,828,c05,8,days_0_450,CUM-C0805
cumulative,837,c05,8,days_0_450,CUM-C0805
cumulative,839,c05,8,days_0_450,CUM-C0805
cumulative,850,c05,8,days_0_450,CUM-C0805
cumulative,856,c05,8,days_0_450,CUM-C0805
cumulative,881,c05,8,days_0_450,CUM-C0805
cumulative,903,c05,8,days_0_450,CUM-C0805
cumulative,911,c05,8,days_0_450,CUM-C0805
cumulative,921,c05,8,days_0_450,CUM-C0805
cumulative,924,c05,8,days_0_450,CUM-C0805
cumulative,928,c05,8,days_0_450,CUM-C0805
cumulative,945,c05,8,days_0_450,CUM-C0805
cumulative,967,c05,8,days_0_450,CUM-C0805
cumulative,969,c05,8,days_0_450,CUM-C0805
cumulative,977,c05,8,days_0_450,CUM-C0805
cumulative,979,c05,8,days_0_450,CUM-C0805
cumulative,982,c05,8,days_0_450,CUM-C0805
cumulative,996,c05,8,days_0_450,CUM-C0805
cumulative,1001,c05,8,days_0_450,CUM-C0805
cumulative,1004,c05,8,days_0_450,CUM-C0805
cumulative,24,c06,8,days_0_450,CUM-C0806
cumulative,35,c06,8,days_0_450,CUM-C0806
cumulative,51,c06,8,days_0_450,CUM-C0806
cumulative,87,c06,8,days_0_450,CUM-C0806
cumulative,141,c06,8,days_0_450,CUM-C0806
cumulative,148,c06,8,days_0_450,CUM-C0806
cumulative,160,c06,8,days_0_450,CUM-C0806
cumulative,167,c06,8,days_0_450,CUM-C0806
cumulative,181,c06,8,days_0_450,CUM-C0806
cumulative,188,c06,8,days_0_450,CUM-C0806
cumulative,190,c06,8,days_0_450,CUM-C0806
cumulative,202,c06,8,days_0_450,CUM-C0806
cumulative,207,c06,8,days_0_450,CUM-C0806
cumulative,241,c06,8,days_0_450,CUM-C0806
cumulative,274,c06,8,days_0_450,CUM-C0806
cumulative,280,c06,8,days_0_450,CUM-C0806
cumulative,286,c06,8,days_0_450,CUM-C0806
cumulative,288,c06,8,days_0_450,CUM-C0806
cumulative,301,c06,8,days_0_450,CUM-C0806
cumulative,353,c06,8,days_0_450,CUM-C0806
cumulative,360,c06,8,days_0_450,CUM-C0806
cumulative,373,c06,8,days_0_450,CUM-C0806
cumulative,387,c06,8,days_0_450,CUM-C0806
cumulative,391,c06,8,days_0_450,CUM-C0806
cumulative,408,c06,8,days_0_450,CUM-C0806
cumulative,414,c06,8,days_0_450,CUM-C0806
cumulative,421,c06,8,days_0_450,CUM-C0806
cumulative,424,c06,8,days_0_450,CUM-C0806
cumulative,431,c06,8,days_0_450,CUM-C0806
cumulative,445,c06,8,days_0_450,CUM-C0806
cumulative,451,c06,8,days_0_450,CUM-C0806
cumulative,469,c06,8,days_0_450,CUM-C0806
cumulative,484,c06,8,days_0_450,CUM-C0806
cumulative,493,c06,8,days_0_450,CUM-C0806
cumulative,512,c06,8,days_0_450,CUM-C0806
cumulative,526,c06,8,days_0_450,CUM-C0806
cumulative,530,c06,8,days_0_450,CUM-C0806
cumulative,547,c06,8,days_0_450,CUM-C0806
cumulative,552,c06,8,days_0_450,CUM-C0806
cumulative,561,c06,8,days_0_450,CUM-C0806
cumulative,610,c06,8,days_0_450,CUM-C0806
cumulative,614,c06,8,days_0_450,CUM-C0806
cumulative,629,c06,8,days_0_450,CUM-C0806
cumulative,630,c06,8,days_0_450,CUM-C0806
cumulative,631,c06,8,days_0_450,CUM-C0806
cumulative,643,c06,8,days_0_450,CUM-C0806
cumulative,645,c06,8,days_0_450,CUM-C0806
cumulative,656,c06,8,days_0_450,CUM-C0806
cumulative,658,c06,8,days_0_450,CUM-C0806
cumulative,685,c06,8,days_0_450,CUM-C0806
cumulative,709,c06,8,days_0_450,CUM-C0806
cumulative,750,c06,8,days_0_450,CUM-C0806
cumulative,773,c06,8,days_0_450,CUM-C0806
cumulative,795,c06,8,days_0_450,CUM-C0806
cumulative,817,c06,8,days_0_450,CUM-C0806
cumulative,824,c06,8,days_0_450,CUM-C0806
cumulative,841,c06,8,days_0_450,CUM-C0806
cumulative,846,c06,8,days_0_450,CUM-C0806
cumulative,847,c06,8,days_0_450,CUM-C0806
cumulative,851,c06,8,days_0_450,CUM-C0806
cumulative,858,c06,8,days_0_450,CUM-C0806
cumulative,891,c06,8,days_0_450,CUM-C0806
cumulative,894,c06,8,days_0_450,CUM-C0806
cumulative,902,c06,8,days_0_450,CUM-C0806
cumulative,920,c06,8,days_0_450,CUM-C0806
cumulative,954,c06,8,days_0_450,CUM-C0806
cumulative,957,c06,8,days_0_450,CUM-C0806
cumulative,964,c06,8,days_0_450,CUM-C0806
cumulative,978,c06,8,days_0_450,CUM-C0806
cumulative,988,c06,8,days_0_450,CUM-C0806
cumulative,989,c06,8,days_0_450,CUM-C0806
cumulative,5,c07,8,days_0_450,CUM-C0808
cumulative,7,c07,8,days_0_450,CUM-C0808
cumulative,29,c07,8,days_0_450,CUM-C0808
cumulative,98,c07,8,days_0_450,CUM-C0808
cumulative,107,c07,8,days_0_450,CUM-C0808
cumulative,117,c07,8,days_0_450,CUM-C0808
cumulative,134,c07,8,days_0_450,CUM-C0808
cumulative,150,c07,8,days_0_450,CUM-C0808
cumulative,175,c07,8,days_0_450,CUM-C0808
cumulative,183,c07,8,days_0_450,CUM-C0808
cumulative,192,c07,8,days_0_450,CUM-C0808
cumulative,196,c07,8,days_0_450,CUM-C0808
cumulative,201,c07,8,days_0_450,CUM-C0808
cumulative,208,c07,8,days_0_450,CUM-C0808
cumulative,226,c07,8,days_0_450,CUM-C0808
cumulative,236,c07,8,days_0_450,CUM-C0808
cumulative,262,c07,8,days_0_450,CUM-C0808
cumulative,268,c07,8,days_0_450,CUM-C0808
cumulative,275,c07,8,days_0_450,CUM-C0808
cumulative,278,c07,8,days_0_450,CUM-C0808
cumulative,289,c07,8,days_0_450,CUM-C0808
cumulative,291,c07,8,days_0_450,CUM-C0808
cumulative,297,c07,8,days_0_450,CUM-C0808
cumulative,320,c07,8,days_0_450,CUM-C0808
cumulative,327,c07,8,days_0_450,CUM-C0808
cumulative,335,c07,8,days_0_450,CUM-C0808
cumulative,358,c07,8,days_0_450,CUM-C0808
cumulative,381,c07,8,days_0_450,CUM-C0808
cumulative,385,c07,8,days_0_450,CUM-C0808
cumulative,401,c07,8,days_0_450,CUM-C0808
cumulative,415,c07,8,days_0_450,CUM-C0808
cumulative,429,c07,8,days_0_450,CUM-C0808
cumulative,440,c07,8,days_0_450,CUM-C0808
cumulative,446,c07,8,days_0_450,CUM-C0808
cumulative,449,c07,8,days_0_450,CUM-C0808
cumulative,454,c07,8,days_0_450,CUM-C0808
cumulative,464,c07,8,days_0_450,CUM-C0808
cumulative,468,c07,8,days_0_450,CUM-C0808
cumulative,473,c07,8,days_0_450,CUM-C0808
cumulative,491,c07,8,days_0_450,CUM-C0808
cumulative,504,c07,8,days_0_450,CUM-C0808
cumulative,537,c07,8,days_0_450,CUM-C0808
cumulative,553,c07,8,days_0_450,CUM-C0808
cumulative,592,c07,8,days_0_450,CUM-C0808
cumulative,664,c07,8,days_0_450,CUM-C0808
cumulative,670,c07,8,days_0_450,CUM-C0808
cumulative,683,c07,8,days_0_450,CUM-C0808
cumulative,688,c07,8,days_0_450,CUM-C0808
cumulative,707,c07,8,days_0_450,CUM-C0808
cumulative,713,c07,8,days_0_450,CUM-C0808
cumulative,726,c07,8,days_0_450,CUM-C0808
cumulative,737,c07,8,days_0_450,CUM-C0808
cumulative,808,c07,8,days_0_450,CUM-C0808
cumulative,810,c07,8,days_0_450,CUM-C0808
cumulative,849,c07,8,days_0_450,CUM-C0808
cumulative,880,c07,8,days_0_450,CUM-C0808
cumulative,898,c07,8,days_0_450,CUM-C0808
cumulative,899,c07,8,days_0_450,CUM-C0808
cumulative,980,c07,8,days_0_450,CUM-C0808
cumulative,985,c07,8,days_0_450,CUM-C0808
cumulative,1003,c07,8,days_0_450,CUM-C0808
cumulative,28,c08,8,days_0_450,CUM-C0810
cumulative,33,c08,8,days_0_450,CUM-C0810
cumulative,56,c08,8,days_0_450,CUM-C0810
cumulative,68,c08,8,days_0_450,CUM-C0810
cumulative,95,c08,8,days_0_450,CUM-C0810
cumulative,170,c08,8,days_0_450,CUM-C0810
cumulative,176,c08,8,days_0_450,CUM-C0810
cumulative,219,c08,8,days_0_450,CUM-C0810
cumulative,231,c08,8,days_0_450,CUM-C0810
cumulative,245,c08,8,days_0_450,CUM-C0810
cumulative,251,c08,8,days_0_450,CUM-C0810
cumulative,264,c08,8,days_0_450,CUM-C0810
cumulative,269,c08,8,days_0_450,CUM-C0810
cumulative,311,c08,8,days_0_450,CUM-C0810
cumulative,329,c08,8,days_0_450,CUM-C0810
cumulative,338,c08,8,days_0_450,CUM-C0810
cumulative,350,c08,8,days_0_450,CUM-C0810
cumulative,361,c08,8,days_0_450,CUM-C0810
cumulative,364,c08,8,days_0_450,CUM-C0810
cumulative,375,c08,8,days_0_450,CUM-C0810
cumulative,427,c08,8,days_0_450,CUM-C0810
cumulative,432,c08,8,days_0_450,CUM-C0810
cumulative,433,c08,8,days_0_450,CUM-C0810
cumulative,448,c08,8,days_0_450,CUM-C0810
cumulative,461,c08,8,days_0_450,CUM-C0810
cumulative,480,c08,8,days_0_450,CUM-C0810
cumulative,482,c08,8,days_0_450,CUM-C0810
cumulative,511,c08,8,days_0_450,CUM-C0810
cumulative,531,c08,8,days_0_450,CUM-C0810
cumulative,540,c08,8,days_0_450,CUM-C0810
cumulative,582,c08,8,days_0_450,CUM-C0810
cumulative,588,c08,8,days_0_450,CUM-C0810
cumulative,606,c08,8,days_0_450,CUM-C0810
cumulative,624,c08,8,days_0_450,CUM-C0810
cumulative,641,c08,8,days_0_450,CUM-C0810
cumulative,697,c08,8,days_0_450,CUM-C0810
cumulative,698,c08,8,days_0_450,CUM-C0810
cumulative,733,c08,8,days_0_450,CUM-C0810
cumulative,736,c08,8,days_0_450,CUM-C0810
cumulative,764,c08,8,days_0_450,CUM-C0810
cumulative,789,c08,8,days_0_450,CUM-C0810
cumulative,809,c08,8,days_0_450,CUM-C0810
cumulative,815,c08,8,days_0_450,CUM-C0810
cumulative,819,c08,8,days_0_450,CUM-C0810
cumulative,836,c08,8,days_0_450,CUM-C0810
cumulative,840,c08,8,days_0_450,CUM-C0810
cumulative,855,c08,8,days_0_450,CUM-C0810
cumulative,872,c08,8,days_0_450,CUM-C0810
cumulative,873,c08,8,days_0_450,CUM-C0810
cumulative,874,c08,8,days_0_450,CUM-C0810
cumulative,925,c08,8,days_0_450,CUM-C0810
cumulative,955,c08,8,days_0_450,CUM-C0810
cumulative,983,c08,8,days_0_450,CUM-C0810
cumulative,987,c08,8,days_0_450,CUM-C0810
cumulative,994,c08,8,days_0_450,CUM-C0810
cumulative,995,c08,8,days_0_450,CUM-C0810
cumulative,25,c09,8,days_0_450,CUM-C0809
cumulative,27,c09,8,days_0_450,CUM-C0809
cumulative,41,c09,8,days_0_450,CUM-C0809
cumulative,44,c09,8,days_0_450,CUM-C0809
cumulative,48,c09,8,days_0_450,CUM-C0809
cumulative,73,c09,8,days_0_450,CUM-C0809
cumulative,85,c09,8,days_0_450,CUM-C0809
cumulative,129,c09,8,days_0_450,CUM-C0809
cumulative,147,c09,8,days_0_450,CUM-C0809
cumulative,157,c09,8,days_0_450,CUM-C0809
cumulative,171,c09,8,days_0_450,CUM-C0809
cumulative,216,c09,8,days_0_450,CUM-C0809
cumulative,230,c09,8,days_0_450,CUM-C0809
cumulative,255,c09,8,days_0_450,CUM-C0809
cumulative,277,c09,8,days_0_450,CUM-C0809
cumulative,285,c09,8,days_0_450,CUM-C0809
cumulative,308,c09,8,days_0_450,CUM-C0809
cumulative,318,c09,8,days_0_450,CUM-C0809
cumulative,319,c09,8,days_0_450,CUM-C0809
cumulative,321,c09,8,days_0_450,CUM-C0809
cumulative,336,c09,8,days_0_450,CUM-C0809
cumulative,347,c09,8,days_0_450,CUM-C0809
cumulative,355,c09,8,days_0_450,CUM-C0809
cumulative,366,c09,8,days_0_450,CUM-C0809
cumulative,386,c09,8,days_0_450,CUM-C0809
cumulative,434,c09,8,days_0_450,CUM-C0809
cumulative,458,c09,8,days_0_450,CUM-C0809
cumulative,481,c09,8,days_0_450,CUM-C0809
cumulative,499,c09,8,days_0_450,CUM-C0809
cumulative,503,c09,8,days_0_450,CUM-C0809
cumulative,558,c09,8,days_0_450,CUM-C0809
cumulative,565,c09,8,days_0_450,CUM-C0809
cumulative,577,c09,8,days_0_450,CUM-C0809
cumulative,590,c09,8,days_0_450,CUM-C0809
cumulative,600,c09,8,days_0_450,CUM-C0809
cumulative,618,c09,8,days_0_450,CUM-C0809
cumulative,672,c09,8,days_0_450,CUM-C0809
cumulative,673,c09,8,days_0_450,CUM-C0809
cumulative,679,c09,8,days_0_450,CUM-C0809
cumulative,684,c09,8,days_0_450,CUM-C0809
cumulative,686,c09,8,days_0_450,CUM-C0809
cumulative,704,c09,8,days_0_450,CUM-C0809
cumulative,715,c09,8,days_0_450,CUM-C0809
cumulative,723,c09,8,days_0_450,CUM-C0809
cumulative,748,c09,8,days_0_450,CUM-C0809
cumulative,753,c09,8,days_0_450,CUM-C0809
cumulative,758,c09,8,days_0_450,CUM-C0809
cumulative,844,c09,8,days_0_450,CUM-C0809
cumulative,877,c09,8,days_0_450,CUM-C0809
cumulative,918,c09,8,days_0_450,CUM-C0809
cumulative,926,c09,8,days_0_450,CUM-C0809
cumulative,931,c09,8,days_0_450,CUM-C0809
cumulative,933,c09,8,days_0_450,CUM-C0809
cumulative,956,c09,8,days_0_450,CUM-C0809
cumulative,966,c09,8,days_0_450,CUM-C0809
cumulative,972,c09,8,days_0_450,CUM-C0809
cumulative,1000,c09,8,days_0_450,CUM-C0809
cumulative,1002,c09,8,days_0_450,CUM-C0809
cumulative,62,c10,8,days_0_450,CUM-C0812
cumulative,113,c10,8,days_0_450,CUM-C0812
cumulative,124,c10,8,days_0_450,CUM-C0812
cumulative,163,c10,8,days_0_450,CUM-C0812
cumulative,250,c10,8,days_0_450,CUM-C0812
cumulative,263,c10,8,days_0_450,CUM-C0812
cumulative,369,c10,8,days_0_450,CUM-C0812
cumulative,444,c10,8,days_0_450,CUM-C0812
cumulative,485,c10,8,days_0_450,CUM-C0812
cumulative,513,c10,8,days_0_450,CUM-C0812
cumulative,515,c10,8,days_0_450,CUM-C0812
cumulative,518,c10,8,days_0_450,CUM-C0812
cumulative,535,c10,8,days_0_450,CUM-C0812
cumulative,542,c10,8,days_0_450,CUM-C0812
cumulative,551,c10,8,days_0_450,CUM-C0812
cumulative,604,c10,8,days_0_450,CUM-C0812
cumulative,646,c10,8,days_0_450,CUM-C0812
cumulative,691,c10,8,days_0_450,CUM-C0812
cumulative,722,c10,8,days_0_450,CUM-C0812
cumulative,770,c10,8,days_0_450,CUM-C0812
cumulative,799,c10,8,days_0_450,CUM-C0812
cumulative,800,c10,8,days_0_450,CUM-C0812
cumulative,821,c10,8,days_0_450,CUM-C0812
cumulative,823,c10,8,days_0_450,CUM-C0812
cumulative,854,c10,8,days_0_450,CUM-C0812
cumulative,886,c10,8,days_0_450,CUM-C0812
cumulative,895,c10,8,days_0_450,CUM-C0812
cumulative,913,c10,8,days_0_450,CUM-C0812
cumulative,927,c10,8,days_0_450,CUM-C0812
cumulative,968,c10,8,days_0_450,CUM-C0812
cumulative,17,c11,8,days_0_450,CUM-C0811
cumulative,31,c11,8,days_0_450,CUM-C0811
cumulative,67,c11,8,days_0_450,CUM-C0811
cumulative,92,c11,8,days_0_450,CUM-C0811
cumulative,122,c11,8,days_0_450,CUM-C0811
cumulative,136,c11,8,days_0_450,CUM-C0811
cumulative,142,c11,8,days_0_450,CUM-C0811
cumulative,165,c11,8,days_0_450,CUM-C0811
cumulative,200,c11,8,days_0_450,CUM-C0811
cumulative,224,c11,8,days_0_450,CUM-C0811
cumulative,302,c11,8,days_0_450,CUM-C0811
cumulative,316,c11,8,days_0_450,CUM-C0811
cumulative,341,c11,8,days_0_450,CUM-C0811
cumulative,344,c11,8,days_0_450,CUM-C0811
cumulative,349,c11,8,days_0_450,CUM-C0811
cumulative,351,c11,8,days_0_450,CUM-C0811
cumulative,428,c11,8,days_0_450,CUM-C0811
cumulative,543,c11,8,days_0_450,CUM-C0811
cumulative,636,c11,8,days_0_450,CUM-C0811
cumulative,647,c11,8,days_0_450,CUM-C0811
cumulative,831,c11,8,days_0_450,CUM-C0811
cumulative,838,c11,8,days_0_450,CUM-C0811
cumulative,857,c11,8,days_0_450,CUM-C0811
cumulative,888,c11,8,days_0_450,CUM-C0811
cumulative,892,c11,8,days_0_450,CUM-C0811
cumulative,915,c11,8,days_0_450,CUM-C0811
cumulative,952,c11,8,days_0_450,CUM-C0811
cumulative,953,c11,8,days_0_450,CUM-C0811
cumulative,963,c11,8,days_0_450,CUM-C0811
cumulative,971,c11,8,days_0_450,CUM-C0811
cumulative,990,c11,8,days_0_450,CUM-C0811
cumulative,123,c14,8,days_0_450,CUM-C0813
cumulative,180,c14,8,days_0_450,CUM-C0813
cumulative,215,c14,8,days_0_450,CUM-C0813
cumulative,217,c14,8,days_0_450,CUM-C0813
cumulative,238,c14,8,days_0_450,CUM-C0813
cumulative,357,c14,8,days_0_450,CUM-C0813
cumulative,727,c14,8,days_0_450,CUM-C0813
cumulative,829,c14,8,days_0_450,CUM-C0813
cumulative,897,c14,8,days_0_450,CUM-C0813
cumulative,958,c14,8,days_0_450,CUM-C0813
cumulative,4,c01,9,days_0_500,CUM-C0901
cumulative,8,c01,9,days_0_500,CUM-C0901
cumulative,11,c01,9,days_0_500,CUM-C0901
cumulative,32,c01,9,days_0_500,CUM-C0901
cumulative,34,c01,9,days_0_500,CUM-C0901
cumulative,36,c01,9,days_0_500,CUM-C0901
cumulative,39,c01,9,days_0_500,CUM-C0901
cumulative,47,c01,9,days_0_500,CUM-C0901
cumulative,49,c01,9,days_0_500,CUM-C0901
cumulative,53,c01,9,days_0_500,CUM-C0901
cumulative,54,c01,9,days_0_500,CUM-C0901
cumulative,63,c01,9,days_0_500,CUM-C0901
cumulative,65,c01,9,days_0_500,CUM-C0901
cumulative,72,c01,9,days_0_500,CUM-C0901
cumulative,75,c01,9,days_0_500,CUM-C0901
cumulative,79,c01,9,days_0_500,CUM-C0901
cumulative,81,c01,9,days_0_500,CUM-C0901
cumulative,82,c01,9,days_0_500,CUM-C0901
cumulative,83,c01,9,days_0_500,CUM-C0901
cumulative,90,c01,9,days_0_500,CUM-C0901
cumulative,93,c01,9,days_0_500,CUM-C0901
cumulative,108,c01,9,days_0_500,CUM-C0901
cumulative,116,c01,9,days_0_500,CUM-C0901
cumulative,120,c01,9,days_0_500,CUM-C0901
cumulative,135,c01,9,days_0_500,CUM-C0901
cumulative,137,c01,9,days_0_500,CUM-C0901
cumulative,138,c01,9,days_0_500,CUM-C0901
cumulative,143,c01,9,days_0_500,CUM-C0901
cumulative,144,c01,9,days_0_500,CUM-C0901
cumulative,151,c01,9,days_0_500,CUM-C0901
cumulative,155,c01,9,days_0_500,CUM-C0901
cumulative,159,c01,9,days_0_500,CUM-C0901
cumulative,161,c01,9,days_0_500,CUM-C0901
cumulative,179,c01,9,days_0_500,CUM-C0901
cumulative,185,c01,9,days_0_500,CUM-C0901
cumulative,191,c01,9,days_0_500,CUM-C0901
cumulative,193,c01,9,days_0_500,CUM-C0901
cumulative,194,c01,9,days_0_500,CUM-C0901
cumulative,197,c01,9,days_0_500,CUM-C0901
cumulative,203,c01,9,days_0_500,CUM-C0901
cumulative,205,c01,9,days_0_500,CUM-C0901
cumulative,211,c01,9,days_0_500,CUM-C0901
cumulative,212,c01,9,days_0_500,CUM-C0901
cumulative,213,c01,9,days_0_500,CUM-C0901
cumulative,214,c01,9,days_0_500,CUM-C0901
cumulative,220,c01,9,days_0_500,CUM-C0901
cumulative,221,c01,9,days_0_500,CUM-C0901
cumulative,229,c01,9,days_0_500,CUM-C0901
cumulative,233,c01,9,days_0_500,CUM-C0901
cumulative,235,c01,9,days_0_500,CUM-C0901
cumulative,239,c01,9,days_0_500,CUM-C0901
cumulative,242,c01,9,days_0_500,CUM-C0901
cumulative,244,c01,9,days_0_500,CUM-C0901
cumulative,248,c01,9,days_0_500,CUM-C0901
cumulative,253,c01,9,days_0_500,CUM-C0901
cumulative,271,c01,9,days_0_500,CUM-C0901
cumulative,273,c01,9,days_0_500,CUM-C0901
cumulative,283,c01,9,days_0_500,CUM-C0901
cumulative,290,c01,9,days_0_500,CUM-C0901
cumulative,292,c01,9,days_0_500,CUM-C0901
cumulative,300,c01,9,days_0_500,CUM-C0901
cumulative,304,c01,9,days_0_500,CUM-C0901
cumulative,306,c01,9,days_0_500,CUM-C0901
cumulative,307,c01,9,days_0_500,CUM-C0901
cumulative,315,c01,9,days_0_500,CUM-C0901
cumulative,317,c01,9,days_0_500,CUM-C0901
cumulative,334,c01,9,days_0_500,CUM-C0901
cumulative,348,c01,9,days_0_500,CUM-C0901
cumulative,362,c01,9,days_0_500,CUM-C0901
cumulative,367,c01,9,days_0_500,CUM-C0901
cumulative,371,c01,9,days_0_500,CUM-C0901
cumulative,374,c01,9,days_0_500,CUM-C0901
cumulative,383,c01,9,days_0_500,CUM-C0901
cumulative,389,c01,9,days_0_500,CUM-C0901
cumulative,390,c01,9,days_0_500,CUM-C0901
cumulative,394,c01,9,days_0_500,CUM-C0901
cumulative,397,c01,9,days_0_500,CUM-C0901
cumulative,400,c01,9,days_0_500,CUM-C0901
cumulative,405,c01,9,days_0_500,CUM-C0901
cumulative,413,c01,9,days_0_500,CUM-C0901
cumulative,441,c01,9,days_0_500,CUM-C0901
cumulative,456,c01,9,days_0_500,CUM-C0901
cumulative,462,c01,9,days_0_500,CUM-C0901
cumulative,471,c01,9,days_0_500,CUM-C0901
cumulative,476,c01,9,days_0_500,CUM-C0901
cumulative,483,c01,9,days_0_500,CUM-C0901
cumulative,492,c01,9,days_0_500,CUM-C0901
cumulative,496,c01,9,days_0_500,CUM-C0901
cumulative,523,c01,9,days_0_500,CUM-C0901
cumulative,525,c01,9,days_0_500,CUM-C0901
cumulative,528,c01,9,days_0_500,CUM-C0901
cumulative,533,c01,9,days_0_500,CUM-C0901
cumulative,544,c01,9,days_0_500,CUM-C0901
cumulative,546,c01,9,days_0_500,CUM-C0901
cumulative,549,c01,9,days_0_500,CUM-C0901
cumulative,550,c01,9,days_0_500,CUM-C0901
cumulative,554,c01,9,days_0_500,CUM-C0901
cumulative,566,c01,9,days_0_500,CUM-C0901
cumulative,571,c01,9,days_0_500,CUM-C0901
cumulative,578,c01,9,days_0_500,CUM-C0901
cumulative,580,c01,9,days_0_500,CUM-C0901
cumulative,581,c01,9,days_0_500,CUM-C0901
cumulative,587,c01,9,days_0_500,CUM-C0901
cumulative,589,c01,9,days_0_500,CUM-C0901
cumulative,591,c01,9,days_0_500,CUM-C0901
cumulative,594,c01,9,days_0_500,CUM-C0901
cumulative,607,c01,9,days_0_500,CUM-C0901
cumulative,609,c01,9,days_0_500,CUM-C0901
cumulative,613,c01,9,days_0_500,CUM-C0901
cumulative,617,c01,9,days_0_500,CUM-C0901
cumulative,619,c01,9,days_0_500,CUM-C0901
cumulative,623,c01,9,days_0_500,CUM-C0901
cumulative,625,c01,9,days_0_500,CUM-C0901
cumulative,626,c01,9,days_0_500,CUM-C0901
cumulative,627,c01,9,days_0_500,CUM-C0901
cumulative,628,c01,9,days_0_500,CUM-C0901
cumulative,633,c01,9,days_0_500,CUM-C0901
cumulative,637,c01,9,days_0_500,CUM-C0901
cumulative,640,c01,9,days_0_500,CUM-C0901
cumulative,642,c01,9,days_0_500,CUM-C0901
cumulative,651,c01,9,days_0_500,CUM-C0901
cumulative,659,c01,9,days_0_500,CUM-C0901
cumulative,660,c01,9,days_0_500,CUM-C0901
cumulative,661,c01,9,days_0_500,CUM-C0901
cumulative,665,c01,9,days_0_500,CUM-C0901
cumulative,668,c01,9,days_0_500,CUM-C0901
cumulative,669,c01,9,days_0_500,CUM-C0901
cumulative,671,c01,9,days_0_500,CUM-C0901
cumulative,678,c01,9,days_0_500,CUM-C0901
cumulative,687,c01,9,days_0_500,CUM-C0901
cumulative,692,c01,9,days_0_500,CUM-C0901
cumulative,696,c01,9,days_0_500,CUM-C0901
cumulative,701,c01,9,days_0_500,CUM-C0901
cumulative,703,c01,9,days_0_500,CUM-C0901
cumulative,706,c01,9,days_0_500,CUM-C0901
cumulative,714,c01,9,days_0_500,CUM-C0901
cumulative,720,c01,9,days_0_500,CUM-C0901
cumulative,725,c01,9,days_0_500,CUM-C0901
cumulative,728,c01,9,days_0_500,CUM-C0901
cumulative,734,c01,9,days_0_500,CUM-C0901
cumulative,739,c01,9,days_0_500,CUM-C0901
cumulative,741,c01,9,days_0_500,CUM-C0901
cumulative,742,c01,9,days_0_500,CUM-C0901
cumulative,746,c01,9,days_0_500,CUM-C0901
cumulative,752,c01,9,days_0_500,CUM-C0901
cumulative,757,c01,9,days_0_500,CUM-C0901
cumulative,763,c01,9,days_0_500,CUM-C0901
cumulative,769,c01,9,days_0_500,CUM-C0901
cumulative,771,c01,9,days_0_500,CUM-C0901
cumulative,772,c01,9,days_0_500,CUM-C0901
cumulative,775,c01,9,days_0_500,CUM-C0901
cumulative,776,c01,9,days_0_500,CUM-C0901
cumulative,784,c01,9,days_0_500,CUM-C0901
cumulative,787,c01,9,days_0_500,CUM-C0901
cumulative,791,c01,9,days_0_500,CUM-C0901
cumulative,798,c01,9,days_0_500,CUM-C0901
cumulative,805,c01,9,days_0_500,CUM-C0901
cumulative,807,c01,9,days_0_500,CUM-C0901
cumulative,813,c01,9,days_0_500,CUM-C0901
cumulative,816,c01,9,days_0_500,CUM-C0901
cumulative,830,c01,9,days_0_500,CUM-C0901
cumulative,833,c01,9,days_0_500,CUM-C0901
cumulative,834,c01,9,days_0_500,CUM-C0901
cumulative,835,c01,9,days_0_500,CUM-C0901
cumulative,848,c01,9,days_0_500,CUM-C0901
cumulative,852,c01,9,days_0_500,CUM-C0901
cumulative,860,c01,9,days_0_500,CUM-C0901
cumulative,863,c01,9,days_0_500,CUM-C0901
cumulative,864,c01,9,days_0_500,CUM-C0901
cumulative,865,c01,9,days_0_500,CUM-C0901
cumulative,867,c01,9,days_0_500,CUM-C0901
cumulative,870,c01,9,days_0_500,CUM-C0901
cumulative,871,c01,9,days_0_500,CUM-C0901
cumulative,875,c01,9,days_0_500,CUM-C0901
cumulative,882,c01,9,days_0_500,CUM-C0901
cumulative,887,c01,9,days_0_500,CUM-C0901
cumulative,890,c01,9,days_0_500,CUM-C0901
cumulative,900,c01,9,days_0_500,CUM-C0901
cumulative,901,c01,9,days_0_500,CUM-C0901
cumulative,910,c01,9,days_0_500,CUM-C0901
cumulative,922,c01,9,days_0_500,CUM-C0901
cumulative,923,c01,9,days_0_500,CUM-C0901
cumulative,932,c01,9,days_0_500,CUM-C0901
cumulative,935,c01,9,days_0_500,CUM-C0901
cumulative,936,c01,9,days_0_500,CUM-C0901
cumulative,937,c01,9,days_0_500,CUM-C0901
cumulative,940,c01,9,days_0_500,CUM-C0901
cumulative,941,c01,9,days_0_500,CUM-C0901
cumulative,942,c01,9,days_0_500,CUM-C0901
cumulative,951,c01,9,days_0_500,CUM-C0901
cumulative,960,c01,9,days_0_500,CUM-C0901
cumulative,962,c01,9,days_0_500,CUM-C0901
cumulative,970,c01,9,days_0_500,CUM-C0901
cumulative,973,c01,9,days_0_500,CUM-C0901
cumulative,975,c01,9,days_0_500,CUM-C0901
cumulative,981,c01,9,days_0_500,CUM-C0901
cumulative,983,c01,9,days_0_500,CUM-C0901
cumulative,992,c01,9,days_0_500,CUM-C0901
cumulative,993,c01,9,days_0_500,CUM-C0901
cumulative,997,c01,9,days_0_500,CUM-C0901
cumulative,2,c02,9,days_0_500,CUM-C0902
cumulative,9,c02,9,days_0_500,CUM-C0902
cumulative,21,c02,9,days_0_500,CUM-C0902
cumulative,23,c02,9,days_0_500,CUM-C0902
cumulative,30,c02,9,days_0_500,CUM-C0902
cumulative,37,c02,9,days_0_500,CUM-C0902
cumulative,43,c02,9,days_0_500,CUM-C0902
cumulative,45,c02,9,days_0_500,CUM-C0902
cumulative,52,c02,9,days_0_500,CUM-C0902
cumulative,66,c02,9,days_0_500,CUM-C0902
cumulative,74,c02,9,days_0_500,CUM-C0902
cumulative,77,c02,9,days_0_500,CUM-C0902
cumulative,80,c02,9,days_0_500,CUM-C0902
cumulative,94,c02,9,days_0_500,CUM-C0902
cumulative,100,c02,9,days_0_500,CUM-C0902
cumulative,104,c02,9,days_0_500,CUM-C0902
cumulative,109,c02,9,days_0_500,CUM-C0902
cumulative,110,c02,9,days_0_500,CUM-C0902
cumulative,111,c02,9,days_0_500,CUM-C0902
cumulative,112,c02,9,days_0_500,CUM-C0902
cumulative,119,c02,9,days_0_500,CUM-C0902
cumulative,121,c02,9,days_0_500,CUM-C0902
cumulative,126,c02,9,days_0_500,CUM-C0902
cumulative,128,c02,9,days_0_500,CUM-C0902
cumulative,133,c02,9,days_0_500,CUM-C0902
cumulative,146,c02,9,days_0_500,CUM-C0902
cumulative,166,c02,9,days_0_500,CUM-C0902
cumulative,168,c02,9,days_0_500,CUM-C0902
cumulative,182,c02,9,days_0_500,CUM-C0902
cumulative,186,c02,9,days_0_500,CUM-C0902
cumulative,204,c02,9,days_0_500,CUM-C0902
cumulative,209,c02,9,days_0_500,CUM-C0902
cumulative,210,c02,9,days_0_500,CUM-C0902
cumulative,218,c02,9,days_0_500,CUM-C0902
cumulative,227,c02,9,days_0_500,CUM-C0902
cumulative,232,c02,9,days_0_500,CUM-C0902
cumulative,240,c02,9,days_0_500,CUM-C0902
cumulative,256,c02,9,days_0_500,CUM-C0902
cumulative,260,c02,9,days_0_500,CUM-C0902
cumulative,266,c02,9,days_0_500,CUM-C0902
cumulative,267,c02,9,days_0_500,CUM-C0902
cumulative,276,c02,9,days_0_500,CUM-C0902
cumulative,287,c02,9,days_0_500,CUM-C0902
cumulative,294,c02,9,days_0_500,CUM-C0902
cumulative,305,c02,9,days_0_500,CUM-C0902
cumulative,313,c02,9,days_0_500,CUM-C0902
cumulative,326,c02,9,days_0_500,CUM-C0902
cumulative,328,c02,9,days_0_500,CUM-C0902
cumulative,332,c02,9,days_0_500,CUM-C0902
cumulative,340,c02,9,days_0_500,CUM-C0902
cumulative,356,c02,9,days_0_500,CUM-C0902
cumulative,384,c02,9,days_0_500,CUM-C0902
cumulative,392,c02,9,days_0_500,CUM-C0902
cumulative,412,c02,9,days_0_500,CUM-C0902
cumulative,416,c02,9,days_0_500,CUM-C0902
cumulative,425,c02,9,days_0_500,CUM-C0902
cumulative,435,c02,9,days_0_500,CUM-C0902
cumulative,439,c02,9,days_0_500,CUM-C0902
cumulative,447,c02,9,days_0_500,CUM-C0902
cumulative,459,c02,9,days_0_500,CUM-C0902
cumulative,465,c02,9,days_0_500,CUM-C0902
cumulative,472,c02,9,days_0_500,CUM-C0902
cumulative,475,c02,9,days_0_500,CUM-C0902
cumulative,478,c02,9,days_0_500,CUM-C0902
cumulative,490,c02,9,days_0_500,CUM-C0902
cumulative,500,c02,9,days_0_500,CUM-C0902
cumulative,507,c02,9,days_0_500,CUM-C0902
cumulative,517,c02,9,days_0_500,CUM-C0902
cumulative,521,c02,9,days_0_500,CUM-C0902
cumulative,539,c02,9,days_0_500,CUM-C0902
cumulative,545,c02,9,days_0_500,CUM-C0902
cumulative,556,c02,9,days_0_500,CUM-C0902
cumulative,557,c02,9,days_0_500,CUM-C0902
cumulative,560,c02,9,days_0_500,CUM-C0902
cumulative,564,c02,9,days_0_500,CUM-C0902
cumulative,567,c02,9,days_0_500,CUM-C0902
cumulative,573,c02,9,days_0_500,CUM-C0902
cumulative,574,c02,9,days_0_500,CUM-C0902
cumulative,575,c02,9,days_0_500,CUM-C0902
cumulative,586,c02,9,days_0_500,CUM-C0902
cumulative,598,c02,9,days_0_500,CUM-C0902
cumulative,602,c02,9,days_0_500,CUM-C0902
cumulative,648,c02,9,days_0_500,CUM-C0902
cumulative,655,c02,9,days_0_500,CUM-C0902
cumulative,674,c02,9,days_0_500,CUM-C0902
cumulative,689,c02,9,days_0_500,CUM-C0902
cumulative,694,c02,9,days_0_500,CUM-C0902
cumulative,699,c02,9,days_0_500,CUM-C0902
cumulative,700,c02,9,days_0_500,CUM-C0902
cumulative,721,c02,9,days_0_500,CUM-C0902
cumulative,730,c02,9,days_0_500,CUM-C0902
cumulative,743,c02,9,days_0_500,CUM-C0902
cumulative,744,c02,9,days_0_500,CUM-C0902
cumulative,751,c02,9,days_0_500,CUM-C0902
cumulative,756,c02,9,days_0_500,CUM-C0902
cumulative,759,c02,9,days_0_500,CUM-C0902
cumulative,762,c02,9,days_0_500,CUM-C0902
cumulative,765,c02,9,days_0_500,CUM-C0902
cumulative,768,c02,9,days_0_500,CUM-C0902
cumulative,782,c02,9,days_0_500,CUM-C0902
cumulative,790,c02,9,days_0_500,CUM-C0902
cumulative,794,c02,9,days_0_500,CUM-C0902
cumulative,803,c02,9,days_0_500,CUM-C0902
cumulative,812,c02,9,days_0_500,CUM-C0902
cumulative,814,c02,9,days_0_500,CUM-C0902
cumulative,825,c02,9,days_0_500,CUM-C0902
cumulative,845,c02,9,days_0_500,CUM-C0902
cumulative,859,c02,9,days_0_500,CUM-C0902
cumulative,868,c02,9,days_0_500,CUM-C0902
cumulative,869,c02,9,days_0_500,CUM-C0902
cumulative,885,c02,9,days_0_500,CUM-C0902
cumulative,889,c02,9,days_0_500,CUM-C0902
cumulative,908,c02,9,days_0_500,CUM-C0902
cumulative,912,c02,9,days_0_500,CUM-C0902
cumulative,930,c02,9,days_0_500,CUM-C0902
cumulative,938,c02,9,days_0_500,CUM-C0902
cumulative,944,c02,9,days_0_500,CUM-C0902
cumulative,946,c02,9,days_0_500,CUM-C0902
cumulative,948,c02,9,days_0_500,CUM-C0902
cumulative,949,c02,9,days_0_500,CUM-C0902
cumulative,961,c02,9,days_0_500,CUM-C0902
cumulative,974,c02,9,days_0_500,CUM-C0902
cumulative,984,c02,9,days_0_500,CUM-C0902
cumulative,986,c02,9,days_0_500,CUM-C0902
cumulative,998,c02,9,days_0_500,CUM-C0902
cumulative,0,c03,9,days_0_500,CUM-C0903
cumulative,6,c03,9,days_0_500,CUM-C0903
cumulative,16,c03,9,days_0_500,CUM-C0903
cumulative,18,c03,9,days_0_500,CUM-C0903
cumulative,19,c03,9,days_0_500,CUM-C0903
cumulative,55,c03,9,days_0_500,CUM-C0903
cumulative,59,c03,9,days_0_500,CUM-C0903
cumulative,61,c03,9,days_0_500,CUM-C0903
cumulative,71,c03,9,days_0_500,CUM-C0903
cumulative,78,c03,9,days_0_500,CUM-C0903
cumulative,89,c03,9,days_0_500,CUM-C0903
cumulative,99,c03,9,days_0_500,CUM-C0903
cumulative,101,c03,9,days_0_500,CUM-C0903
cumulative,114,c03,9,days_0_500,CUM-C0903
cumulative,115,c03,9,days_0_500,CUM-C0903
cumulative,127,c03,9,days_0_500,CUM-C0903
cumulative,130,c03,9,days_0_500,CUM-C0903
cumulative,145,c03,9,days_0_500,CUM-C0903
cumulative,149,c03,9,days_0_500,CUM-C0903
cumulative,162,c03,9,days_0_500,CUM-C0903
cumulative,169,c03,9,days_0_500,CUM-C0903
cumulative,178,c03,9,days_0_500,CUM-C0903
cumulative,184,c03,9,days_0_500,CUM-C0903
cumulative,189,c03,9,days_0_500,CUM-C0903
cumulative,195,c03,9,days_0_500,CUM-C0903
cumulative,225,c03,9,days_0_500,CUM-C0903
cumulative,228,c03,9,days_0_500,CUM-C0903
cumulative,237,c03,9,days_0_500,CUM-C0903
cumulative,243,c03,9,days_0_500,CUM-C0903
cumulative,246,c03,9,days_0_500,CUM-C0903
cumulative,249,c03,9,days_0_500,CUM-C0903
cumulative,259,c03,9,days_0_500,CUM-C0903
cumulative,265,c03,9,days_0_500,CUM-C0903
cumulative,279,c03,9,days_0_500,CUM-C0903
cumulative,281,c03,9,days_0_500,CUM-C0903
cumulative,293,c03,9,days_0_500,CUM-C0903
cumulative,295,c03,9,days_0_500,CUM-C0903
cumulative,296,c03,9,days_0_500,CUM-C0903
cumulative,312,c03,9,days_0_500,CUM-C0903
cumulative,314,c03,9,days_0_500,CUM-C0903
cumulative,325,c03,9,days_0_500,CUM-C0903
cumulative,333,c03,9,days_0_500,CUM-C0903
cumulative,339,c03,9,days_0_500,CUM-C0903
cumulative,345,c03,9,days_0_500,CUM-C0903
cumulative,359,c03,9,days_0_500,CUM-C0903
cumulative,365,c03,9,days_0_500,CUM-C0903
cumulative,372,c03,9,days_0_500,CUM-C0903
cumulative,377,c03,9,days_0_500,CUM-C0903
cumulative,393,c03,9,days_0_500,CUM-C0903
cumulative,404,c03,9,days_0_500,CUM-C0903
cumulative,407,c03,9,days_0_500,CUM-C0903
cumulative,409,c03,9,days_0_500,CUM-C0903
cumulative,410,c03,9,days_0_500,CUM-C0903
cumulative,423,c03,9,days_0_500,CUM-C0903
cumulative,426,c03,9,days_0_500,CUM-C0903
cumulative,436,c03,9,days_0_500,CUM-C0903
cumulative,452,c03,9,days_0_500,CUM-C0903
cumulative,453,c03,9,days_0_500,CUM-C0903
cumulative,455,c03,9,days_0_500,CUM-C0903
cumulative,457,c03,9,days_0_500,CUM-C0903
cumulative,470,c03,9,days_0_500,CUM-C0903
cumulative,479,c03,9,days_0_500,CUM-C0903
cumulative,502,c03,9,days_0_500,CUM-C0903
cumulative,519,c03,9,days_0_500,CUM-C0903
cumulative,522,c03,9,days_0_500,CUM-C0903
cumulative,527,c03,9,days_0_500,CUM-C0903
cumulative,536,c03,9,days_0_500,CUM-C0903
cumulative,538,c03,9,days_0_500,CUM-C0903
cumulative,569,c03,9,days_0_500,CUM-C0903
cumulative,579,c03,9,days_0_500,CUM-C0903
cumulative,593,c03,9,days_0_500,CUM-C0903
cumulative,595,c03,9,days_0_500,CUM-C0903
cumulative,599,c03,9,days_0_500,CUM-C0903
cumulative,605,c03,9,days_0_500,CUM-C0903
cumulative,615,c03,9,days_0_500,CUM-C0903
cumulative,621,c03,9,days_0_500,CUM-C0903
cumulative,635,c03,9,days_0_500,CUM-C0903
cumulative,681,c03,9,days_0_500,CUM-C0903
cumulative,690,c03,9,days_0_500,CUM-C0903
cumulative,693,c03,9,days_0_500,CUM-C0903
cumulative,705,c03,9,days_0_500,CUM-C0903
cumulative,708,c03,9,days_0_500,CUM-C0903
cumulative,710,c03,9,days_0_500,CUM-C0903
cumulative,711,c03,9,days_0_500,CUM-C0903
cumulative,716,c03,9,days_0_500,CUM-C0903
cumulative,718,c03,9,days_0_500,CUM-C0903
cumulative,724,c03,9,days_0_500,CUM-C0903
cumulative,729,c03,9,days_0_500,CUM-C0903
cumulative,749,c03,9,days_0_500,CUM-C0903
cumulative,754,c03,9,days_0_500,CUM-C0903
cumulative,767,c03,9,days_0_500,CUM-C0903
cumulative,777,c03,9,days_0_500,CUM-C0903
cumulative,779,c03,9,days_0_500,CUM-C0903
cumulative,785,c03,9,days_0_500,CUM-C0903
cumulative,786,c03,9,days_0_500,CUM-C0903
cumulative,793,c03,9,days_0_500,CUM-C0903
cumulative,843,c03,9,days_0_500,CUM-C0903
cumulative,858,c03,9,days_0_500,CUM-C0903
cumulative,861,c03,9,days_0_500,CUM-C0903
cumulative,862,c03,9,days_0_500,CUM-C0903
cumulative,866,c03,9,days_0_500,CUM-C0903
cumulative,876,c03,9,days_0_500,CUM-C0903
cumulative,878,c03,9,days_0_500,CUM-C0903
cumulative,883,c03,9,days_0_500,CUM-C0903
cumulative,884,c03,9,days_0_500,CUM-C0903
cumulative,896,c03,9,days_0_500,CUM-C0903
cumulative,904,c03,9,days_0_500,CUM-C0903
cumulative,905,c03,9,days_0_500,CUM-C0903
cumulative,907,c03,9,days_0_500,CUM-C0903
cumulative,916,c03,9,days_0_500,CUM-C0903
cumulative,929,c03,9,days_0_500,CUM-C0903
cumulative,934,c03,9,days_0_500,CUM-C0903
cumulative,976,c03,9,days_0_500,CUM-C0903
cumulative,991,c03,9,days_0_500,CUM-C0903
cumulative,999,c03,9,days_0_500,CUM-C0903
cumulative,1,c04,9,days_0_500,CUM-C0905
cumulative,22,c04,9,days_0_500,CUM-C0905
cumulative,38,c04,9,days_0_500,CUM-C0905
cumulative,42,c04,9,days_0_500,CUM-C0905
cumulative,46,c04,9,days_0_500,CUM-C0905
cumulative,50,c04,9,days_0_500,CUM-C0905
cumulative,64,c04,9,days_0_500,CUM-C0905
cumulative,69,c04,9,days_0_500,CUM-C0905
cumulative,70,c04,9,days_0_500,CUM-C0905
cumulative,76,c04,9,days_0_500,CUM-C0905
cumulative,84,c04,9,days_0_500,CUM-C0905
cumulative,88,c04,9,days_0_500,CUM-C0905
cumulative,91,c04,9,days_0_500,CUM-C0905
cumulative,96,c04,9,days_0_500,CUM-C0905
cumulative,97,c04,9,days_0_500,CUM-C0905
cumulative,102,c04,9,days_0_500,CUM-C0905
cumulative,106,c04,9,days_0_500,CUM-C0905
cumulative,125,c04,9,days_0_500,CUM-C0905
cumulative,132,c04,9,days_0_500,CUM-C0905
cumulative,139,c04,9,days_0_500,CUM-C0905
cumulative,154,c04,9,days_0_500,CUM-C0905
cumulative,164,c04,9,days_0_500,CUM-C0905
cumulative,172,c04,9,days_0_500,CUM-C0905
cumulative,174,c04,9,days_0_500,CUM-C0905
cumulative,206,c04,9,days_0_500,CUM-C0905
cumulative,223,c04,9,days_0_500,CUM-C0905
cumulative,247,c04,9,days_0_500,CUM-C0905
cumulative,282,c04,9,days_0_500,CUM-C0905
cumulative,299,c04,9,days_0_500,CUM-C0905
cumulative,309,c04,9,days_0_500,CUM-C0905
cumulative,310,c04,9,days_0_500,CUM-C0905
cumulative,322,c04,9,days_0_500,CUM-C0905
cumulative,323,c04,9,days_0_500,CUM-C0905
cumulative,324,c04,9,days_0_500,CUM-C0905
cumulative,337,c04,9,days_0_500,CUM-C0905
cumulative,343,c04,9,days_0_500,CUM-C0905
cumulative,346,c04,9,days_0_500,CUM-C0905
cumulative,368,c04,9,days_0_500,CUM-C0905
cumulative,376,c04,9,days_0_500,CUM-C0905
cumulative,388,c04,9,days_0_500,CUM-C0905
cumulative,399,c04,9,days_0_500,CUM-C0905
cumulative,402,c04,9,days_0_500,CUM-C0905
cumulative,420,c04,9,days_0_500,CUM-C0905
cumulative,460,c04,9,days_0_500,CUM-C0905
cumulative,474,c04,9,days_0_500,CUM-C0905
cumulative,477,c04,9,days_0_500,CUM-C0905
cumulative,487,c04,9,days_0_500,CUM-C0905
cumulative,489,c04,9,days_0_500,CUM-C0905
cumulative,498,c04,9,days_0_500,CUM-C0905
cumulative,501,c04,9,days_0_500,CUM-C0905
cumulative,505,c04,9,days_0_500,CUM-C0905
cumulative,509,c04,9,days_0_500,CUM-C0905
cumulative,510,c04,9,days_0_500,CUM-C0905
cumulative,524,c04,9,days_0_500,CUM-C0905
cumulative,534,c04,9,days_0_500,CUM-C0905
cumulative,548,c04,9,days_0_500,CUM-C0905
cumulative,559,c04,9,days_0_500,CUM-C0905
cumulative,562,c04,9,days_0_500,CUM-C0905
cumulative,583,c04,9,days_0_500,CUM-C0905
cumulative,601,c04,9,days_0_500,CUM-C0905
cumulative,603,c04,9,days_0_500,CUM-C0905
cumulative,612,c04,9,days_0_500,CUM-C0905
cumulative,622,c04,9,days_0_500,CUM-C0905
cumulative,634,c04,9,days_0_500,CUM-C0905
cumulative,638,c04,9,days_0_500,CUM-C0905
cumulative,649,c04,9,days_0_500,CUM-C0905
cumulative,663,c04,9,days_0_500,CUM-C0905
cumulative,676,c04,9,days_0_500,CUM-C0905
cumulative,735,c04,9,days_0_500,CUM-C0905
cumulative,740,c04,9,days_0_500,CUM-C0905
cumulative,788,c04,9,days_0_500,CUM-C0905
cumulative,822,c04,9,days_0_500,CUM-C0905
cumulative,832,c04,9,days_0_500,CUM-C0905
cumulative,842,c04,9,days_0_500,CUM-C0905
cumulative,853,c04,9,days_0_500,CUM-C0905
cumulative,879,c04,9,days_0_500,CUM-C0905
cumulative,893,c04,9,days_0_500,CUM-C0905
cumulative,906,c04,9,days_0_500,CUM-C0905
cumulative,919,c04,9,days_0_500,CUM-C0905
cumulative,939,c04,9,days_0_500,CUM-C0905
cumulative,943,c04,9,days_0_500,CUM-C0905
cumulative,10,c05,9,days_0_500,CUM-C0904
cumulative,13,c05,9,days_0_500,CUM-C0904
cumulative,14,c05,9,days_0_500,CUM-C0904
cumulative,103,c05,9,days_0_500,CUM-C0904
cumulative,105,c05,9,days_0_500,CUM-C0904
cumulative,131,c05,9,days_0_500,CUM-C0904
cumulative,153,c05,9,days_0_500,CUM-C0904
cumulative,158,c05,9,days_0_500,CUM-C0904
cumulative,173,c05,9,days_0_500,CUM-C0904
cumulative,192,c05,9,days_0_500,CUM-C0904
cumulative,199,c05,9,days_0_500,CUM-C0904
cumulative,222,c05,9,days_0_500,CUM-C0904
cumulative,252,c05,9,days_0_500,CUM-C0904
cumulative,270,c05,9,days_0_500,CUM-C0904
cumulative,303,c05,9,days_0_500,CUM-C0904
cumulative,327,c05,9,days_0_500,CUM-C0904
cumulative,331,c05,9,days_0_500,CUM-C0904
cumulative,358,c05,9,days_0_500,CUM-C0904
cumulative,378,c05,9,days_0_500,CUM-C0904
cumulative,381,c05,9,days_0_500,CUM-C0904
cumulative,382,c05,9,days_0_500,CUM-C0904
cumulative,395,c05,9,days_0_500,CUM-C0904
cumulative,396,c05,9,days_0_500,CUM-C0904
cumulative,411,c05,9,days_0_500,CUM-C0904
cumulative,418,c05,9,days_0_500,CUM-C0904
cumulative,419,c05,9,days_0_500,CUM-C0904
cumulative,437,c05,9,days_0_500,CUM-C0904
cumulative,442,c05,9,days_0_500,CUM-C0904
cumulative,467,c05,9,days_0_500,CUM-C0904
cumulative,497,c05,9,days_0_500,CUM-C0904
cumulative,506,c05,9,days_0_500,CUM-C0904
cumulative,508,c05,9,days_0_500,CUM-C0904
cumulative,514,c05,9,days_0_500,CUM-C0904
cumulative,516,c05,9,days_0_500,CUM-C0904
cumulative,532,c05,9,days_0_500,CUM-C0904
cumulative,541,c05,9,days_0_500,CUM-C0904
cumulative,576,c05,9,days_0_500,CUM-C0904
cumulative,597,c05,9,days_0_500,CUM-C0904
cumulative,611,c05,9,days_0_500,CUM-C0904
cumulative,616,c05,9,days_0_500,CUM-C0904
cumulative,639,c05,9,days_0_500,CUM-C0904
cumulative,644,c05,9,days_0_500,CUM-C0904
cumulative,650,c05,9,days_0_500,CUM-C0904
cumulative,653,c05,9,days_0_500,CUM-C0904
cumulative,654,c05,9,days_0_500,CUM-C0904
cumulative,657,c05,9,days_0_500,CUM-C0904
cumulative,666,c05,9,days_0_500,CUM-C0904
cumulative,682,c05,9,days_0_500,CUM-C0904
cumulative,702,c05,9,days_0_500,CUM-C0904
cumulative,719,c05,9,days_0_500,CUM-C0904
cumulative,738,c05,9,days_0_500,CUM-C0904
cumulative,745,c05,9,days_0_500,CUM-C0904
cumulative,747,c05,9,days_0_500,CUM-C0904
cumulative,760,c05,9,days_0_500,CUM-C0904
cumulative,761,c05,9,days_0_500,CUM-C0904
cumulative,778,c05,9,days_0_500,CUM-C0904
cumulative,780,c05,9,days_0_500,CUM-C0904
cumulative,783,c05,9,days_0_500,CUM-C0904
cumulative,801,c05,9,days_0_500,CUM-C0904
cumulative,804,c05,9,days_0_500,CUM-C0904
cumulative,820,c05,9,days_0_500,CUM-C0904
cumulative,826,c05,9,days_0_500,CUM-C0904
cumulative,828,c05,9,days_0_500,CUM-C0904
cumulative,837,c05,9,days_0_500,CUM-C0904
cumulative,839,c05,9,days_0_500,CUM-C0904
cumulative,850,c05,9,days_0_500,CUM-C0904
cumulative,856,c05,9,days_0_500,CUM-C0904
cumulative,881,c05,9,days_0_500,CUM-C0904
cumulative,903,c05,9,days_0_500,CUM-C0904
cumulative,911,c05,9,days_0_500,CUM-C0904
cumulative,921,c05,9,days_0_500,CUM-C0904
cumulative,924,c05,9,days_0_500,CUM-C0904
cumulative,928,c05,9,days_0_500,CUM-C0904
cumulative,945,c05,9,days_0_500,CUM-C0904
cumulative,950,c05,9,days_0_500,CUM-C0904
cumulative,967,c05,9,days_0_500,CUM-C0904
cumulative,969,c05,9,days_0_500,CUM-C0904
cumulative,977,c05,9,days_0_500,CUM-C0904
cumulative,979,c05,9,days_0_500,CUM-C0904
cumulative,982,c05,9,days_0_500,CUM-C0904
cumulative,996,c05,9,days_0_500,CUM-C0904
cumulative,1001,c05,9,days_0_500,CUM-C0904
cumulative,1004,c05,9,days_0_500,CUM-C0904
cumulative,3,c06,9,days_0_500,CUM-C0906
cumulative,24,c06,9,days_0_500,CUM-C0906
cumulative,35,c06,9,days_0_500,CUM-C0906
cumulative,51,c06,9,days_0_500,CUM-C0906
cumulative,87,c06,9,days_0_500,CUM-C0906
cumulative,141,c06,9,days_0_500,CUM-C0906
cumulative,148,c06,9,days_0_500,CUM-C0906
cumulative,160,c06,9,days_0_500,CUM-C0906
cumulative,167,c06,9,days_0_500,CUM-C0906
cumulative,181,c06,9,days_0_500,CUM-C0906
cumulative,188,c06,9,days_0_500,CUM-C0906
cumulative,190,c06,9,days_0_500,CUM-C0906
cumulative,202,c06,9,days_0_500,CUM-C0906
cumulative,207,c06,9,days_0_500,CUM-C0906
cumulative,241,c06,9,days_0_500,CUM-C0906
cumulative,274,c06,9,days_0_500,CUM-C0906
cumulative,280,c06,9,days_0_500,CUM-C0906
cumulative,286,c06,9,days_0_500,CUM-C0906
cumulative,288,c06,9,days_0_500,CUM-C0906
cumulative,301,c06,9,days_0_500,CUM-C0906
cumulative,353,c06,9,days_0_500,CUM-C0906
cumulative,360,c06,9,days_0_500,CUM-C0906
cumulative,373,c06,9,days_0_500,CUM-C0906
cumulative,387,c06,9,days_0_500,CUM-C0906
cumulative,391,c06,9,days_0_500,CUM-C0906
cumulative,408,c06,9,days_0_500,CUM-C0906
cumulative,414,c06,9,days_0_500,CUM-C0906
cumulative,421,c06,9,days_0_500,CUM-C0906
cumulative,424,c06,9,days_0_500,CUM-C0906
cumulative,431,c06,9,days_0_500,CUM-C0906
cumulative,445,c06,9,days_0_500,CUM-C0906
cumulative,451,c06,9,days_0_500,CUM-C0906
cumulative,469,c06,9,days_0_500,CUM-C0906
cumulative,484,c06,9,days_0_500,CUM-C0906
cumulative,486,c06,9,days_0_500,CUM-C0906
cumulative,493,c06,9,days_0_500,CUM-C0906
cumulative,512,c06,9,days_0_500,CUM-C0906
cumulative,526,c06,9,days_0_500,CUM-C0906
cumulative,530,c06,9,days_0_500,CUM-C0906
cumulative,547,c06,9,days_0_500,CUM-C0906
cumulative,552,c06,9,days_0_500,CUM-C0906
cumulative,561,c06,9,days_0_500,CUM-C0906
cumulative,570,c06,9,days_0_500,CUM-C0906
cumulative,585,c06,9,days_0_500,CUM-C0906
cumulative,610,c06,9,days_0_500,CUM-C0906
cumulative,614,c06,9,days_0_500,CUM-C0906
cumulative,629,c06,9,days_0_500,CUM-C0906
cumulative,630,c06,9,days_0_500,CUM-C0906
cumulative,631,c06,9,days_0_500,CUM-C0906
cumulative,643,c06,9,days_0_500,CUM-C0906
cumulative,645,c06,9,days_0_500,CUM-C0906
cumulative,656,c06,9,days_0_500,CUM-C0906
cumulative,658,c06,9,days_0_500,CUM-C0906
cumulative,667,c06,9,days_0_500,CUM-C0906
cumulative,685,c06,9,days_0_500,CUM-C0906
cumulative,709,c06,9,days_0_500,CUM-C0906
cumulative,750,c06,9,days_0_500,CUM-C0906
cumulative,773,c06,9,days_0_500,CUM-C0906
cumulative,795,c06,9,days_0_500,CUM-C0906
cumulative,817,c06,9,days_0_500,CUM-C0906
cumulative,824,c06,9,days_0_500,CUM-C0906
cumulative,841,c06,9,days_0_500,CUM-C0906
cumulative,846,c06,9,days_0_500,CUM-C0906
cumulative,847,c06,9,days_0_500,CUM-C0906
cumulative,851,c06,9,days_0_500,CUM-C0906
cumulative,891,c06,9,days_0_500,CUM-C0906
cumulative,894,c06,9,days_0_500,CUM-C0906
cumulative,902,c06,9,days_0_500,CUM-C0906
cumulative,920,c06,9,days_0_500,CUM-C0906
cumulative,954,c06,9,days_0_500,CUM-C0906
cumulative,957,c06,9,days_0_500,CUM-C0906
cumulative,964,c06,9,days_0_500,CUM-C0906
cumulative,978,c06,9,days_0_500,CUM-C0906
cumulative,988,c06,9,days_0_500,CUM-C0906
cumulative,989,c06,9,days_0_500,CUM-C0906
cumulative,995,c06,9,days_0_500,CUM-C0906
cumulative,5,c07,9,days_0_500,CUM-C0907
cumulative,7,c07,9,days_0_500,CUM-C0907
cumulative,29,c07,9,days_0_500,CUM-C0907
cumulative,31,c07,9,days_0_500,CUM-C0907
cumulative,67,c07,9,days_0_500,CUM-C0907
cumulative,98,c07,9,days_0_500,CUM-C0907
cumulative,107,c07,9,days_0_500,CUM-C0907
cumulative,117,c07,9,days_0_500,CUM-C0907
cumulative,118,c07,9,days_0_500,CUM-C0907
cumulative,134,c07,9,days_0_500,CUM-C0907
cumulative,150,c07,9,days_0_500,CUM-C0907
cumulative,165,c07,9,days_0_500,CUM-C0907
cumulative,183,c07,9,days_0_500,CUM-C0907
cumulative,196,c07,9,days_0_500,CUM-C0907
cumulative,201,c07,9,days_0_500,CUM-C0907
cumulative,208,c07,9,days_0_500,CUM-C0907
cumulative,226,c07,9,days_0_500,CUM-C0907
cumulative,236,c07,9,days_0_500,CUM-C0907
cumulative,257,c07,9,days_0_500,CUM-C0907
cumulative,262,c07,9,days_0_500,CUM-C0907
cumulative,268,c07,9,days_0_500,CUM-C0907
cumulative,278,c07,9,days_0_500,CUM-C0907
cumulative,289,c07,9,days_0_500,CUM-C0907
cumulative,291,c07,9,days_0_500,CUM-C0907
cumulative,297,c07,9,days_0_500,CUM-C0907
cumulative,320,c07,9,days_0_500,CUM-C0907
cumulative,335,c07,9,days_0_500,CUM-C0907
cumulative,344,c07,9,days_0_500,CUM-C0907
cumulative,385,c07,9,days_0_500,CUM-C0907
cumulative,401,c07,9,days_0_500,CUM-C0907
cumulative,415,c07,9,days_0_500,CUM-C0907
cumulative,429,c07,9,days_0_500,CUM-C0907
cumulative,440,c07,9,days_0_500,CUM-C0907
cumulative,449,c07,9,days_0_500,CUM-C0907
cumulative,454,c07,9,days_0_500,CUM-C0907
cumulative,464,c07,9,days_0_500,CUM-C0907
cumulative,468,c07,9,days_0_500,CUM-C0907
cumulative,473,c07,9,days_0_500,CUM-C0907
cumulative,491,c07,9,days_0_500,CUM-C0907
cumulative,504,c07,9,days_0_500,CUM-C0907
cumulative,537,c07,9,days_0_500,CUM-C0907
cumulative,553,c07,9,days_0_500,CUM-C0907
cumulative,592,c07,9,days_0_500,CUM-C0907
cumulative,652,c07,9,days_0_500,CUM-C0907
cumulative,664,c07,9,days_0_500,CUM-C0907
cumulative,670,c07,9,days_0_500,CUM-C0907
cumulative,683,c07,9,days_0_500,CUM-C0907
cumulative,688,c07,9,days_0_500,CUM-C0907
cumulative,707,c07,9,days_0_500,CUM-C0907
cumulative,713,c07,9,days_0_500,CUM-C0907
cumulative,726,c07,9,days_0_500,CUM-C0907
cumulative,732,c07,9,days_0_500,CUM-C0907
cumulative,808,c07,9,days_0_500,CUM-C0907
cumulative,810,c07,9,days_0_500,CUM-C0907
cumulative,811,c07,9,days_0_500,CUM-C0907
cumulative,880,c07,9,days_0_500,CUM-C0907
cumulative,898,c07,9,days_0_500,CUM-C0907
cumulative,899,c07,9,days_0_500,CUM-C0907
cumulative,963,c07,9,days_0_500,CUM-C0907
cumulative,980,c07,9,days_0_500,CUM-C0907
cumulative,985,c07,9,days_0_500,CUM-C0907
cumulative,1003,c07,9,days_0_500,CUM-C0907
cumulative,28,c08,9,days_0_500,CUM-C0908
cumulative,33,c08,9,days_0_500,CUM-C0908
cumulative,56,c08,9,days_0_500,CUM-C0908
cumulative,68,c08,9,days_0_500,CUM-C0908
cumulative,95,c08,9,days_0_500,CUM-C0908
cumulative,170,c08,9,days_0_500,CUM-C0908
cumulative,175,c08,9,days_0_500,CUM-C0908
cumulative,176,c08,9,days_0_500,CUM-C0908
cumulative,219,c08,9,days_0_500,CUM-C0908
cumulative,231,c08,9,days_0_500,CUM-C0908
cumulative,245,c08,9,days_0_500,CUM-C0908
cumulative,251,c08,9,days_0_500,CUM-C0908
cumulative,264,c08,9,days_0_500,CUM-C0908
cumulative,269,c08,9,days_0_500,CUM-C0908
cumulative,275,c08,9,days_0_500,CUM-C0908
cumulative,311,c08,9,days_0_500,CUM-C0908
cumulative,329,c08,9,days_0_500,CUM-C0908
cumulative,338,c08,9,days_0_500,CUM-C0908
cumulative,350,c08,9,days_0_500,CUM-C0908
cumulative,361,c08,9,days_0_500,CUM-C0908
cumulative,364,c08,9,days_0_500,CUM-C0908
cumulative,375,c08,9,days_0_500,CUM-C0908
cumulative,427,c08,9,days_0_500,CUM-C0908
cumulative,432,c08,9,days_0_500,CUM-C0908
cumulative,433,c08,9,days_0_500,CUM-C0908
cumulative,446,c08,9,days_0_500,CUM-C0908
cumulative,448,c08,9,days_0_500,CUM-C0908
cumulative,461,c08,9,days_0_500,CUM-C0908
cumulative,480,c08,9,days_0_500,CUM-C0908
cumulative,482,c08,9,days_0_500,CUM-C0908
cumulative,511,c08,9,days_0_500,CUM-C0908
cumulative,531,c08,9,days_0_500,CUM-C0908
cumulative,540,c08,9,days_0_500,CUM-C0908
cumulative,582,c08,9,days_0_500,CUM-C0908
cumulative,588,c08,9,days_0_500,CUM-C0908
cumulative,606,c08,9,days_0_500,CUM-C0908
cumulative,624,c08,9,days_0_500,CUM-C0908
cumulative,641,c08,9,days_0_500,CUM-C0908
cumulative,697,c08,9,days_0_500,CUM-C0908
cumulative,698,c08,9,days_0_500,CUM-C0908
cumulative,733,c08,9,days_0_500,CUM-C0908
cumulative,736,c08,9,days_0_500,CUM-C0908
cumulative,737,c08,9,days_0_500,CUM-C0908
cumulative,764,c08,9,days_0_500,CUM-C0908
cumulative,789,c08,9,days_0_500,CUM-C0908
cumulative,796,c08,9,days_0_500,CUM-C0908
cumulative,809,c08,9,days_0_500,CUM-C0908
cumulative,815,c08,9,days_0_500,CUM-C0908
cumulative,819,c08,9,days_0_500,CUM-C0908
cumulative,836,c08,9,days_0_500,CUM-C0908
cumulative,840,c08,9,days_0_500,CUM-C0908
cumulative,849,c08,9,days_0_500,CUM-C0908
cumulative,855,c08,9,days_0_500,CUM-C0908
cumulative,872,c08,9,days_0_500,CUM-C0908
cumulative,873,c08,9,days_0_500,CUM-C0908
cumulative,874,c08,9,days_0_500,CUM-C0908
cumulative,925,c08,9,days_0_500,CUM-C0908
cumulative,955,c08,9,days_0_500,CUM-C0908
cumulative,987,c08,9,days_0_500,CUM-C0908
cumulative,994,c08,9,days_0_500,CUM-C0908
cumulative,25,c09,9,days_0_500,CUM-C0909
cumulative,41,c09,9,days_0_500,CUM-C0909
cumulative,44,c09,9,days_0_500,CUM-C0909
cumulative,48,c09,9,days_0_500,CUM-C0909
cumulative,73,c09,9,days_0_500,CUM-C0909
cumulative,85,c09,9,days_0_500,CUM-C0909
cumulative,216,c09,9,days_0_500,CUM-C0909
cumulative,318,c09,9,days_0_500,CUM-C0909
cumulative,319,c09,9,days_0_500,CUM-C0909
cumulative,321,c09,9,days_0_500,CUM-C0909
cumulative,366,c09,9,days_0_500,CUM-C0909
cumulative,386,c09,9,days_0_500,CUM-C0909
cumulative,434,c09,9,days_0_500,CUM-C0909
cumulative,458,c09,9,days_0_500,CUM-C0909
cumulative,481,c09,9,days_0_500,CUM-C0909
cumulative,499,c09,9,days_0_500,CUM-C0909
cumulative,503,c09,9,days_0_500,CUM-C0909
cumulative,558,c09,9,days_0_500,CUM-C0909
cumulative,565,c09,9,days_0_500,CUM-C0909
cumulative,600,c09,9,days_0_500,CUM-C0909
cumulative,618,c09,9,days_0_500,CUM-C0909
cumulative,672,c09,9,days_0_500,CUM-C0909
cumulative,679,c09,9,days_0_500,CUM-C0909
cumulative,684,c09,9,days_0_500,CUM-C0909
cumulative,704,c09,9,days_0_500,CUM-C0909
cumulative,723,c09,9,days_0_500,CUM-C0909
cumulative,753,c09,9,days_0_500,CUM-C0909
cumulative,758,c09,9,days_0_500,CUM-C0909
cumulative,844,c09,9,days_0_500,CUM-C0909
cumulative,918,c09,9,days_0_500,CUM-C0909
cumulative,956,c09,9,days_0_500,CUM-C0909
cumulative,1000,c09,9,days_0_500,CUM-C0909
cumulative,1002,c09,9,days_0_500,CUM-C0909
cumulative,62,c10,9,days_0_500,CUM-C0912
cumulative,113,c10,9,days_0_500,CUM-C0912
cumulative,124,c10,9,days_0_500,CUM-C0912
cumulative,163,c10,9,days_0_500,CUM-C0912
cumulative,250,c10,9,days_0_500,CUM-C0912
cumulative,263,c10,9,days_0_500,CUM-C0912
cumulative,369,c10,9,days_0_500,CUM-C0912
cumulative,444,c10,9,days_0_500,CUM-C0912
cumulative,485,c10,9,days_0_500,CUM-C0912
cumulative,513,c10,9,days_0_500,CUM-C0912
cumulative,515,c10,9,days_0_500,CUM-C0912
cumulative,518,c10,9,days_0_500,CUM-C0912
cumulative,535,c10,9,days_0_500,CUM-C0912
cumulative,542,c10,9,days_0_500,CUM-C0912
cumulative,551,c10,9,days_0_500,CUM-C0912
cumulative,604,c10,9,days_0_500,CUM-C0912
cumulative,646,c10,9,days_0_500,CUM-C0912
cumulative,691,c10,9,days_0_500,CUM-C0912
cumulative,722,c10,9,days_0_500,CUM-C0912
cumulative,770,c10,9,days_0_500,CUM-C0912
cumulative,799,c10,9,days_0_500,CUM-C0912
cumulative,800,c10,9,days_0_500,CUM-C0912
cumulative,821,c10,9,days_0_500,CUM-C0912
cumulative,823,c10,9,days_0_500,CUM-C0912
cumulative,854,c10,9,days_0_500,CUM-C0912
cumulative,886,c10,9,days_0_500,CUM-C0912
cumulative,895,c10,9,days_0_500,CUM-C0912
cumulative,913,c10,9,days_0_500,CUM-C0912
cumulative,927,c10,9,days_0_500,CUM-C0912
cumulative,968,c10,9,days_0_500,CUM-C0912
cumulative,17,c11,9,days_0_500,CUM-C0913
cumulative,92,c11,9,days_0_500,CUM-C0913
cumulative,122,c11,9,days_0_500,CUM-C0913
cumulative,136,c11,9,days_0_500,CUM-C0913
cumulative,142,c11,9,days_0_500,CUM-C0913
cumulative,200,c11,9,days_0_500,CUM-C0913
cumulative,224,c11,9,days_0_500,CUM-C0913
cumulative,302,c11,9,days_0_500,CUM-C0913
cumulative,316,c11,9,days_0_500,CUM-C0913
cumulative,341,c11,9,days_0_500,CUM-C0913
cumulative,349,c11,9,days_0_500,CUM-C0913
cumulative,351,c11,9,days_0_500,CUM-C0913
cumulative,428,c11,9,days_0_500,CUM-C0913
cumulative,543,c11,9,days_0_500,CUM-C0913
cumulative,636,c11,9,days_0_500,CUM-C0913
cumulative,647,c11,9,days_0_500,CUM-C0913
cumulative,806,c11,9,days_0_500,CUM-C0913
cumulative,831,c11,9,days_0_500,CUM-C0913
cumulative,838,c11,9,days_0_500,CUM-C0913
cumulative,857,c11,9,days_0_500,CUM-C0913
cumulative,888,c11,9,days_0_500,CUM-C0913
cumulative,892,c11,9,days_0_500,CUM-C0913
cumulative,915,c11,9,days_0_500,CUM-C0913
cumulative,917,c11,9,days_0_500,CUM-C0913
cumulative,952,c11,9,days_0_500,CUM-C0913
cumulative,953,c11,9,days_0_500,CUM-C0913
cumulative,971,c11,9,days_0_500,CUM-C0913
cumulative,990,c11,9,days_0_500,CUM-C0913
cumulative,27,c12,9,days_0_500,CUM-C0911
cumulative,58,c12,9,days_0_500,CUM-C0911
cumulative,129,c12,9,days_0_500,CUM-C0911
cumulative,147,c12,9,days_0_500,CUM-C0911
cumulative,157,c12,9,days_0_500,CUM-C0911
cumulative,171,c12,9,days_0_500,CUM-C0911
cumulative,230,c12,9,days_0_500,CUM-C0911
cumulative,255,c12,9,days_0_500,CUM-C0911
cumulative,277,c12,9,days_0_500,CUM-C0911
cumulative,285,c12,9,days_0_500,CUM-C0911
cumulative,308,c12,9,days_0_500,CUM-C0911
cumulative,330,c12,9,days_0_500,CUM-C0911
cumulative,336,c12,9,days_0_500,CUM-C0911
cumulative,347,c12,9,days_0_500,CUM-C0911
cumulative,355,c12,9,days_0_500,CUM-C0911
cumulative,438,c12,9,days_0_500,CUM-C0911
cumulative,577,c12,9,days_0_500,CUM-C0911
cumulative,590,c12,9,days_0_500,CUM-C0911
cumulative,673,c12,9,days_0_500,CUM-C0911
cumulative,686,c12,9,days_0_500,CUM-C0911
cumulative,715,c12,9,days_0_500,CUM-C0911
cumulative,748,c12,9,days_0_500,CUM-C0911
cumulative,818,c12,9,days_0_500,CUM-C0911
cumulative,877,c12,9,days_0_500,CUM-C0911
cumulative,909,c12,9,days_0_500,CUM-C0911
cumulative,926,c12,9,days_0_500,CUM-C0911
cumulative,931,c12,9,days_0_500,CUM-C0911
cumulative,933,c12,9,days_0_500,CUM-C0911
cumulative,966,c12,9,days_0_500,CUM-C0911
cumulative,972,c12,9,days_0_500,CUM-C0911
cumulative,12,c13,9,days_0_500,CUM-C0914
cumulative,15,c13,9,days_0_500,CUM-C0914
cumulative,284,c13,9,days_0_500,CUM-C0914
cumulative,370,c13,9,days_0_500,CUM-C0914
cumulative,406,c13,9,days_0_500,CUM-C0914
cumulative,422,c13,9,days_0_500,CUM-C0914
cumulative,520,c13,9,days_0_500,CUM-C0914
cumulative,563,c13,9,days_0_500,CUM-C0914
cumulative,584,c13,9,days_0_500,CUM-C0914
cumulative,680,c13,9,days_0_500,CUM-C0914
cumulative,717,c13,9,days_0_500,CUM-C0914
cumulative,731,c13,9,days_0_500,CUM-C0914
cumulative,792,c13,9,days_0_500,CUM-C0914
cumulative,797,c13,9,days_0_500,CUM-C0914
cumulative,123,c14,9,days_0_500,CUM-C0915
cumulative,180,c14,9,days_0_500,CUM-C0915
cumulative,215,c14,9,days_0_500,CUM-C0915
cumulative,217,c14,9,days_0_500,CUM-C0915
cumulative,238,c14,9,days_0_500,CUM-C0915
cumulative,357,c14,9,days_0_500,CUM-C0915
cumulative,727,c14,9,days_0_500,CUM-C0915
cumulative,829,c14,9,days_0_500,CUM-C0915
cumulative,897,c14,9,days_0_500,CUM-C0915
cumulative,958,c14,9,days_0_500,CUM-C0915
cumulative,4,c01,10,days_0_526,CUM-C1001
cumulative,8,c01,10,days_0_526,CUM-C1001
cumulative,11,c01,10,days_0_526,CUM-C1001
cumulative,26,c01,10,days_0_526,CUM-C1001
cumulative,32,c01,10,days_0_526,CUM-C1001
cumulative,34,c01,10,days_0_526,CUM-C1001
cumulative,36,c01,10,days_0_526,CUM-C1001
cumulative,39,c01,10,days_0_526,CUM-C1001
cumulative,40,c01,10,days_0_526,CUM-C1001
cumulative,47,c01,10,days_0_526,CUM-C1001
cumulative,49,c01,10,days_0_526,CUM-C1001
cumulative,53,c01,10,days_0_526,CUM-C1001
cumulative,54,c01,10,days_0_526,CUM-C1001
cumulative,58,c01,10,days_0_526,CUM-C1001
cumulative,60,c01,10,days_0_526,CUM-C1001
cumulative,63,c01,10,days_0_526,CUM-C1001
cumulative,65,c01,10,days_0_526,CUM-C1001
cumulative,72,c01,10,days_0_526,CUM-C1001
cumulative,75,c01,10,days_0_526,CUM-C1001
cumulative,79,c01,10,days_0_526,CUM-C1001
cumulative,81,c01,10,days_0_526,CUM-C1001
cumulative,82,c01,10,days_0_526,CUM-C1001
cumulative,83,c01,10,days_0_526,CUM-C1001
cumulative,86,c01,10,days_0_526,CUM-C1001
cumulative,90,c01,10,days_0_526,CUM-C1001
cumulative,93,c01,10,days_0_526,CUM-C1001
cumulative,108,c01,10,days_0_526,CUM-C1001
cumulative,116,c01,10,days_0_526,CUM-C1001
cumulative,120,c01,10,days_0_526,CUM-C1001
cumulative,135,c01,10,days_0_526,CUM-C1001
cumulative,137,c01,10,days_0_526,CUM-C1001
cumulative,138,c01,10,days_0_526,CUM-C1001
cumulative,143,c01,10,days_0_526,CUM-C1001
cumulative,144,c01,10,days_0_526,CUM-C1001
cumulative,146,c01,10,days_0_526,CUM-C1001
cumulative,151,c01,10,days_0_526,CUM-C1001
cumulative,152,c01,10,days_0_526,CUM-C1001
cumulative,155,c01,10,days_0_526,CUM-C1001
cumulative,159,c01,10,days_0_526,CUM-C1001
cumulative,161,c01,10,days_0_526,CUM-C1001
cumulative,179,c01,10,days_0_526,CUM-C1001
cumulative,185,c01,10,days_0_526,CUM-C1001
cumulative,187,c01,10,days_0_526,CUM-C1001
cumulative,191,c01,10,days_0_526,CUM-C1001
cumulative,193,c01,10,days_0_526,CUM-C1001
cumulative,194,c01,10,days_0_526,CUM-C1001
cumulative,196,c01,10,days_0_526,CUM-C1001
cumulative,197,c01,10,days_0_526,CUM-C1001
cumulative,198,c01,10,days_0_526,CUM-C1001
cumulative,203,c01,10,days_0_526,CUM-C1001
cumulative,205,c01,10,days_0_526,CUM-C1001
cumulative,211,c01,10,days_0_526,CUM-C1001
cumulative,212,c01,10,days_0_526,CUM-C1001
cumulative,213,c01,10,days_0_526,CUM-C1001
cumulative,214,c01,10,days_0_526,CUM-C1001
cumulative,220,c01,10,days_0_526,CUM-C1001
cumulative,221,c01,10,days_0_526,CUM-C1001
cumulative,229,c01,10,days_0_526,CUM-C1001
cumulative,233,c01,10,days_0_526,CUM-C1001
cumulative,235,c01,10,days_0_526,CUM-C1001
cumulative,244,c01,10,days_0_526,CUM-C1001
cumulative,248,c01,10,days_0_526,CUM-C1001
cumulative,253,c01,10,days_0_526,CUM-C1001
cumulative,254,c01,10,days_0_526,CUM-C1001
cumulative,271,c01,10,days_0_526,CUM-C1001
cumulative,272,c01,10,days_0_526,CUM-C1001
cumulative,283,c01,10,days_0_526,CUM-C1001
cumulative,290,c01,10,days_0_526,CUM-C1001
cumulative,292,c01,10,days_0_526,CUM-C1001
cumulative,300,c01,10,days_0_526,CUM-C1001
cumulative,304,c01,10,days_0_526,CUM-C1001
cumulative,306,c01,10,days_0_526,CUM-C1001
cumulative,307,c01,10,days_0_526,CUM-C1001
cumulative,315,c01,10,days_0_526,CUM-C1001
cumulative,317,c01,10,days_0_526,CUM-C1001
cumulative,326,c01,10,days_0_526,CUM-C1001
cumulative,330,c01,10,days_0_526,CUM-C1001
cumulative,334,c01,10,days_0_526,CUM-C1001
cumulative,348,c01,10,days_0_526,CUM-C1001
cumulative,352,c01,10,days_0_526,CUM-C1001
cumulative,362,c01,10,days_0_526,CUM-C1001
cumulative,367,c01,10,days_0_526,CUM-C1001
cumulative,371,c01,10,days_0_526,CUM-C1001
cumulative,374,c01,10,days_0_526,CUM-C1001
cumulative,379,c01,10,days_0_526,CUM-C1001
cumulative,380,c01,10,days_0_526,CUM-C1001
cumulative,383,c01,10,days_0_526,CUM-C1001
cumulative,389,c01,10,days_0_526,CUM-C1001
cumulative,390,c01,10,days_0_526,CUM-C1001
cumulative,394,c01,10,days_0_526,CUM-C1001
cumulative,397,c01,10,days_0_526,CUM-C1001
cumulative,398,c01,10,days_0_526,CUM-C1001
cumulative,400,c01,10,days_0_526,CUM-C1001
cumulative,405,c01,10,days_0_526,CUM-C1001
cumulative,413,c01,10,days_0_526,CUM-C1001
cumulative,430,c01,10,days_0_526,CUM-C1001
cumulative,438,c01,10,days_0_526,CUM-C1001
cumulative,441,c01,10,days_0_526,CUM-C1001
cumulative,443,c01,10,days_0_526,CUM-C1001
cumulative,450,c01,10,days_0_526,CUM-C1001
cumulative,456,c01,10,days_0_526,CUM-C1001
cumulative,462,c01,10,days_0_526,CUM-C1001
cumulative,466,c01,10,days_0_526,CUM-C1001
cumulative,471,c01,10,days_0_526,CUM-C1001
cumulative,476,c01,10,days_0_526,CUM-C1001
cumulative,483,c01,10,days_0_526,CUM-C1001
cumulative,488,c01,10,days_0_526,CUM-C1001
cumulative,492,c01,10,days_0_526,CUM-C1001
cumulative,495,c01,10,days_0_526,CUM-C1001
cumulative,496,c01,10,days_0_526,CUM-C1001
cumulative,523,c01,10,days_0_526,CUM-C1001
cumulative,525,c01,10,days_0_526,CUM-C1001
cumulative,528,c01,10,days_0_526,CUM-C1001
cumulative,533,c01,10,days_0_526,CUM-C1001
cumulative,544,c01,10,days_0_526,CUM-C1001
cumulative,546,c01,10,days_0_526,CUM-C1001
cumulative,549,c01,10,days_0_526,CUM-C1001
cumulative,550,c01,10,days_0_526,CUM-C1001
cumulative,554,c01,10,days_0_526,CUM-C1001
cumulative,566,c01,10,days_0_526,CUM-C1001
cumulative,568,c01,10,days_0_526,CUM-C1001
cumulative,571,c01,10,days_0_526,CUM-C1001
cumulative,572,c01,10,days_0_526,CUM-C1001
cumulative,578,c01,10,days_0_526,CUM-C1001
cumulative,580,c01,10,days_0_526,CUM-C1001
cumulative,581,c01,10,days_0_526,CUM-C1001
cumulative,587,c01,10,days_0_526,CUM-C1001
cumulative,589,c01,10,days_0_526,CUM-C1001
cumulative,591,c01,10,days_0_526,CUM-C1001
cumulative,594,c01,10,days_0_526,CUM-C1001
cumulative,596,c01,10,days_0_526,CUM-C1001
cumulative,607,c01,10,days_0_526,CUM-C1001
cumulative,609,c01,10,days_0_526,CUM-C1001
cumulative,613,c01,10,days_0_526,CUM-C1001
cumulative,617,c01,10,days_0_526,CUM-C1001
cumulative,619,c01,10,days_0_526,CUM-C1001
cumulative,623,c01,10,days_0_526,CUM-C1001
cumulative,625,c01,10,days_0_526,CUM-C1001
cumulative,626,c01,10,days_0_526,CUM-C1001
cumulative,627,c01,10,days_0_526,CUM-C1001
cumulative,628,c01,10,days_0_526,CUM-C1001
cumulative,633,c01,10,days_0_526,CUM-C1001
cumulative,637,c01,10,days_0_526,CUM-C1001
cumulative,640,c01,10,days_0_526,CUM-C1001
cumulative,642,c01,10,days_0_526,CUM-C1001
cumulative,651,c01,10,days_0_526,CUM-C1001
cumulative,659,c01,10,days_0_526,CUM-C1001
cumulative,660,c01,10,days_0_526,CUM-C1001
cumulative,661,c01,10,days_0_526,CUM-C1001
cumulative,662,c01,10,days_0_526,CUM-C1001
cumulative,665,c01,10,days_0_526,CUM-C1001
cumulative,668,c01,10,days_0_526,CUM-C1001
cumulative,669,c01,10,days_0_526,CUM-C1001
cumulative,671,c01,10,days_0_526,CUM-C1001
cumulative,673,c01,10,days_0_526,CUM-C1001
cumulative,675,c01,10,days_0_526,CUM-C1001
cumulative,677,c01,10,days_0_526,CUM-C1001
cumulative,678,c01,10,days_0_526,CUM-C1001
cumulative,687,c01,10,days_0_526,CUM-C1001
cumulative,692,c01,10,days_0_526,CUM-C1001
cumulative,695,c01,10,days_0_526,CUM-C1001
cumulative,696,c01,10,days_0_526,CUM-C1001
cumulative,701,c01,10,days_0_526,CUM-C1001
cumulative,703,c01,10,days_0_526,CUM-C1001
cumulative,712,c01,10,days_0_526,CUM-C1001
cumulative,714,c01,10,days_0_526,CUM-C1001
cumulative,720,c01,10,days_0_526,CUM-C1001
cumulative,728,c01,10,days_0_526,CUM-C1001
cumulative,734,c01,10,days_0_526,CUM-C1001
cumulative,739,c01,10,days_0_526,CUM-C1001
cumulative,741,c01,10,days_0_526,CUM-C1001
cumulative,742,c01,10,days_0_526,CUM-C1001
cumulative,746,c01,10,days_0_526,CUM-C1001
cumulative,752,c01,10,days_0_526,CUM-C1001
cumulative,757,c01,10,days_0_526,CUM-C1001
cumulative,763,c01,10,days_0_526,CUM-C1001
cumulative,768,c01,10,days_0_526,CUM-C1001
cumulative,769,c01,10,days_0_526,CUM-C1001
cumulative,771,c01,10,days_0_526,CUM-C1001
cumulative,772,c01,10,days_0_526,CUM-C1001
cumulative,775,c01,10,days_0_526,CUM-C1001
cumulative,776,c01,10,days_0_526,CUM-C1001
cumulative,784,c01,10,days_0_526,CUM-C1001
cumulative,787,c01,10,days_0_526,CUM-C1001
cumulative,791,c01,10,days_0_526,CUM-C1001
cumulative,798,c01,10,days_0_526,CUM-C1001
cumulative,802,c01,10,days_0_526,CUM-C1001
cumulative,805,c01,10,days_0_526,CUM-C1001
cumulative,807,c01,10,days_0_526,CUM-C1001
cumulative,813,c01,10,days_0_526,CUM-C1001
cumulative,816,c01,10,days_0_526,CUM-C1001
cumulative,818,c01,10,days_0_526,CUM-C1001
cumulative,827,c01,10,days_0_526,CUM-C1001
cumulative,830,c01,10,days_0_526,CUM-C1001
cumulative,833,c01,10,days_0_526,CUM-C1001
cumulative,834,c01,10,days_0_526,CUM-C1001
cumulative,835,c01,10,days_0_526,CUM-C1001
cumulative,848,c01,10,days_0_526,CUM-C1001
cumulative,852,c01,10,days_0_526,CUM-C1001
cumulative,860,c01,10,days_0_526,CUM-C1001
cumulative,863,c01,10,days_0_526,CUM-C1001
cumulative,864,c01,10,days_0_526,CUM-C1001
cumulative,865,c01,10,days_0_526,CUM-C1001
cumulative,867,c01,10,days_0_526,CUM-C1001
cumulative,870,c01,10,days_0_526,CUM-C1001
cumulative,871,c01,10,days_0_526,CUM-C1001
cumulative,875,c01,10,days_0_526,CUM-C1001
cumulative,882,c01,10,days_0_526,CUM-C1001
cumulative,887,c01,10,days_0_526,CUM-C1001
cumulative,890,c01,10,days_0_526,CUM-C1001
cumulative,900,c01,10,days_0_526,CUM-C1001
cumulative,901,c01,10,days_0_526,CUM-C1001
cumulative,909,c01,10,days_0_526,CUM-C1001
cumulative,910,c01,10,days_0_526,CUM-C1001
cumulative,914,c01,10,days_0_526,CUM-C1001
cumulative,922,c01,10,days_0_526,CUM-C1001
cumulative,923,c01,10,days_0_526,CUM-C1001
cumulative,930,c01,10,days_0_526,CUM-C1001
cumulative,932,c01,10,days_0_526,CUM-C1001
cumulative,935,c01,10,days_0_526,CUM-C1001
cumulative,936,c01,10,days_0_526,CUM-C1001
cumulative,937,c01,10,days_0_526,CUM-C1001
cumulative,938,c01,10,days_0_526,CUM-C1001
cumulative,940,c01,10,days_0_526,CUM-C1001
cumulative,941,c01,10,days_0_526,CUM-C1001
cumulative,942,c01,10,days_0_526,CUM-C1001
cumulative,960,c01,10,days_0_526,CUM-C1001
cumulative,962,c01,10,days_0_526,CUM-C1001
cumulative,965,c01,10,days_0_526,CUM-C1001
cumulative,970,c01,10,days_0_526,CUM-C1001
cumulative,973,c01,10,days_0_526,CUM-C1001
cumulative,975,c01,10,days_0_526,CUM-C1001
cumulative,981,c01,10,days_0_526,CUM-C1001
cumulative,983,c01,10,days_0_526,CUM-C1001
cumulative,992,c01,10,days_0_526,CUM-C1001
cumulative,993,c01,10,days_0_526,CUM-C1001
cumulative,995,c01,10,days_0_526,CUM-C1001
cumulative,997,c01,10,days_0_526,CUM-C1001
cumulative,2,c02,10,days_0_526,CUM-C1002
cumulative,9,c02,10,days_0_526,CUM-C1002
cumulative,20,c02,10,days_0_526,CUM-C1002
cumulative,21,c02,10,days_0_526,CUM-C1002
cumulative,23,c02,10,days_0_526,CUM-C1002
cumulative,30,c02,10,days_0_526,CUM-C1002
cumulative,37,c02,10,days_0_526,CUM-C1002
cumulative,43,c02,10,days_0_526,CUM-C1002
cumulative,45,c02,10,days_0_526,CUM-C1002
cumulative,52,c02,10,days_0_526,CUM-C1002
cumulative,57,c02,10,days_0_526,CUM-C1002
cumulative,66,c02,10,days_0_526,CUM-C1002
cumulative,74,c02,10,days_0_526,CUM-C1002
cumulative,77,c02,10,days_0_526,CUM-C1002
cumulative,80,c02,10,days_0_526,CUM-C1002
cumulative,94,c02,10,days_0_526,CUM-C1002
cumulative,100,c02,10,days_0_526,CUM-C1002
cumulative,104,c02,10,days_0_526,CUM-C1002
cumulative,109,c02,10,days_0_526,CUM-C1002
cumulative,110,c02,10,days_0_526,CUM-C1002
cumulative,111,c02,10,days_0_526,CUM-C1002
cumulative,112,c02,10,days_0_526,CUM-C1002
cumulative,119,c02,10,days_0_526,CUM-C1002
cumulative,121,c02,10,days_0_526,CUM-C1002
cumulative,126,c02,10,days_0_526,CUM-C1002
cumulative,128,c02,10,days_0_526,CUM-C1002
cumulative,133,c02,10,days_0_526,CUM-C1002
cumulative,166,c02,10,days_0_526,CUM-C1002
cumulative,168,c02,10,days_0_526,CUM-C1002
cumulative,177,c02,10,days_0_526,CUM-C1002
cumulative,182,c02,10,days_0_526,CUM-C1002
cumulative,186,c02,10,days_0_526,CUM-C1002
cumulative,204,c02,10,days_0_526,CUM-C1002
cumulative,209,c02,10,days_0_526,CUM-C1002
cumulative,210,c02,10,days_0_526,CUM-C1002
cumulative,218,c02,10,days_0_526,CUM-C1002
cumulative,227,c02,10,days_0_526,CUM-C1002
cumulative,232,c02,10,days_0_526,CUM-C1002
cumulative,240,c02,10,days_0_526,CUM-C1002
cumulative,256,c02,10,days_0_526,CUM-C1002
cumulative,260,c02,10,days_0_526,CUM-C1002
cumulative,266,c02,10,days_0_526,CUM-C1002
cumulative,267,c02,10,days_0_526,CUM-C1002
cumulative,276,c02,10,days_0_526,CUM-C1002
cumulative,287,c02,10,days_0_526,CUM-C1002
cumulative,294,c02,10,days_0_526,CUM-C1002
cumulative,305,c02,10,days_0_526,CUM-C1002
cumulative,313,c02,10,days_0_526,CUM-C1002
cumulative,328,c02,10,days_0_526,CUM-C1002
cumulative,332,c02,10,days_0_526,CUM-C1002
cumulative,340,c02,10,days_0_526,CUM-C1002
cumulative,356,c02,10,days_0_526,CUM-C1002
cumulative,384,c02,10,days_0_526,CUM-C1002
cumulative,392,c02,10,days_0_526,CUM-C1002
cumulative,412,c02,10,days_0_526,CUM-C1002
cumulative,416,c02,10,days_0_526,CUM-C1002
cumulative,425,c02,10,days_0_526,CUM-C1002
cumulative,435,c02,10,days_0_526,CUM-C1002
cumulative,439,c02,10,days_0_526,CUM-C1002
cumulative,447,c02,10,days_0_526,CUM-C1002
cumulative,459,c02,10,days_0_526,CUM-C1002
cumulative,465,c02,10,days_0_526,CUM-C1002
cumulative,472,c02,10,days_0_526,CUM-C1002
cumulative,475,c02,10,days_0_526,CUM-C1002
cumulative,478,c02,10,days_0_526,CUM-C1002
cumulative,490,c02,10,days_0_526,CUM-C1002
cumulative,500,c02,10,days_0_526,CUM-C1002
cumulative,517,c02,10,days_0_526,CUM-C1002
cumulative,521,c02,10,days_0_526,CUM-C1002
cumulative,539,c02,10,days_0_526,CUM-C1002
cumulative,545,c02,10,days_0_526,CUM-C1002
cumulative,556,c02,10,days_0_526,CUM-C1002
cumulative,557,c02,10,days_0_526,CUM-C1002
cumulative,560,c02,10,days_0_526,CUM-C1002
cumulative,564,c02,10,days_0_526,CUM-C1002
cumulative,567,c02,10,days_0_526,CUM-C1002
cumulative,573,c02,10,days_0_526,CUM-C1002
cumulative,574,c02,10,days_0_526,CUM-C1002
cumulative,575,c02,10,days_0_526,CUM-C1002
cumulative,586,c02,10,days_0_526,CUM-C1002
cumulative,598,c02,10,days_0_526,CUM-C1002
cumulative,602,c02,10,days_0_526,CUM-C1002
cumulative,648,c02,10,days_0_526,CUM-C1002
cumulative,655,c02,10,days_0_526,CUM-C1002
cumulative,674,c02,10,days_0_526,CUM-C1002
cumulative,689,c02,10,days_0_526,CUM-C1002
cumulative,694,c02,10,days_0_526,CUM-C1002
cumulative,699,c02,10,days_0_526,CUM-C1002
cumulative,700,c02,10,days_0_526,CUM-C1002
cumulative,721,c02,10,days_0_526,CUM-C1002
cumulative,730,c02,10,days_0_526,CUM-C1002
cumulative,743,c02,10,days_0_526,CUM-C1002
cumulative,744,c02,10,days_0_526,CUM-C1002
cumulative,751,c02,10,days_0_526,CUM-C1002
cumulative,756,c02,10,days_0_526,CUM-C1002
cumulative,759,c02,10,days_0_526,CUM-C1002
cumulative,762,c02,10,days_0_526,CUM-C1002
cumulative,765,c02,10,days_0_526,CUM-C1002
cumulative,782,c02,10,days_0_526,CUM-C1002
cumulative,790,c02,10,days_0_526,CUM-C1002
cumulative,794,c02,10,days_0_526,CUM-C1002
cumulative,803,c02,10,days_0_526,CUM-C1002
cumulative,812,c02,10,days_0_526,CUM-C1002
cumulative,814,c02,10,days_0_526,CUM-C1002
cumulative,825,c02,10,days_0_526,CUM-C1002
cumulative,845,c02,10,days_0_526,CUM-C1002
cumulative,859,c02,10,days_0_526,CUM-C1002
cumulative,868,c02,10,days_0_526,CUM-C1002
cumulative,869,c02,10,days_0_526,CUM-C1002
cumulative,885,c02,10,days_0_526,CUM-C1002
cumulative,889,c02,10,days_0_526,CUM-C1002
cumulative,908,c02,10,days_0_526,CUM-C1002
cumulative,912,c02,10,days_0_526,CUM-C1002
cumulative,944,c02,10,days_0_526,CUM-C1002
cumulative,946,c02,10,days_0_526,CUM-C1002
cumulative,948,c02,10,days_0_526,CUM-C1002
cumulative,949,c02,10,days_0_526,CUM-C1002
cumulative,961,c02,10,days_0_526,CUM-C1002
cumulative,974,c02,10,days_0_526,CUM-C1002
cumulative,984,c02,10,days_0_526,CUM-C1002
cumulative,986,c02,10,days_0_526,CUM-C1002
cumulative,998,c02,10,days_0_526,CUM-C1002
cumulative,0,c03,10,days_0_526,CUM-C1003
cumulative,6,c03,10,days_0_526,CUM-C1003
cumulative,16,c03,10,days_0_526,CUM-C1003
cumulative,18,c03,10,days_0_526,CUM-C1003
cumulative,19,c03,10,days_0_526,CUM-C1003
cumulative,55,c03,10,days_0_526,CUM-C1003
cumulative,59,c03,10,days_0_526,CUM-C1003
cumulative,61,c03,10,days_0_526,CUM-C1003
cumulative,71,c03,10,days_0_526,CUM-C1003
cumulative,78,c03,10,days_0_526,CUM-C1003
cumulative,89,c03,10,days_0_526,CUM-C1003
cumulative,99,c03,10,days_0_526,CUM-C1003
cumulative,101,c03,10,days_0_526,CUM-C1003
cumulative,114,c03,10,days_0_526,CUM-C1003
cumulative,115,c03,10,days_0_526,CUM-C1003
cumulative,127,c03,10,days_0_526,CUM-C1003
cumulative,130,c03,10,days_0_526,CUM-C1003
cumulative,145,c03,10,days_0_526,CUM-C1003
cumulative,149,c03,10,days_0_526,CUM-C1003
cumulative,162,c03,10,days_0_526,CUM-C1003
cumulative,169,c03,10,days_0_526,CUM-C1003
cumulative,178,c03,10,days_0_526,CUM-C1003
cumulative,184,c03,10,days_0_526,CUM-C1003
cumulative,189,c03,10,days_0_526,CUM-C1003
cumulative,195,c03,10,days_0_526,CUM-C1003
cumulative,225,c03,10,days_0_526,CUM-C1003
cumulative,228,c03,10,days_0_526,CUM-C1003
cumulative,237,c03,10,days_0_526,CUM-C1003
cumulative,243,c03,10,days_0_526,CUM-C1003
cumulative,246,c03,10,days_0_526,CUM-C1003
cumulative,249,c03,10,days_0_526,CUM-C1003
cumulative,259,c03,10,days_0_526,CUM-C1003
cumulative,265,c03,10,days_0_526,CUM-C1003
cumulative,279,c03,10,days_0_526,CUM-C1003
cumulative,281,c03,10,days_0_526,CUM-C1003
cumulative,293,c03,10,days_0_526,CUM-C1003
cumulative,295,c03,10,days_0_526,CUM-C1003
cumulative,296,c03,10,days_0_526,CUM-C1003
cumulative,312,c03,10,days_0_526,CUM-C1003
cumulative,314,c03,10,days_0_526,CUM-C1003
cumulative,325,c03,10,days_0_526,CUM-C1003
cumulative,333,c03,10,days_0_526,CUM-C1003
cumulative,339,c03,10,days_0_526,CUM-C1003
cumulative,345,c03,10,days_0_526,CUM-C1003
cumulative,359,c03,10,days_0_526,CUM-C1003
cumulative,365,c03,10,days_0_526,CUM-C1003
cumulative,372,c03,10,days_0_526,CUM-C1003
cumulative,377,c03,10,days_0_526,CUM-C1003
cumulative,393,c03,10,days_0_526,CUM-C1003
cumulative,403,c03,10,days_0_526,CUM-C1003
cumulative,404,c03,10,days_0_526,CUM-C1003
cumulative,407,c03,10,days_0_526,CUM-C1003
cumulative,409,c03,10,days_0_526,CUM-C1003
cumulative,410,c03,10,days_0_526,CUM-C1003
cumulative,423,c03,10,days_0_526,CUM-C1003
cumulative,426,c03,10,days_0_526,CUM-C1003
cumulative,436,c03,10,days_0_526,CUM-C1003
cumulative,452,c03,10,days_0_526,CUM-C1003
cumulative,453,c03,10,days_0_526,CUM-C1003
cumulative,455,c03,10,days_0_526,CUM-C1003
cumulative,457,c03,10,days_0_526,CUM-C1003
cumulative,470,c03,10,days_0_526,CUM-C1003
cumulative,479,c03,10,days_0_526,CUM-C1003
cumulative,502,c03,10,days_0_526,CUM-C1003
cumulative,519,c03,10,days_0_526,CUM-C1003
cumulative,522,c03,10,days_0_526,CUM-C1003
cumulative,527,c03,10,days_0_526,CUM-C1003
cumulative,536,c03,10,days_0_526,CUM-C1003
cumulative,538,c03,10,days_0_526,CUM-C1003
cumulative,569,c03,10,days_0_526,CUM-C1003
cumulative,579,c03,10,days_0_526,CUM-C1003
cumulative,593,c03,10,days_0_526,CUM-C1003
cumulative,595,c03,10,days_0_526,CUM-C1003
cumulative,599,c03,10,days_0_526,CUM-C1003
cumulative,605,c03,10,days_0_526,CUM-C1003
cumulative,615,c03,10,days_0_526,CUM-C1003
cumulative,621,c03,10,days_0_526,CUM-C1003
cumulative,635,c03,10,days_0_526,CUM-C1003
cumulative,681,c03,10,days_0_526,CUM-C1003
cumulative,690,c03,10,days_0_526,CUM-C1003
cumulative,693,c03,10,days_0_526,CUM-C1003
cumulative,705,c03,10,days_0_526,CUM-C1003
cumulative,708,c03,10,days_0_526,CUM-C1003
cumulative,710,c03,10,days_0_526,CUM-C1003
cumulative,711,c03,10,days_0_526,CUM-C1003
cumulative,716,c03,10,days_0_526,CUM-C1003
cumulative,718,c03,10,days_0_526,CUM-C1003
cumulative,724,c03,10,days_0_526,CUM-C1003
cumulative,729,c03,10,days_0_526,CUM-C1003
cumulative,732,c03,10,days_0_526,CUM-C1003
cumulative,749,c03,10,days_0_526,CUM-C1003
cumulative,754,c03,10,days_0_526,CUM-C1003
cumulative,767,c03,10,days_0_526,CUM-C1003
cumulative,777,c03,10,days_0_526,CUM-C1003
cumulative,779,c03,10,days_0_526,CUM-C1003
cumulative,781,c03,10,days_0_526,CUM-C1003
cumulative,785,c03,10,days_0_526,CUM-C1003
cumulative,786,c03,10,days_0_526,CUM-C1003
cumulative,793,c03,10,days_0_526,CUM-C1003
cumulative,843,c03,10,days_0_526,CUM-C1003
cumulative,858,c03,10,days_0_526,CUM-C1003
cumulative,861,c03,10,days_0_526,CUM-C1003
cumulative,862,c03,10,days_0_526,CUM-C1003
cumulative,866,c03,10,days_0_526,CUM-C1003
cumulative,876,c03,10,days_0_526,CUM-C1003
cumulative,878,c03,10,days_0_526,CUM-C1003
cumulative,883,c03,10,days_0_526,CUM-C1003
cumulative,884,c03,10,days_0_526,CUM-C1003
cumulative,896,c03,10,days_0_526,CUM-C1003
cumulative,904,c03,10,days_0_526,CUM-C1003
cumulative,905,c03,10,days_0_526,CUM-C1003
cumulative,907,c03,10,days_0_526,CUM-C1003
cumulative,916,c03,10,days_0_526,CUM-C1003
cumulative,929,c03,10,days_0_526,CUM-C1003
cumulative,934,c03,10,days_0_526,CUM-C1003
cumulative,976,c03,10,days_0_526,CUM-C1003
cumulative,991,c03,10,days_0_526,CUM-C1003
cumulative,999,c03,10,days_0_526,CUM-C1003
cumulative,1,c04,10,days_0_526,CUM-C1004
cumulative,22,c04,10,days_0_526,CUM-C1004
cumulative,38,c04,10,days_0_526,CUM-C1004
cumulative,42,c04,10,days_0_526,CUM-C1004
cumulative,46,c04,10,days_0_526,CUM-C1004
cumulative,50,c04,10,days_0_526,CUM-C1004
cumulative,64,c04,10,days_0_526,CUM-C1004
cumulative,69,c04,10,days_0_526,CUM-C1004
cumulative,70,c04,10,days_0_526,CUM-C1004
cumulative,76,c04,10,days_0_526,CUM-C1004
cumulative,84,c04,10,days_0_526,CUM-C1004
cumulative,88,c04,10,days_0_526,CUM-C1004
cumulative,91,c04,10,days_0_526,CUM-C1004
cumulative,96,c04,10,days_0_526,CUM-C1004
cumulative,97,c04,10,days_0_526,CUM-C1004
cumulative,102,c04,10,days_0_526,CUM-C1004
cumulative,106,c04,10,days_0_526,CUM-C1004
cumulative,125,c04,10,days_0_526,CUM-C1004
cumulative,132,c04,10,days_0_526,CUM-C1004
cumulative,139,c04,10,days_0_526,CUM-C1004
cumulative,154,c04,10,days_0_526,CUM-C1004
cumulative,164,c04,10,days_0_526,CUM-C1004
cumulative,172,c04,10,days_0_526,CUM-C1004
cumulative,174,c04,10,days_0_526,CUM-C1004
cumulative,206,c04,10,days_0_526,CUM-C1004
cumulative,223,c04,10,days_0_526,CUM-C1004
cumulative,239,c04,10,days_0_526,CUM-C1004
cumulative,247,c04,10,days_0_526,CUM-C1004
cumulative,273,c04,10,days_0_526,CUM-C1004
cumulative,282,c04,10,days_0_526,CUM-C1004
cumulative,299,c04,10,days_0_526,CUM-C1004
cumulative,309,c04,10,days_0_526,CUM-C1004
cumulative,310,c04,10,days_0_526,CUM-C1004
cumulative,322,c04,10,days_0_526,CUM-C1004
cumulative,323,c04,10,days_0_526,CUM-C1004
cumulative,324,c04,10,days_0_526,CUM-C1004
cumulative,337,c04,10,days_0_526,CUM-C1004
cumulative,343,c04,10,days_0_526,CUM-C1004
cumulative,346,c04,10,days_0_526,CUM-C1004
cumulative,368,c04,10,days_0_526,CUM-C1004
cumulative,376,c04,10,days_0_526,CUM-C1004
cumulative,388,c04,10,days_0_526,CUM-C1004
cumulative,399,c04,10,days_0_526,CUM-C1004
cumulative,402,c04,10,days_0_526,CUM-C1004
cumulative,420,c04,10,days_0_526,CUM-C1004
cumulative,460,c04,10,days_0_526,CUM-C1004
cumulative,474,c04,10,days_0_526,CUM-C1004
cumulative,477,c04,10,days_0_526,CUM-C1004
cumulative,487,c04,10,days_0_526,CUM-C1004
cumulative,489,c04,10,days_0_526,CUM-C1004
cumulative,498,c04,10,days_0_526,CUM-C1004
cumulative,501,c04,10,days_0_526,CUM-C1004
cumulative,505,c04,10,days_0_526,CUM-C1004
cumulative,509,c04,10,days_0_526,CUM-C1004
cumulative,510,c04,10,days_0_526,CUM-C1004
cumulative,524,c04,10,days_0_526,CUM-C1004
cumulative,534,c04,10,days_0_526,CUM-C1004
cumulative,548,c04,10,days_0_526,CUM-C1004
cumulative,559,c04,10,days_0_526,CUM-C1004
cumulative,562,c04,10,days_0_526,CUM-C1004
cumulative,583,c04,10,days_0_526,CUM-C1004
cumulative,601,c04,10,days_0_526,CUM-C1004
cumulative,603,c04,10,days_0_526,CUM-C1004
cumulative,612,c04,10,days_0_526,CUM-C1004
cumulative,622,c04,10,days_0_526,CUM-C1004
cumulative,634,c04,10,days_0_526,CUM-C1004
cumulative,638,c04,10,days_0_526,CUM-C1004
cumulative,649,c04,10,days_0_526,CUM-C1004
cumulative,663,c04,10,days_0_526,CUM-C1004
cumulative,676,c04,10,days_0_526,CUM-C1004
cumulative,706,c04,10,days_0_526,CUM-C1004
cumulative,735,c04,10,days_0_526,CUM-C1004
cumulative,740,c04,10,days_0_526,CUM-C1004
cumulative,788,c04,10,days_0_526,CUM-C1004
cumulative,822,c04,10,days_0_526,CUM-C1004
cumulative,832,c04,10,days_0_526,CUM-C1004
cumulative,842,c04,10,days_0_526,CUM-C1004
cumulative,853,c04,10,days_0_526,CUM-C1004
cumulative,879,c04,10,days_0_526,CUM-C1004
cumulative,893,c04,10,days_0_526,CUM-C1004
cumulative,906,c04,10,days_0_526,CUM-C1004
cumulative,919,c04,10,days_0_526,CUM-C1004
cumulative,939,c04,10,days_0_526,CUM-C1004
cumulative,943,c04,10,days_0_526,CUM-C1004
cumulative,951,c04,10,days_0_526,CUM-C1004
cumulative,10,c05,10,days_0_526,CUM-C1005
cumulative,13,c05,10,days_0_526,CUM-C1005
cumulative,14,c05,10,days_0_526,CUM-C1005
cumulative,103,c05,10,days_0_526,CUM-C1005
cumulative,105,c05,10,days_0_526,CUM-C1005
cumulative,131,c05,10,days_0_526,CUM-C1005
cumulative,153,c05,10,days_0_526,CUM-C1005
cumulative,158,c05,10,days_0_526,CUM-C1005
cumulative,173,c05,10,days_0_526,CUM-C1005
cumulative,199,c05,10,days_0_526,CUM-C1005
cumulative,222,c05,10,days_0_526,CUM-C1005
cumulative,252,c05,10,days_0_526,CUM-C1005
cumulative,270,c05,10,days_0_526,CUM-C1005
cumulative,303,c05,10,days_0_526,CUM-C1005
cumulative,331,c05,10,days_0_526,CUM-C1005
cumulative,378,c05,10,days_0_526,CUM-C1005
cumulative,382,c05,10,days_0_526,CUM-C1005
cumulative,395,c05,10,days_0_526,CUM-C1005
cumulative,396,c05,10,days_0_526,CUM-C1005
cumulative,411,c05,10,days_0_526,CUM-C1005
cumulative,418,c05,10,days_0_526,CUM-C1005
cumulative,419,c05,10,days_0_526,CUM-C1005
cumulative,437,c05,10,days_0_526,CUM-C1005
cumulative,442,c05,10,days_0_526,CUM-C1005
cumulative,461,c05,10,days_0_526,CUM-C1005
cumulative,467,c05,10,days_0_526,CUM-C1005
cumulative,497,c05,10,days_0_526,CUM-C1005
cumulative,506,c05,10,days_0_526,CUM-C1005
cumulative,508,c05,10,days_0_526,CUM-C1005
cumulative,514,c05,10,days_0_526,CUM-C1005
cumulative,516,c05,10,days_0_526,CUM-C1005
cumulative,532,c05,10,days_0_526,CUM-C1005
cumulative,541,c05,10,days_0_526,CUM-C1005
cumulative,576,c05,10,days_0_526,CUM-C1005
cumulative,597,c05,10,days_0_526,CUM-C1005
cumulative,611,c05,10,days_0_526,CUM-C1005
cumulative,616,c05,10,days_0_526,CUM-C1005
cumulative,639,c05,10,days_0_526,CUM-C1005
cumulative,644,c05,10,days_0_526,CUM-C1005
cumulative,650,c05,10,days_0_526,CUM-C1005
cumulative,653,c05,10,days_0_526,CUM-C1005
cumulative,654,c05,10,days_0_526,CUM-C1005
cumulative,657,c05,10,days_0_526,CUM-C1005
cumulative,666,c05,10,days_0_526,CUM-C1005
cumulative,682,c05,10,days_0_526,CUM-C1005
cumulative,702,c05,10,days_0_526,CUM-C1005
cumulative,719,c05,10,days_0_526,CUM-C1005
cumulative,738,c05,10,days_0_526,CUM-C1005
cumulative,745,c05,10,days_0_526,CUM-C1005
cumulative,747,c05,10,days_0_526,CUM-C1005
cumulative,760,c05,10,days_0_526,CUM-C1005
cumulative,761,c05,10,days_0_526,CUM-C1005
cumulative,778,c05,10,days_0_526,CUM-C1005
cumulative,780,c05,10,days_0_526,CUM-C1005
cumulative,783,c05,10,days_0_526,CUM-C1005
cumulative,801,c05,10,days_0_526,CUM-C1005
cumulative,804,c05,10,days_0_526,CUM-C1005
cumulative,820,c05,10,days_0_526,CUM-C1005
cumulative,826,c05,10,days_0_526,CUM-C1005
cumulative,828,c05,10,days_0_526,CUM-C1005
cumulative,837,c05,10,days_0_526,CUM-C1005
cumulative,839,c05,10,days_0_526,CUM-C1005
cumulative,850,c05,10,days_0_526,CUM-C1005
cumulative,856,c05,10,days_0_526,CUM-C1005
cumulative,881,c05,10,days_0_526,CUM-C1005
cumulative,903,c05,10,days_0_526,CUM-C1005
cumulative,911,c05,10,days_0_526,CUM-C1005
cumulative,921,c05,10,days_0_526,CUM-C1005
cumulative,924,c05,10,days_0_526,CUM-C1005
cumulative,928,c05,10,days_0_526,CUM-C1005
cumulative,945,c05,10,days_0_526,CUM-C1005
cumulative,950,c05,10,days_0_526,CUM-C1005
cumulative,967,c05,10,days_0_526,CUM-C1005
cumulative,969,c05,10,days_0_526,CUM-C1005
cumulative,977,c05,10,days_0_526,CUM-C1005
cumulative,979,c05,10,days_0_526,CUM-C1005
cumulative,982,c05,10,days_0_526,CUM-C1005
cumulative,996,c05,10,days_0_526,CUM-C1005
cumulative,1001,c05,10,days_0_526,CUM-C1005
cumulative,1004,c05,10,days_0_526,CUM-C1005
cumulative,3,c06,10,days_0_526,CUM-C1006
cumulative,24,c06,10,days_0_526,CUM-C1006
cumulative,35,c06,10,days_0_526,CUM-C1006
cumulative,51,c06,10,days_0_526,CUM-C1006
cumulative,87,c06,10,days_0_526,CUM-C1006
cumulative,141,c06,10,days_0_526,CUM-C1006
cumulative,148,c06,10,days_0_526,CUM-C1006
cumulative,160,c06,10,days_0_526,CUM-C1006
cumulative,167,c06,10,days_0_526,CUM-C1006
cumulative,181,c06,10,days_0_526,CUM-C1006
cumulative,188,c06,10,days_0_526,CUM-C1006
cumulative,190,c06,10,days_0_526,CUM-C1006
cumulative,202,c06,10,days_0_526,CUM-C1006
cumulative,207,c06,10,days_0_526,CUM-C1006
cumulative,241,c06,10,days_0_526,CUM-C1006
cumulative,274,c06,10,days_0_526,CUM-C1006
cumulative,280,c06,10,days_0_526,CUM-C1006
cumulative,286,c06,10,days_0_526,CUM-C1006
cumulative,288,c06,10,days_0_526,CUM-C1006
cumulative,301,c06,10,days_0_526,CUM-C1006
cumulative,353,c06,10,days_0_526,CUM-C1006
cumulative,360,c06,10,days_0_526,CUM-C1006
cumulative,373,c06,10,days_0_526,CUM-C1006
cumulative,387,c06,10,days_0_526,CUM-C1006
cumulative,391,c06,10,days_0_526,CUM-C1006
cumulative,408,c06,10,days_0_526,CUM-C1006
cumulative,414,c06,10,days_0_526,CUM-C1006
cumulative,421,c06,10,days_0_526,CUM-C1006
cumulative,424,c06,10,days_0_526,CUM-C1006
cumulative,431,c06,10,days_0_526,CUM-C1006
cumulative,445,c06,10,days_0_526,CUM-C1006
cumulative,451,c06,10,days_0_526,CUM-C1006
cumulative,469,c06,10,days_0_526,CUM-C1006
cumulative,484,c06,10,days_0_526,CUM-C1006
cumulative,486,c06,10,days_0_526,CUM-C1006
cumulative,493,c06,10,days_0_526,CUM-C1006
cumulative,507,c06,10,days_0_526,CUM-C1006
cumulative,512,c06,10,days_0_526,CUM-C1006
cumulative,526,c06,10,days_0_526,CUM-C1006
cumulative,530,c06,10,days_0_526,CUM-C1006
cumulative,547,c06,10,days_0_526,CUM-C1006
cumulative,552,c06,10,days_0_526,CUM-C1006
cumulative,561,c06,10,days_0_526,CUM-C1006
cumulative,570,c06,10,days_0_526,CUM-C1006
cumulative,585,c06,10,days_0_526,CUM-C1006
cumulative,610,c06,10,days_0_526,CUM-C1006
cumulative,614,c06,10,days_0_526,CUM-C1006
cumulative,629,c06,10,days_0_526,CUM-C1006
cumulative,630,c06,10,days_0_526,CUM-C1006
cumulative,631,c06,10,days_0_526,CUM-C1006
cumulative,643,c06,10,days_0_526,CUM-C1006
cumulative,645,c06,10,days_0_526,CUM-C1006
cumulative,656,c06,10,days_0_526,CUM-C1006
cumulative,658,c06,10,days_0_526,CUM-C1006
cumulative,667,c06,10,days_0_526,CUM-C1006
cumulative,685,c06,10,days_0_526,CUM-C1006
cumulative,709,c06,10,days_0_526,CUM-C1006
cumulative,750,c06,10,days_0_526,CUM-C1006
cumulative,773,c06,10,days_0_526,CUM-C1006
cumulative,795,c06,10,days_0_526,CUM-C1006
cumulative,817,c06,10,days_0_526,CUM-C1006
cumulative,824,c06,10,days_0_526,CUM-C1006
cumulative,841,c06,10,days_0_526,CUM-C1006
cumulative,846,c06,10,days_0_526,CUM-C1006
cumulative,847,c06,10,days_0_526,CUM-C1006
cumulative,851,c06,10,days_0_526,CUM-C1006
cumulative,891,c06,10,days_0_526,CUM-C1006
cumulative,894,c06,10,days_0_526,CUM-C1006
cumulative,902,c06,10,days_0_526,CUM-C1006
cumulative,920,c06,10,days_0_526,CUM-C1006
cumulative,954,c06,10,days_0_526,CUM-C1006
cumulative,957,c06,10,days_0_526,CUM-C1006
cumulative,964,c06,10,days_0_526,CUM-C1006
cumulative,978,c06,10,days_0_526,CUM-C1006
cumulative,988,c06,10,days_0_526,CUM-C1006
cumulative,989,c06,10,days_0_526,CUM-C1006
cumulative,5,c07,10,days_0_526,CUM-C1007
cumulative,7,c07,10,days_0_526,CUM-C1007
cumulative,29,c07,10,days_0_526,CUM-C1007
cumulative,31,c07,10,days_0_526,CUM-C1007
cumulative,67,c07,10,days_0_526,CUM-C1007
cumulative,98,c07,10,days_0_526,CUM-C1007
cumulative,107,c07,10,days_0_526,CUM-C1007
cumulative,117,c07,10,days_0_526,CUM-C1007
cumulative,118,c07,10,days_0_526,CUM-C1007
cumulative,134,c07,10,days_0_526,CUM-C1007
cumulative,150,c07,10,days_0_526,CUM-C1007
cumulative,165,c07,10,days_0_526,CUM-C1007
cumulative,175,c07,10,days_0_526,CUM-C1007
cumulative,183,c07,10,days_0_526,CUM-C1007
cumulative,192,c07,10,days_0_526,CUM-C1007
cumulative,201,c07,10,days_0_526,CUM-C1007
cumulative,208,c07,10,days_0_526,CUM-C1007
cumulative,226,c07,10,days_0_526,CUM-C1007
cumulative,236,c07,10,days_0_526,CUM-C1007
cumulative,257,c07,10,days_0_526,CUM-C1007
cumulative,262,c07,10,days_0_526,CUM-C1007
cumulative,268,c07,10,days_0_526,CUM-C1007
cumulative,275,c07,10,days_0_526,CUM-C1007
cumulative,278,c07,10,days_0_526,CUM-C1007
cumulative,289,c07,10,days_0_526,CUM-C1007
cumulative,291,c07,10,days_0_526,CUM-C1007
cumulative,297,c07,10,days_0_526,CUM-C1007
cumulative,320,c07,10,days_0_526,CUM-C1007
cumulative,327,c07,10,days_0_526,CUM-C1007
cumulative,335,c07,10,days_0_526,CUM-C1007
cumulative,344,c07,10,days_0_526,CUM-C1007
cumulative,358,c07,10,days_0_526,CUM-C1007
cumulative,381,c07,10,days_0_526,CUM-C1007
cumulative,385,c07,10,days_0_526,CUM-C1007
cumulative,401,c07,10,days_0_526,CUM-C1007
cumulative,415,c07,10,days_0_526,CUM-C1007
cumulative,429,c07,10,days_0_526,CUM-C1007
cumulative,440,c07,10,days_0_526,CUM-C1007
cumulative,446,c07,10,days_0_526,CUM-C1007
cumulative,449,c07,10,days_0_526,CUM-C1007
cumulative,454,c07,10,days_0_526,CUM-C1007
cumulative,464,c07,10,days_0_526,CUM-C1007
cumulative,468,c07,10,days_0_526,CUM-C1007
cumulative,473,c07,10,days_0_526,CUM-C1007
cumulative,491,c07,10,days_0_526,CUM-C1007
cumulative,504,c07,10,days_0_526,CUM-C1007
cumulative,537,c07,10,days_0_526,CUM-C1007
cumulative,553,c07,10,days_0_526,CUM-C1007
cumulative,592,c07,10,days_0_526,CUM-C1007
cumulative,652,c07,10,days_0_526,CUM-C1007
cumulative,664,c07,10,days_0_526,CUM-C1007
cumulative,670,c07,10,days_0_526,CUM-C1007
cumulative,683,c07,10,days_0_526,CUM-C1007
cumulative,688,c07,10,days_0_526,CUM-C1007
cumulative,707,c07,10,days_0_526,CUM-C1007
cumulative,713,c07,10,days_0_526,CUM-C1007
cumulative,726,c07,10,days_0_526,CUM-C1007
cumulative,737,c07,10,days_0_526,CUM-C1007
cumulative,808,c07,10,days_0_526,CUM-C1007
cumulative,810,c07,10,days_0_526,CUM-C1007
cumulative,811,c07,10,days_0_526,CUM-C1007
cumulative,849,c07,10,days_0_526,CUM-C1007
cumulative,880,c07,10,days_0_526,CUM-C1007
cumulative,898,c07,10,days_0_526,CUM-C1007
cumulative,899,c07,10,days_0_526,CUM-C1007
cumulative,963,c07,10,days_0_526,CUM-C1007
cumulative,980,c07,10,days_0_526,CUM-C1007
cumulative,985,c07,10,days_0_526,CUM-C1007
cumulative,1003,c07,10,days_0_526,CUM-C1007
cumulative,28,c08,10,days_0_526,CUM-C1008
cumulative,33,c08,10,days_0_526,CUM-C1008
cumulative,56,c08,10,days_0_526,CUM-C1008
cumulative,68,c08,10,days_0_526,CUM-C1008
cumulative,95,c08,10,days_0_526,CUM-C1008
cumulative,170,c08,10,days_0_526,CUM-C1008
cumulative,176,c08,10,days_0_526,CUM-C1008
cumulative,219,c08,10,days_0_526,CUM-C1008
cumulative,231,c08,10,days_0_526,CUM-C1008
cumulative,242,c08,10,days_0_526,CUM-C1008
cumulative,245,c08,10,days_0_526,CUM-C1008
cumulative,251,c08,10,days_0_526,CUM-C1008
cumulative,264,c08,10,days_0_526,CUM-C1008
cumulative,269,c08,10,days_0_526,CUM-C1008
cumulative,311,c08,10,days_0_526,CUM-C1008
cumulative,329,c08,10,days_0_526,CUM-C1008
cumulative,338,c08,10,days_0_526,CUM-C1008
cumulative,350,c08,10,days_0_526,CUM-C1008
cumulative,361,c08,10,days_0_526,CUM-C1008
cumulative,364,c08,10,days_0_526,CUM-C1008
cumulative,375,c08,10,days_0_526,CUM-C1008
cumulative,427,c08,10,days_0_526,CUM-C1008
cumulative,432,c08,10,days_0_526,CUM-C1008
cumulative,433,c08,10,days_0_526,CUM-C1008
cumulative,448,c08,10,days_0_526,CUM-C1008
cumulative,480,c08,10,days_0_526,CUM-C1008
cumulative,482,c08,10,days_0_526,CUM-C1008
cumulative,511,c08,10,days_0_526,CUM-C1008
cumulative,531,c08,10,days_0_526,CUM-C1008
cumulative,540,c08,10,days_0_526,CUM-C1008
cumulative,582,c08,10,days_0_526,CUM-C1008
cumulative,588,c08,10,days_0_526,CUM-C1008
cumulative,606,c08,10,days_0_526,CUM-C1008
cumulative,624,c08,10,days_0_526,CUM-C1008
cumulative,632,c08,10,days_0_526,CUM-C1008
cumulative,641,c08,10,days_0_526,CUM-C1008
cumulative,697,c08,10,days_0_526,CUM-C1008
cumulative,698,c08,10,days_0_526,CUM-C1008
cumulative,733,c08,10,days_0_526,CUM-C1008
cumulative,736,c08,10,days_0_526,CUM-C1008
cumulative,764,c08,10,days_0_526,CUM-C1008
cumulative,789,c08,10,days_0_526,CUM-C1008
cumulative,796,c08,10,days_0_526,CUM-C1008
cumulative,809,c08,10,days_0_526,CUM-C1008
cumulative,815,c08,10,days_0_526,CUM-C1008
cumulative,819,c08,10,days_0_526,CUM-C1008
cumulative,836,c08,10,days_0_526,CUM-C1008
cumulative,840,c08,10,days_0_526,CUM-C1008
cumulative,855,c08,10,days_0_526,CUM-C1008
cumulative,872,c08,10,days_0_526,CUM-C1008
cumulative,873,c08,10,days_0_526,CUM-C1008
cumulative,874,c08,10,days_0_526,CUM-C1008
cumulative,925,c08,10,days_0_526,CUM-C1008
cumulative,955,c08,10,days_0_526,CUM-C1008
cumulative,987,c08,10,days_0_526,CUM-C1008
cumulative,994,c08,10,days_0_526,CUM-C1008
cumulative,25,c09,10,days_0_526,CUM-C1009
cumulative,41,c09,10,days_0_526,CUM-C1009
cumulative,44,c09,10,days_0_526,CUM-C1009
cumulative,48,c09,10,days_0_526,CUM-C1009
cumulative,73,c09,10,days_0_526,CUM-C1009
cumulative,85,c09,10,days_0_526,CUM-C1009
cumulative,216,c09,10,days_0_526,CUM-C1009
cumulative,318,c09,10,days_0_526,CUM-C1009
cumulative,319,c09,10,days_0_526,CUM-C1009
cumulative,321,c09,10,days_0_526,CUM-C1009
cumulative,366,c09,10,days_0_526,CUM-C1009
cumulative,386,c09,10,days_0_526,CUM-C1009
cumulative,434,c09,10,days_0_526,CUM-C1009
cumulative,458,c09,10,days_0_526,CUM-C1009
cumulative,481,c09,10,days_0_526,CUM-C1009
cumulative,499,c09,10,days_0_526,CUM-C1009
cumulative,503,c09,10,days_0_526,CUM-C1009
cumulative,558,c09,10,days_0_526,CUM-C1009
cumulative,565,c09,10,days_0_526,CUM-C1009
cumulative,600,c09,10,days_0_526,CUM-C1009
cumulative,618,c09,10,days_0_526,CUM-C1009
cumulative,672,c09,10,days_0_526,CUM-C1009
cumulative,679,c09,10,days_0_526,CUM-C1009
cumulative,684,c09,10,days_0_526,CUM-C1009
cumulative,704,c09,10,days_0_526,CUM-C1009
cumulative,723,c09,10,days_0_526,CUM-C1009
cumulative,753,c09,10,days_0_526,CUM-C1009
cumulative,758,c09,10,days_0_526,CUM-C1009
cumulative,844,c09,10,days_0_526,CUM-C1009
cumulative,918,c09,10,days_0_526,CUM-C1009
cumulative,956,c09,10,days_0_526,CUM-C1009
cumulative,1000,c09,10,days_0_526,CUM-C1009
cumulative,1002,c09,10,days_0_526,CUM-C1009
cumulative,62,c10,10,days_0_526,CUM-C1010
cumulative,113,c10,10,days_0_526,CUM-C1010
cumulative,124,c10,10,days_0_526,CUM-C1010
cumulative,163,c10,10,days_0_526,CUM-C1010
cumulative,250,c10,10,days_0_526,CUM-C1010
cumulative,263,c10,10,days_0_526,CUM-C1010
cumulative,369,c10,10,days_0_526,CUM-C1010
cumulative,444,c10,10,days_0_526,CUM-C1010
cumulative,485,c10,10,days_0_526,CUM-C1010
cumulative,513,c10,10,days_0_526,CUM-C1010
cumulative,515,c10,10,days_0_526,CUM-C1010
cumulative,518,c10,10,days_0_526,CUM-C1010
cumulative,535,c10,10,days_0_526,CUM-C1010
cumulative,542,c10,10,days_0_526,CUM-C1010
cumulative,551,c10,10,days_0_526,CUM-C1010
cumulative,604,c10,10,days_0_526,CUM-C1010
cumulative,646,c10,10,days_0_526,CUM-C1010
cumulative,691,c10,10,days_0_526,CUM-C1010
cumulative,722,c10,10,days_0_526,CUM-C1010
cumulative,770,c10,10,days_0_526,CUM-C1010
cumulative,799,c10,10,days_0_526,CUM-C1010
cumulative,800,c10,10,days_0_526,CUM-C1010
cumulative,821,c10,10,days_0_526,CUM-C1010
cumulative,823,c10,10,days_0_526,CUM-C1010
cumulative,854,c10,10,days_0_526,CUM-C1010
cumulative,886,c10,10,days_0_526,CUM-C1010
cumulative,895,c10,10,days_0_526,CUM-C1010
cumulative,913,c10,10,days_0_526,CUM-C1010
cumulative,927,c10,10,days_0_526,CUM-C1010
cumulative,968,c10,10,days_0_526,CUM-C1010
cumulative,17,c11,10,days_0_526,CUM-C1011
cumulative,92,c11,10,days_0_526,CUM-C1011
cumulative,122,c11,10,days_0_526,CUM-C1011
cumulative,136,c11,10,days_0_526,CUM-C1011
cumulative,142,c11,10,days_0_526,CUM-C1011
cumulative,200,c11,10,days_0_526,CUM-C1011
cumulative,224,c11,10,days_0_526,CUM-C1011
cumulative,302,c11,10,days_0_526,CUM-C1011
cumulative,316,c11,10,days_0_526,CUM-C1011
cumulative,341,c11,10,days_0_526,CUM-C1011
cumulative,349,c11,10,days_0_526,CUM-C1011
cumulative,351,c11,10,days_0_526,CUM-C1011
cumulative,428,c11,10,days_0_526,CUM-C1011
cumulative,543,c11,10,days_0_526,CUM-C1011
cumulative,636,c11,10,days_0_526,CUM-C1011
cumulative,647,c11,10,days_0_526,CUM-C1011
cumulative,806,c11,10,days_0_526,CUM-C1011
cumulative,831,c11,10,days_0_526,CUM-C1011
cumulative,838,c11,10,days_0_526,CUM-C1011
cumulative,857,c11,10,days_0_526,CUM-C1011
cumulative,888,c11,10,days_0_526,CUM-C1011
cumulative,892,c11,10,days_0_526,CUM-C1011
cumulative,915,c11,10,days_0_526,CUM-C1011
cumulative,917,c11,10,days_0_526,CUM-C1011
cumulative,952,c11,10,days_0_526,CUM-C1011
cumulative,953,c11,10,days_0_526,CUM-C1011
cumulative,971,c11,10,days_0_526,CUM-C1011
cumulative,990,c11,10,days_0_526,CUM-C1011
cumulative,27,c12,10,days_0_526,CUM-C1012
cumulative,129,c12,10,days_0_526,CUM-C1012
cumulative,147,c12,10,days_0_526,CUM-C1012
cumulative,157,c12,10,days_0_526,CUM-C1012
cumulative,171,c12,10,days_0_526,CUM-C1012
cumulative,230,c12,10,days_0_526,CUM-C1012
cumulative,255,c12,10,days_0_526,CUM-C1012
cumulative,277,c12,10,days_0_526,CUM-C1012
cumulative,285,c12,10,days_0_526,CUM-C1012
cumulative,308,c12,10,days_0_526,CUM-C1012
cumulative,336,c12,10,days_0_526,CUM-C1012
cumulative,347,c12,10,days_0_526,CUM-C1012
cumulative,355,c12,10,days_0_526,CUM-C1012
cumulative,577,c12,10,days_0_526,CUM-C1012
cumulative,590,c12,10,days_0_526,CUM-C1012
cumulative,686,c12,10,days_0_526,CUM-C1012
cumulative,715,c12,10,days_0_526,CUM-C1012
cumulative,748,c12,10,days_0_526,CUM-C1012
cumulative,877,c12,10,days_0_526,CUM-C1012
cumulative,926,c12,10,days_0_526,CUM-C1012
cumulative,931,c12,10,days_0_526,CUM-C1012
cumulative,933,c12,10,days_0_526,CUM-C1012
cumulative,966,c12,10,days_0_526,CUM-C1012
cumulative,972,c12,10,days_0_526,CUM-C1012
cumulative,12,c13,10,days_0_526,CUM-C1013
cumulative,15,c13,10,days_0_526,CUM-C1013
cumulative,284,c13,10,days_0_526,CUM-C1013
cumulative,370,c13,10,days_0_526,CUM-C1013
cumulative,406,c13,10,days_0_526,CUM-C1013
cumulative,422,c13,10,days_0_526,CUM-C1013
cumulative,520,c13,10,days_0_526,CUM-C1013
cumulative,563,c13,10,days_0_526,CUM-C1013
cumulative,584,c13,10,days_0_526,CUM-C1013
cumulative,680,c13,10,days_0_526,CUM-C1013
cumulative,717,c13,10,days_0_526,CUM-C1013
cumulative,731,c13,10,days_0_526,CUM-C1013
cumulative,792,c13,10,days_0_526,CUM-C1013
cumulative,797,c13,10,days_0_526,CUM-C1013
cumulative,123,c14,10,days_0_526,CUM-C1014
cumulative,180,c14,10,days_0_526,CUM-C1014
cumulative,215,c14,10,days_0_526,CUM-C1014
cumulative,217,c14,10,days_0_526,CUM-C1014
cumulative,238,c14,10,days_0_526,CUM-C1014
cumulative,357,c14,10,days_0_526,CUM-C1014
cumulative,727,c14,10,days_0_526,CUM-C1014
cumulative,829,c14,10,days_0_526,CUM-C1014
cumulative,897,c14,10,days_0_526,CUM-C1014
cumulative,958,c14,10,days_0_526,CUM-C1014
cumulative,725,c15,10,days_0_526,CUM-C1015
cumulative,774,c15,10,days_0_526,CUM-C1015
cumulative,947,c15,10,days_0_526,CUM-C1015
