from_snapshot,to_snapshot,source_observation_id,target_observation_id,source_identity_group,target_identity_group,overlap_size,source_overlap_pct,target_overlap_pct,jaccard
0,1,OVL-C0001,OVL-C0101,dead-OVL-C0001,dead-OVL-C0004,5,0.064935,0.055556,0.030864
0,1,OVL-C0001,OVL-C0102,dead-OVL-C0001,dead-OVL-C0001,57,0.740260,0.695122,0.558824
0,1,OVL-C0001,OVL-C0103,dead-OVL-C0001,dead-OVL-C0003,1,0.012987,0.013333,0.006623
0,1,OVL-C0001,OVL-C0104,dead-OVL-C0001,dead-OVL-C0011,1,0.012987,0.019608,0.007874
0,1,OVL-C0001,OVL-C0105,dead-OVL-C0001,dead-OVL-C0002,1,0.012987,0.020000,0.007937
0,1,OVL-C0001,OVL-C0108,dead-OVL-C0001,dead-OVL-C0005,1,0.012987,0.021739,0.008197
0,1,OVL-C0001,OVL-C0110,dead-OVL-C0001,dead-OVL-C0012,1,0.012987,0.033333,0.009434
0,1,OVL-C0001,OVL-C0111,dead-OVL-C0001,dead-OVL-C0111,1,0.012987,0.037037,0.009709
0,1,OVL-C0002,OVL-C0101,dead-OVL-C0002,dead-OVL-C0004,4,0.066667,0.044444,0.027397
0,1,OVL-C0002,OVL-C0103,dead-OVL-C0002,dead-OVL-C0003,2,0.033333,0.026667,0.015038
0,1,OVL-C0002,OVL-C0105,dead-OVL-C0002,dead-OVL-C0002,42,0.700000,0.840000,0.617647
0,1,OVL-C0002,OVL-C0106,dead-OVL-C0002,c09,1,0.016667,0.020833,0.009346
0,1,OVL-C0002,OVL-C0107,dead-OVL-C0002,dead-OVL-C0010,1,0.016667,0.021739,0.009524
0,1,OVL-C0002,OVL-C0111,dead-OVL-C0002,dead-OVL-C0111,1,0.016667,0.037037,0.011628
0,1,OVL-C0003,OVL-C0101,dead-OVL-C0003,dead-OVL-C0004,1,0.016667,0.011111,0.006711
0,1,OVL-C0003,OVL-C0102,dead-OVL-C0003,dead-OVL-C0001,11,0.183333,0.134146,0.083969
0,1,OVL-C0003,OVL-C0103,dead-OVL-C0003,dead-OVL-C0003,32,0.533333,0.426667,0.310680
0,1,OVL-C0003,OVL-C0104,dead-OVL-C0003,dead-OVL-C0011,1,0.016667,0.019608,0.009091
0,1,OVL-C0003,OVL-C0105,dead-OVL-C0003,dead-OVL-C0002,1,0.016667,0.020000,0.009174
0,1,OVL-C0003,OVL-C0108,dead-OVL-C0003,dead-OVL-C0005,4,0.066667,0.086957,0.039216
0,1,OVL-C0003,OVL-C0112,dead-OVL-C0003,dead-OVL-C0112,2,0.033333,0.074074,0.023529
0,1,OVL-C0003,OVL-C0116,dead-OVL-C0003,dead-OVL-C0116,4,0.066667,0.800000,0.065574
0,1,OVL-C0004,OVL-C0101,dead-OVL-C0004,dead-OVL-C0004,47,0.839286,0.522222,0.474747
0,1,OVL-C0004,OVL-C0102,dead-OVL-C0004,dead-OVL-C0001,1,0.017857,0.012195,0.007299
0,1,OVL-C0004,OVL-C0105,dead-OVL-C0004,dead-OVL-C0002,1,0.017857,0.020000,0.009524
0,1,OVL-C0004,OVL-C0108,dead-OVL-C0004,dead-OVL-C0005,4,0.071429,0.086957,0.040816
0,1,OVL-C0004,OVL-C0109,dead-OVL-C0004,c05,1,0.017857,0.027027,0.010870
0,1,OVL-C0004,OVL-C0112,dead-OVL-C0004,dead-OVL-C0112,2,0.035714,0.074074,0.024691
0,1,OVL-C0005,OVL-C0103,dead-OVL-C0005,dead-OVL-C0003,7,0.140000,0.093333,0.059322
0,1,OVL-C0005,OVL-C0104,dead-OVL-C0005,dead-OVL-C0011,1,0.020000,0.019608,0.010000
0,1,OVL-C0005,OVL-C0105,dead-OVL-C0005,dead-OVL-C0002,1,0.020000,0.020000,0.010101
0,1,OVL-C0005,OVL-C0106,dead-OVL-C0005,c09,2,0.040000,0.041667,0.020833
0,1,OVL-C0005,OVL-C0107,dead-OVL-C0005,dead-OVL-C0010,1,0.020000,0.021739,0.010526
0,1,OVL-C0005,OVL-C0108,dead-OVL-C0005,dead-OVL-C0005,23,0.460000,0.500000,0.315068
0,1,OVL-C0005,OVL-C0109,dead-OVL-C0005,c05,1,0.020000,0.027027,0.011628
0,1,OVL-C0005,OVL-C0110,dead-OVL-C0005,dead-OVL-C0012,1,0.020000,0.033333,0.012658
0,1,OVL-C0005,OVL-C0112,dead-OVL-C0005,dead-OVL-C0112,5,0.100000,0.185185,0.069444
0,1,OVL-C0005,OVL-C0117,dead-OVL-C0005,dead-OVL-C0117,3,0.060000,0.750000,0.058824
0,1,OVL-C0006,OVL-C0101,dead-OVL-C0006,dead-OVL-C0004,20,0.408163,0.222222,0.168067
0,1,OVL-C0006,OVL-C0102,dead-OVL-C0006,dead-OVL-C0001,3,0.061224,0.036585,0.023438
0,1,OVL-C0006,OVL-C0103,dead-OVL-C0006,dead-OVL-C0003,9,0.183673,0.120000,0.078261
0,1,OVL-C0006,OVL-C0104,dead-OVL-C0006,dead-OVL-C0011,1,0.020408,0.019608,0.010101
0,1,OVL-C0006,OVL-C0106,dead-OVL-C0006,c09,6,0.122449,0.125000,0.065934
0,1,OVL-C0006,OVL-C0107,dead-OVL-C0006,dead-OVL-C0010,2,0.040816,0.043478,0.021505
0,1,OVL-C0006,OVL-C0108,dead-OVL-C0006,dead-OVL-C0005,6,0.122449,0.130435,0.067416
0,1,OVL-C0007,OVL-C0102,dead-OVL-C0007,dead-OVL-C0001,3,0.063830,0.036585,0.023810
0,1,OVL-C0007,OVL-C0103,dead-OVL-C0007,dead-OVL-C0003,8,0.170213,0.106667,0.070175
0,1,OVL-C0007,OVL-C0108,dead-OVL-C0007,dead-OVL-C0005,1,0.021277,0.021739,0.010870
0,1,OVL-C0007,OVL-C0109,dead-OVL-C0007,c05,1,0.021277,0.027027,0.012048
0,1,OVL-C0007,OVL-C0111,dead-OVL-C0007,dead-OVL-C0111,13,0.276596,0.481481,0.213115
0,1,OVL-C0007,OVL-C0112,dead-OVL-C0007,dead-OVL-C0112,16,0.340426,0.592593,0.275862
0,1,OVL-C0008,OVL-C0101,c05,dead-OVL-C0004,2,0.045455,0.022222,0.015152
0,1,OVL-C0008,OVL-C0102,c05,dead-OVL-C0001,1,0.022727,0.012195,0.008000
0,1,OVL-C0008,OVL-C0103,c05,dead-OVL-C0003,1,0.022727,0.013333,0.008475
0,1,OVL-C0008,OVL-C0108,c05,dead-OVL-C0005,2,0.045455,0.043478,0.022727
0,1,OVL-C0008,OVL-C0109,c05,c05,32,0.727273,0.864865,0.653061
0,1,OVL-C0008,OVL-C0110,c05,dead-OVL-C0012,4,0.090909,0.133333,0.057143
0,1,OVL-C0008,OVL-C0111,c05,dead-OVL-C0111,1,0.022727,0.037037,0.014286
0,1,OVL-C0009,OVL-C0101,c09,dead-OVL-C0004,1,0.023810,0.011111,0.007634
0,1,OVL-C0009,OVL-C0102,c09,dead-OVL-C0001,1,0.023810,0.012195,0.008130
0,1,OVL-C0009,OVL-C0106,c09,c09,32,0.761905,0.666667,0.551724
0,1,OVL-C0009,OVL-C0107,c09,dead-OVL-C0010,8,0.190476,0.173913,0.100000
0,1,OVL-C0010,OVL-C0102,dead-OVL-C0010,dead-OVL-C0001,1,0.028571,0.012195,0.008621
0,1,OVL-C0010,OVL-C0104,dead-OVL-C0010,dead-OVL-C0011,1,0.028571,0.019608,0.011765
0,1,OVL-C0010,OVL-C0107,dead-OVL-C0010,dead-OVL-C0010,30,0.857143,0.652174,0.588235
0,1,OVL-C0011,OVL-C0104,dead-OVL-C0011,dead-OVL-C0011,31,0.968750,0.607843,0.596154
0,1,OVL-C0012,OVL-C0101,dead-OVL-C0012,dead-OVL-C0004,3,0.096774,0.033333,0.025424
0,1,OVL-C0012,OVL-C0103,dead-OVL-C0012,dead-OVL-C0003,1,0.032258,0.013333,0.009524
0,1,OVL-C0012,OVL-C0104,dead-OVL-C0012,dead-OVL-C0011,1,0.032258,0.019608,0.012346
0,1,OVL-C0012,OVL-C0108,dead-OVL-C0012,dead-OVL-C0005,1,0.032258,0.021739,0.013158
0,1,OVL-C0012,OVL-C0110,dead-OVL-C0012,dead-OVL-C0012,24,0.774194,0.800000,0.648649
0,1,OVL-C0013,OVL-C0101,dead-OVL-C0013,dead-OVL-C0004,1,0.037037,0.011111,0.008621
0,1,OVL-C0013,OVL-C0103,dead-OVL-C0013,dead-OVL-C0003,1,0.037037,0.013333,0.009901
0,1,OVL-C0013,OVL-C0113,dead-OVL-C0013,dead-OVL-C0013,24,0.888889,1.000000,0.888889
0,1,OVL-C0014,OVL-C0104,dead-OVL-C0014,dead-OVL-C0011,12,0.480000,0.235294,0.187500
0,1,OVL-C0014,OVL-C0107,dead-OVL-C0014,dead-OVL-C0010,1,0.040000,0.021739,0.014286
0,1,OVL-C0014,OVL-C0108,dead-OVL-C0014,dead-OVL-C0005,2,0.080000,0.043478,0.028986
0,1,OVL-C0014,OVL-C0111,dead-OVL-C0014,dead-OVL-C0111,10,0.400000,0.370370,0.238095
0,1,OVL-C0015,OVL-C0103,dead-OVL-C0015,dead-OVL-C0003,6,1.000000,0.080000,0.080000
0,1,OVL-C0016,OVL-C0115,dead-OVL-C0016,dead-OVL-C0016,6,1.000000,1.000000,1.000000
0,1,OVL-C0017,OVL-C0114,dead-OVL-C0017,dead-OVL-C0017,5,1.000000,0.833333,0.833333
1,2,OVL-C0101,OVL-C0201,dead-OVL-C0004,dead-OVL-C0201,1,0.011111,0.011628,0.005714
1,2,OVL-C0101,OVL-C0202,dead-OVL-C0004,dead-OVL-C0004,68,0.755556,0.829268,0.653846
1,2,OVL-C0101,OVL-C0203,dead-OVL-C0004,c09,1,0.011111,0.015385,0.006494
1,2,OVL-C0101,OVL-C0204,dead-OVL-C0004,dead-OVL-C0204,4,0.044444,0.065574,0.027211
1,2,OVL-C0101,OVL-C0205,dead-OVL-C0004,dead-OVL-C0002,5,0.055556,0.081967,0.034247
1,2,OVL-C0101,OVL-C0207,dead-OVL-C0004,dead-OVL-C0005,3,0.033333,0.066667,0.022727
1,2,OVL-C0101,OVL-C0208,dead-OVL-C0004,c05,1,0.011111,0.025000,0.007752
1,2,OVL-C0102,OVL-C0201,dead-OVL-C0001,dead-OVL-C0201,27,0.329268,0.313953,0.191489
1,2,OVL-C0102,OVL-C0202,dead-OVL-C0001,dead-OVL-C0004,1,0.012195,0.012195,0.006135
1,2,OVL-C0102,OVL-C0204,dead-OVL-C0001,dead-OVL-C0204,3,0.036585,0.049180,0.021429
1,2,OVL-C0102,OVL-C0206,dead-OVL-C0001,dead-OVL-C0001,44,0.536585,0.862745,0.494382
1,2,OVL-C0102,OVL-C0208,dead-OVL-C0001,c05,1,0.012195,0.025000,0.008264
1,2,OVL-C0102,OVL-C0210,dead-OVL-C0001,dead-OVL-C0210,1,0.012195,0.034483,0.009091
1,2,OVL-C0102,OVL-C0211,dead-OVL-C0001,dead-OVL-C0111,1,0.012195,0.035714,0.009174
1,2,OVL-C0103,OVL-C0201,dead-OVL-C0003,dead-OVL-C0201,16,0.213333,0.186047,0.110345
1,2,OVL-C0103,OVL-C0202,dead-OVL-C0003,dead-OVL-C0004,5,0.066667,0.060976,0.032895
1,2,OVL-C0103,OVL-C0203,dead-OVL-C0003,c09,1,0.013333,0.015385,0.007194
1,2,OVL-C0103,OVL-C0204,dead-OVL-C0003,dead-OVL-C0204,25,0.333333,0.409836,0.225225
1,2,OVL-C0103,OVL-C0206,dead-OVL-C0003,dead-OVL-C0001,1,0.013333,0.019608,0.008000
1,2,OVL-C0103,OVL-C0207,dead-OVL-C0003,dead-OVL-C0005,1,0.013333,0.022222,0.008403
1,2,OVL-C0103,OVL-C0210,dead-OVL-C0003,dead-OVL-C0210,20,0.266667,0.689655,0.238095
1,2,OVL-C0104,OVL-C0204,dead-OVL-C0011,dead-OVL-C0204,14,0.274510,0.229508,0.142857
1,2,OVL-C0104,OVL-C0206,dead-OVL-C0011,dead-OVL-C0001,4,0.078431,0.078431,0.040816
1,2,OVL-C0104,OVL-C0207,dead-OVL-C0011,dead-OVL-C0005,1,0.019608,0.022222,0.010526
1,2,OVL-C0104,OVL-C0209,dead-OVL-C0011,dead-OVL-C0011,32,0.627451,0.914286,0.592593
1,2,OVL-C0105,OVL-C0205,dead-OVL-C0002,dead-OVL-C0002,48,0.960000,0.786885,0.761905
1,2,OVL-C0106,OVL-C0203,c09,c09,44,0.916667,0.676923,0.637681
1,2,OVL-C0106,OVL-C0206,c09,dead-OVL-C0001,1,0.020833,0.019608,0.010204
1,2,OVL-C0106,OVL-C0207,c09,dead-OVL-C0005,1,0.020833,0.022222,0.010870
1,2,OVL-C0107,OVL-C0202,dead-OVL-C0010,dead-OVL-C0004,1,0.021739,0.012195,0.007874
1,2,OVL-C0107,OVL-C0203,dead-OVL-C0010,c09,13,0.282609,0.200000,0.132653
1,2,OVL-C0107,OVL-C0204,dead-OVL-C0010,dead-OVL-C0204,5,0.108696,0.081967,0.049020
1,2,OVL-C0107,OVL-C0212,dead-OVL-C0010,dead-OVL-C0010,27,0.586957,1.000000,0.586957
1,2,OVL-C0108,OVL-C0202,dead-OVL-C0005,dead-OVL-C0004,1,0.021739,0.012195,0.007874
1,2,OVL-C0108,OVL-C0203,dead-OVL-C0005,c09,1,0.021739,0.015385,0.009091
1,2,OVL-C0108,OVL-C0204,dead-OVL-C0005,dead-OVL-C0204,5,0.108696,0.081967,0.049020
1,2,OVL-C0108,OVL-C0207,dead-OVL-C0005,dead-OVL-C0005,33,0.717391,0.733333,0.568966
1,2,OVL-C0108,OVL-C0208,dead-OVL-C0005,c05,1,0.021739,0.025000,0.011765
1,2,OVL-C0108,OVL-C0209,dead-OVL-C0005,dead-OVL-C0011,2,0.043478,0.057143,0.025316
1,2,OVL-C0109,OVL-C0201,c05,dead-OVL-C0201,1,0.027027,0.011628,0.008197
1,2,OVL-C0109,OVL-C0207,c05,dead-OVL-C0005,1,0.027027,0.022222,0.012346
1,2,OVL-C0109,OVL-C0208,c05,c05,33,0.891892,0.825000,0.750000
1,2,OVL-C0110,OVL-C0201,dead-OVL-C0012,dead-OVL-C0201,1,0.033333,0.011628,0.008696
1,2,OVL-C0110,OVL-C0204,dead-OVL-C0012,dead-OVL-C0204,2,0.066667,0.032787,0.022472
1,2,OVL-C0110,OVL-C0207,dead-OVL-C0012,dead-OVL-C0005,2,0.066667,0.044444,0.027397
1,2,OVL-C0110,OVL-C0208,dead-OVL-C0012,c05,1,0.033333,0.025000,0.014493
1,2,OVL-C0110,OVL-C0214,dead-OVL-C0012,dead-OVL-C0012,23,0.766667,1.000000,0.766667
1,2,OVL-C0111,OVL-C0201,dead-OVL-C0111,dead-OVL-C0201,1,0.037037,0.011628,0.008929
1,2,OVL-C0111,OVL-C0202,dead-OVL-C0111,dead-OVL-C0004,1,0.037037,0.012195,0.009259
1,2,OVL-C0111,OVL-C0207,dead-OVL-C0111,dead-OVL-C0005,1,0.037037,0.022222,0.014085
1,2,OVL-C0111,OVL-C0211,dead-OVL-C0111,dead-OVL-C0111,24,0.888889,0.857143,0.774194
1,2,OVL-C0112,OVL-C0201,dead-OVL-C0112,dead-OVL-C0201,19,0.703704,0.220930,0.202128
1,2,OVL-C0112,OVL-C0204,dead-OVL-C0112,dead-OVL-C0204,1,0.037037,0.016393,0.011494
1,2,OVL-C0112,OVL-C0206,dead-OVL-C0112,dead-OVL-C0001,1,0.037037,0.019608,0.012987
1,2,OVL-C0112,OVL-C0208,dead-OVL-C0112,c05,2,0.074074,0.050000,0.030769
1,2,OVL-C0112,OVL-C0210,dead-OVL-C0112,dead-OVL-C0210,1,0.037037,0.034483,0.018182
1,2,OVL-C0112,OVL-C0211,dead-OVL-C0112,dead-OVL-C0111,2,0.074074,0.071429,0.037736
1,2,OVL-C0113,OVL-C0213,dead-OVL-C0013,dead-OVL-C0013,24,1.000000,0.960000,0.960000
1,2,OVL-C0114,OVL-C0215,dead-OVL-C0017,dead-OVL-C0017,4,0.666667,1.000000,0.666667
1,2,OVL-C0115,OVL-C0210,dead-OVL-C0016,dead-OVL-C0210,6,1.000000,0.206897,0.206897
1,2,OVL-C0116,OVL-C0201,dead-OVL-C0116,dead-OVL-C0201,5,1.000000,0.058140,0.058140
1,2,OVL-C0117,OVL-C0201,dead-OVL-C0117,dead-OVL-C0201,4,1.000000,0.046512,0.046512
2,3,OVL-C0201,OVL-C0301,dead-OVL-C0201,dead-OVL-C0201,54,0.627907,0.562500,0.421875
2,3,OVL-C0201,OVL-C0303,dead-OVL-C0201,dead-OVL-C0004,1,0.011628,0.014493,0.006494
2,3,OVL-C0201,OVL-C0304,dead-OVL-C0201,dead-OVL-C0002,2,0.023256,0.031746,0.013605
2,3,OVL-C0201,OVL-C0305,dead-OVL-C0201,dead-OVL-C0011,1,0.011628,0.017857,0.007092
2,3,OVL-C0201,OVL-C0307,dead-OVL-C0201,dead-OVL-C0001,2,0.023256,0.044444,0.015504
2,3,OVL-C0201,OVL-C0308,dead-OVL-C0201,dead-OVL-C0210,17,0.197674,0.386364,0.150442
2,3,OVL-C0201,OVL-C0309,dead-OVL-C0201,c05,1,0.011628,0.023810,0.007874
2,3,OVL-C0201,OVL-C0310,dead-OVL-C0201,dead-OVL-C0111,4,0.046512,0.129032,0.035398
2,3,OVL-C0201,OVL-C0311,dead-OVL-C0201,dead-OVL-C0311,1,0.011628,0.035714,0.008850
2,3,OVL-C0202,OVL-C0301,dead-OVL-C0004,dead-OVL-C0201,2,0.024390,0.020833,0.011364
2,3,OVL-C0202,OVL-C0302,dead-OVL-C0004,dead-OVL-C0005,24,0.292683,0.289157,0.170213
2,3,OVL-C0202,OVL-C0303,dead-OVL-C0004,dead-OVL-C0004,47,0.573171,0.681159,0.451923
2,3,OVL-C0202,OVL-C0307,dead-OVL-C0004,dead-OVL-C0001,1,0.012195,0.022222,0.007937
2,3,OVL-C0202,OVL-C0308,dead-OVL-C0004,dead-OVL-C0210,1,0.012195,0.022727,0.008000
2,3,OVL-C0202,OVL-C0310,dead-OVL-C0004,dead-OVL-C0111,1,0.012195,0.032258,0.008929
2,3,OVL-C0202,OVL-C0312,dead-OVL-C0004,dead-OVL-C0012,5,0.060976,0.192308,0.048544
2,3,OVL-C0203,OVL-C0301,c09,dead-OVL-C0201,5,0.076923,0.052083,0.032051
2,3,OVL-C0203,OVL-C0303,c09,dead-OVL-C0004,7,0.107692,0.101449,0.055118
2,3,OVL-C0203,OVL-C0306,c09,c09,45,0.692308,0.957447,0.671642
2,3,OVL-C0203,OVL-C0310,c09,dead-OVL-C0111,1,0.015385,0.032258,0.010526
2,3,OVL-C0203,OVL-C0311,c09,dead-OVL-C0311,3,0.046154,0.107143,0.033333
2,3,OVL-C0204,OVL-C0301,dead-OVL-C0204,dead-OVL-C0201,20,0.327869,0.208333,0.145985
2,3,OVL-C0204,OVL-C0302,dead-OVL-C0204,dead-OVL-C0005,2,0.032787,0.024096,0.014085
2,3,OVL-C0204,OVL-C0303,dead-OVL-C0204,dead-OVL-C0004,2,0.032787,0.028986,0.015625
2,3,OVL-C0204,OVL-C0305,dead-OVL-C0204,dead-OVL-C0011,14,0.229508,0.250000,0.135922
2,3,OVL-C0204,OVL-C0307,dead-OVL-C0204,dead-OVL-C0001,1,0.016393,0.022222,0.009524
2,3,OVL-C0204,OVL-C0308,dead-OVL-C0204,dead-OVL-C0210,1,0.016393,0.022727,0.009615
2,3,OVL-C0204,OVL-C0311,dead-OVL-C0204,dead-OVL-C0311,20,0.327869,0.714286,0.289855
2,3,OVL-C0205,OVL-C0301,dead-OVL-C0002,dead-OVL-C0201,3,0.049180,0.031250,0.019481
2,3,OVL-C0205,OVL-C0302,dead-OVL-C0002,dead-OVL-C0005,2,0.032787,0.024096,0.014085
2,3,OVL-C0205,OVL-C0304,dead-OVL-C0002,dead-OVL-C0002,54,0.885246,0.857143,0.771429
2,3,OVL-C0206,OVL-C0301,dead-OVL-C0001,dead-OVL-C0201,3,0.058824,0.031250,0.020833
2,3,OVL-C0206,OVL-C0302,dead-OVL-C0001,dead-OVL-C0005,3,0.058824,0.036145,0.022901
2,3,OVL-C0206,OVL-C0305,dead-OVL-C0001,dead-OVL-C0011,4,0.078431,0.071429,0.038835
2,3,OVL-C0206,OVL-C0307,dead-OVL-C0001,dead-OVL-C0001,38,0.745098,0.844444,0.655172
2,3,OVL-C0206,OVL-C0308,dead-OVL-C0001,dead-OVL-C0210,1,0.019608,0.022727,0.010638
2,3,OVL-C0206,OVL-C0310,dead-OVL-C0001,dead-OVL-C0111,1,0.019608,0.032258,0.012346
2,3,OVL-C0207,OVL-C0302,dead-OVL-C0005,dead-OVL-C0005,36,0.800000,0.433735,0.391304
2,3,OVL-C0207,OVL-C0303,dead-OVL-C0005,dead-OVL-C0004,1,0.022222,0.014493,0.008850
2,3,OVL-C0207,OVL-C0305,dead-OVL-C0005,dead-OVL-C0011,2,0.044444,0.035714,0.020202
2,3,OVL-C0207,OVL-C0308,dead-OVL-C0005,dead-OVL-C0210,1,0.022222,0.022727,0.011364
2,3,OVL-C0207,OVL-C0312,dead-OVL-C0005,dead-OVL-C0012,1,0.022222,0.038462,0.014286
2,3,OVL-C0208,OVL-C0307,c05,dead-OVL-C0001,1,0.025000,0.022222,0.011905
2,3,OVL-C0208,OVL-C0309,c05,c05,37,0.925000,0.880952,0.822222
2,3,OVL-C0208,OVL-C0312,c05,dead-OVL-C0012,1,0.025000,0.038462,0.015385
2,3,OVL-C0209,OVL-C0302,dead-OVL-C0011,dead-OVL-C0005,2,0.057143,0.024096,0.017241
2,3,OVL-C0209,OVL-C0305,dead-OVL-C0011,dead-OVL-C0011,31,0.885714,0.553571,0.516667
2,3,OVL-C0209,OVL-C0309,dead-OVL-C0011,c05,1,0.028571,0.023810,0.013158
2,3,OVL-C0210,OVL-C0302,dead-OVL-C0210,dead-OVL-C0005,5,0.172414,0.060241,0.046729
2,3,OVL-C0210,OVL-C0305,dead-OVL-C0210,dead-OVL-C0011,2,0.068966,0.035714,0.024096
2,3,OVL-C0210,OVL-C0307,dead-OVL-C0210,dead-OVL-C0001,1,0.034483,0.022222,0.013699
2,3,OVL-C0210,OVL-C0308,dead-OVL-C0210,dead-OVL-C0210,20,0.689655,0.454545,0.377358
2,3,OVL-C0211,OVL-C0301,dead-OVL-C0111,dead-OVL-C0201,1,0.035714,0.010417,0.008130
2,3,OVL-C0211,OVL-C0310,dead-OVL-C0111,dead-OVL-C0111,22,0.785714,0.709677,0.594595
2,3,OVL-C0211,OVL-C0311,dead-OVL-C0111,dead-OVL-C0311,2,0.071429,0.071429,0.037037
2,3,OVL-C0212,OVL-C0302,dead-OVL-C0010,dead-OVL-C0005,1,0.037037,0.012048,0.009174
2,3,OVL-C0212,OVL-C0305,dead-OVL-C0010,dead-OVL-C0011,1,0.037037,0.017857,0.012195
2,3,OVL-C0212,OVL-C0313,dead-OVL-C0010,dead-OVL-C0010,24,0.888889,0.960000,0.857143
2,3,OVL-C0213,OVL-C0302,dead-OVL-C0013,dead-OVL-C0005,1,0.040000,0.012048,0.009346
2,3,OVL-C0213,OVL-C0314,dead-OVL-C0013,dead-OVL-C0013,22,0.880000,0.916667,0.814815
2,3,OVL-C0214,OVL-C0301,dead-OVL-C0012,dead-OVL-C0201,1,0.043478,0.010417,0.008475
2,3,OVL-C0214,OVL-C0302,dead-OVL-C0012,dead-OVL-C0005,2,0.086957,0.024096,0.019231
2,3,OVL-C0214,OVL-C0309,dead-OVL-C0012,c05,1,0.043478,0.023810,0.015625
2,3,OVL-C0214,OVL-C0312,dead-OVL-C0012,dead-OVL-C0012,19,0.826087,0.730769,0.633333
2,3,OVL-C0215,OVL-C0303,dead-OVL-C0017,dead-OVL-C0004,3,0.750000,0.043478,0.042857
3,4,OVL-C0301,OVL-C0401,dead-OVL-C0201,dead-OVL-C0201,61,0.635417,0.792208,0.544643
3,4,OVL-C0301,OVL-C0403,dead-OVL-C0201,dead-OVL-C0002,1,0.010417,0.014925,0.006173
3,4,OVL-C0301,OVL-C0405,dead-OVL-C0201,dead-OVL-C0004,4,0.041667,0.078431,0.027972
3,4,OVL-C0301,OVL-C0406,dead-OVL-C0201,c09,1,0.010417,0.020000,0.006897
3,4,OVL-C0301,OVL-C0407,dead-OVL-C0201,dead-OVL-C0210,3,0.031250,0.062500,0.021277
3,4,OVL-C0301,OVL-C0408,dead-OVL-C0201,dead-OVL-C0408,12,0.125000,0.285714,0.095238
3,4,OVL-C0301,OVL-C0413,dead-OVL-C0201,dead-OVL-C0311,1,0.010417,0.037037,0.008197
3,4,OVL-C0301,OVL-C0416,dead-OVL-C0201,dead-OVL-C0416,4,0.041667,0.444444,0.039604
3,4,OVL-C0302,OVL-C0401,dead-OVL-C0005,dead-OVL-C0201,2,0.024096,0.025974,0.012658
3,4,OVL-C0302,OVL-C0402,dead-OVL-C0005,dead-OVL-C0005,51,0.614458,0.739130,0.504950
3,4,OVL-C0302,OVL-C0403,dead-OVL-C0005,dead-OVL-C0002,1,0.012048,0.014925,0.006711
3,4,OVL-C0302,OVL-C0404,dead-OVL-C0005,dead-OVL-C0011,1,0.012048,0.018519,0.007353
3,4,OVL-C0302,OVL-C0405,dead-OVL-C0005,dead-OVL-C0004,5,0.060241,0.098039,0.038760
3,4,OVL-C0302,OVL-C0406,dead-OVL-C0005,c09,1,0.012048,0.020000,0.007576
3,4,OVL-C0302,OVL-C0407,dead-OVL-C0005,dead-OVL-C0210,1,0.012048,0.020833,0.007692
3,4,OVL-C0302,OVL-C0408,dead-OVL-C0005,dead-OVL-C0408,13,0.156627,0.309524,0.116071
3,4,OVL-C0302,OVL-C0412,dead-OVL-C0005,dead-OVL-C0010,2,0.024096,0.071429,0.018349
3,4,OVL-C0302,OVL-C0414,dead-OVL-C0005,dead-OVL-C0013,1,0.012048,0.040000,0.009346
3,4,OVL-C0302,OVL-C0415,dead-OVL-C0005,dead-OVL-C0012,2,0.024096,0.083333,0.019048
3,4,OVL-C0302,OVL-C0417,dead-OVL-C0005,dead-OVL-C0417,1,0.012048,0.142857,0.011236
3,4,OVL-C0303,OVL-C0402,dead-OVL-C0004,dead-OVL-C0005,10,0.144928,0.144928,0.078125
3,4,OVL-C0303,OVL-C0403,dead-OVL-C0004,dead-OVL-C0002,2,0.028986,0.029851,0.014925
3,4,OVL-C0303,OVL-C0405,dead-OVL-C0004,dead-OVL-C0004,40,0.579710,0.784314,0.500000
3,4,OVL-C0303,OVL-C0407,dead-OVL-C0004,dead-OVL-C0210,2,0.028986,0.041667,0.017391
3,4,OVL-C0303,OVL-C0411,dead-OVL-C0004,dead-OVL-C0001,7,0.101449,0.212121,0.073684
3,4,OVL-C0303,OVL-C0413,dead-OVL-C0004,dead-OVL-C0311,2,0.028986,0.074074,0.021277
3,4,OVL-C0303,OVL-C0417,dead-OVL-C0004,dead-OVL-C0417,5,0.072464,0.714286,0.070423
3,4,OVL-C0304,OVL-C0403,dead-OVL-C0002,dead-OVL-C0002,59,0.936508,0.880597,0.830986
3,4,OVL-C0304,OVL-C0408,dead-OVL-C0002,dead-OVL-C0408,1,0.015873,0.023810,0.009615
3,4,OVL-C0304,OVL-C0409,dead-OVL-C0002,dead-OVL-C0111,1,0.015873,0.025641,0.009901
3,4,OVL-C0305,OVL-C0404,dead-OVL-C0011,dead-OVL-C0011,49,0.875000,0.907407,0.803279
3,4,OVL-C0305,OVL-C0408,dead-OVL-C0011,dead-OVL-C0408,1,0.017857,0.023810,0.010309
3,4,OVL-C0305,OVL-C0409,dead-OVL-C0011,dead-OVL-C0111,1,0.017857,0.025641,0.010638
3,4,OVL-C0305,OVL-C0412,dead-OVL-C0011,dead-OVL-C0010,3,0.053571,0.107143,0.037037
3,4,OVL-C0306,OVL-C0406,c09,c09,46,0.978723,0.920000,0.901961
3,4,OVL-C0307,OVL-C0401,dead-OVL-C0001,dead-OVL-C0201,3,0.066667,0.038961,0.025210
3,4,OVL-C0307,OVL-C0402,dead-OVL-C0001,dead-OVL-C0005,1,0.022222,0.014493,0.008850
3,4,OVL-C0307,OVL-C0406,dead-OVL-C0001,c09,1,0.022222,0.020000,0.010638
3,4,OVL-C0307,OVL-C0408,dead-OVL-C0001,dead-OVL-C0408,14,0.311111,0.333333,0.191781
3,4,OVL-C0307,OVL-C0410,dead-OVL-C0001,c05,1,0.022222,0.027027,0.012346
3,4,OVL-C0307,OVL-C0411,dead-OVL-C0001,dead-OVL-C0001,24,0.533333,0.727273,0.444444
3,4,OVL-C0308,OVL-C0401,dead-OVL-C0210,dead-OVL-C0201,1,0.022727,0.012987,0.008333
3,4,OVL-C0308,OVL-C0407,dead-OVL-C0210,dead-OVL-C0210,41,0.931818,0.854167,0.803922
3,4,OVL-C0308,OVL-C0413,dead-OVL-C0210,dead-OVL-C0311,1,0.022727,0.037037,0.014286
3,4,OVL-C0309,OVL-C0404,c05,dead-OVL-C0011,1,0.023810,0.018519,0.010526
3,4,OVL-C0309,OVL-C0409,c05,dead-OVL-C0111,5,0.119048,0.128205,0.065789
3,4,OVL-C0309,OVL-C0410,c05,c05,34,0.809524,0.918919,0.755556
3,4,OVL-C0309,OVL-C0415,c05,dead-OVL-C0012,1,0.023810,0.041667,0.015385
3,4,OVL-C0310,OVL-C0401,dead-OVL-C0111,dead-OVL-C0201,3,0.096774,0.038961,0.028571
3,4,OVL-C0310,OVL-C0403,dead-OVL-C0111,dead-OVL-C0002,2,0.064516,0.029851,0.020833
3,4,OVL-C0310,OVL-C0409,dead-OVL-C0111,dead-OVL-C0111,26,0.838710,0.666667,0.590909
3,4,OVL-C0311,OVL-C0409,dead-OVL-C0311,dead-OVL-C0111,3,0.107143,0.076923,0.046875
3,4,OVL-C0311,OVL-C0411,dead-OVL-C0311,dead-OVL-C0001,1,0.035714,0.030303,0.016667
3,4,OVL-C0311,OVL-C0413,dead-OVL-C0311,dead-OVL-C0311,20,0.714286,0.740741,0.571429
3,4,OVL-C0311,OVL-C0416,dead-OVL-C0311,dead-OVL-C0416,4,0.142857,0.444444,0.121212
3,4,OVL-C0312,OVL-C0401,dead-OVL-C0012,dead-OVL-C0201,1,0.038462,0.012987,0.009804
3,4,OVL-C0312,OVL-C0402,dead-OVL-C0012,dead-OVL-C0005,2,0.076923,0.028986,0.021505
3,4,OVL-C0312,OVL-C0405,dead-OVL-C0012,dead-OVL-C0004,1,0.038462,0.019608,0.013158
3,4,OVL-C0312,OVL-C0409,dead-OVL-C0012,dead-OVL-C0111,1,0.038462,0.025641,0.015625
3,4,OVL-C0312,OVL-C0410,dead-OVL-C0012,c05,1,0.038462,0.027027,0.016129
3,4,OVL-C0312,OVL-C0412,dead-OVL-C0012,dead-OVL-C0010,1,0.038462,0.035714,0.018868
3,4,OVL-C0312,OVL-C0415,dead-OVL-C0012,dead-OVL-C0012,19,0.730769,0.791667,0.612903
3,4,OVL-C0313,OVL-C0401,dead-OVL-C0010,dead-OVL-C0201,2,0.080000,0.025974,0.020000
3,4,OVL-C0313,OVL-C0412,dead-OVL-C0010,dead-OVL-C0010,22,0.880000,0.785714,0.709677
3,4,OVL-C0314,OVL-C0414,dead-OVL-C0013,dead-OVL-C0013,24,1.000000,0.960000,0.960000
4,5,OVL-C0401,OVL-C0501,dead-OVL-C0201,dead-OVL-C0210,23,0.298701,0.258427,0.160839
4,5,OVL-C0401,OVL-C0502,dead-OVL-C0201,dead-OVL-C0005,2,0.025974,0.025641,0.013072
4,5,OVL-C0401,OVL-C0503,dead-OVL-C0201,dead-OVL-C0004,2,0.025974,0.035714,0.015267
4,5,OVL-C0401,OVL-C0505,dead-OVL-C0201,dead-OVL-C0002,3,0.038961,0.055556,0.023438
4,5,OVL-C0401,OVL-C0506,dead-OVL-C0201,c09,3,0.038961,0.060000,0.024194
4,5,OVL-C0401,OVL-C0507,dead-OVL-C0201,dead-OVL-C0311,21,0.272727,0.437500,0.201923
4,5,OVL-C0401,OVL-C0508,dead-OVL-C0201,c05,4,0.051948,0.085106,0.033333
4,5,OVL-C0401,OVL-C0509,dead-OVL-C0201,dead-OVL-C0408,5,0.064935,0.111111,0.042735
4,5,OVL-C0401,OVL-C0510,dead-OVL-C0201,dead-OVL-C0001,3,0.038961,0.071429,0.025862
4,5,OVL-C0401,OVL-C0511,dead-OVL-C0201,dead-OVL-C0013,4,0.051948,0.111111,0.036697
4,5,OVL-C0401,OVL-C0512,dead-OVL-C0201,dead-OVL-C0010,2,0.025974,0.058824,0.018349
4,5,OVL-C0402,OVL-C0501,dead-OVL-C0005,dead-OVL-C0210,8,0.115942,0.089888,0.053333
4,5,OVL-C0402,OVL-C0502,dead-OVL-C0005,dead-OVL-C0005,44,0.637681,0.564103,0.427184
4,5,OVL-C0402,OVL-C0503,dead-OVL-C0005,dead-OVL-C0004,3,0.043478,0.053571,0.024590
4,5,OVL-C0402,OVL-C0507,dead-OVL-C0005,dead-OVL-C0311,1,0.014493,0.020833,0.008621
4,5,OVL-C0402,OVL-C0508,dead-OVL-C0005,c05,1,0.014493,0.021277,0.008696
4,5,OVL-C0402,OVL-C0509,dead-OVL-C0005,dead-OVL-C0408,5,0.072464,0.111111,0.045872
4,5,OVL-C0402,OVL-C0510,dead-OVL-C0005,dead-OVL-C0001,1,0.014493,0.023810,0.009091
4,5,OVL-C0402,OVL-C0512,dead-OVL-C0005,dead-OVL-C0010,1,0.014493,0.029412,0.009804
4,5,OVL-C0403,OVL-C0501,dead-OVL-C0002,dead-OVL-C0210,2,0.029851,0.022472,0.012987
4,5,OVL-C0403,OVL-C0502,dead-OVL-C0002,dead-OVL-C0005,4,0.059701,0.051282,0.028369
4,5,OVL-C0403,OVL-C0503,dead-OVL-C0002,dead-OVL-C0004,1,0.014925,0.017857,0.008197
4,5,OVL-C0403,OVL-C0505,dead-OVL-C0002,dead-OVL-C0002,50,0.746269,0.925926,0.704225
4,5,OVL-C0403,OVL-C0507,dead-OVL-C0002,dead-OVL-C0311,1,0.014925,0.020833,0.008772
4,5,OVL-C0403,OVL-C0513,dead-OVL-C0002,dead-OVL-C0111,4,0.059701,0.129032,0.042553
4,5,OVL-C0404,OVL-C0501,dead-OVL-C0011,dead-OVL-C0210,1,0.018519,0.011236,0.007042
4,5,OVL-C0404,OVL-C0504,dead-OVL-C0011,dead-OVL-C0011,52,0.962963,0.945455,0.912281
4,5,OVL-C0404,OVL-C0512,dead-OVL-C0011,dead-OVL-C0010,1,0.018519,0.029412,0.011494
4,5,OVL-C0405,OVL-C0502,dead-OVL-C0004,dead-OVL-C0005,1,0.019608,0.012821,0.007812
4,5,OVL-C0405,OVL-C0503,dead-OVL-C0004,dead-OVL-C0004,44,0.862745,0.785714,0.698413
4,5,OVL-C0405,OVL-C0509,dead-OVL-C0004,dead-OVL-C0408,1,0.019608,0.022222,0.010526
4,5,OVL-C0406,OVL-C0506,c09,c09,46,0.920000,0.920000,0.851852
4,5,OVL-C0406,OVL-C0512,c09,dead-OVL-C0010,1,0.020000,0.029412,0.012048
4,5,OVL-C0407,OVL-C0501,dead-OVL-C0210,dead-OVL-C0210,40,0.833333,0.449438,0.412371
4,5,OVL-C0407,OVL-C0506,dead-OVL-C0210,c09,1,0.020833,0.020000,0.010309
4,5,OVL-C0407,OVL-C0509,dead-OVL-C0210,dead-OVL-C0408,1,0.020833,0.022222,0.010870
4,5,OVL-C0407,OVL-C0510,dead-OVL-C0210,dead-OVL-C0001,1,0.020833,0.023810,0.011236
4,5,OVL-C0407,OVL-C0513,dead-OVL-C0210,dead-OVL-C0111,1,0.020833,0.032258,0.012821
4,5,OVL-C0408,OVL-C0501,dead-OVL-C0408,dead-OVL-C0210,4,0.095238,0.044944,0.031496
4,5,OVL-C0408,OVL-C0503,dead-OVL-C0408,dead-OVL-C0004,1,0.023810,0.017857,0.010309
4,5,OVL-C0408,OVL-C0504,dead-OVL-C0408,dead-OVL-C0011,1,0.023810,0.018182,0.010417
4,5,OVL-C0408,OVL-C0505,dead-OVL-C0408,dead-OVL-C0002,1,0.023810,0.018519,0.010526
4,5,OVL-C0408,OVL-C0507,dead-OVL-C0408,dead-OVL-C0311,1,0.023810,0.020833,0.011236
4,5,OVL-C0408,OVL-C0509,dead-OVL-C0408,dead-OVL-C0408,30,0.714286,0.666667,0.526316
4,5,OVL-C0409,OVL-C0501,dead-OVL-C0111,dead-OVL-C0210,1,0.025641,0.011236,0.007874
4,5,OVL-C0409,OVL-C0508,dead-OVL-C0111,c05,7,0.179487,0.148936,0.088608
4,5,OVL-C0409,OVL-C0509,dead-OVL-C0111,dead-OVL-C0408,1,0.025641,0.022222,0.012048
4,5,OVL-C0409,OVL-C0513,dead-OVL-C0111,dead-OVL-C0111,26,0.666667,0.838710,0.590909
4,5,OVL-C0410,OVL-C0508,c05,c05,35,0.945946,0.744681,0.714286
4,5,OVL-C0411,OVL-C0501,dead-OVL-C0001,dead-OVL-C0210,1,0.030303,0.011236,0.008264
4,5,OVL-C0411,OVL-C0503,dead-OVL-C0001,dead-OVL-C0004,1,0.030303,0.017857,0.011364
4,5,OVL-C0411,OVL-C0509,dead-OVL-C0001,dead-OVL-C0408,1,0.030303,0.022222,0.012987
4,5,OVL-C0411,OVL-C0510,dead-OVL-C0001,dead-OVL-C0001,28,0.848485,0.666667,0.595745
4,5,OVL-C0411,OVL-C0512,dead-OVL-C0001,dead-OVL-C0010,1,0.030303,0.029412,0.015152
4,5,OVL-C0412,OVL-C0502,dead-OVL-C0010,dead-OVL-C0005,1,0.035714,0.012821,0.009524
4,5,OVL-C0412,OVL-C0512,dead-OVL-C0010,dead-OVL-C0010,27,0.964286,0.794118,0.771429
4,5,OVL-C0413,OVL-C0507,dead-OVL-C0311,dead-OVL-C0311,22,0.814815,0.458333,0.415094
4,5,OVL-C0413,OVL-C0511,dead-OVL-C0311,dead-OVL-C0013,4,0.148148,0.111111,0.067797
4,5,OVL-C0414,OVL-C0511,dead-OVL-C0013,dead-OVL-C0013,25,1.000000,0.694444,0.694444
4,5,OVL-C0415,OVL-C0501,dead-OVL-C0012,dead-OVL-C0210,1,0.041667,0.011236,0.008929
4,5,OVL-C0415,OVL-C0502,dead-OVL-C0012,dead-OVL-C0005,22,0.916667,0.282051,0.275000
4,5,OVL-C0415,OVL-C0503,dead-OVL-C0012,dead-OVL-C0004,1,0.041667,0.017857,0.012658
4,5,OVL-C0416,OVL-C0510,dead-OVL-C0416,dead-OVL-C0001,8,0.888889,0.190476,0.186047
4,5,OVL-C0417,OVL-C0514,dead-OVL-C0417,dead-OVL-C0417,5,0.714286,0.833333,0.625000
5,6,OVL-C0501,OVL-C0601,dead-OVL-C0210,dead-OVL-C0002,9,0.101124,0.103448,0.053892
5,6,OVL-C0501,OVL-C0602,dead-OVL-C0210,dead-OVL-C0602,12,0.134831,0.153846,0.077419
5,6,OVL-C0501,OVL-C0605,dead-OVL-C0210,dead-OVL-C0210,47,0.528090,0.810345,0.470000
5,6,OVL-C0501,OVL-C0606,dead-OVL-C0210,dead-OVL-C0004,2,0.022472,0.040816,0.014706
5,6,OVL-C0501,OVL-C0608,dead-OVL-C0210,dead-OVL-C0311,9,0.101124,0.195652,0.071429
5,6,OVL-C0501,OVL-C0609,dead-OVL-C0210,dead-OVL-C0111,1,0.011236,0.032258,0.008403
5,6,OVL-C0501,OVL-C0610,dead-OVL-C0210,dead-OVL-C0610,1,0.011236,0.034483,0.008547
5,6,OVL-C0502,OVL-C0601,dead-OVL-C0005,dead-OVL-C0002,2,0.025641,0.022989,0.012270
5,6,OVL-C0502,OVL-C0602,dead-OVL-C0005,dead-OVL-C0602,2,0.025641,0.025641,0.012987
5,6,OVL-C0502,OVL-C0603,dead-OVL-C0005,c09,4,0.051282,0.057971,0.027972
5,6,OVL-C0502,OVL-C0604,dead-OVL-C0005,dead-OVL-C0005,41,0.525641,0.650794,0.410000
5,6,OVL-C0502,OVL-C0610,dead-OVL-C0005,dead-OVL-C0610,23,0.294872,0.793103,0.273810
5,6,OVL-C0502,OVL-C0613,dead-OVL-C0005,dead-OVL-C0613,1,0.012821,0.045455,0.010101
5,6,OVL-C0503,OVL-C0601,dead-OVL-C0004,dead-OVL-C0002,1,0.017857,0.011494,0.007042
5,6,OVL-C0503,OVL-C0602,dead-OVL-C0004,dead-OVL-C0602,4,0.071429,0.051282,0.030769
5,6,OVL-C0503,OVL-C0604,dead-OVL-C0004,dead-OVL-C0005,4,0.071429,0.063492,0.034783
5,6,OVL-C0503,OVL-C0606,dead-OVL-C0004,dead-OVL-C0004,41,0.732143,0.836735,0.640625
5,6,OVL-C0503,OVL-C0608,dead-OVL-C0004,dead-OVL-C0311,1,0.017857,0.021739,0.009901
5,6,OVL-C0503,OVL-C0610,dead-OVL-C0004,dead-OVL-C0610,3,0.053571,0.103448,0.036585
5,6,OVL-C0504,OVL-C0601,dead-OVL-C0011,dead-OVL-C0002,2,0.036364,0.022989,0.014286
5,6,OVL-C0504,OVL-C0602,dead-OVL-C0011,dead-OVL-C0602,7,0.127273,0.089744,0.055556
5,6,OVL-C0504,OVL-C0603,dead-OVL-C0011,c09,1,0.018182,0.014493,0.008130
5,6,OVL-C0504,OVL-C0607,dead-OVL-C0011,dead-OVL-C0010,20,0.363636,0.408163,0.238095
5,6,OVL-C0504,OVL-C0613,dead-OVL-C0011,dead-OVL-C0613,21,0.381818,0.954545,0.375000
5,6,OVL-C0505,OVL-C0601,dead-OVL-C0002,dead-OVL-C0002,53,0.981481,0.609195,0.602273
5,6,OVL-C0505,OVL-C0608,dead-OVL-C0002,dead-OVL-C0311,1,0.018519,0.021739,0.010101
5,6,OVL-C0506,OVL-C0603,c09,c09,33,0.660000,0.478261,0.383721
5,6,OVL-C0506,OVL-C0604,c09,dead-OVL-C0005,1,0.020000,0.015873,0.008929
5,6,OVL-C0506,OVL-C0607,c09,dead-OVL-C0010,2,0.040000,0.040816,0.020619
5,6,OVL-C0506,OVL-C0608,c09,dead-OVL-C0311,3,0.060000,0.065217,0.032258
5,6,OVL-C0506,OVL-C0609,c09,dead-OVL-C0111,2,0.040000,0.064516,0.025316
5,6,OVL-C0506,OVL-C0614,c09,dead-OVL-C0614,6,0.120000,1.000000,0.120000
5,6,OVL-C0507,OVL-C0601,dead-OVL-C0311,dead-OVL-C0002,7,0.145833,0.080460,0.054688
5,6,OVL-C0507,OVL-C0602,dead-OVL-C0311,dead-OVL-C0602,4,0.083333,0.051282,0.032787
5,6,OVL-C0507,OVL-C0603,dead-OVL-C0311,c09,1,0.020833,0.014493,0.008621
5,6,OVL-C0507,OVL-C0605,dead-OVL-C0311,dead-OVL-C0210,2,0.041667,0.034483,0.019231
5,6,OVL-C0507,OVL-C0606,dead-OVL-C0311,dead-OVL-C0004,2,0.041667,0.040816,0.021053
5,6,OVL-C0507,OVL-C0607,dead-OVL-C0311,dead-OVL-C0010,1,0.020833,0.020408,0.010417
5,6,OVL-C0507,OVL-C0608,dead-OVL-C0311,dead-OVL-C0311,24,0.500000,0.521739,0.342857
5,6,OVL-C0507,OVL-C0609,dead-OVL-C0311,dead-OVL-C0111,1,0.020833,0.032258,0.012821
5,6,OVL-C0507,OVL-C0610,dead-OVL-C0311,dead-OVL-C0610,1,0.020833,0.034483,0.013158
5,6,OVL-C0507,OVL-C0611,dead-OVL-C0311,c05,1,0.020833,0.035714,0.013333
5,6,OVL-C0508,OVL-C0601,c05,dead-OVL-C0002,2,0.042553,0.022989,0.015152
5,6,OVL-C0508,OVL-C0603,c05,c09,1,0.021277,0.014493,0.008696
5,6,OVL-C0508,OVL-C0604,c05,dead-OVL-C0005,2,0.042553,0.031746,0.018519
5,6,OVL-C0508,OVL-C0605,c05,dead-OVL-C0210,6,0.127660,0.103448,0.060606
5,6,OVL-C0508,OVL-C0611,c05,c05,26,0.553191,0.928571,0.530612
5,6,OVL-C0509,OVL-C0602,dead-OVL-C0408,dead-OVL-C0602,26,0.577778,0.333333,0.268041
5,6,OVL-C0509,OVL-C0604,dead-OVL-C0408,dead-OVL-C0005,8,0.177778,0.126984,0.080000
5,6,OVL-C0509,OVL-C0605,dead-OVL-C0408,dead-OVL-C0210,1,0.022222,0.017241,0.009804
5,6,OVL-C0509,OVL-C0606,dead-OVL-C0408,dead-OVL-C0004,3,0.066667,0.061224,0.032967
5,6,OVL-C0509,OVL-C0608,dead-OVL-C0408,dead-OVL-C0311,1,0.022222,0.021739,0.011111
5,6,OVL-C0509,OVL-C0609,dead-OVL-C0408,dead-OVL-C0111,1,0.022222,0.032258,0.013333
5,6,OVL-C0509,OVL-C0611,dead-OVL-C0408,c05,1,0.022222,0.035714,0.013889
5,6,OVL-C0510,OVL-C0602,dead-OVL-C0001,dead-OVL-C0602,15,0.357143,0.192308,0.142857
5,6,OVL-C0510,OVL-C0603,dead-OVL-C0001,c09,16,0.380952,0.231884,0.168421
5,6,OVL-C0510,OVL-C0604,dead-OVL-C0001,dead-OVL-C0005,1,0.023810,0.015873,0.009615
5,6,OVL-C0510,OVL-C0607,dead-OVL-C0001,dead-OVL-C0010,1,0.023810,0.020408,0.011111
5,6,OVL-C0510,OVL-C0608,dead-OVL-C0001,dead-OVL-C0311,5,0.119048,0.108696,0.060241
5,6,OVL-C0511,OVL-C0602,dead-OVL-C0013,dead-OVL-C0602,2,0.055556,0.025641,0.017857
5,6,OVL-C0511,OVL-C0603,dead-OVL-C0013,c09,5,0.138889,0.072464,0.050000
5,6,OVL-C0511,OVL-C0609,dead-OVL-C0013,dead-OVL-C0111,1,0.027778,0.032258,0.015152
5,6,OVL-C0511,OVL-C0612,dead-OVL-C0013,dead-OVL-C0013,21,0.583333,0.954545,0.567568
5,6,OVL-C0512,OVL-C0602,dead-OVL-C0010,dead-OVL-C0602,3,0.088235,0.038462,0.027523
5,6,OVL-C0512,OVL-C0603,dead-OVL-C0010,c09,1,0.029412,0.014493,0.009804
5,6,OVL-C0512,OVL-C0604,dead-OVL-C0010,dead-OVL-C0005,2,0.058824,0.031746,0.021053
5,6,OVL-C0512,OVL-C0607,dead-OVL-C0010,dead-OVL-C0010,25,0.735294,0.510204,0.431034
5,6,OVL-C0512,OVL-C0608,dead-OVL-C0010,dead-OVL-C0311,1,0.029412,0.021739,0.012658
5,6,OVL-C0513,OVL-C0601,dead-OVL-C0111,dead-OVL-C0002,4,0.129032,0.045977,0.035088
5,6,OVL-C0513,OVL-C0605,dead-OVL-C0111,dead-OVL-C0210,1,0.032258,0.017241,0.011364
5,6,OVL-C0513,OVL-C0609,dead-OVL-C0111,dead-OVL-C0111,24,0.774194,0.774194,0.631579
6,7,OVL-C0601,OVL-C0701,dead-OVL-C0002,dead-OVL-C0210,9,0.103448,0.115385,0.057692
6,7,OVL-C0601,OVL-C0702,dead-OVL-C0002,dead-OVL-C0004,2,0.022989,0.027778,0.012739
6,7,OVL-C0601,OVL-C0703,dead-OVL-C0002,dead-OVL-C0002,65,0.747126,0.955882,0.722222
6,7,OVL-C0601,OVL-C0705,dead-OVL-C0002,dead-OVL-C0005,1,0.011494,0.019231,0.007246
6,7,OVL-C0601,OVL-C0706,dead-OVL-C0002,dead-OVL-C0602,1,0.011494,0.020000,0.007353
6,7,OVL-C0601,OVL-C0707,dead-OVL-C0002,c05,1,0.011494,0.023810,0.007812
6,7,OVL-C0601,OVL-C0709,dead-OVL-C0002,dead-OVL-C0709,6,0.068966,0.181818,0.052632
6,7,OVL-C0602,OVL-C0701,dead-OVL-C0602,dead-OVL-C0210,6,0.076923,0.076923,0.040000
6,7,OVL-C0602,OVL-C0702,dead-OVL-C0602,dead-OVL-C0004,10,0.128205,0.138889,0.071429
6,7,OVL-C0602,OVL-C0704,dead-OVL-C0602,c09,4,0.051282,0.067797,0.030075
6,7,OVL-C0602,OVL-C0705,dead-OVL-C0602,dead-OVL-C0005,2,0.025641,0.038462,0.015625
6,7,OVL-C0602,OVL-C0706,dead-OVL-C0602,dead-OVL-C0602,37,0.474359,0.740000,0.406593
6,7,OVL-C0602,OVL-C0707,dead-OVL-C0602,c05,2,0.025641,0.047619,0.016949
6,7,OVL-C0602,OVL-C0708,dead-OVL-C0602,dead-OVL-C0111,1,0.012821,0.029412,0.009009
6,7,OVL-C0602,OVL-C0709,dead-OVL-C0602,dead-OVL-C0709,5,0.064103,0.151515,0.047170
6,7,OVL-C0602,OVL-C0710,dead-OVL-C0602,dead-OVL-C0613,4,0.051282,0.125000,0.037736
6,7,OVL-C0602,OVL-C0714,dead-OVL-C0602,dead-OVL-C0714,1,0.012821,0.055556,0.010526
6,7,OVL-C0603,OVL-C0701,c09,dead-OVL-C0210,3,0.043478,0.038462,0.020833
6,7,OVL-C0603,OVL-C0704,c09,c09,42,0.608696,0.711864,0.488372
6,7,OVL-C0603,OVL-C0706,c09,dead-OVL-C0602,4,0.057971,0.080000,0.034783
6,7,OVL-C0603,OVL-C0708,c09,dead-OVL-C0111,2,0.028986,0.058824,0.019802
6,7,OVL-C0603,OVL-C0710,c09,dead-OVL-C0613,1,0.014493,0.031250,0.010000
6,7,OVL-C0603,OVL-C0713,c09,dead-OVL-C0013,2,0.028986,0.090909,0.022472
6,7,OVL-C0603,OVL-C0716,c09,dead-OVL-C0716,11,0.159420,0.846154,0.154930
6,7,OVL-C0604,OVL-C0702,dead-OVL-C0005,dead-OVL-C0004,15,0.238095,0.208333,0.125000
6,7,OVL-C0604,OVL-C0703,dead-OVL-C0005,dead-OVL-C0002,1,0.015873,0.014706,0.007692
6,7,OVL-C0604,OVL-C0705,dead-OVL-C0005,dead-OVL-C0005,38,0.603175,0.730769,0.493506
6,7,OVL-C0604,OVL-C0707,dead-OVL-C0005,c05,1,0.015873,0.023810,0.009615
6,7,OVL-C0604,OVL-C0711,dead-OVL-C0005,dead-OVL-C0610,2,0.031746,0.074074,0.022727
6,7,OVL-C0604,OVL-C0712,dead-OVL-C0005,dead-OVL-C0010,1,0.015873,0.040000,0.011494
6,7,OVL-C0605,OVL-C0701,dead-OVL-C0210,dead-OVL-C0210,38,0.655172,0.487179,0.387755
6,7,OVL-C0605,OVL-C0702,dead-OVL-C0210,dead-OVL-C0004,1,0.017241,0.013889,0.007752
6,7,OVL-C0605,OVL-C0705,dead-OVL-C0210,dead-OVL-C0005,2,0.034483,0.038462,0.018519
6,7,OVL-C0605,OVL-C0706,dead-OVL-C0210,dead-OVL-C0602,2,0.034483,0.040000,0.018868
6,7,OVL-C0605,OVL-C0707,dead-OVL-C0210,c05,5,0.086207,0.119048,0.052632
6,7,OVL-C0605,OVL-C0708,dead-OVL-C0210,dead-OVL-C0111,1,0.017241,0.029412,0.010989
6,7,OVL-C0605,OVL-C0709,dead-OVL-C0210,dead-OVL-C0709,5,0.086207,0.151515,0.058140
6,7,OVL-C0606,OVL-C0702,dead-OVL-C0004,dead-OVL-C0004,39,0.795918,0.541667,0.475610
6,7,OVL-C0606,OVL-C0711,dead-OVL-C0004,dead-OVL-C0610,1,0.020408,0.037037,0.013333
6,7,OVL-C0606,OVL-C0714,dead-OVL-C0004,dead-OVL-C0714,1,0.020408,0.055556,0.015152
6,7,OVL-C0606,OVL-C0718,dead-OVL-C0004,dead-OVL-C0718,3,0.061224,1.000000,0.061224
6,7,OVL-C0607,OVL-C0701,dead-OVL-C0010,dead-OVL-C0210,1,0.020408,0.012821,0.007937
6,7,OVL-C0607,OVL-C0704,dead-OVL-C0010,c09,2,0.040816,0.033898,0.018868
6,7,OVL-C0607,OVL-C0705,dead-OVL-C0010,dead-OVL-C0005,1,0.020408,0.019231,0.010000
6,7,OVL-C0607,OVL-C0710,dead-OVL-C0010,dead-OVL-C0613,4,0.081633,0.125000,0.051948
6,7,OVL-C0607,OVL-C0712,dead-OVL-C0010,dead-OVL-C0010,23,0.469388,0.920000,0.450980
6,7,OVL-C0607,OVL-C0715,dead-OVL-C0010,dead-OVL-C0715,14,0.285714,1.000000,0.285714
6,7,OVL-C0608,OVL-C0701,dead-OVL-C0311,dead-OVL-C0210,7,0.152174,0.089744,0.059829
6,7,OVL-C0608,OVL-C0703,dead-OVL-C0311,dead-OVL-C0002,1,0.021739,0.014706,0.008850
6,7,OVL-C0608,OVL-C0704,dead-OVL-C0311,c09,3,0.065217,0.050847,0.029412
6,7,OVL-C0608,OVL-C0706,dead-OVL-C0311,dead-OVL-C0602,5,0.108696,0.100000,0.054945
6,7,OVL-C0608,OVL-C0709,dead-OVL-C0311,dead-OVL-C0709,12,0.260870,0.363636,0.179104
6,7,OVL-C0608,OVL-C0714,dead-OVL-C0311,dead-OVL-C0714,15,0.326087,0.833333,0.306122
6,7,OVL-C0609,OVL-C0701,dead-OVL-C0111,dead-OVL-C0210,2,0.064516,0.025641,0.018692
6,7,OVL-C0609,OVL-C0703,dead-OVL-C0111,dead-OVL-C0002,1,0.032258,0.014706,0.010204
6,7,OVL-C0609,OVL-C0708,dead-OVL-C0111,dead-OVL-C0111,27,0.870968,0.794118,0.710526
6,7,OVL-C0610,OVL-C0702,dead-OVL-C0610,dead-OVL-C0004,2,0.068966,0.027778,0.020202
6,7,OVL-C0610,OVL-C0705,dead-OVL-C0610,dead-OVL-C0005,3,0.103448,0.057692,0.038462
6,7,OVL-C0610,OVL-C0709,dead-OVL-C0610,dead-OVL-C0709,1,0.034483,0.030303,0.016393
6,7,OVL-C0610,OVL-C0711,dead-OVL-C0610,dead-OVL-C0610,23,0.793103,0.851852,0.696970
6,7,OVL-C0611,OVL-C0701,c05,dead-OVL-C0210,2,0.071429,0.025641,0.019231
6,7,OVL-C0611,OVL-C0705,c05,dead-OVL-C0005,1,0.035714,0.019231,0.012658
6,7,OVL-C0611,OVL-C0707,c05,c05,25,0.892857,0.595238,0.555556
6,7,OVL-C0612,OVL-C0701,dead-OVL-C0013,dead-OVL-C0210,2,0.090909,0.025641,0.020408
6,7,OVL-C0612,OVL-C0713,dead-OVL-C0013,dead-OVL-C0013,19,0.863636,0.863636,0.760000
6,7,OVL-C0613,OVL-C0710,dead-OVL-C0613,dead-OVL-C0613,21,0.954545,0.656250,0.636364
6,7,OVL-C0614,OVL-C0704,dead-OVL-C0614,c09,4,0.666667,0.067797,0.065574
6,7,OVL-C0614,OVL-C0708,dead-OVL-C0614,dead-OVL-C0111,1,0.166667,0.029412,0.025641
7,8,OVL-C0701,OVL-C0802,dead-OVL-C0210,dead-OVL-C0802,12,0.153846,0.184615,0.091603
7,8,OVL-C0701,OVL-C0803,dead-OVL-C0210,dead-OVL-C0210,53,0.679487,0.841270,0.602273
7,8,OVL-C0701,OVL-C0804,dead-OVL-C0210,c09,2,0.025641,0.031746,0.014388
7,8,OVL-C0701,OVL-C0806,dead-OVL-C0210,c05,3,0.038462,0.057692,0.023622
7,8,OVL-C0701,OVL-C0807,dead-OVL-C0210,dead-OVL-C0602,1,0.012821,0.024390,0.008475
7,8,OVL-C0701,OVL-C0808,dead-OVL-C0210,dead-OVL-C0709,3,0.038462,0.078947,0.026549
7,8,OVL-C0701,OVL-C0810,dead-OVL-C0210,dead-OVL-C0111,3,0.038462,0.096774,0.028302
7,8,OVL-C0702,OVL-C0801,dead-OVL-C0004,dead-OVL-C0004,47,0.652778,0.701493,0.510870
7,8,OVL-C0702,OVL-C0802,dead-OVL-C0004,dead-OVL-C0802,1,0.013889,0.015385,0.007353
7,8,OVL-C0702,OVL-C0803,dead-OVL-C0004,dead-OVL-C0210,2,0.027778,0.031746,0.015038
7,8,OVL-C0702,OVL-C0804,dead-OVL-C0004,c09,2,0.027778,0.031746,0.015038
7,8,OVL-C0702,OVL-C0805,dead-OVL-C0004,dead-OVL-C0002,1,0.013889,0.018519,0.008000
7,8,OVL-C0702,OVL-C0806,dead-OVL-C0004,c05,1,0.013889,0.019231,0.008130
7,8,OVL-C0702,OVL-C0808,dead-OVL-C0004,dead-OVL-C0709,1,0.013889,0.026316,0.009174
7,8,OVL-C0702,OVL-C0809,dead-OVL-C0004,dead-OVL-C0809,5,0.069444,0.138889,0.048544
7,8,OVL-C0702,OVL-C0815,dead-OVL-C0004,dead-OVL-C0716,1,0.013889,0.058824,0.011364
7,8,OVL-C0702,OVL-C0817,dead-OVL-C0004,dead-OVL-C0817,7,0.097222,0.777778,0.094595
7,8,OVL-C0703,OVL-C0802,dead-OVL-C0002,dead-OVL-C0802,16,0.235294,0.246154,0.136752
7,8,OVL-C0703,OVL-C0804,dead-OVL-C0002,c09,1,0.014706,0.015873,0.007692
7,8,OVL-C0703,OVL-C0805,dead-OVL-C0002,dead-OVL-C0002,45,0.661765,0.833333,0.584416
7,8,OVL-C0703,OVL-C0806,dead-OVL-C0002,c05,1,0.014706,0.019231,0.008403
7,8,OVL-C0703,OVL-C0808,dead-OVL-C0002,dead-OVL-C0709,1,0.014706,0.026316,0.009524
7,8,OVL-C0703,OVL-C0815,dead-OVL-C0002,dead-OVL-C0716,1,0.014706,0.058824,0.011905
7,8,OVL-C0704,OVL-C0802,c09,dead-OVL-C0802,2,0.033898,0.030769,0.016393
7,8,OVL-C0704,OVL-C0803,c09,dead-OVL-C0210,1,0.016949,0.015873,0.008264
7,8,OVL-C0704,OVL-C0804,c09,c09,50,0.847458,0.793651,0.694444
7,8,OVL-C0704,OVL-C0807,c09,dead-OVL-C0602,1,0.016949,0.024390,0.010101
7,8,OVL-C0704,OVL-C0813,c09,dead-OVL-C0013,2,0.033898,0.074074,0.023810
7,8,OVL-C0704,OVL-C0815,c09,dead-OVL-C0716,1,0.016949,0.058824,0.013333
7,8,OVL-C0705,OVL-C0801,dead-OVL-C0005,dead-OVL-C0004,11,0.211538,0.164179,0.101852
7,8,OVL-C0705,OVL-C0802,dead-OVL-C0005,dead-OVL-C0802,23,0.442308,0.353846,0.244681
7,8,OVL-C0705,OVL-C0805,dead-OVL-C0005,dead-OVL-C0002,6,0.115385,0.111111,0.060000
7,8,OVL-C0705,OVL-C0808,dead-OVL-C0005,dead-OVL-C0709,3,0.057692,0.078947,0.034483
7,8,OVL-C0705,OVL-C0809,dead-OVL-C0005,dead-OVL-C0809,1,0.019231,0.027778,0.011494
7,8,OVL-C0705,OVL-C0811,dead-OVL-C0005,dead-OVL-C0610,1,0.019231,0.033333,0.012346
7,8,OVL-C0705,OVL-C0814,dead-OVL-C0005,dead-OVL-C0010,3,0.057692,0.120000,0.040541
7,8,OVL-C0705,OVL-C0815,dead-OVL-C0005,dead-OVL-C0716,1,0.019231,0.058824,0.014706
7,8,OVL-C0705,OVL-C0817,dead-OVL-C0005,dead-OVL-C0817,1,0.019231,0.111111,0.016667
7,8,OVL-C0706,OVL-C0802,dead-OVL-C0602,dead-OVL-C0802,1,0.020000,0.015385,0.008772
7,8,OVL-C0706,OVL-C0804,dead-OVL-C0602,c09,1,0.020000,0.015873,0.008929
7,8,OVL-C0706,OVL-C0807,dead-OVL-C0602,dead-OVL-C0602,23,0.460000,0.560976,0.338235
7,8,OVL-C0706,OVL-C0809,dead-OVL-C0602,dead-OVL-C0809,22,0.440000,0.611111,0.343750
7,8,OVL-C0707,OVL-C0802,c05,dead-OVL-C0802,1,0.023810,0.015385,0.009434
7,8,OVL-C0707,OVL-C0803,c05,dead-OVL-C0210,1,0.023810,0.015873,0.009615
7,8,OVL-C0707,OVL-C0804,c05,c09,1,0.023810,0.015873,0.009615
7,8,OVL-C0707,OVL-C0806,c05,c05,37,0.880952,0.711538,0.649123
7,8,OVL-C0707,OVL-C0810,c05,dead-OVL-C0111,1,0.023810,0.032258,0.013889
7,8,OVL-C0708,OVL-C0801,dead-OVL-C0111,dead-OVL-C0004,4,0.117647,0.059701,0.041237
7,8,OVL-C0708,OVL-C0803,dead-OVL-C0111,dead-OVL-C0210,1,0.029412,0.015873,0.010417
7,8,OVL-C0708,OVL-C0804,dead-OVL-C0111,c09,2,0.058824,0.031746,0.021053
7,8,OVL-C0708,OVL-C0808,dead-OVL-C0111,dead-OVL-C0709,1,0.029412,0.026316,0.014085
7,8,OVL-C0708,OVL-C0810,dead-OVL-C0111,dead-OVL-C0111,24,0.705882,0.774194,0.585366
7,8,OVL-C0708,OVL-C0812,dead-OVL-C0111,dead-OVL-C0613,1,0.029412,0.034483,0.016129
7,8,OVL-C0708,OVL-C0815,dead-OVL-C0111,dead-OVL-C0716,1,0.029412,0.058824,0.020000
7,8,OVL-C0709,OVL-C0802,dead-OVL-C0709,dead-OVL-C0802,3,0.090909,0.046154,0.031579
7,8,OVL-C0709,OVL-C0803,dead-OVL-C0709,dead-OVL-C0210,1,0.030303,0.015873,0.010526
7,8,OVL-C0709,OVL-C0806,dead-OVL-C0709,c05,1,0.030303,0.019231,0.011905
7,8,OVL-C0709,OVL-C0808,dead-OVL-C0709,dead-OVL-C0709,24,0.727273,0.631579,0.510638
7,8,OVL-C0709,OVL-C0809,dead-OVL-C0709,dead-OVL-C0809,2,0.060606,0.055556,0.029851
7,8,OVL-C0709,OVL-C0810,dead-OVL-C0709,dead-OVL-C0111,1,0.030303,0.032258,0.015873
7,8,OVL-C0710,OVL-C0809,dead-OVL-C0613,dead-OVL-C0809,3,0.093750,0.083333,0.046154
7,8,OVL-C0710,OVL-C0811,dead-OVL-C0613,dead-OVL-C0610,1,0.031250,0.033333,0.016393
7,8,OVL-C0710,OVL-C0812,dead-OVL-C0613,dead-OVL-C0613,28,0.875000,0.965517,0.848485
7,8,OVL-C0711,OVL-C0805,dead-OVL-C0610,dead-OVL-C0002,1,0.037037,0.018519,0.012500
7,8,OVL-C0711,OVL-C0811,dead-OVL-C0610,dead-OVL-C0610,26,0.962963,0.866667,0.838710
7,8,OVL-C0712,OVL-C0814,dead-OVL-C0010,dead-OVL-C0010,22,0.880000,0.880000,0.785714
7,8,OVL-C0712,OVL-C0815,dead-OVL-C0010,dead-OVL-C0716,1,0.040000,0.058824,0.024390
7,8,OVL-C0712,OVL-C0816,dead-OVL-C0010,dead-OVL-C0715,2,0.080000,0.133333,0.052632
7,8,OVL-C0713,OVL-C0813,dead-OVL-C0013,dead-OVL-C0013,22,1.000000,0.814815,0.814815
7,8,OVL-C0714,OVL-C0806,dead-OVL-C0714,c05,1,0.055556,0.019231,0.014493
7,8,OVL-C0714,OVL-C0807,dead-OVL-C0714,dead-OVL-C0602,14,0.777778,0.341463,0.311111
7,8,OVL-C0714,OVL-C0810,dead-OVL-C0714,dead-OVL-C0111,1,0.055556,0.032258,0.020833
7,8,OVL-C0715,OVL-C0801,dead-OVL-C0715,dead-OVL-C0004,1,0.071429,0.014925,0.012500
7,8,OVL-C0715,OVL-C0816,dead-OVL-C0715,dead-OVL-C0715,13,0.928571,0.866667,0.812500
7,8,OVL-C0716,OVL-C0806,dead-OVL-C0716,c05,1,0.076923,0.019231,0.015625
7,8,OVL-C0716,OVL-C0815,dead-OVL-C0716,dead-OVL-C0716,10,0.769231,0.588235,0.500000
7,8,OVL-C0716,OVL-C0817,dead-OVL-C0716,dead-OVL-C0817,1,0.076923,0.111111,0.047619
7,8,OVL-C0717,OVL-C0806,dead-OVL-C0717,c05,4,1.000000,0.076923,0.076923
7,8,OVL-C0718,OVL-C0808,dead-OVL-C0718,dead-OVL-C0709,3,1.000000,0.078947,0.078947
8,9,OVL-C0801,OVL-C0901,dead-OVL-C0004,dead-OVL-C0901,1,0.014925,0.009009,0.005650
8,9,OVL-C0801,OVL-C0902,dead-OVL-C0004,dead-OVL-C0002,15,0.223881,0.185185,0.112782
8,9,OVL-C0801,OVL-C0903,dead-OVL-C0004,c09,1,0.014925,0.013889,0.007246
8,9,OVL-C0801,OVL-C0904,dead-OVL-C0004,dead-OVL-C0004,40,0.597015,0.615385,0.434783
8,9,OVL-C0801,OVL-C0905,dead-OVL-C0004,c05,2,0.029851,0.042553,0.017857
8,9,OVL-C0801,OVL-C0906,dead-OVL-C0004,dead-OVL-C0111,3,0.044776,0.073171,0.028571
8,9,OVL-C0801,OVL-C0909,dead-OVL-C0004,dead-OVL-C0602,1,0.014925,0.026316,0.009615
8,9,OVL-C0801,OVL-C0910,dead-OVL-C0004,dead-OVL-C0809,2,0.029851,0.054054,0.019608
8,9,OVL-C0802,OVL-C0901,dead-OVL-C0802,dead-OVL-C0901,39,0.600000,0.351351,0.284672
8,9,OVL-C0802,OVL-C0902,dead-OVL-C0802,dead-OVL-C0002,11,0.169231,0.135802,0.081481
8,9,OVL-C0802,OVL-C0904,dead-OVL-C0802,dead-OVL-C0004,2,0.030769,0.030769,0.015625
8,9,OVL-C0802,OVL-C0905,dead-OVL-C0802,c05,1,0.015385,0.021277,0.009009
8,9,OVL-C0802,OVL-C0906,dead-OVL-C0802,dead-OVL-C0111,1,0.015385,0.024390,0.009524
8,9,OVL-C0802,OVL-C0910,dead-OVL-C0802,dead-OVL-C0809,2,0.030769,0.054054,0.020000
8,9,OVL-C0803,OVL-C0901,dead-OVL-C0210,dead-OVL-C0901,12,0.190476,0.108108,0.074074
8,9,OVL-C0803,OVL-C0902,dead-OVL-C0210,dead-OVL-C0002,2,0.031746,0.024691,0.014085
8,9,OVL-C0803,OVL-C0903,dead-OVL-C0210,c09,5,0.079365,0.069444,0.038462
8,9,OVL-C0803,OVL-C0904,dead-OVL-C0210,dead-OVL-C0004,1,0.015873,0.015385,0.007874
8,9,OVL-C0803,OVL-C0906,dead-OVL-C0210,dead-OVL-C0111,1,0.015873,0.024390,0.009709
8,9,OVL-C0803,OVL-C0908,dead-OVL-C0210,dead-OVL-C0210,39,0.619048,1.000000,0.619048
8,9,OVL-C0803,OVL-C0910,dead-OVL-C0210,dead-OVL-C0809,1,0.015873,0.027027,0.010101
8,9,OVL-C0803,OVL-C0912,dead-OVL-C0210,dead-OVL-C0613,1,0.015873,0.037037,0.011236
8,9,OVL-C0804,OVL-C0903,c09,c09,59,0.936508,0.819444,0.776316
8,9,OVL-C0804,OVL-C0906,c09,dead-OVL-C0111,1,0.015873,0.024390,0.009709
8,9,OVL-C0804,OVL-C0907,c09,dead-OVL-C0010,1,0.015873,0.024390,0.009709
8,9,OVL-C0805,OVL-C0901,dead-OVL-C0002,dead-OVL-C0901,4,0.074074,0.036036,0.024845
8,9,OVL-C0805,OVL-C0902,dead-OVL-C0002,dead-OVL-C0002,43,0.796296,0.530864,0.467391
8,9,OVL-C0805,OVL-C0905,dead-OVL-C0002,c05,1,0.018519,0.021277,0.010000
8,9,OVL-C0805,OVL-C0906,dead-OVL-C0002,dead-OVL-C0111,2,0.037037,0.048780,0.021505
8,9,OVL-C0805,OVL-C0911,dead-OVL-C0002,dead-OVL-C0610,1,0.018519,0.031250,0.011765
8,9,OVL-C0806,OVL-C0904,c05,dead-OVL-C0004,1,0.019231,0.015385,0.008621
8,9,OVL-C0806,OVL-C0905,c05,c05,38,0.730769,0.808511,0.622951
8,9,OVL-C0806,OVL-C0906,c05,dead-OVL-C0111,3,0.057692,0.073171,0.033333
8,9,OVL-C0806,OVL-C0910,c05,dead-OVL-C0809,1,0.019231,0.027027,0.011364
8,9,OVL-C0806,OVL-C0911,c05,dead-OVL-C0610,8,0.153846,0.250000,0.105263
8,9,OVL-C0807,OVL-C0903,dead-OVL-C0602,c09,1,0.024390,0.013889,0.008929
8,9,OVL-C0807,OVL-C0904,dead-OVL-C0602,dead-OVL-C0004,2,0.048780,0.030769,0.019231
8,9,OVL-C0807,OVL-C0909,dead-OVL-C0602,dead-OVL-C0602,36,0.878049,0.947368,0.837209
8,9,OVL-C0807,OVL-C0911,dead-OVL-C0602,dead-OVL-C0610,1,0.024390,0.031250,0.013889
8,9,OVL-C0808,OVL-C0901,dead-OVL-C0709,dead-OVL-C0901,34,0.894737,0.306306,0.295652
8,9,OVL-C0808,OVL-C0911,dead-OVL-C0709,dead-OVL-C0610,1,0.026316,0.031250,0.014493
8,9,OVL-C0809,OVL-C0901,dead-OVL-C0809,dead-OVL-C0901,4,0.111111,0.036036,0.027972
8,9,OVL-C0809,OVL-C0904,dead-OVL-C0809,dead-OVL-C0004,1,0.027778,0.015385,0.010000
8,9,OVL-C0809,OVL-C0907,dead-OVL-C0809,dead-OVL-C0010,5,0.138889,0.121951,0.069444
8,9,OVL-C0809,OVL-C0910,dead-OVL-C0809,dead-OVL-C0809,25,0.694444,0.675676,0.520833
8,9,OVL-C0810,OVL-C0901,dead-OVL-C0111,dead-OVL-C0901,2,0.064516,0.018018,0.014286
8,9,OVL-C0810,OVL-C0906,dead-OVL-C0111,dead-OVL-C0111,28,0.903226,0.682927,0.636364
8,9,OVL-C0811,OVL-C0901,dead-OVL-C0610,dead-OVL-C0901,6,0.200000,0.054054,0.044444
8,9,OVL-C0811,OVL-C0905,dead-OVL-C0610,c05,3,0.100000,0.063830,0.040541
8,9,OVL-C0811,OVL-C0911,dead-OVL-C0610,dead-OVL-C0610,20,0.666667,0.625000,0.476190
8,9,OVL-C0812,OVL-C0901,dead-OVL-C0613,dead-OVL-C0901,1,0.034483,0.009009,0.007194
8,9,OVL-C0812,OVL-C0907,dead-OVL-C0613,dead-OVL-C0010,2,0.068966,0.048780,0.029412
8,9,OVL-C0812,OVL-C0912,dead-OVL-C0613,dead-OVL-C0613,26,0.896552,0.962963,0.866667
8,9,OVL-C0813,OVL-C0903,dead-OVL-C0013,c09,3,0.111111,0.041667,0.031250
8,9,OVL-C0813,OVL-C0913,dead-OVL-C0013,dead-OVL-C0013,24,0.888889,0.960000,0.857143
8,9,OVL-C0814,OVL-C0907,dead-OVL-C0010,dead-OVL-C0010,17,0.680000,0.414634,0.346939
8,9,OVL-C0814,OVL-C0910,dead-OVL-C0010,dead-OVL-C0809,1,0.040000,0.027027,0.016393
8,9,OVL-C0814,OVL-C0914,dead-OVL-C0010,dead-OVL-C0914,7,0.280000,1.000000,0.280000
8,9,OVL-C0815,OVL-C0901,dead-OVL-C0716,dead-OVL-C0901,2,0.117647,0.018018,0.015873
8,9,OVL-C0815,OVL-C0902,dead-OVL-C0716,dead-OVL-C0002,4,0.235294,0.049383,0.042553
8,9,OVL-C0815,OVL-C0903,dead-OVL-C0716,c09,1,0.058824,0.013889,0.011364
8,9,OVL-C0815,OVL-C0904,dead-OVL-C0716,dead-OVL-C0004,5,0.294118,0.076923,0.064935
8,9,OVL-C0815,OVL-C0910,dead-OVL-C0716,dead-OVL-C0809,3,0.176471,0.081081,0.058824
8,9,OVL-C0816,OVL-C0907,dead-OVL-C0715,dead-OVL-C0010,15,1.000000,0.365854,0.365854
8,9,OVL-C0817,OVL-C0904,dead-OVL-C0817,dead-OVL-C0004,9,1.000000,0.138462,0.138462
9,10,OVL-C0901,OVL-C1001,dead-OVL-C0901,dead-OVL-C0901,54,0.486486,0.514286,0.333333
9,10,OVL-C0901,OVL-C1002,dead-OVL-C0901,dead-OVL-C0004,19,0.171171,0.193878,0.100000
9,10,OVL-C0901,OVL-C1003,dead-OVL-C0901,dead-OVL-C0002,5,0.045045,0.075758,0.029070
9,10,OVL-C0901,OVL-C1006,dead-OVL-C0901,c05,1,0.009009,0.022222,0.006452
9,10,OVL-C0901,OVL-C1007,dead-OVL-C0901,dead-OVL-C0610,4,0.036036,0.117647,0.028369
9,10,OVL-C0901,OVL-C1009,dead-OVL-C0901,dead-OVL-C0809,2,0.018018,0.068966,0.014493
9,10,OVL-C0901,OVL-C1010,dead-OVL-C0901,dead-OVL-C0613,2,0.018018,0.068966,0.014493
9,10,OVL-C0901,OVL-C1011,dead-OVL-C0901,dead-OVL-C0013,1,0.009009,0.043478,0.007519
9,10,OVL-C0901,OVL-C1013,dead-OVL-C0901,dead-OVL-C1013,6,0.054054,0.300000,0.048000
9,10,OVL-C0901,OVL-C1015,dead-OVL-C0901,dead-OVL-C1015,7,0.063063,0.437500,0.058333
9,10,OVL-C0902,OVL-C1001,dead-OVL-C0002,dead-OVL-C0901,1,0.012346,0.009524,0.005405
9,10,OVL-C0902,OVL-C1002,dead-OVL-C0002,dead-OVL-C0004,5,0.061728,0.051020,0.028736
9,10,OVL-C0902,OVL-C1003,dead-OVL-C0002,dead-OVL-C0002,56,0.691358,0.848485,0.615385
9,10,OVL-C0902,OVL-C1014,dead-OVL-C0002,dead-OVL-C1014,14,0.172840,0.823529,0.166667
9,10,OVL-C0903,OVL-C1001,c09,dead-OVL-C0901,1,0.013889,0.009524,0.005682
9,10,OVL-C0903,OVL-C1004,c09,c09,56,0.777778,0.933333,0.736842
9,10,OVL-C0903,OVL-C1005,c09,dead-OVL-C0010,1,0.013889,0.021739,0.008547
9,10,OVL-C0903,OVL-C1006,c09,c05,1,0.013889,0.022222,0.008621
9,10,OVL-C0903,OVL-C1007,c09,dead-OVL-C0610,1,0.013889,0.029412,0.009524
9,10,OVL-C0903,OVL-C1008,c09,dead-OVL-C0111,1,0.013889,0.031250,0.009709
9,10,OVL-C0903,OVL-C1009,c09,dead-OVL-C0809,2,0.027778,0.068966,0.020202
9,10,OVL-C0903,OVL-C1010,c09,dead-OVL-C0613,1,0.013889,0.034483,0.010000
9,10,OVL-C0903,OVL-C1012,c09,dead-OVL-C0602,2,0.027778,0.095238,0.021978
9,10,OVL-C0903,OVL-C1016,c09,dead-OVL-C1016,1,0.013889,0.066667,0.011628
9,10,OVL-C0904,OVL-C1002,dead-OVL-C0004,dead-OVL-C0004,54,0.830769,0.551020,0.495413
9,10,OVL-C0904,OVL-C1005,dead-OVL-C0004,dead-OVL-C0010,1,0.015385,0.021739,0.009091
9,10,OVL-C0904,OVL-C1013,dead-OVL-C0004,dead-OVL-C1013,5,0.076923,0.250000,0.062500
9,10,OVL-C0904,OVL-C1014,dead-OVL-C0004,dead-OVL-C1014,2,0.030769,0.117647,0.025000
9,10,OVL-C0905,OVL-C1001,c05,dead-OVL-C0901,1,0.021277,0.009524,0.006623
9,10,OVL-C0905,OVL-C1002,c05,dead-OVL-C0004,4,0.085106,0.040816,0.028369
9,10,OVL-C0905,OVL-C1006,c05,c05,40,0.851064,0.888889,0.769231
9,10,OVL-C0905,OVL-C1008,c05,dead-OVL-C0111,1,0.021277,0.031250,0.012821
9,10,OVL-C0906,OVL-C1001,dead-OVL-C0111,dead-OVL-C0901,3,0.073171,0.028571,0.020979
9,10,OVL-C0906,OVL-C1003,dead-OVL-C0111,dead-OVL-C0002,1,0.024390,0.015152,0.009434
9,10,OVL-C0906,OVL-C1006,dead-OVL-C0111,c05,1,0.024390,0.022222,0.011765
9,10,OVL-C0906,OVL-C1008,dead-OVL-C0111,dead-OVL-C0111,26,0.634146,0.812500,0.553191
9,10,OVL-C0906,OVL-C1013,dead-OVL-C0111,dead-OVL-C1013,2,0.048780,0.100000,0.033898
9,10,OVL-C0906,OVL-C1015,dead-OVL-C0111,dead-OVL-C1015,7,0.170732,0.437500,0.140000
9,10,OVL-C0907,OVL-C1001,dead-OVL-C0010,dead-OVL-C0901,1,0.024390,0.009524,0.006897
9,10,OVL-C0907,OVL-C1004,dead-OVL-C0010,c09,1,0.024390,0.016667,0.010000
9,10,OVL-C0907,OVL-C1005,dead-OVL-C0010,dead-OVL-C0010,36,0.878049,0.782609,0.705882
9,10,OVL-C0907,OVL-C1009,dead-OVL-C0010,dead-OVL-C0809,2,0.048780,0.068966,0.029412
9,10,OVL-C0907,OVL-C1010,dead-OVL-C0010,dead-OVL-C0613,1,0.024390,0.034483,0.014493
9,10,OVL-C0908,OVL-C1001,dead-OVL-C0210,dead-OVL-C0901,32,0.820513,0.304762,0.285714
9,10,OVL-C0908,OVL-C1004,dead-OVL-C0210,c09,1,0.025641,0.016667,0.010204
9,10,OVL-C0908,OVL-C1006,dead-OVL-C0210,c05,1,0.025641,0.022222,0.012048
9,10,OVL-C0908,OVL-C1007,dead-OVL-C0210,dead-OVL-C0610,1,0.025641,0.029412,0.013889
9,10,OVL-C0908,OVL-C1008,dead-OVL-C0210,dead-OVL-C0111,1,0.025641,0.031250,0.014286
9,10,OVL-C0908,OVL-C1016,dead-OVL-C0210,dead-OVL-C1016,1,0.025641,0.066667,0.018868
9,10,OVL-C0909,OVL-C1001,dead-OVL-C0602,dead-OVL-C0901,1,0.026316,0.009524,0.007042
9,10,OVL-C0909,OVL-C1004,dead-OVL-C0602,c09,1,0.026316,0.016667,0.010309
9,10,OVL-C0909,OVL-C1009,dead-OVL-C0602,dead-OVL-C0809,2,0.052632,0.068966,0.030769
9,10,OVL-C0909,OVL-C1012,dead-OVL-C0602,dead-OVL-C0602,18,0.473684,0.857143,0.439024
9,10,OVL-C0909,OVL-C1013,dead-OVL-C0602,dead-OVL-C1013,1,0.026316,0.050000,0.017544
9,10,OVL-C0909,OVL-C1014,dead-OVL-C0602,dead-OVL-C1014,1,0.026316,0.058824,0.018519
9,10,OVL-C0909,OVL-C1016,dead-OVL-C0602,dead-OVL-C1016,12,0.315789,0.800000,0.292683
9,10,OVL-C0910,OVL-C1001,dead-OVL-C0809,dead-OVL-C0901,3,0.081081,0.028571,0.021583
9,10,OVL-C0910,OVL-C1002,dead-OVL-C0809,dead-OVL-C0004,10,0.270270,0.102041,0.080000
9,10,OVL-C0910,OVL-C1006,dead-OVL-C0809,c05,1,0.027027,0.022222,0.012346
9,10,OVL-C0910,OVL-C1007,dead-OVL-C0809,dead-OVL-C0610,1,0.027027,0.029412,0.014286
9,10,OVL-C0910,OVL-C1009,dead-OVL-C0809,dead-OVL-C0809,19,0.513514,0.655172,0.404255
9,10,OVL-C0910,OVL-C1013,dead-OVL-C0809,dead-OVL-C1013,2,0.054054,0.100000,0.036364
9,10,OVL-C0911,OVL-C1003,dead-OVL-C0610,dead-OVL-C0002,1,0.031250,0.015152,0.010309
9,10,OVL-C0911,OVL-C1007,dead-OVL-C0610,dead-OVL-C0610,25,0.781250,0.735294,0.609756
9,10,OVL-C0911,OVL-C1009,dead-OVL-C0610,dead-OVL-C0809,1,0.031250,0.034483,0.016667
9,10,OVL-C0911,OVL-C1017,dead-OVL-C0610,dead-OVL-C1017,4,0.125000,0.800000,0.121212
9,10,OVL-C0912,OVL-C1008,dead-OVL-C0613,dead-OVL-C0111,2,0.074074,0.062500,0.035088
9,10,OVL-C0912,OVL-C1010,dead-OVL-C0613,dead-OVL-C0613,25,0.925926,0.862069,0.806452
9,10,OVL-C0913,OVL-C1001,dead-OVL-C0013,dead-OVL-C0901,1,0.040000,0.009524,0.007752
9,10,OVL-C0913,OVL-C1011,dead-OVL-C0013,dead-OVL-C0013,22,0.880000,0.956522,0.846154
9,10,OVL-C0914,OVL-C1005,dead-OVL-C0914,dead-OVL-C0010,7,1.000000,0.152174,0.152174
10,11,OVL-C1001,OVL-C1101,dead-OVL-C0901,dead-OVL-C0901,81,0.771429,0.704348,0.582734
10,11,OVL-C1001,OVL-C1102,dead-OVL-C0901,dead-OVL-C0002,1,0.009524,0.011364,0.005208
10,11,OVL-C1001,OVL-C1103,dead-OVL-C0901,dead-OVL-C0010,1,0.009524,0.013889,0.005682
10,11,OVL-C1001,OVL-C1104,dead-OVL-C0901,dead-OVL-C0610,8,0.076190,0.117647,0.048485
10,11,OVL-C1001,OVL-C1105,dead-OVL-C0901,c09,4,0.038095,0.064516,0.024540
10,11,OVL-C1001,OVL-C1109,dead-OVL-C0901,dead-OVL-C0111,3,0.028571,0.088235,0.022059
10,11,OVL-C1001,OVL-C1110,dead-OVL-C0901,dead-OVL-C1110,2,0.019048,0.062500,0.014815
10,11,OVL-C1001,OVL-C1111,dead-OVL-C0901,dead-OVL-C0013,1,0.009524,0.041667,0.007812
10,11,OVL-C1001,OVL-C1112,dead-OVL-C0901,dead-OVL-C1016,1,0.009524,0.052632,0.008130
10,11,OVL-C1001,OVL-C1113,dead-OVL-C0901,dead-OVL-C1113,1,0.009524,0.111111,0.008850
10,11,OVL-C1002,OVL-C1101,dead-OVL-C0004,dead-OVL-C0901,5,0.051020,0.043478,0.024038
10,11,OVL-C1002,OVL-C1102,dead-OVL-C0004,dead-OVL-C0002,2,0.020408,0.022727,0.010870
10,11,OVL-C1002,OVL-C1104,dead-OVL-C0004,dead-OVL-C0610,23,0.234694,0.338235,0.160839
10,11,OVL-C1002,OVL-C1106,dead-OVL-C0004,c05,2,0.020408,0.040000,0.013699
10,11,OVL-C1002,OVL-C1107,dead-OVL-C0004,dead-OVL-C1107,34,0.346939,0.723404,0.306306
10,11,OVL-C1002,OVL-C1110,dead-OVL-C0004,dead-OVL-C1110,28,0.285714,0.875000,0.274510
10,11,OVL-C1002,OVL-C1112,dead-OVL-C0004,dead-OVL-C1016,1,0.010204,0.052632,0.008621
10,11,OVL-C1003,OVL-C1102,dead-OVL-C0002,dead-OVL-C0002,59,0.893939,0.670455,0.621053
10,11,OVL-C1003,OVL-C1104,dead-OVL-C0002,dead-OVL-C0610,1,0.015152,0.014706,0.007519
10,11,OVL-C1003,OVL-C1106,dead-OVL-C0002,c05,2,0.030303,0.040000,0.017544
10,11,OVL-C1004,OVL-C1101,c09,dead-OVL-C0901,1,0.016667,0.008696,0.005747
10,11,OVL-C1004,OVL-C1105,c09,c09,54,0.900000,0.870968,0.794118
10,11,OVL-C1004,OVL-C1109,c09,dead-OVL-C0111,1,0.016667,0.029412,0.010753
10,11,OVL-C1004,OVL-C1111,c09,dead-OVL-C0013,2,0.033333,0.083333,0.024390
10,11,OVL-C1005,OVL-C1103,dead-OVL-C0010,dead-OVL-C0010,43,0.934783,0.597222,0.573333
10,11,OVL-C1005,OVL-C1104,dead-OVL-C0010,dead-OVL-C0610,1,0.021739,0.014706,0.008850
10,11,OVL-C1005,OVL-C1105,dead-OVL-C0010,c09,1,0.021739,0.016129,0.009346
10,11,OVL-C1005,OVL-C1110,dead-OVL-C0010,dead-OVL-C1110,1,0.021739,0.031250,0.012987
10,11,OVL-C1006,OVL-C1106,c05,c05,43,0.955556,0.860000,0.826923
10,11,OVL-C1006,OVL-C1108,c05,dead-OVL-C0809,1,0.022222,0.023256,0.011494
10,11,OVL-C1007,OVL-C1101,dead-OVL-C0610,dead-OVL-C0901,2,0.058824,0.017391,0.013605
10,11,OVL-C1007,OVL-C1104,dead-OVL-C0610,dead-OVL-C0610,29,0.852941,0.426471,0.397260
10,11,OVL-C1007,OVL-C1109,dead-OVL-C0610,dead-OVL-C0111,1,0.029412,0.029412,0.014925
10,11,OVL-C1007,OVL-C1112,dead-OVL-C0610,dead-OVL-C1016,1,0.029412,0.052632,0.019231
10,11,OVL-C1008,OVL-C1101,dead-OVL-C0111,dead-OVL-C0901,1,0.031250,0.008696,0.006849
10,11,OVL-C1008,OVL-C1103,dead-OVL-C0111,dead-OVL-C0010,1,0.031250,0.013889,0.009709
10,11,OVL-C1008,OVL-C1104,dead-OVL-C0111,dead-OVL-C0610,2,0.062500,0.029412,0.020408
10,11,OVL-C1008,OVL-C1106,dead-OVL-C0111,c05,3,0.093750,0.060000,0.037975
10,11,OVL-C1008,OVL-C1109,dead-OVL-C0111,dead-OVL-C0111,25,0.781250,0.735294,0.609756
10,11,OVL-C1009,OVL-C1101,dead-OVL-C0809,dead-OVL-C0901,4,0.137931,0.034783,0.028571
10,11,OVL-C1009,OVL-C1102,dead-OVL-C0809,dead-OVL-C0002,1,0.034483,0.011364,0.008621
10,11,OVL-C1009,OVL-C1104,dead-OVL-C0809,dead-OVL-C0610,1,0.034483,0.014706,0.010417
10,11,OVL-C1009,OVL-C1108,dead-OVL-C0809,dead-OVL-C0809,20,0.689655,0.465116,0.384615
10,11,OVL-C1009,OVL-C1113,dead-OVL-C0809,dead-OVL-C1113,1,0.034483,0.111111,0.027027
10,11,OVL-C1010,OVL-C1103,dead-OVL-C0613,dead-OVL-C0010,27,0.931034,0.375000,0.364865
10,11,OVL-C1010,OVL-C1105,dead-OVL-C0613,c09,1,0.034483,0.016129,0.011111
10,11,OVL-C1011,OVL-C1101,dead-OVL-C0013,dead-OVL-C0901,1,0.043478,0.008696,0.007299
10,11,OVL-C1011,OVL-C1111,dead-OVL-C0013,dead-OVL-C0013,21,0.913043,0.875000,0.807692
10,11,OVL-C1012,OVL-C1105,dead-OVL-C0602,c09,1,0.047619,0.016129,0.012195
10,11,OVL-C1012,OVL-C1108,dead-OVL-C0602,dead-OVL-C0809,18,0.857143,0.418605,0.391304
10,11,OVL-C1012,OVL-C1109,dead-OVL-C0602,dead-OVL-C0111,1,0.047619,0.029412,0.018519
10,11,OVL-C1013,OVL-C1101,dead-OVL-C1013,dead-OVL-C0901,12,0.600000,0.104348,0.097561
10,11,OVL-C1013,OVL-C1109,dead-OVL-C1013,dead-OVL-C0111,1,0.050000,0.029412,0.018868
10,11,OVL-C1013,OVL-C1113,dead-OVL-C1013,dead-OVL-C1113,7,0.350000,0.777778,0.318182
10,11,OVL-C1014,OVL-C1102,dead-OVL-C1014,dead-OVL-C0002,1,0.058824,0.011364,0.009615
10,11,OVL-C1014,OVL-C1104,dead-OVL-C1014,dead-OVL-C0610,1,0.058824,0.014706,0.011905
10,11,OVL-C1014,OVL-C1107,dead-OVL-C1014,dead-OVL-C1107,12,0.705882,0.255319,0.230769
10,11,OVL-C1014,OVL-C1108,dead-OVL-C1014,dead-OVL-C0809,1,0.058824,0.023256,0.016949
10,11,OVL-C1015,OVL-C1101,dead-OVL-C1015,dead-OVL-C0901,1,0.062500,0.008696,0.007692
10,11,OVL-C1015,OVL-C1102,dead-OVL-C1015,dead-OVL-C0002,15,0.937500,0.170455,0.168539
10,11,OVL-C1016,OVL-C1112,dead-OVL-C1016,dead-OVL-C1016,15,1.000000,0.789474,0.789474
10,11,OVL-C1017,OVL-C1114,dead-OVL-C1017,dead-OVL-C1017,5,1.000000,1.000000,1.000000
11,12,OVL-C1101,OVL-C1201,dead-OVL-C0901,dead-OVL-C0002,1,0.008696,0.008772,0.004386
11,12,OVL-C1101,OVL-C1202,dead-OVL-C0901,dead-OVL-C0010,2,0.017391,0.024691,0.010309
11,12,OVL-C1101,OVL-C1203,dead-OVL-C0901,dead-OVL-C1203,42,0.365217,0.567568,0.285714
11,12,OVL-C1101,OVL-C1204,dead-OVL-C0901,dead-OVL-C0901,52,0.452174,0.722222,0.385185
11,12,OVL-C1101,OVL-C1206,dead-OVL-C0901,dead-OVL-C1107,4,0.034783,0.075472,0.024390
11,12,OVL-C1101,OVL-C1207,dead-OVL-C0901,c05,1,0.008696,0.021277,0.006211
11,12,OVL-C1101,OVL-C1208,dead-OVL-C0901,dead-OVL-C1208,4,0.034783,0.095238,0.026144
11,12,OVL-C1101,OVL-C1209,dead-OVL-C0901,dead-OVL-C1110,1,0.008696,0.031250,0.006849
11,12,OVL-C1101,OVL-C1212,dead-OVL-C0901,dead-OVL-C1212,2,0.017391,0.086957,0.014706
11,12,OVL-C1102,OVL-C1201,dead-OVL-C0002,dead-OVL-C0002,68,0.772727,0.596491,0.507463
11,12,OVL-C1102,OVL-C1203,dead-OVL-C0002,dead-OVL-C1203,1,0.011364,0.013514,0.006211
11,12,OVL-C1102,OVL-C1204,dead-OVL-C0002,dead-OVL-C0901,1,0.011364,0.013889,0.006289
11,12,OVL-C1102,OVL-C1208,dead-OVL-C0002,dead-OVL-C1208,12,0.136364,0.285714,0.101695
11,12,OVL-C1102,OVL-C1212,dead-OVL-C0002,dead-OVL-C1212,2,0.022727,0.086957,0.018349
11,12,OVL-C1103,OVL-C1202,dead-OVL-C0010,dead-OVL-C0010,70,0.972222,0.864198,0.843373
11,12,OVL-C1104,OVL-C1201,dead-OVL-C0610,dead-OVL-C0002,31,0.455882,0.271930,0.205298
11,12,OVL-C1104,OVL-C1202,dead-OVL-C0610,dead-OVL-C0010,2,0.029412,0.024691,0.013605
11,12,OVL-C1104,OVL-C1203,dead-OVL-C0610,dead-OVL-C1203,4,0.058824,0.054054,0.028986
11,12,OVL-C1104,OVL-C1204,dead-OVL-C0610,dead-OVL-C0901,2,0.029412,0.027778,0.014493
11,12,OVL-C1104,OVL-C1206,dead-OVL-C0610,dead-OVL-C1107,3,0.044118,0.056604,0.025424
11,12,OVL-C1104,OVL-C1208,dead-OVL-C0610,dead-OVL-C1208,1,0.014706,0.023810,0.009174
11,12,OVL-C1104,OVL-C1211,dead-OVL-C0610,dead-OVL-C1211,23,0.338235,0.958333,0.333333
11,12,OVL-C1105,OVL-C1202,c09,dead-OVL-C0010,4,0.064516,0.049383,0.028777
11,12,OVL-C1105,OVL-C1203,c09,dead-OVL-C1203,4,0.064516,0.054054,0.030303
11,12,OVL-C1105,OVL-C1205,c09,c09,53,0.854839,0.913793,0.791045
11,12,OVL-C1106,OVL-C1201,c05,dead-OVL-C0002,4,0.080000,0.035088,0.025000
11,12,OVL-C1106,OVL-C1204,c05,dead-OVL-C0901,2,0.040000,0.027778,0.016667
11,12,OVL-C1106,OVL-C1207,c05,c05,43,0.860000,0.914894,0.796296
11,12,OVL-C1106,OVL-C1208,c05,dead-OVL-C1208,1,0.020000,0.023810,0.010989
11,12,OVL-C1107,OVL-C1206,dead-OVL-C1107,dead-OVL-C1107,44,0.936170,0.830189,0.785714
11,12,OVL-C1107,OVL-C1208,dead-OVL-C1107,dead-OVL-C1208,1,0.021277,0.023810,0.011364
11,12,OVL-C1108,OVL-C1201,dead-OVL-C0809,dead-OVL-C0002,1,0.023256,0.008772,0.006410
11,12,OVL-C1108,OVL-C1202,dead-OVL-C0809,dead-OVL-C0010,2,0.046512,0.024691,0.016393
11,12,OVL-C1108,OVL-C1204,dead-OVL-C0809,dead-OVL-C0901,1,0.023256,0.013889,0.008772
11,12,OVL-C1108,OVL-C1208,dead-OVL-C0809,dead-OVL-C1208,1,0.023256,0.023810,0.011905
11,12,OVL-C1108,OVL-C1212,dead-OVL-C0809,dead-OVL-C1212,17,0.395349,0.739130,0.346939
11,12,OVL-C1108,OVL-C1213,dead-OVL-C0809,dead-OVL-C0809,19,0.441860,0.950000,0.431818
11,12,OVL-C1109,OVL-C1201,dead-OVL-C0111,dead-OVL-C0002,1,0.029412,0.008772,0.006803
11,12,OVL-C1109,OVL-C1203,dead-OVL-C0111,dead-OVL-C1203,1,0.029412,0.013514,0.009346
11,12,OVL-C1109,OVL-C1204,dead-OVL-C0111,dead-OVL-C0901,13,0.382353,0.180556,0.139785
11,12,OVL-C1109,OVL-C1207,dead-OVL-C0111,c05,3,0.088235,0.063830,0.038462
11,12,OVL-C1109,OVL-C1208,dead-OVL-C0111,dead-OVL-C1208,11,0.323529,0.261905,0.169231
11,12,OVL-C1109,OVL-C1209,dead-OVL-C0111,dead-OVL-C1110,1,0.029412,0.031250,0.015385
11,12,OVL-C1110,OVL-C1202,dead-OVL-C1110,dead-OVL-C0010,1,0.031250,0.012346,0.008929
11,12,OVL-C1110,OVL-C1209,dead-OVL-C1110,dead-OVL-C1110,30,0.937500,0.937500,0.882353
11,12,OVL-C1111,OVL-C1205,dead-OVL-C0013,c09,2,0.083333,0.034483,0.025000
11,12,OVL-C1111,OVL-C1210,dead-OVL-C0013,dead-OVL-C0013,22,0.916667,0.880000,0.814815
11,12,OVL-C1112,OVL-C1203,dead-OVL-C1016,dead-OVL-C1203,17,0.894737,0.229730,0.223684
11,12,OVL-C1113,OVL-C1205,dead-OVL-C1113,c09,1,0.111111,0.017241,0.015152
11,12,OVL-C1113,OVL-C1208,dead-OVL-C1113,dead-OVL-C1208,7,0.777778,0.166667,0.159091
11,12,OVL-C1114,OVL-C1203,dead-OVL-C1017,dead-OVL-C1203,1,0.200000,0.013514,0.012821
12,13,OVL-C1201,OVL-C1301,dead-OVL-C0002,dead-OVL-C1203,6,0.052632,0.065217,0.030000
12,13,OVL-C1201,OVL-C1302,dead-OVL-C0002,dead-OVL-C1107,3,0.026316,0.037975,0.015789
12,13,OVL-C1201,OVL-C1303,dead-OVL-C0002,dead-OVL-C0901,3,0.026316,0.043478,0.016667
12,13,OVL-C1201,OVL-C1305,dead-OVL-C0002,dead-OVL-C0002,51,0.447368,0.927273,0.432203
12,13,OVL-C1201,OVL-C1306,dead-OVL-C0002,dead-OVL-C1306,41,0.359649,0.745455,0.320312
12,13,OVL-C1201,OVL-C1308,dead-OVL-C0002,c05,1,0.008772,0.023256,0.006410
12,13,OVL-C1201,OVL-C1310,dead-OVL-C0002,dead-OVL-C1208,1,0.008772,0.031250,0.006897
12,13,OVL-C1202,OVL-C1301,dead-OVL-C0010,dead-OVL-C1203,1,0.012346,0.010870,0.005814
12,13,OVL-C1202,OVL-C1302,dead-OVL-C0010,dead-OVL-C1107,1,0.012346,0.012658,0.006289
12,13,OVL-C1202,OVL-C1307,dead-OVL-C0010,dead-OVL-C0010,48,0.592593,0.872727,0.545455
12,13,OVL-C1202,OVL-C1309,dead-OVL-C0010,dead-OVL-C1212,1,0.012346,0.026316,0.008475
12,13,OVL-C1202,OVL-C1310,dead-OVL-C0010,dead-OVL-C1208,1,0.012346,0.031250,0.008929
12,13,OVL-C1202,OVL-C1311,dead-OVL-C0010,dead-OVL-C1311,26,0.320988,0.812500,0.298851
12,13,OVL-C1203,OVL-C1301,dead-OVL-C1203,dead-OVL-C1203,61,0.824324,0.663043,0.580952
12,13,OVL-C1203,OVL-C1303,dead-OVL-C1203,dead-OVL-C0901,2,0.027027,0.028986,0.014184
12,13,OVL-C1203,OVL-C1306,dead-OVL-C1203,dead-OVL-C1306,2,0.027027,0.036364,0.015748
12,13,OVL-C1203,OVL-C1308,dead-OVL-C1203,c05,1,0.013514,0.023256,0.008621
12,13,OVL-C1203,OVL-C1309,dead-OVL-C1203,dead-OVL-C1212,2,0.027027,0.052632,0.018182
12,13,OVL-C1204,OVL-C1301,dead-OVL-C0901,dead-OVL-C1203,3,0.041667,0.032609,0.018634
12,13,OVL-C1204,OVL-C1303,dead-OVL-C0901,dead-OVL-C0901,56,0.777778,0.811594,0.658824
12,13,OVL-C1204,OVL-C1304,dead-OVL-C0901,c09,2,0.027778,0.035714,0.015873
12,13,OVL-C1204,OVL-C1306,dead-OVL-C0901,dead-OVL-C1306,1,0.013889,0.018182,0.007937
12,13,OVL-C1204,OVL-C1310,dead-OVL-C0901,dead-OVL-C1208,1,0.013889,0.031250,0.009709
12,13,OVL-C1204,OVL-C1311,dead-OVL-C0901,dead-OVL-C1311,1,0.013889,0.031250,0.009709
12,13,OVL-C1205,OVL-C1302,c09,dead-OVL-C1107,1,0.017241,0.012658,0.007353
12,13,OVL-C1205,OVL-C1303,c09,dead-OVL-C0901,3,0.051724,0.043478,0.024194
12,13,OVL-C1205,OVL-C1304,c09,c09,49,0.844828,0.875000,0.753846
12,13,OVL-C1205,OVL-C1312,c09,dead-OVL-C0013,1,0.017241,0.038462,0.012048
12,13,OVL-C1206,OVL-C1302,dead-OVL-C1107,dead-OVL-C1107,47,0.886792,0.594937,0.552941
12,13,OVL-C1206,OVL-C1307,dead-OVL-C1107,dead-OVL-C0010,2,0.037736,0.036364,0.018868
12,13,OVL-C1207,OVL-C1303,c05,dead-OVL-C0901,2,0.042553,0.028986,0.017544
12,13,OVL-C1207,OVL-C1308,c05,c05,39,0.829787,0.906977,0.764706
12,13,OVL-C1207,OVL-C1311,c05,dead-OVL-C1311,4,0.085106,0.125000,0.053333
12,13,OVL-C1207,OVL-C1312,c05,dead-OVL-C0013,1,0.021277,0.038462,0.013889
12,13,OVL-C1208,OVL-C1301,dead-OVL-C1208,dead-OVL-C1203,4,0.095238,0.043478,0.030769
12,13,OVL-C1208,OVL-C1306,dead-OVL-C1208,dead-OVL-C1306,5,0.119048,0.090909,0.054348
12,13,OVL-C1208,OVL-C1308,dead-OVL-C1208,c05,1,0.023810,0.023256,0.011905
12,13,OVL-C1208,OVL-C1310,dead-OVL-C1208,dead-OVL-C1208,28,0.666667,0.875000,0.608696
12,13,OVL-C1209,OVL-C1301,dead-OVL-C1110,dead-OVL-C1203,1,0.031250,0.010870,0.008130
12,13,OVL-C1209,OVL-C1302,dead-OVL-C1110,dead-OVL-C1107,24,0.750000,0.303797,0.275862
12,13,OVL-C1209,OVL-C1306,dead-OVL-C1110,dead-OVL-C1306,3,0.093750,0.054545,0.035714
12,13,OVL-C1209,OVL-C1313,dead-OVL-C1110,dead-OVL-C1211,2,0.062500,0.080000,0.036364
12,13,OVL-C1210,OVL-C1301,dead-OVL-C0013,dead-OVL-C1203,3,0.120000,0.032609,0.026316
12,13,OVL-C1210,OVL-C1312,dead-OVL-C0013,dead-OVL-C0013,22,0.880000,0.846154,0.758621
12,13,OVL-C1211,OVL-C1301,dead-OVL-C1211,dead-OVL-C1203,1,0.041667,0.010870,0.008696
12,13,OVL-C1211,OVL-C1313,dead-OVL-C1211,dead-OVL-C1211,23,0.958333,0.920000,0.884615
12,13,OVL-C1212,OVL-C1301,dead-OVL-C1212,dead-OVL-C1203,3,0.130435,0.032609,0.026786
12,13,OVL-C1212,OVL-C1304,dead-OVL-C1212,c09,1,0.043478,0.017857,0.012821
12,13,OVL-C1212,OVL-C1309,dead-OVL-C1212,dead-OVL-C1212,18,0.782609,0.473684,0.418605
12,13,OVL-C1212,OVL-C1310,dead-OVL-C1212,dead-OVL-C1208,1,0.043478,0.031250,0.018519
12,13,OVL-C1213,OVL-C1301,dead-OVL-C0809,dead-OVL-C1203,2,0.100000,0.021739,0.018182
12,13,OVL-C1213,OVL-C1304,dead-OVL-C0809,c09,2,0.100000,0.035714,0.027027
12,13,OVL-C1213,OVL-C1309,dead-OVL-C0809,dead-OVL-C1212,15,0.750000,0.394737,0.348837
13,14,OVL-C1301,OVL-C1401,dead-OVL-C1203,dead-OVL-C1401,37,0.402174,0.381443,0.243421
13,14,OVL-C1301,OVL-C1403,dead-OVL-C1203,dead-OVL-C0901,18,0.195652,0.230769,0.118421
13,14,OVL-C1301,OVL-C1404,dead-OVL-C1203,dead-OVL-C1404,2,0.021739,0.032258,0.013158
13,14,OVL-C1301,OVL-C1407,dead-OVL-C1203,c05,2,0.021739,0.040816,0.014388
13,14,OVL-C1301,OVL-C1409,dead-OVL-C1203,dead-OVL-C1212,2,0.021739,0.068966,0.016807
13,14,OVL-C1301,OVL-C1410,dead-OVL-C1203,dead-OVL-C1211,2,0.021739,0.074074,0.017094
13,14,OVL-C1301,OVL-C1411,dead-OVL-C1203,dead-OVL-C0013,3,0.032609,0.115385,0.026087
13,14,OVL-C1301,OVL-C1413,dead-OVL-C1203,dead-OVL-C1413,21,0.228261,0.954545,0.225806
13,14,OVL-C1302,OVL-C1402,dead-OVL-C1107,dead-OVL-C1306,7,0.088608,0.075269,0.042424
13,14,OVL-C1302,OVL-C1403,dead-OVL-C1107,dead-OVL-C0901,1,0.012658,0.012821,0.006410
13,14,OVL-C1302,OVL-C1404,dead-OVL-C1107,dead-OVL-C1404,23,0.291139,0.370968,0.194915
13,14,OVL-C1302,OVL-C1405,dead-OVL-C1107,dead-OVL-C0010,1,0.012658,0.017241,0.007353
13,14,OVL-C1302,OVL-C1408,dead-OVL-C1107,dead-OVL-C1107,37,0.468354,0.880952,0.440476
13,14,OVL-C1302,OVL-C1409,dead-OVL-C1107,dead-OVL-C1212,5,0.063291,0.172414,0.048544
13,14,OVL-C1302,OVL-C1410,dead-OVL-C1107,dead-OVL-C1211,1,0.012658,0.037037,0.009524
13,14,OVL-C1303,OVL-C1401,dead-OVL-C0901,dead-OVL-C1401,4,0.057971,0.041237,0.024691
13,14,OVL-C1303,OVL-C1402,dead-OVL-C0901,dead-OVL-C1306,25,0.362319,0.268817,0.182482
13,14,OVL-C1303,OVL-C1403,dead-OVL-C0901,dead-OVL-C0901,32,0.463768,0.410256,0.278261
13,14,OVL-C1303,OVL-C1404,dead-OVL-C0901,dead-OVL-C1404,1,0.014493,0.016129,0.007692
13,14,OVL-C1303,OVL-C1407,dead-OVL-C0901,c05,3,0.043478,0.061224,0.026087
13,14,OVL-C1303,OVL-C1408,dead-OVL-C0901,dead-OVL-C1107,1,0.014493,0.023810,0.009091
13,14,OVL-C1304,OVL-C1401,c09,dead-OVL-C1401,2,0.035714,0.020619,0.013245
13,14,OVL-C1304,OVL-C1403,c09,dead-OVL-C0901,1,0.017857,0.012821,0.007519
13,14,OVL-C1304,OVL-C1406,c09,c09,51,0.910714,0.879310,0.809524
13,14,OVL-C1305,OVL-C1401,dead-OVL-C0002,dead-OVL-C1401,31,0.563636,0.319588,0.256198
13,14,OVL-C1305,OVL-C1403,dead-OVL-C0002,dead-OVL-C0901,1,0.018182,0.012821,0.007576
13,14,OVL-C1305,OVL-C1404,dead-OVL-C0002,dead-OVL-C1404,16,0.290909,0.258065,0.158416
13,14,OVL-C1306,OVL-C1402,dead-OVL-C1306,dead-OVL-C1306,47,0.854545,0.505376,0.465347
13,14,OVL-C1306,OVL-C1403,dead-OVL-C1306,dead-OVL-C0901,2,0.036364,0.025641,0.015267
13,14,OVL-C1306,OVL-C1404,dead-OVL-C1306,dead-OVL-C1404,2,0.036364,0.032258,0.017391
13,14,OVL-C1306,OVL-C1405,dead-OVL-C1306,dead-OVL-C0010,1,0.018182,0.017241,0.008929
13,14,OVL-C1306,OVL-C1406,dead-OVL-C1306,c09,1,0.018182,0.017241,0.008929
13,14,OVL-C1306,OVL-C1412,dead-OVL-C1306,dead-OVL-C1311,1,0.018182,0.040000,0.012658
13,14,OVL-C1307,OVL-C1402,dead-OVL-C0010,dead-OVL-C1306,2,0.036364,0.021505,0.013699
13,14,OVL-C1307,OVL-C1403,dead-OVL-C0010,dead-OVL-C0901,1,0.018182,0.012821,0.007576
13,14,OVL-C1307,OVL-C1405,dead-OVL-C0010,dead-OVL-C0010,51,0.927273,0.879310,0.822581
13,14,OVL-C1307,OVL-C1406,dead-OVL-C0010,c09,1,0.018182,0.017241,0.008929
13,14,OVL-C1308,OVL-C1401,c05,dead-OVL-C1401,1,0.023256,0.010309,0.007194
13,14,OVL-C1308,OVL-C1403,c05,dead-OVL-C0901,2,0.046512,0.025641,0.016807
13,14,OVL-C1308,OVL-C1404,c05,dead-OVL-C1404,1,0.023256,0.016129,0.009615
13,14,OVL-C1308,OVL-C1407,c05,c05,39,0.906977,0.795918,0.735849
13,14,OVL-C1309,OVL-C1401,dead-OVL-C1212,dead-OVL-C1401,14,0.368421,0.144330,0.115702
13,14,OVL-C1309,OVL-C1403,dead-OVL-C1212,dead-OVL-C0901,1,0.026316,0.012821,0.008696
13,14,OVL-C1309,OVL-C1404,dead-OVL-C1212,dead-OVL-C1404,1,0.026316,0.016129,0.010101
13,14,OVL-C1309,OVL-C1406,dead-OVL-C1212,c09,1,0.026316,0.017241,0.010526
13,14,OVL-C1309,OVL-C1409,dead-OVL-C1212,dead-OVL-C1212,20,0.526316,0.689655,0.425532
13,14,OVL-C1310,OVL-C1401,dead-OVL-C1208,dead-OVL-C1401,3,0.093750,0.030928,0.023810
13,14,OVL-C1310,OVL-C1402,dead-OVL-C1208,dead-OVL-C1306,1,0.031250,0.010753,0.008065
13,14,OVL-C1310,OVL-C1403,dead-OVL-C1208,dead-OVL-C0901,14,0.437500,0.179487,0.145833
13,14,OVL-C1310,OVL-C1404,dead-OVL-C1208,dead-OVL-C1404,7,0.218750,0.112903,0.080460
13,14,OVL-C1310,OVL-C1406,dead-OVL-C1208,c09,1,0.031250,0.017241,0.011236
13,14,OVL-C1310,OVL-C1414,dead-OVL-C1208,dead-OVL-C1414,4,0.125000,1.000000,0.125000
13,14,OVL-C1311,OVL-C1401,dead-OVL-C1311,dead-OVL-C1401,2,0.062500,0.020619,0.015748
13,14,OVL-C1311,OVL-C1403,dead-OVL-C1311,dead-OVL-C0901,1,0.031250,0.012821,0.009174
13,14,OVL-C1311,OVL-C1405,dead-OVL-C1311,dead-OVL-C0010,2,0.062500,0.034483,0.022727
13,14,OVL-C1311,OVL-C1407,dead-OVL-C1311,c05,3,0.093750,0.061224,0.038462
13,14,OVL-C1311,OVL-C1412,dead-OVL-C1311,dead-OVL-C1311,23,0.718750,0.920000,0.676471
13,14,OVL-C1312,OVL-C1402,dead-OVL-C0013,dead-OVL-C1306,1,0.038462,0.010753,0.008475
13,14,OVL-C1312,OVL-C1406,dead-OVL-C0013,c09,1,0.038462,0.017241,0.012048
13,14,OVL-C1312,OVL-C1411,dead-OVL-C0013,dead-OVL-C0013,23,0.884615,0.884615,0.793103
13,14,OVL-C1313,OVL-C1404,dead-OVL-C1211,dead-OVL-C1404,2,0.080000,0.032258,0.023529
13,14,OVL-C1313,OVL-C1410,dead-OVL-C1211,dead-OVL-C1211,22,0.880000,0.814815,0.733333
14,15,OVL-C1401,OVL-C1501,dead-OVL-C1401,dead-OVL-C1306,27,0.278351,0.241071,0.148352
14,15,OVL-C1401,OVL-C1502,dead-OVL-C1401,dead-OVL-C1107,2,0.020619,0.021978,0.010753
14,15,OVL-C1401,OVL-C1503,dead-OVL-C1401,dead-OVL-C1503,36,0.371134,0.500000,0.270677
14,15,OVL-C1401,OVL-C1504,dead-OVL-C1401,c05,1,0.010309,0.015385,0.006211
14,15,OVL-C1401,OVL-C1505,dead-OVL-C1401,c09,3,0.030928,0.046875,0.018987
14,15,OVL-C1401,OVL-C1506,dead-OVL-C1401,dead-OVL-C0013,1,0.010309,0.020408,0.006897
14,15,OVL-C1401,OVL-C1507,dead-OVL-C1401,dead-OVL-C1212,21,0.216495,0.456522,0.172131
14,15,OVL-C1401,OVL-C1509,dead-OVL-C1401,dead-OVL-C1311,2,0.020619,0.050000,0.014815
14,15,OVL-C1402,OVL-C1501,dead-OVL-C1306,dead-OVL-C1306,47,0.505376,0.419643,0.297468
14,15,OVL-C1402,OVL-C1502,dead-OVL-C1306,dead-OVL-C1107,21,0.225806,0.230769,0.128834
14,15,OVL-C1402,OVL-C1503,dead-OVL-C1306,dead-OVL-C1503,1,0.010753,0.013889,0.006098
14,15,OVL-C1402,OVL-C1505,dead-OVL-C1306,c09,4,0.043011,0.062500,0.026144
14,15,OVL-C1402,OVL-C1508,dead-OVL-C1306,dead-OVL-C0010,1,0.010753,0.022222,0.007299
14,15,OVL-C1402,OVL-C1512,dead-OVL-C1306,dead-OVL-C1512,10,0.107527,0.384615,0.091743
14,15,OVL-C1402,OVL-C1513,dead-OVL-C1306,dead-OVL-C1513,4,0.043011,1.000000,0.043011
14,15,OVL-C1403,OVL-C1501,dead-OVL-C0901,dead-OVL-C1306,34,0.435897,0.303571,0.217949
14,15,OVL-C1403,OVL-C1502,dead-OVL-C0901,dead-OVL-C1107,1,0.012821,0.010989,0.005952
14,15,OVL-C1403,OVL-C1503,dead-OVL-C0901,dead-OVL-C1503,7,0.089744,0.097222,0.048951
14,15,OVL-C1403,OVL-C1504,dead-OVL-C0901,c05,12,0.153846,0.184615,0.091603
14,15,OVL-C1403,OVL-C1509,dead-OVL-C0901,dead-OVL-C1311,1,0.012821,0.025000,0.008547
14,15,OVL-C1403,OVL-C1511,dead-OVL-C0901,dead-OVL-C1511,19,0.243590,0.678571,0.218391
14,15,OVL-C1404,OVL-C1502,dead-OVL-C1404,dead-OVL-C1107,15,0.241935,0.164835,0.108696
14,15,OVL-C1404,OVL-C1503,dead-OVL-C1404,dead-OVL-C1503,21,0.338710,0.291667,0.185841
14,15,OVL-C1404,OVL-C1504,dead-OVL-C1404,c05,1,0.016129,0.015385,0.007937
14,15,OVL-C1404,OVL-C1505,dead-OVL-C1404,c09,1,0.016129,0.015625,0.008000
14,15,OVL-C1404,OVL-C1507,dead-OVL-C1404,dead-OVL-C1212,3,0.048387,0.065217,0.028571
14,15,OVL-C1404,OVL-C1510,dead-OVL-C1404,dead-OVL-C1211,2,0.032258,0.068966,0.022472
14,15,OVL-C1404,OVL-C1511,dead-OVL-C1404,dead-OVL-C1511,1,0.016129,0.035714,0.011236
14,15,OVL-C1404,OVL-C1512,dead-OVL-C1404,dead-OVL-C1512,15,0.241935,0.576923,0.205479
14,15,OVL-C1405,OVL-C1501,dead-OVL-C0010,dead-OVL-C1306,1,0.017241,0.008929,0.005917
14,15,OVL-C1405,OVL-C1502,dead-OVL-C0010,dead-OVL-C1107,1,0.017241,0.010989,0.006757
14,15,OVL-C1405,OVL-C1508,dead-OVL-C0010,dead-OVL-C0010,42,0.724138,0.933333,0.688525
14,15,OVL-C1405,OVL-C1509,dead-OVL-C0010,dead-OVL-C1311,9,0.155172,0.225000,0.101124
14,15,OVL-C1405,OVL-C1515,dead-OVL-C0010,dead-OVL-C1515,2,0.034483,0.666667,0.033898
14,15,OVL-C1406,OVL-C1505,c09,c09,52,0.896552,0.812500,0.742857
14,15,OVL-C1406,OVL-C1509,c09,dead-OVL-C1311,2,0.034483,0.050000,0.020833
14,15,OVL-C1406,OVL-C1512,c09,dead-OVL-C1512,1,0.017241,0.038462,0.012048
14,15,OVL-C1407,OVL-C1504,c05,c05,48,0.979592,0.738462,0.727273
14,15,OVL-C1407,OVL-C1510,c05,dead-OVL-C1211,1,0.020408,0.034483,0.012987
14,15,OVL-C1408,OVL-C1502,dead-OVL-C1107,dead-OVL-C1107,41,0.976190,0.450549,0.445652
14,15,OVL-C1408,OVL-C1511,dead-OVL-C1107,dead-OVL-C1511,1,0.023810,0.035714,0.014493
14,15,OVL-C1409,OVL-C1502,dead-OVL-C1212,dead-OVL-C1107,4,0.137931,0.043956,0.034483
14,15,OVL-C1409,OVL-C1507,dead-OVL-C1212,dead-OVL-C1212,22,0.758621,0.478261,0.415094
14,15,OVL-C1409,OVL-C1511,dead-OVL-C1212,dead-OVL-C1511,2,0.068966,0.071429,0.036364
14,15,OVL-C1410,OVL-C1501,dead-OVL-C1211,dead-OVL-C1306,1,0.037037,0.008929,0.007246
14,15,OVL-C1410,OVL-C1502,dead-OVL-C1211,dead-OVL-C1107,1,0.037037,0.010989,0.008547
14,15,OVL-C1410,OVL-C1510,dead-OVL-C1211,dead-OVL-C1211,25,0.925926,0.862069,0.806452
14,15,OVL-C1411,OVL-C1505,dead-OVL-C0013,c09,1,0.038462,0.015625,0.011236
14,15,OVL-C1411,OVL-C1506,dead-OVL-C0013,dead-OVL-C0013,23,0.884615,0.469388,0.442308
14,15,OVL-C1411,OVL-C1509,dead-OVL-C0013,dead-OVL-C1311,1,0.038462,0.025000,0.015385
14,15,OVL-C1412,OVL-C1501,dead-OVL-C1311,dead-OVL-C1306,1,0.040000,0.008929,0.007353
14,15,OVL-C1412,OVL-C1509,dead-OVL-C1311,dead-OVL-C1311,24,0.960000,0.600000,0.585366
14,15,OVL-C1413,OVL-C1506,dead-OVL-C1413,dead-OVL-C0013,21,0.954545,0.428571,0.420000
14,15,OVL-C1414,OVL-C1506,dead-OVL-C1414,dead-OVL-C0013,4,1.000000,0.081633,0.081633
14,15,OVL-C1415,OVL-C1514,dead-OVL-C1415,dead-OVL-C1415,3,1.000000,1.000000,1.000000
15,16,OVL-C1501,OVL-C1601,dead-OVL-C1306,dead-OVL-C1107,1,0.008929,0.010989,0.004950
15,16,OVL-C1501,OVL-C1602,dead-OVL-C1306,dead-OVL-C1306,48,0.428571,0.527473,0.309677
15,16,OVL-C1501,OVL-C1603,dead-OVL-C1306,dead-OVL-C1603,44,0.392857,0.619718,0.316547
15,16,OVL-C1501,OVL-C1604,dead-OVL-C1306,c09,2,0.017857,0.031746,0.011561
15,16,OVL-C1501,OVL-C1605,dead-OVL-C1306,dead-OVL-C1503,2,0.017857,0.032787,0.011696
15,16,OVL-C1501,OVL-C1606,dead-OVL-C1306,dead-OVL-C0013,1,0.008929,0.018182,0.006024
15,16,OVL-C1501,OVL-C1608,dead-OVL-C1306,dead-OVL-C1608,4,0.035714,0.078431,0.025157
15,16,OVL-C1501,OVL-C1609,dead-OVL-C1306,c05,2,0.017857,0.052632,0.013514
15,16,OVL-C1502,OVL-C1601,dead-OVL-C1107,dead-OVL-C1107,72,0.791209,0.791209,0.654545
15,16,OVL-C1502,OVL-C1602,dead-OVL-C1107,dead-OVL-C1306,3,0.032967,0.032967,0.016760
15,16,OVL-C1502,OVL-C1603,dead-OVL-C1107,dead-OVL-C1603,2,0.021978,0.028169,0.012500
15,16,OVL-C1502,OVL-C1604,dead-OVL-C1107,c09,2,0.021978,0.031746,0.013158
15,16,OVL-C1502,OVL-C1606,dead-OVL-C1107,dead-OVL-C0013,2,0.021978,0.036364,0.013889
15,16,OVL-C1502,OVL-C1607,dead-OVL-C1107,dead-OVL-C0010,1,0.010989,0.018519,0.006944
15,16,OVL-C1502,OVL-C1608,dead-OVL-C1107,dead-OVL-C1608,1,0.010989,0.019608,0.007092
15,16,OVL-C1502,OVL-C1609,dead-OVL-C1107,c05,1,0.010989,0.026316,0.007812
15,16,OVL-C1503,OVL-C1602,dead-OVL-C1503,dead-OVL-C1306,8,0.111111,0.087912,0.051613
15,16,OVL-C1503,OVL-C1603,dead-OVL-C1503,dead-OVL-C1603,4,0.055556,0.056338,0.028777
15,16,OVL-C1503,OVL-C1605,dead-OVL-C1503,dead-OVL-C1503,56,0.777778,0.918033,0.727273
15,16,OVL-C1503,OVL-C1608,dead-OVL-C1503,dead-OVL-C1608,2,0.027778,0.039216,0.016529
15,16,OVL-C1503,OVL-C1610,dead-OVL-C1503,dead-OVL-C1212,1,0.013889,0.029412,0.009524
15,16,OVL-C1504,OVL-C1602,c05,dead-OVL-C1306,3,0.046154,0.032967,0.019608
15,16,OVL-C1504,OVL-C1608,c05,dead-OVL-C1608,24,0.369231,0.470588,0.260870
15,16,OVL-C1504,OVL-C1609,c05,c05,34,0.523077,0.894737,0.492754
15,16,OVL-C1504,OVL-C1610,c05,dead-OVL-C1212,1,0.015385,0.029412,0.010204
15,16,OVL-C1505,OVL-C1602,c09,dead-OVL-C1306,2,0.031250,0.021978,0.013072
15,16,OVL-C1505,OVL-C1604,c09,c09,56,0.875000,0.888889,0.788732
15,16,OVL-C1505,OVL-C1605,c09,dead-OVL-C1503,1,0.015625,0.016393,0.008065
15,16,OVL-C1505,OVL-C1606,c09,dead-OVL-C0013,1,0.015625,0.018182,0.008475
15,16,OVL-C1505,OVL-C1608,c09,dead-OVL-C1608,1,0.015625,0.019608,0.008772
15,16,OVL-C1505,OVL-C1610,c09,dead-OVL-C1212,1,0.015625,0.029412,0.010309
15,16,OVL-C1506,OVL-C1606,dead-OVL-C0013,dead-OVL-C0013,37,0.755102,0.672727,0.552239
15,16,OVL-C1506,OVL-C1608,dead-OVL-C0013,dead-OVL-C1608,4,0.081633,0.078431,0.041667
15,16,OVL-C1506,OVL-C1611,dead-OVL-C0013,dead-OVL-C1211,2,0.040816,0.064516,0.025641
15,16,OVL-C1507,OVL-C1601,dead-OVL-C1212,dead-OVL-C1107,6,0.130435,0.065934,0.045802
15,16,OVL-C1507,OVL-C1602,dead-OVL-C1212,dead-OVL-C1306,10,0.217391,0.109890,0.078740
15,16,OVL-C1507,OVL-C1605,dead-OVL-C1212,dead-OVL-C1503,1,0.021739,0.016393,0.009434
15,16,OVL-C1507,OVL-C1610,dead-OVL-C1212,dead-OVL-C1212,28,0.608696,0.823529,0.538462
15,16,OVL-C1508,OVL-C1602,dead-OVL-C0010,dead-OVL-C1306,1,0.022222,0.010989,0.007407
15,16,OVL-C1508,OVL-C1607,dead-OVL-C0010,dead-OVL-C0010,41,0.911111,0.759259,0.706897
15,16,OVL-C1508,OVL-C1608,dead-OVL-C0010,dead-OVL-C1608,1,0.022222,0.019608,0.010526
15,16,OVL-C1508,OVL-C1611,dead-OVL-C0010,dead-OVL-C1211,1,0.022222,0.032258,0.013333
15,16,OVL-C1509,OVL-C1602,dead-OVL-C1311,dead-OVL-C1306,1,0.025000,0.010989,0.007692
15,16,OVL-C1509,OVL-C1603,dead-OVL-C1311,dead-OVL-C1603,1,0.025000,0.014085,0.009091
15,16,OVL-C1509,OVL-C1606,dead-OVL-C1311,dead-OVL-C0013,2,0.050000,0.036364,0.021505
15,16,OVL-C1509,OVL-C1607,dead-OVL-C1311,dead-OVL-C0010,11,0.275000,0.203704,0.132530
15,16,OVL-C1509,OVL-C1610,dead-OVL-C1311,dead-OVL-C1212,2,0.050000,0.058824,0.027778
15,16,OVL-C1509,OVL-C1611,dead-OVL-C1311,dead-OVL-C1211,2,0.050000,0.064516,0.028986
15,16,OVL-C1509,OVL-C1612,dead-OVL-C1311,dead-OVL-C1311,21,0.525000,0.954545,0.512195
15,16,OVL-C1510,OVL-C1601,dead-OVL-C1211,dead-OVL-C1107,2,0.068966,0.021978,0.016949
15,16,OVL-C1510,OVL-C1611,dead-OVL-C1211,dead-OVL-C1211,25,0.862069,0.806452,0.714286
15,16,OVL-C1511,OVL-C1602,dead-OVL-C1511,dead-OVL-C1306,3,0.107143,0.032967,0.025862
15,16,OVL-C1511,OVL-C1604,dead-OVL-C1511,c09,1,0.035714,0.015873,0.011111
15,16,OVL-C1511,OVL-C1608,dead-OVL-C1511,dead-OVL-C1608,12,0.428571,0.235294,0.179104
15,16,OVL-C1511,OVL-C1611,dead-OVL-C1511,dead-OVL-C1211,1,0.035714,0.032258,0.017241
15,16,OVL-C1511,OVL-C1613,dead-OVL-C1511,dead-OVL-C1613,9,0.321429,1.000000,0.321429
15,16,OVL-C1512,OVL-C1601,dead-OVL-C1512,dead-OVL-C1107,4,0.153846,0.043956,0.035398
15,16,OVL-C1512,OVL-C1603,dead-OVL-C1512,dead-OVL-C1603,9,0.346154,0.126761,0.102273
15,16,OVL-C1512,OVL-C1606,dead-OVL-C1512,dead-OVL-C0013,6,0.230769,0.109091,0.080000
15,16,OVL-C1513,OVL-C1603,dead-OVL-C1513,dead-OVL-C1603,4,1.000000,0.056338,0.056338
15,16,OVL-C1514,OVL-C1606,dead-OVL-C1415,dead-OVL-C0013,3,1.000000,0.054545,0.054545
15,16,OVL-C1515,OVL-C1614,dead-OVL-C1515,dead-OVL-C1515,3,1.000000,0.750000,0.750000
16,17,OVL-C1601,OVL-C1701,dead-OVL-C1107,dead-OVL-C1306,4,0.043956,0.037383,0.020619
16,17,OVL-C1601,OVL-C1703,dead-OVL-C1107,dead-OVL-C1603,3,0.032967,0.044118,0.019231
16,17,OVL-C1601,OVL-C1705,dead-OVL-C1107,dead-OVL-C1107,44,0.483516,0.721311,0.407407
16,17,OVL-C1601,OVL-C1707,dead-OVL-C1107,dead-OVL-C1707,30,0.329670,0.588235,0.267857
16,17,OVL-C1601,OVL-C1708,dead-OVL-C1107,c05,3,0.032967,0.069767,0.022901
16,17,OVL-C1601,OVL-C1709,dead-OVL-C1107,dead-OVL-C1608,1,0.010989,0.025000,0.007692
16,17,OVL-C1602,OVL-C1701,dead-OVL-C1306,dead-OVL-C1306,74,0.813187,0.691589,0.596774
16,17,OVL-C1602,OVL-C1703,dead-OVL-C1306,dead-OVL-C1603,3,0.032967,0.044118,0.019231
16,17,OVL-C1602,OVL-C1704,dead-OVL-C1306,dead-OVL-C1503,2,0.021978,0.030769,0.012987
16,17,OVL-C1602,OVL-C1710,dead-OVL-C1306,dead-OVL-C1211,2,0.021978,0.060606,0.016393
16,17,OVL-C1602,OVL-C1712,dead-OVL-C1306,dead-OVL-C1712,7,0.076923,0.368421,0.067961
16,17,OVL-C1602,OVL-C1713,dead-OVL-C1306,dead-OVL-C1613,1,0.010989,0.066667,0.009524
16,17,OVL-C1603,OVL-C1701,dead-OVL-C1603,dead-OVL-C1306,3,0.042254,0.028037,0.017143
16,17,OVL-C1603,OVL-C1703,dead-OVL-C1603,dead-OVL-C1603,56,0.788732,0.823529,0.674699
16,17,OVL-C1603,OVL-C1704,dead-OVL-C1603,dead-OVL-C1503,2,0.028169,0.030769,0.014925
16,17,OVL-C1603,OVL-C1705,dead-OVL-C1603,dead-OVL-C1107,1,0.014085,0.016393,0.007634
16,17,OVL-C1603,OVL-C1706,dead-OVL-C1603,c09,1,0.014085,0.016393,0.007634
16,17,OVL-C1603,OVL-C1707,dead-OVL-C1603,dead-OVL-C1707,1,0.014085,0.019608,0.008264
16,17,OVL-C1603,OVL-C1709,dead-OVL-C1603,dead-OVL-C1608,7,0.098592,0.175000,0.067308
16,17,OVL-C1604,OVL-C1701,c09,dead-OVL-C1306,1,0.015873,0.009346,0.005917
16,17,OVL-C1604,OVL-C1703,c09,dead-OVL-C1603,2,0.031746,0.029412,0.015504
16,17,OVL-C1604,OVL-C1705,c09,dead-OVL-C1107,1,0.015873,0.016393,0.008130
16,17,OVL-C1604,OVL-C1706,c09,c09,58,0.920635,0.950820,0.878788
16,17,OVL-C1605,OVL-C1701,dead-OVL-C1503,dead-OVL-C1306,1,0.016393,0.009346,0.005988
16,17,OVL-C1605,OVL-C1704,dead-OVL-C1503,dead-OVL-C1503,57,0.934426,0.876923,0.826087
16,17,OVL-C1606,OVL-C1701,dead-OVL-C0013,dead-OVL-C1306,15,0.272727,0.140187,0.102041
16,17,OVL-C1606,OVL-C1705,dead-OVL-C0013,dead-OVL-C1107,9,0.163636,0.147541,0.084112
16,17,OVL-C1606,OVL-C1709,dead-OVL-C0013,dead-OVL-C1608,2,0.036364,0.050000,0.021505
16,17,OVL-C1606,OVL-C1711,dead-OVL-C0013,dead-OVL-C0013,29,0.527273,0.966667,0.517857
16,17,OVL-C1607,OVL-C1702,dead-OVL-C0010,dead-OVL-C0010,50,0.925926,0.704225,0.666667
16,17,OVL-C1607,OVL-C1703,dead-OVL-C0010,dead-OVL-C1603,2,0.037037,0.029412,0.016667
16,17,OVL-C1608,OVL-C1701,dead-OVL-C1608,dead-OVL-C1306,4,0.078431,0.037383,0.025974
16,17,OVL-C1608,OVL-C1704,dead-OVL-C1608,dead-OVL-C1503,4,0.078431,0.061538,0.035714
16,17,OVL-C1608,OVL-C1708,dead-OVL-C1608,c05,5,0.098039,0.116279,0.056180
16,17,OVL-C1608,OVL-C1709,dead-OVL-C1608,dead-OVL-C1608,28,0.549020,0.700000,0.444444
16,17,OVL-C1608,OVL-C1713,dead-OVL-C1608,dead-OVL-C1613,5,0.098039,0.333333,0.081967
16,17,OVL-C1609,OVL-C1701,c05,dead-OVL-C1306,1,0.026316,0.009346,0.006944
16,17,OVL-C1609,OVL-C1703,c05,dead-OVL-C1603,1,0.026316,0.014706,0.009524
16,17,OVL-C1609,OVL-C1708,c05,c05,32,0.842105,0.744186,0.653061
16,17,OVL-C1609,OVL-C1709,c05,dead-OVL-C1608,2,0.052632,0.050000,0.026316
16,17,OVL-C1610,OVL-C1701,dead-OVL-C1212,dead-OVL-C1306,1,0.029412,0.009346,0.007143
16,17,OVL-C1610,OVL-C1702,dead-OVL-C1212,dead-OVL-C0010,3,0.088235,0.042254,0.029412
16,17,OVL-C1610,OVL-C1707,dead-OVL-C1212,dead-OVL-C1707,18,0.529412,0.352941,0.268657
16,17,OVL-C1610,OVL-C1712,dead-OVL-C1212,dead-OVL-C1712,12,0.352941,0.631579,0.292683
16,17,OVL-C1611,OVL-C1705,dead-OVL-C1211,dead-OVL-C1107,2,0.064516,0.032787,0.022222
16,17,OVL-C1611,OVL-C1707,dead-OVL-C1211,dead-OVL-C1707,1,0.032258,0.019608,0.012346
16,17,OVL-C1611,OVL-C1710,dead-OVL-C1211,dead-OVL-C1211,28,0.903226,0.848485,0.777778
16,17,OVL-C1612,OVL-C1702,dead-OVL-C1311,dead-OVL-C0010,18,0.818182,0.253521,0.240000
16,17,OVL-C1612,OVL-C1708,dead-OVL-C1311,c05,3,0.136364,0.069767,0.048387
16,17,OVL-C1613,OVL-C1713,dead-OVL-C1613,dead-OVL-C1613,7,0.777778,0.466667,0.411765
16,17,OVL-C1614,OVL-C1714,dead-OVL-C1515,dead-OVL-C1515,4,1.000000,1.000000,1.000000
17,18,OVL-C1701,OVL-C1801,dead-OVL-C1306,dead-OVL-C1603,1,0.009346,0.010204,0.004902
17,18,OVL-C1701,OVL-C1802,dead-OVL-C1306,c09,3,0.028037,0.038462,0.016484
17,18,OVL-C1701,OVL-C1803,dead-OVL-C1306,dead-OVL-C1803,30,0.280374,0.394737,0.196078
17,18,OVL-C1701,OVL-C1804,dead-OVL-C1306,dead-OVL-C0010,1,0.009346,0.013889,0.005618
17,18,OVL-C1701,OVL-C1805,dead-OVL-C1306,dead-OVL-C1805,33,0.308411,0.471429,0.229167
17,18,OVL-C1701,OVL-C1806,dead-OVL-C1306,dead-OVL-C1503,3,0.028037,0.045455,0.017647
17,18,OVL-C1701,OVL-C1807,dead-OVL-C1306,dead-OVL-C1807,5,0.046729,0.089286,0.031646
17,18,OVL-C1701,OVL-C1808,dead-OVL-C1306,c05,2,0.018692,0.043478,0.013245
17,18,OVL-C1701,OVL-C1809,dead-OVL-C1306,dead-OVL-C0013,13,0.121495,0.317073,0.096296
17,18,OVL-C1701,OVL-C1810,dead-OVL-C1306,dead-OVL-C1810,8,0.074766,0.235294,0.060150
17,18,OVL-C1702,OVL-C1804,dead-OVL-C0010,dead-OVL-C0010,65,0.915493,0.902778,0.833333
17,18,OVL-C1702,OVL-C1810,dead-OVL-C0010,dead-OVL-C1810,3,0.042254,0.088235,0.029412
17,18,OVL-C1703,OVL-C1801,dead-OVL-C1603,dead-OVL-C1603,42,0.617647,0.428571,0.338710
17,18,OVL-C1703,OVL-C1802,dead-OVL-C1603,c09,1,0.014706,0.012821,0.006897
17,18,OVL-C1703,OVL-C1803,dead-OVL-C1603,dead-OVL-C1803,3,0.044118,0.039474,0.021277
17,18,OVL-C1703,OVL-C1804,dead-OVL-C1603,dead-OVL-C0010,2,0.029412,0.027778,0.014493
17,18,OVL-C1703,OVL-C1805,dead-OVL-C1603,dead-OVL-C1805,15,0.220588,0.214286,0.121951
17,18,OVL-C1703,OVL-C1806,dead-OVL-C1603,dead-OVL-C1503,1,0.014706,0.015152,0.007519
17,18,OVL-C1704,OVL-C1803,dead-OVL-C1503,dead-OVL-C1803,1,0.015385,0.013158,0.007143
17,18,OVL-C1704,OVL-C1806,dead-OVL-C1503,dead-OVL-C1503,56,0.861538,0.848485,0.746667
17,18,OVL-C1704,OVL-C1807,dead-OVL-C1503,dead-OVL-C1807,3,0.046154,0.053571,0.025424
17,18,OVL-C1705,OVL-C1801,dead-OVL-C1107,dead-OVL-C1603,16,0.262295,0.163265,0.111888
17,18,OVL-C1705,OVL-C1802,dead-OVL-C1107,c09,8,0.131148,0.102564,0.061069
17,18,OVL-C1705,OVL-C1803,dead-OVL-C1107,dead-OVL-C1803,28,0.459016,0.368421,0.256881
17,18,OVL-C1705,OVL-C1805,dead-OVL-C1107,dead-OVL-C1805,2,0.032787,0.028571,0.015504
17,18,OVL-C1705,OVL-C1813,dead-OVL-C1107,dead-OVL-C1813,3,0.049180,0.750000,0.048387
17,18,OVL-C1706,OVL-C1802,c09,c09,57,0.934426,0.730769,0.695122
17,18,OVL-C1706,OVL-C1807,c09,dead-OVL-C1807,1,0.016393,0.017857,0.008621
17,18,OVL-C1707,OVL-C1801,dead-OVL-C1707,dead-OVL-C1603,29,0.568627,0.295918,0.241667
17,18,OVL-C1707,OVL-C1805,dead-OVL-C1707,dead-OVL-C1805,1,0.019608,0.014286,0.008333
17,18,OVL-C1707,OVL-C1806,dead-OVL-C1707,dead-OVL-C1503,1,0.019608,0.015152,0.008621
17,18,OVL-C1707,OVL-C1807,dead-OVL-C1707,dead-OVL-C1807,1,0.019608,0.017857,0.009434
17,18,OVL-C1707,OVL-C1810,dead-OVL-C1707,dead-OVL-C1810,14,0.274510,0.411765,0.197183
17,18,OVL-C1707,OVL-C1811,dead-OVL-C1707,dead-OVL-C1211,3,0.058824,0.103448,0.038961
17,18,OVL-C1708,OVL-C1803,c05,dead-OVL-C1803,3,0.069767,0.039474,0.025862
17,18,OVL-C1708,OVL-C1805,c05,dead-OVL-C1805,1,0.023256,0.014286,0.008929
17,18,OVL-C1708,OVL-C1808,c05,c05,36,0.837209,0.782609,0.679245
17,18,OVL-C1709,OVL-C1801,dead-OVL-C1608,dead-OVL-C1603,2,0.050000,0.020408,0.014706
17,18,OVL-C1709,OVL-C1802,dead-OVL-C1608,c09,1,0.025000,0.012821,0.008547
17,18,OVL-C1709,OVL-C1803,dead-OVL-C1608,dead-OVL-C1803,1,0.025000,0.013158,0.008696
17,18,OVL-C1709,OVL-C1805,dead-OVL-C1608,dead-OVL-C1805,12,0.300000,0.171429,0.122449
17,18,OVL-C1709,OVL-C1807,dead-OVL-C1608,dead-OVL-C1807,15,0.375000,0.267857,0.185185
17,18,OVL-C1709,OVL-C1808,dead-OVL-C1608,c05,6,0.150000,0.130435,0.075000
17,18,OVL-C1709,OVL-C1809,dead-OVL-C1608,dead-OVL-C0013,2,0.050000,0.048780,0.025316
17,18,OVL-C1710,OVL-C1804,dead-OVL-C1211,dead-OVL-C0010,1,0.030303,0.013889,0.009615
17,18,OVL-C1710,OVL-C1805,dead-OVL-C1211,dead-OVL-C1805,1,0.030303,0.014286,0.009804
17,18,OVL-C1710,OVL-C1807,dead-OVL-C1211,dead-OVL-C1807,5,0.151515,0.089286,0.059524
17,18,OVL-C1710,OVL-C1808,dead-OVL-C1211,c05,1,0.030303,0.021739,0.012821
17,18,OVL-C1710,OVL-C1811,dead-OVL-C1211,dead-OVL-C1211,24,0.727273,0.827586,0.631579
17,18,OVL-C1711,OVL-C1802,dead-OVL-C0013,c09,1,0.033333,0.012821,0.009346
17,18,OVL-C1711,OVL-C1809,dead-OVL-C0013,dead-OVL-C0013,26,0.866667,0.634146,0.577778
17,18,OVL-C1711,OVL-C1813,dead-OVL-C0013,dead-OVL-C1813,1,0.033333,0.250000,0.030303
17,18,OVL-C1712,OVL-C1802,dead-OVL-C1712,c09,1,0.052632,0.012821,0.010417
17,18,OVL-C1712,OVL-C1803,dead-OVL-C1712,dead-OVL-C1803,2,0.105263,0.026316,0.021505
17,18,OVL-C1712,OVL-C1806,dead-OVL-C1712,dead-OVL-C1503,2,0.105263,0.030303,0.024096
17,18,OVL-C1712,OVL-C1807,dead-OVL-C1712,dead-OVL-C1807,1,0.052632,0.017857,0.013514
17,18,OVL-C1712,OVL-C1810,dead-OVL-C1712,dead-OVL-C1810,8,0.421053,0.235294,0.177778
17,18,OVL-C1712,OVL-C1812,dead-OVL-C1712,dead-OVL-C1812,5,0.263158,1.000000,0.263158
17,18,OVL-C1713,OVL-C1807,dead-OVL-C1613,dead-OVL-C1807,15,1.000000,0.267857,0.267857
17,18,OVL-C1714,OVL-C1814,dead-OVL-C1515,dead-OVL-C1515,4,1.000000,1.000000,1.000000
18,19,OVL-C1801,OVL-C1901,dead-OVL-C1603,dead-OVL-C1603,60,0.612245,0.606061,0.437956
18,19,OVL-C1801,OVL-C1903,dead-OVL-C1603,c09,1,0.010204,0.013889,0.005917
18,19,OVL-C1801,OVL-C1905,dead-OVL-C1603,dead-OVL-C1805,3,0.030612,0.049180,0.019231
18,19,OVL-C1801,OVL-C1906,dead-OVL-C1603,dead-OVL-C0010,1,0.010204,0.018519,0.006623
18,19,OVL-C1801,OVL-C1908,dead-OVL-C1603,dead-OVL-C1807,1,0.010204,0.020833,0.006897
18,19,OVL-C1801,OVL-C1909,dead-OVL-C1603,dead-OVL-C1909,23,0.234694,0.489362,0.188525
18,19,OVL-C1801,OVL-C1913,dead-OVL-C1603,dead-OVL-C1913,8,0.081633,0.444444,0.074074
18,19,OVL-C1802,OVL-C1902,c09,dead-OVL-C1803,3,0.038462,0.032258,0.017857
18,19,OVL-C1802,OVL-C1903,c09,c09,64,0.820513,0.888889,0.744186
18,19,OVL-C1802,OVL-C1905,c09,dead-OVL-C1805,1,0.012821,0.016393,0.007246
18,19,OVL-C1802,OVL-C1906,c09,dead-OVL-C0010,1,0.012821,0.018519,0.007634
18,19,OVL-C1802,OVL-C1910,c09,dead-OVL-C0013,1,0.012821,0.024390,0.008475
18,19,OVL-C1802,OVL-C1912,c09,dead-OVL-C1912,7,0.089744,0.350000,0.076923
18,19,OVL-C1803,OVL-C1901,dead-OVL-C1803,dead-OVL-C1603,7,0.092105,0.070707,0.041667
18,19,OVL-C1803,OVL-C1902,dead-OVL-C1803,dead-OVL-C1803,54,0.710526,0.580645,0.469565
18,19,OVL-C1803,OVL-C1903,dead-OVL-C1803,c09,1,0.013158,0.013889,0.006803
18,19,OVL-C1803,OVL-C1905,dead-OVL-C1803,dead-OVL-C1805,2,0.026316,0.032787,0.014815
18,19,OVL-C1803,OVL-C1907,dead-OVL-C1803,c05,2,0.026316,0.040816,0.016260
18,19,OVL-C1803,OVL-C1908,dead-OVL-C1803,dead-OVL-C1807,1,0.013158,0.020833,0.008130
18,19,OVL-C1803,OVL-C1909,dead-OVL-C1803,dead-OVL-C1909,1,0.013158,0.021277,0.008197
18,19,OVL-C1803,OVL-C1912,dead-OVL-C1803,dead-OVL-C1912,6,0.078947,0.300000,0.066667
18,19,OVL-C1803,OVL-C1913,dead-OVL-C1803,dead-OVL-C1913,1,0.013158,0.055556,0.010753
18,19,OVL-C1804,OVL-C1905,dead-OVL-C0010,dead-OVL-C1805,1,0.013889,0.016393,0.007576
18,19,OVL-C1804,OVL-C1906,dead-OVL-C0010,dead-OVL-C0010,50,0.694444,0.925926,0.657895
18,19,OVL-C1804,OVL-C1911,dead-OVL-C0010,dead-OVL-C1911,20,0.277778,0.869565,0.266667
18,19,OVL-C1804,OVL-C1913,dead-OVL-C0010,dead-OVL-C1913,1,0.013889,0.055556,0.011236
18,19,OVL-C1805,OVL-C1901,dead-OVL-C1805,dead-OVL-C1603,4,0.057143,0.040404,0.024242
18,19,OVL-C1805,OVL-C1902,dead-OVL-C1805,dead-OVL-C1803,11,0.157143,0.118280,0.072368
18,19,OVL-C1805,OVL-C1905,dead-OVL-C1805,dead-OVL-C1805,47,0.671429,0.770492,0.559524
18,19,OVL-C1805,OVL-C1906,dead-OVL-C1805,dead-OVL-C0010,1,0.014286,0.018519,0.008130
18,19,OVL-C1805,OVL-C1908,dead-OVL-C1805,dead-OVL-C1807,1,0.014286,0.020833,0.008547
18,19,OVL-C1805,OVL-C1909,dead-OVL-C1805,dead-OVL-C1909,2,0.028571,0.042553,0.017391
18,19,OVL-C1805,OVL-C1910,dead-OVL-C1805,dead-OVL-C0013,1,0.014286,0.024390,0.009091
18,19,OVL-C1806,OVL-C1902,dead-OVL-C1503,dead-OVL-C1803,1,0.015152,0.010753,0.006329
18,19,OVL-C1806,OVL-C1904,dead-OVL-C1503,dead-OVL-C1503,60,0.909091,0.895522,0.821918
18,19,OVL-C1806,OVL-C1908,dead-OVL-C1503,dead-OVL-C1807,5,0.075758,0.104167,0.045872
18,19,OVL-C1807,OVL-C1902,dead-OVL-C1807,dead-OVL-C1803,2,0.035714,0.021505,0.013605
18,19,OVL-C1807,OVL-C1903,dead-OVL-C1807,c09,1,0.017857,0.013889,0.007874
18,19,OVL-C1807,OVL-C1904,dead-OVL-C1807,dead-OVL-C1503,3,0.053571,0.044776,0.025000
18,19,OVL-C1807,OVL-C1905,dead-OVL-C1807,dead-OVL-C1805,2,0.035714,0.032787,0.017391
18,19,OVL-C1807,OVL-C1908,dead-OVL-C1807,dead-OVL-C1807,37,0.660714,0.770833,0.552239
18,19,OVL-C1807,OVL-C1909,dead-OVL-C1807,dead-OVL-C1909,1,0.017857,0.021277,0.009804
18,19,OVL-C1807,OVL-C1913,dead-OVL-C1807,dead-OVL-C1913,8,0.142857,0.444444,0.121212
18,19,OVL-C1808,OVL-C1901,c05,dead-OVL-C1603,1,0.021739,0.010101,0.006944
18,19,OVL-C1808,OVL-C1905,c05,dead-OVL-C1805,1,0.021739,0.016393,0.009434
18,19,OVL-C1808,OVL-C1907,c05,c05,44,0.956522,0.897959,0.862745
18,19,OVL-C1809,OVL-C1901,dead-OVL-C0013,dead-OVL-C1603,1,0.024390,0.010101,0.007194
18,19,OVL-C1809,OVL-C1910,dead-OVL-C0013,dead-OVL-C0013,37,0.902439,0.902439,0.822222
18,19,OVL-C1809,OVL-C1912,dead-OVL-C0013,dead-OVL-C1912,3,0.073171,0.150000,0.051724
18,19,OVL-C1810,OVL-C1902,dead-OVL-C1810,dead-OVL-C1803,9,0.264706,0.096774,0.076271
18,19,OVL-C1810,OVL-C1903,dead-OVL-C1810,c09,2,0.058824,0.027778,0.019231
18,19,OVL-C1810,OVL-C1905,dead-OVL-C1810,dead-OVL-C1805,1,0.029412,0.016393,0.010638
18,19,OVL-C1810,OVL-C1907,dead-OVL-C1810,c05,1,0.029412,0.020408,0.012195
18,19,OVL-C1810,OVL-C1908,dead-OVL-C1810,dead-OVL-C1807,2,0.058824,0.041667,0.025000
18,19,OVL-C1810,OVL-C1909,dead-OVL-C1810,dead-OVL-C1909,16,0.470588,0.340426,0.246154
18,19,OVL-C1810,OVL-C1911,dead-OVL-C1810,dead-OVL-C1911,3,0.088235,0.130435,0.055556
18,19,OVL-C1811,OVL-C1901,dead-OVL-C1211,dead-OVL-C1603,26,0.896552,0.262626,0.254902
18,19,OVL-C1811,OVL-C1902,dead-OVL-C1211,dead-OVL-C1803,1,0.034483,0.010753,0.008264
18,19,OVL-C1811,OVL-C1909,dead-OVL-C1211,dead-OVL-C1909,1,0.034483,0.021277,0.013333
18,19,OVL-C1812,OVL-C1902,dead-OVL-C1812,dead-OVL-C1803,5,1.000000,0.053763,0.053763
18,19,OVL-C1813,OVL-C1912,dead-OVL-C1813,dead-OVL-C1912,2,0.500000,0.100000,0.090909
18,19,OVL-C1814,OVL-C1914,dead-OVL-C1515,dead-OVL-C1515,3,0.750000,1.000000,0.750000
19,20,OVL-C1901,OVL-C2001,dead-OVL-C1603,dead-OVL-C1603,68,0.686869,0.635514,0.492754
19,20,OVL-C1901,OVL-C2003,dead-OVL-C1603,dead-OVL-C2003,20,0.202020,0.250000,0.125786
19,20,OVL-C1901,OVL-C2004,dead-OVL-C1603,dead-OVL-C1805,1,0.010101,0.012821,0.005682
19,20,OVL-C1901,OVL-C2006,dead-OVL-C1603,dead-OVL-C2006,1,0.010101,0.022222,0.006993
19,20,OVL-C1901,OVL-C2010,dead-OVL-C1603,dead-OVL-C1909,2,0.020202,0.060606,0.015385
19,20,OVL-C1902,OVL-C2001,dead-OVL-C1803,dead-OVL-C1603,7,0.075269,0.065421,0.036269
19,20,OVL-C1902,OVL-C2002,dead-OVL-C1803,c09,2,0.021505,0.025000,0.011696
19,20,OVL-C1902,OVL-C2003,dead-OVL-C1803,dead-OVL-C2003,25,0.268817,0.312500,0.168919
19,20,OVL-C1902,OVL-C2004,dead-OVL-C1803,dead-OVL-C1805,30,0.322581,0.384615,0.212766
19,20,OVL-C1902,OVL-C2008,dead-OVL-C1803,dead-OVL-C2008,3,0.032258,0.071429,0.022727
19,20,OVL-C1902,OVL-C2009,dead-OVL-C1803,dead-OVL-C1807,3,0.032258,0.085714,0.024000
19,20,OVL-C1902,OVL-C2013,dead-OVL-C1803,dead-OVL-C2013,16,0.172043,0.941176,0.170213
19,20,OVL-C1903,OVL-C2001,c09,dead-OVL-C1603,2,0.027778,0.018692,0.011299
19,20,OVL-C1903,OVL-C2002,c09,c09,61,0.847222,0.762500,0.670330
19,20,OVL-C1903,OVL-C2004,c09,dead-OVL-C1805,1,0.013889,0.012821,0.006711
19,20,OVL-C1903,OVL-C2005,c09,dead-OVL-C1503,1,0.013889,0.018182,0.007937
19,20,OVL-C1903,OVL-C2013,c09,dead-OVL-C2013,1,0.013889,0.058824,0.011364
19,20,OVL-C1904,OVL-C2001,dead-OVL-C1503,dead-OVL-C1603,7,0.104478,0.065421,0.041916
19,20,OVL-C1904,OVL-C2003,dead-OVL-C1503,dead-OVL-C2003,1,0.014925,0.012500,0.006849
19,20,OVL-C1904,OVL-C2005,dead-OVL-C1503,dead-OVL-C1503,48,0.716418,0.872727,0.648649
19,20,OVL-C1904,OVL-C2007,dead-OVL-C1503,c05,2,0.029851,0.047619,0.018692
19,20,OVL-C1904,OVL-C2008,dead-OVL-C1503,dead-OVL-C2008,1,0.014925,0.023810,0.009259
19,20,OVL-C1904,OVL-C2009,dead-OVL-C1503,dead-OVL-C1807,1,0.014925,0.028571,0.009901
19,20,OVL-C1904,OVL-C2011,dead-OVL-C1503,dead-OVL-C0010,1,0.014925,0.031250,0.010204
19,20,OVL-C1905,OVL-C2001,dead-OVL-C1805,dead-OVL-C1603,2,0.032787,0.018692,0.012048
19,20,OVL-C1905,OVL-C2002,dead-OVL-C1805,c09,1,0.016393,0.012500,0.007143
19,20,OVL-C1905,OVL-C2003,dead-OVL-C1805,dead-OVL-C2003,1,0.016393,0.012500,0.007143
19,20,OVL-C1905,OVL-C2004,dead-OVL-C1805,dead-OVL-C1805,35,0.573770,0.448718,0.336538
19,20,OVL-C1905,OVL-C2008,dead-OVL-C1805,dead-OVL-C2008,17,0.278689,0.404762,0.197674
19,20,OVL-C1905,OVL-C2011,dead-OVL-C1805,dead-OVL-C0010,2,0.032787,0.062500,0.021978
19,20,OVL-C1906,OVL-C2002,dead-OVL-C0010,c09,1,0.018519,0.012500,0.007519
19,20,OVL-C1906,OVL-C2004,dead-OVL-C0010,dead-OVL-C1805,2,0.037037,0.025641,0.015385
19,20,OVL-C1906,OVL-C2006,dead-OVL-C0010,dead-OVL-C2006,23,0.425926,0.511111,0.302632
19,20,OVL-C1906,OVL-C2011,dead-OVL-C0010,dead-OVL-C0010,27,0.500000,0.843750,0.457627
19,20,OVL-C1907,OVL-C2003,c05,dead-OVL-C2003,5,0.102041,0.062500,0.040323
19,20,OVL-C1907,OVL-C2007,c05,c05,38,0.775510,0.904762,0.716981
19,20,OVL-C1907,OVL-C2008,c05,dead-OVL-C2008,2,0.040816,0.047619,0.022472
19,20,OVL-C1907,OVL-C2009,c05,dead-OVL-C1807,1,0.020408,0.028571,0.012048
19,20,OVL-C1907,OVL-C2010,c05,dead-OVL-C1909,1,0.020408,0.030303,0.012346
19,20,OVL-C1908,OVL-C2001,dead-OVL-C1807,dead-OVL-C1603,7,0.145833,0.065421,0.047297
19,20,OVL-C1908,OVL-C2003,dead-OVL-C1807,dead-OVL-C2003,1,0.020833,0.012500,0.007874
19,20,OVL-C1908,OVL-C2004,dead-OVL-C1807,dead-OVL-C1805,3,0.062500,0.038462,0.024390
19,20,OVL-C1908,OVL-C2005,dead-OVL-C1807,dead-OVL-C1503,5,0.104167,0.090909,0.051020
19,20,OVL-C1908,OVL-C2007,dead-OVL-C1807,c05,1,0.020833,0.023810,0.011236
19,20,OVL-C1908,OVL-C2008,dead-OVL-C1807,dead-OVL-C2008,1,0.020833,0.023810,0.011236
19,20,OVL-C1908,OVL-C2009,dead-OVL-C1807,dead-OVL-C1807,22,0.458333,0.628571,0.360656
19,20,OVL-C1908,OVL-C2010,dead-OVL-C1807,dead-OVL-C1909,1,0.020833,0.030303,0.012500
19,20,OVL-C1908,OVL-C2011,dead-OVL-C1807,dead-OVL-C0010,1,0.020833,0.031250,0.012658
19,20,OVL-C1909,OVL-C2001,dead-OVL-C1909,dead-OVL-C1603,1,0.021277,0.009346,0.006536
19,20,OVL-C1909,OVL-C2003,dead-OVL-C1909,dead-OVL-C2003,15,0.319149,0.187500,0.133929
19,20,OVL-C1909,OVL-C2004,dead-OVL-C1909,dead-OVL-C1805,2,0.042553,0.025641,0.016260
19,20,OVL-C1909,OVL-C2010,dead-OVL-C1909,dead-OVL-C1909,25,0.531915,0.757576,0.454545
19,20,OVL-C1910,OVL-C2008,dead-OVL-C0013,dead-OVL-C2008,16,0.390244,0.380952,0.238806
19,20,OVL-C1910,OVL-C2012,dead-OVL-C0013,dead-OVL-C0013,25,0.609756,1.000000,0.609756
19,20,OVL-C1911,OVL-C2006,dead-OVL-C1911,dead-OVL-C2006,21,0.913043,0.466667,0.446809
19,20,OVL-C1911,OVL-C2010,dead-OVL-C1911,dead-OVL-C1909,1,0.043478,0.030303,0.018182
19,20,OVL-C1911,OVL-C2011,dead-OVL-C1911,dead-OVL-C0010,1,0.043478,0.031250,0.018519
19,20,OVL-C1912,OVL-C2002,dead-OVL-C1912,c09,9,0.450000,0.112500,0.098901
19,20,OVL-C1912,OVL-C2003,dead-OVL-C1912,dead-OVL-C2003,8,0.400000,0.100000,0.086957
19,20,OVL-C1912,OVL-C2008,dead-OVL-C1912,dead-OVL-C2008,2,0.100000,0.047619,0.033333
19,20,OVL-C1913,OVL-C2001,dead-OVL-C1913,dead-OVL-C1603,8,0.444444,0.074766,0.068376
19,20,OVL-C1913,OVL-C2004,dead-OVL-C1913,dead-OVL-C1805,1,0.055556,0.012821,0.010526
19,20,OVL-C1913,OVL-C2009,dead-OVL-C1913,dead-OVL-C1807,8,0.444444,0.228571,0.177778
20,21,OVL-C2001,OVL-C2101,dead-OVL-C1603,dead-OVL-C2003,6,0.056075,0.070588,0.032258
20,21,OVL-C2001,OVL-C2102,dead-OVL-C1603,dead-OVL-C1805,12,0.112150,0.148148,0.068182
20,21,OVL-C2001,OVL-C2104,dead-OVL-C1603,dead-OVL-C1503,11,0.102804,0.150685,0.065089
20,21,OVL-C2001,OVL-C2105,dead-OVL-C1603,dead-OVL-C2105,31,0.289720,0.484375,0.221429
20,21,OVL-C2001,OVL-C2106,dead-OVL-C1603,dead-OVL-C0010,1,0.009346,0.020833,0.006494
20,21,OVL-C2001,OVL-C2107,dead-OVL-C1603,dead-OVL-C1909,1,0.009346,0.022727,0.006667
20,21,OVL-C2001,OVL-C2109,dead-OVL-C1603,dead-OVL-C2109,33,0.308411,0.846154,0.292035
20,21,OVL-C2001,OVL-C2110,dead-OVL-C1603,dead-OVL-C1807,1,0.009346,0.029412,0.007143
20,21,OVL-C2001,OVL-C2111,dead-OVL-C1603,dead-OVL-C2013,6,0.056075,0.206897,0.046154
20,21,OVL-C2001,OVL-C2113,dead-OVL-C1603,dead-OVL-C2113,1,0.009346,0.045455,0.007812
20,21,OVL-C2001,OVL-C2115,dead-OVL-C1603,dead-OVL-C2115,1,0.009346,0.250000,0.009091
20,21,OVL-C2001,OVL-C2116,dead-OVL-C1603,dead-OVL-C2116,3,0.028037,1.000000,0.028037
20,21,OVL-C2002,OVL-C2102,c09,dead-OVL-C1805,1,0.012500,0.012346,0.006250
20,21,OVL-C2002,OVL-C2103,c09,c09,69,0.862500,0.896104,0.784091
20,21,OVL-C2002,OVL-C2107,c09,dead-OVL-C1909,1,0.012500,0.022727,0.008130
20,21,OVL-C2002,OVL-C2108,c09,c05,1,0.012500,0.023256,0.008197
20,21,OVL-C2002,OVL-C2111,c09,dead-OVL-C2013,2,0.025000,0.068966,0.018692
20,21,OVL-C2002,OVL-C2114,c09,dead-OVL-C2008,1,0.012500,0.055556,0.010309
20,21,OVL-C2002,OVL-C2117,c09,dead-OVL-C2117,3,0.037500,1.000000,0.037500
20,21,OVL-C2003,OVL-C2101,dead-OVL-C2003,dead-OVL-C2003,58,0.725000,0.682353,0.542056
20,21,OVL-C2003,OVL-C2102,dead-OVL-C2003,dead-OVL-C1805,1,0.012500,0.012346,0.006250
20,21,OVL-C2003,OVL-C2104,dead-OVL-C2003,dead-OVL-C1503,2,0.025000,0.027397,0.013245
20,21,OVL-C2003,OVL-C2105,dead-OVL-C2003,dead-OVL-C2105,1,0.012500,0.015625,0.006993
20,21,OVL-C2003,OVL-C2106,dead-OVL-C2003,dead-OVL-C0010,3,0.037500,0.062500,0.024000
20,21,OVL-C2003,OVL-C2107,dead-OVL-C2003,dead-OVL-C1909,10,0.125000,0.227273,0.087719
20,21,OVL-C2003,OVL-C2115,dead-OVL-C2003,dead-OVL-C2115,3,0.037500,0.750000,0.037037
20,21,OVL-C2004,OVL-C2101,dead-OVL-C1805,dead-OVL-C2003,10,0.128205,0.117647,0.065359
20,21,OVL-C2004,OVL-C2102,dead-OVL-C1805,dead-OVL-C1805,40,0.512821,0.493827,0.336134
20,21,OVL-C2004,OVL-C2103,dead-OVL-C1805,c09,1,0.012821,0.012987,0.006494
20,21,OVL-C2004,OVL-C2105,dead-OVL-C1805,dead-OVL-C2105,1,0.012821,0.015625,0.007092
20,21,OVL-C2004,OVL-C2107,dead-OVL-C1805,dead-OVL-C1909,1,0.012821,0.022727,0.008264
20,21,OVL-C2004,OVL-C2110,dead-OVL-C1805,dead-OVL-C1807,2,0.025641,0.058824,0.018182
20,21,OVL-C2004,OVL-C2113,dead-OVL-C1805,dead-OVL-C2113,20,0.256410,0.909091,0.250000
20,21,OVL-C2005,OVL-C2101,dead-OVL-C1503,dead-OVL-C2003,1,0.018182,0.011765,0.007194
20,21,OVL-C2005,OVL-C2104,dead-OVL-C1503,dead-OVL-C1503,50,0.909091,0.684932,0.641026
20,21,OVL-C2005,OVL-C2105,dead-OVL-C1503,dead-OVL-C2105,1,0.018182,0.015625,0.008475
20,21,OVL-C2005,OVL-C2109,dead-OVL-C1503,dead-OVL-C2109,1,0.018182,0.025641,0.010753
20,21,OVL-C2005,OVL-C2111,dead-OVL-C1503,dead-OVL-C2013,1,0.018182,0.034483,0.012048
20,21,OVL-C2006,OVL-C2105,dead-OVL-C2006,dead-OVL-C2105,25,0.555556,0.390625,0.297619
20,21,OVL-C2006,OVL-C2106,dead-OVL-C2006,dead-OVL-C0010,18,0.400000,0.375000,0.240000
20,21,OVL-C2006,OVL-C2109,dead-OVL-C2006,dead-OVL-C2109,1,0.022222,0.025641,0.012048
20,21,OVL-C2007,OVL-C2101,c05,dead-OVL-C2003,1,0.023810,0.011765,0.007937
20,21,OVL-C2007,OVL-C2104,c05,dead-OVL-C1503,2,0.047619,0.027397,0.017699
20,21,OVL-C2007,OVL-C2108,c05,c05,38,0.904762,0.883721,0.808511
20,21,OVL-C2007,OVL-C2109,c05,dead-OVL-C2109,1,0.023810,0.025641,0.012500
20,21,OVL-C2008,OVL-C2101,dead-OVL-C2008,dead-OVL-C2003,1,0.023810,0.011765,0.007937
20,21,OVL-C2008,OVL-C2102,dead-OVL-C2008,dead-OVL-C1805,15,0.357143,0.185185,0.138889
20,21,OVL-C2008,OVL-C2103,dead-OVL-C2008,c09,1,0.023810,0.012987,0.008475
20,21,OVL-C2008,OVL-C2104,dead-OVL-C2008,dead-OVL-C1503,1,0.023810,0.013699,0.008772
20,21,OVL-C2008,OVL-C2108,dead-OVL-C2008,c05,3,0.071429,0.069767,0.036585
20,21,OVL-C2008,OVL-C2111,dead-OVL-C2008,dead-OVL-C2013,1,0.023810,0.034483,0.014286
20,21,OVL-C2008,OVL-C2114,dead-OVL-C2008,dead-OVL-C2008,17,0.404762,0.944444,0.395349
20,21,OVL-C2009,OVL-C2101,dead-OVL-C1807,dead-OVL-C2003,2,0.057143,0.023529,0.016949
20,21,OVL-C2009,OVL-C2102,dead-OVL-C1807,dead-OVL-C1805,3,0.085714,0.037037,0.026549
20,21,OVL-C2009,OVL-C2105,dead-OVL-C1807,dead-OVL-C2105,1,0.028571,0.015625,0.010204
20,21,OVL-C2009,OVL-C2108,dead-OVL-C1807,c05,1,0.028571,0.023256,0.012987
20,21,OVL-C2009,OVL-C2110,dead-OVL-C1807,dead-OVL-C1807,27,0.771429,0.794118,0.642857
20,21,OVL-C2009,OVL-C2113,dead-OVL-C1807,dead-OVL-C2113,1,0.028571,0.045455,0.017857
20,21,OVL-C2010,OVL-C2104,dead-OVL-C1909,dead-OVL-C1503,1,0.030303,0.013699,0.009524
20,21,OVL-C2010,OVL-C2105,dead-OVL-C1909,dead-OVL-C2105,1,0.030303,0.015625,0.010417
20,21,OVL-C2010,OVL-C2107,dead-OVL-C1909,dead-OVL-C1909,27,0.818182,0.613636,0.540000
20,21,OVL-C2010,OVL-C2110,dead-OVL-C1909,dead-OVL-C1807,1,0.030303,0.029412,0.015152
20,21,OVL-C2010,OVL-C2111,dead-OVL-C1909,dead-OVL-C2013,2,0.060606,0.068966,0.033333
20,21,OVL-C2011,OVL-C2101,dead-OVL-C0010,dead-OVL-C2003,1,0.031250,0.011765,0.008621
20,21,OVL-C2011,OVL-C2102,dead-OVL-C0010,dead-OVL-C1805,2,0.062500,0.024691,0.018018
20,21,OVL-C2011,OVL-C2105,dead-OVL-C0010,dead-OVL-C2105,2,0.062500,0.031250,0.021277
20,21,OVL-C2011,OVL-C2106,dead-OVL-C0010,dead-OVL-C0010,25,0.781250,0.520833,0.454545
20,21,OVL-C2011,OVL-C2107,dead-OVL-C0010,dead-OVL-C1909,2,0.062500,0.045455,0.027027
20,21,OVL-C2012,OVL-C2112,dead-OVL-C0013,dead-OVL-C0013,23,0.920000,1.000000,0.920000
20,21,OVL-C2013,OVL-C2111,dead-OVL-C2013,dead-OVL-C2013,17,1.000000,0.586207,0.586207
21,22,OVL-C2101,OVL-C2201,dead-OVL-C2003,dead-OVL-C2201,57,0.670588,0.349693,0.298429
21,22,OVL-C2101,OVL-C2203,dead-OVL-C2003,dead-OVL-C2203,2,0.023529,0.028986,0.013158
21,22,OVL-C2101,OVL-C2206,dead-OVL-C2003,dead-OVL-C1807,1,0.011765,0.021277,0.007634
21,22,OVL-C2101,OVL-C2207,dead-OVL-C2003,dead-OVL-C2207,3,0.035294,0.071429,0.024194
21,22,OVL-C2101,OVL-C2208,dead-OVL-C2003,dead-OVL-C2113,6,0.070588,0.146341,0.050000
21,22,OVL-C2101,OVL-C2210,dead-OVL-C2003,dead-OVL-C2210,8,0.094118,0.235294,0.072072
21,22,OVL-C2101,OVL-C2211,dead-OVL-C2003,dead-OVL-C0013,1,0.011765,0.037037,0.009009
21,22,OVL-C2102,OVL-C2201,dead-OVL-C1805,dead-OVL-C2201,3,0.037037,0.018405,0.012448
21,22,OVL-C2102,OVL-C2203,dead-OVL-C1805,dead-OVL-C2203,17,0.209877,0.246377,0.127820
21,22,OVL-C2102,OVL-C2204,dead-OVL-C1805,dead-OVL-C2204,7,0.086420,0.104478,0.049645
21,22,OVL-C2102,OVL-C2206,dead-OVL-C1805,dead-OVL-C1807,3,0.037037,0.063830,0.024000
21,22,OVL-C2102,OVL-C2207,dead-OVL-C1805,dead-OVL-C2207,31,0.382716,0.738095,0.336957
21,22,OVL-C2102,OVL-C2208,dead-OVL-C1805,dead-OVL-C2113,13,0.160494,0.317073,0.119266
21,22,OVL-C2102,OVL-C2210,dead-OVL-C1805,dead-OVL-C2210,3,0.037037,0.088235,0.026786
21,22,OVL-C2102,OVL-C2211,dead-OVL-C1805,dead-OVL-C0013,1,0.012346,0.037037,0.009346
21,22,OVL-C2103,OVL-C2202,c09,c09,69,0.896104,0.884615,0.802326
21,22,OVL-C2103,OVL-C2203,c09,dead-OVL-C2203,1,0.012987,0.014493,0.006897
21,22,OVL-C2103,OVL-C2206,c09,dead-OVL-C1807,2,0.025974,0.042553,0.016393
21,22,OVL-C2103,OVL-C2208,c09,dead-OVL-C2113,1,0.012987,0.024390,0.008547
21,22,OVL-C2103,OVL-C2210,c09,dead-OVL-C2210,1,0.012987,0.029412,0.009091
21,22,OVL-C2104,OVL-C2201,dead-OVL-C1503,dead-OVL-C2201,62,0.849315,0.380368,0.356322
21,22,OVL-C2104,OVL-C2202,dead-OVL-C1503,c09,1,0.013699,0.012821,0.006667
21,22,OVL-C2104,OVL-C2203,dead-OVL-C1503,dead-OVL-C2203,5,0.068493,0.072464,0.036496
21,22,OVL-C2104,OVL-C2204,dead-OVL-C1503,dead-OVL-C2204,2,0.027397,0.029851,0.014493
21,22,OVL-C2104,OVL-C2209,dead-OVL-C1503,c05,1,0.013699,0.025641,0.009009
21,22,OVL-C2104,OVL-C2210,dead-OVL-C1503,dead-OVL-C2210,1,0.013699,0.029412,0.009434
21,22,OVL-C2105,OVL-C2201,dead-OVL-C2105,dead-OVL-C2201,3,0.046875,0.018405,0.013393
21,22,OVL-C2105,OVL-C2203,dead-OVL-C2105,dead-OVL-C2203,21,0.328125,0.304348,0.187500
21,22,OVL-C2105,OVL-C2204,dead-OVL-C2105,dead-OVL-C2204,5,0.078125,0.074627,0.039683
21,22,OVL-C2105,OVL-C2205,dead-OVL-C2105,dead-OVL-C2105,32,0.500000,0.581818,0.367816
21,22,OVL-C2105,OVL-C2210,dead-OVL-C2105,dead-OVL-C2210,2,0.031250,0.058824,0.020833
21,22,OVL-C2106,OVL-C2201,dead-OVL-C0010,dead-OVL-C2201,1,0.020833,0.006135,0.004762
21,22,OVL-C2106,OVL-C2203,dead-OVL-C0010,dead-OVL-C2203,2,0.041667,0.028986,0.017391
21,22,OVL-C2106,OVL-C2204,dead-OVL-C0010,dead-OVL-C2204,26,0.541667,0.388060,0.292135
21,22,OVL-C2106,OVL-C2205,dead-OVL-C0010,dead-OVL-C2105,18,0.375000,0.327273,0.211765
21,22,OVL-C2107,OVL-C2201,dead-OVL-C1909,dead-OVL-C2201,22,0.500000,0.134969,0.118919
21,22,OVL-C2107,OVL-C2202,dead-OVL-C1909,c09,2,0.045455,0.025641,0.016667
21,22,OVL-C2107,OVL-C2206,dead-OVL-C1909,dead-OVL-C1807,1,0.022727,0.021277,0.011111
21,22,OVL-C2107,OVL-C2209,dead-OVL-C1909,c05,1,0.022727,0.025641,0.012195
21,22,OVL-C2107,OVL-C2210,dead-OVL-C1909,dead-OVL-C2210,17,0.386364,0.500000,0.278689
21,22,OVL-C2108,OVL-C2202,c05,c09,1,0.023256,0.012821,0.008333
21,22,OVL-C2108,OVL-C2203,c05,dead-OVL-C2203,1,0.023256,0.014493,0.009009
21,22,OVL-C2108,OVL-C2206,c05,dead-OVL-C1807,3,0.069767,0.063830,0.034483
21,22,OVL-C2108,OVL-C2207,c05,dead-OVL-C2207,1,0.023256,0.023810,0.011905
21,22,OVL-C2108,OVL-C2209,c05,c05,34,0.790698,0.871795,0.708333
21,22,OVL-C2109,OVL-C2201,dead-OVL-C2109,dead-OVL-C2201,3,0.076923,0.018405,0.015075
21,22,OVL-C2109,OVL-C2202,dead-OVL-C2109,c09,1,0.025641,0.012821,0.008621
21,22,OVL-C2109,OVL-C2203,dead-OVL-C2109,dead-OVL-C2203,4,0.102564,0.057971,0.038462
21,22,OVL-C2109,OVL-C2204,dead-OVL-C2109,dead-OVL-C2204,25,0.641026,0.373134,0.308642
21,22,OVL-C2109,OVL-C2205,dead-OVL-C2109,dead-OVL-C2105,2,0.051282,0.036364,0.021739
21,22,OVL-C2109,OVL-C2206,dead-OVL-C2109,dead-OVL-C1807,2,0.051282,0.042553,0.023810
21,22,OVL-C2109,OVL-C2209,dead-OVL-C2109,c05,1,0.025641,0.025641,0.012987
21,22,OVL-C2110,OVL-C2202,dead-OVL-C1807,c09,1,0.029412,0.012821,0.009009
21,22,OVL-C2110,OVL-C2206,dead-OVL-C1807,dead-OVL-C1807,29,0.852941,0.617021,0.557692
21,22,OVL-C2110,OVL-C2207,dead-OVL-C1807,dead-OVL-C2207,3,0.088235,0.071429,0.041096
21,22,OVL-C2110,OVL-C2210,dead-OVL-C1807,dead-OVL-C2210,1,0.029412,0.029412,0.014925
21,22,OVL-C2111,OVL-C2201,dead-OVL-C2013,dead-OVL-C2201,1,0.034483,0.006135,0.005236
21,22,OVL-C2111,OVL-C2202,dead-OVL-C2013,c09,2,0.068966,0.025641,0.019048
21,22,OVL-C2111,OVL-C2203,dead-OVL-C2013,dead-OVL-C2203,4,0.137931,0.057971,0.042553
21,22,OVL-C2111,OVL-C2206,dead-OVL-C2013,dead-OVL-C1807,4,0.137931,0.085106,0.055556
21,22,OVL-C2111,OVL-C2213,dead-OVL-C2013,dead-OVL-C2013,17,0.586207,1.000000,0.586207
21,22,OVL-C2112,OVL-C2201,dead-OVL-C0013,dead-OVL-C2201,1,0.043478,0.006135,0.005405
21,22,OVL-C2112,OVL-C2211,dead-OVL-C0013,dead-OVL-C0013,21,0.913043,0.777778,0.724138
21,22,OVL-C2113,OVL-C2203,dead-OVL-C2113,dead-OVL-C2203,1,0.045455,0.014493,0.011111
21,22,OVL-C2113,OVL-C2204,dead-OVL-C2113,dead-OVL-C2204,1,0.045455,0.014925,0.011364
21,22,OVL-C2113,OVL-C2208,dead-OVL-C2113,dead-OVL-C2113,20,0.909091,0.487805,0.465116
21,22,OVL-C2114,OVL-C2203,dead-OVL-C2008,dead-OVL-C2203,3,0.166667,0.043478,0.035714
21,22,OVL-C2114,OVL-C2206,dead-OVL-C2008,dead-OVL-C1807,1,0.055556,0.021277,0.015625
21,22,OVL-C2114,OVL-C2212,dead-OVL-C2008,dead-OVL-C2008,14,0.777778,0.823529,0.666667
21,22,OVL-C2115,OVL-C2201,dead-OVL-C2115,dead-OVL-C2201,4,1.000000,0.024540,0.024540
21,22,OVL-C2116,OVL-C2201,dead-OVL-C2116,dead-OVL-C2201,1,0.333333,0.006135,0.006061
21,22,OVL-C2116,OVL-C2205,dead-OVL-C2116,dead-OVL-C2105,1,0.333333,0.018182,0.017544
21,22,OVL-C2117,OVL-C2212,dead-OVL-C2117,dead-OVL-C2008,3,1.000000,0.176471,0.176471
21,22,OVL-C2118,OVL-C2214,dead-OVL-C2118,dead-OVL-C2118,3,1.000000,1.000000,1.000000
22,23,OVL-C2201,OVL-C2303,dead-OVL-C2201,dead-OVL-C2201,72,0.441718,0.947368,0.431138
22,23,OVL-C2201,OVL-C2304,dead-OVL-C2201,dead-OVL-C2210,23,0.141104,0.348485,0.111650
22,23,OVL-C2201,OVL-C2305,dead-OVL-C2201,dead-OVL-C2204,5,0.030675,0.076923,0.022422
22,23,OVL-C2201,OVL-C2306,dead-OVL-C2201,dead-OVL-C2306,28,0.171779,0.509091,0.147368
22,23,OVL-C2201,OVL-C2307,dead-OVL-C2201,dead-OVL-C2307,2,0.012270,0.037736,0.009346
22,23,OVL-C2201,OVL-C2309,dead-OVL-C2201,dead-OVL-C0013,18,0.110429,0.439024,0.096774
22,23,OVL-C2202,OVL-C2302,c09,c09,64,0.820513,0.831169,0.703297
22,23,OVL-C2202,OVL-C2304,c09,dead-OVL-C2210,1,0.012821,0.015152,0.006993
22,23,OVL-C2202,OVL-C2306,c09,dead-OVL-C2306,7,0.089744,0.127273,0.055556
22,23,OVL-C2202,OVL-C2311,c09,dead-OVL-C2105,1,0.012821,0.030303,0.009091
22,23,OVL-C2203,OVL-C2301,dead-OVL-C2203,dead-OVL-C2301,21,0.304348,0.247059,0.157895
22,23,OVL-C2203,OVL-C2304,dead-OVL-C2203,dead-OVL-C2210,2,0.028986,0.030303,0.015038
22,23,OVL-C2203,OVL-C2305,dead-OVL-C2203,dead-OVL-C2204,17,0.246377,0.261538,0.145299
22,23,OVL-C2203,OVL-C2306,dead-OVL-C2203,dead-OVL-C2306,10,0.144928,0.181818,0.087719
22,23,OVL-C2203,OVL-C2308,dead-OVL-C2203,dead-OVL-C1807,16,0.231884,0.333333,0.158416
22,23,OVL-C2204,OVL-C2301,dead-OVL-C2204,dead-OVL-C2301,1,0.014925,0.011765,0.006623
22,23,OVL-C2204,OVL-C2302,dead-OVL-C2204,c09,1,0.014925,0.012987,0.006993
22,23,OVL-C2204,OVL-C2305,dead-OVL-C2204,dead-OVL-C2204,31,0.462687,0.476923,0.306931
22,23,OVL-C2204,OVL-C2306,dead-OVL-C2204,dead-OVL-C2306,2,0.029851,0.036364,0.016667
22,23,OVL-C2204,OVL-C2307,dead-OVL-C2204,dead-OVL-C2307,28,0.417910,0.528302,0.304348
22,23,OVL-C2205,OVL-C2301,dead-OVL-C2105,dead-OVL-C2301,1,0.018182,0.011765,0.007194
22,23,OVL-C2205,OVL-C2302,dead-OVL-C2105,c09,1,0.018182,0.012987,0.007634
22,23,OVL-C2205,OVL-C2305,dead-OVL-C2105,dead-OVL-C2204,8,0.145455,0.123077,0.071429
22,23,OVL-C2205,OVL-C2307,dead-OVL-C2105,dead-OVL-C2307,18,0.327273,0.339623,0.200000
22,23,OVL-C2205,OVL-C2311,dead-OVL-C2105,dead-OVL-C2105,26,0.472727,0.787879,0.419355
22,23,OVL-C2206,OVL-C2301,dead-OVL-C1807,dead-OVL-C2301,2,0.042553,0.023529,0.015385
22,23,OVL-C2206,OVL-C2302,dead-OVL-C1807,c09,1,0.021277,0.012987,0.008130
22,23,OVL-C2206,OVL-C2303,dead-OVL-C1807,dead-OVL-C2201,1,0.021277,0.013158,0.008197
22,23,OVL-C2206,OVL-C2305,dead-OVL-C1807,dead-OVL-C2204,1,0.021277,0.015385,0.009009
22,23,OVL-C2206,OVL-C2307,dead-OVL-C1807,dead-OVL-C2307,2,0.042553,0.037736,0.020408
22,23,OVL-C2206,OVL-C2308,dead-OVL-C1807,dead-OVL-C1807,31,0.659574,0.645833,0.484375
22,23,OVL-C2206,OVL-C2314,dead-OVL-C1807,dead-OVL-C2314,6,0.127660,1.000000,0.127660
22,23,OVL-C2207,OVL-C2301,dead-OVL-C2207,dead-OVL-C2301,30,0.714286,0.352941,0.309278
22,23,OVL-C2207,OVL-C2302,dead-OVL-C2207,c09,1,0.023810,0.012987,0.008475
22,23,OVL-C2207,OVL-C2304,dead-OVL-C2207,dead-OVL-C2210,1,0.023810,0.015152,0.009346
22,23,OVL-C2207,OVL-C2306,dead-OVL-C2207,dead-OVL-C2306,3,0.071429,0.054545,0.031915
22,23,OVL-C2207,OVL-C2308,dead-OVL-C2207,dead-OVL-C1807,1,0.023810,0.020833,0.011236
22,23,OVL-C2208,OVL-C2301,dead-OVL-C2113,dead-OVL-C2301,25,0.609756,0.294118,0.247525
22,23,OVL-C2208,OVL-C2302,dead-OVL-C2113,c09,1,0.024390,0.012987,0.008547
22,23,OVL-C2208,OVL-C2304,dead-OVL-C2113,dead-OVL-C2210,6,0.146341,0.090909,0.059406
22,23,OVL-C2208,OVL-C2305,dead-OVL-C2113,dead-OVL-C2204,1,0.024390,0.015385,0.009524
22,23,OVL-C2208,OVL-C2311,dead-OVL-C2113,dead-OVL-C2105,1,0.024390,0.030303,0.013699
22,23,OVL-C2208,OVL-C2315,dead-OVL-C2113,dead-OVL-C2315,4,0.097561,1.000000,0.097561
22,23,OVL-C2209,OVL-C2302,c05,c09,1,0.025641,0.012987,0.008696
22,23,OVL-C2209,OVL-C2303,c05,dead-OVL-C2201,1,0.025641,0.013158,0.008772
22,23,OVL-C2209,OVL-C2310,c05,c05,36,0.923077,0.972973,0.900000
22,23,OVL-C2210,OVL-C2304,dead-OVL-C2210,dead-OVL-C2210,31,0.911765,0.469697,0.449275
22,23,OVL-C2210,OVL-C2305,dead-OVL-C2210,dead-OVL-C2204,1,0.029412,0.015385,0.010204
22,23,OVL-C2210,OVL-C2306,dead-OVL-C2210,dead-OVL-C2306,1,0.029412,0.018182,0.011364
22,23,OVL-C2210,OVL-C2310,dead-OVL-C2210,c05,1,0.029412,0.027027,0.014286
22,23,OVL-C2211,OVL-C2301,dead-OVL-C0013,dead-OVL-C2301,1,0.037037,0.011765,0.009009
22,23,OVL-C2211,OVL-C2309,dead-OVL-C0013,dead-OVL-C0013,23,0.851852,0.560976,0.511111
22,23,OVL-C2211,OVL-C2311,dead-OVL-C0013,dead-OVL-C2105,3,0.111111,0.090909,0.052632
22,23,OVL-C2212,OVL-C2301,dead-OVL-C2008,dead-OVL-C2301,1,0.058824,0.011765,0.009901
22,23,OVL-C2212,OVL-C2302,dead-OVL-C2008,c09,3,0.176471,0.038961,0.032967
22,23,OVL-C2212,OVL-C2313,dead-OVL-C2008,dead-OVL-C2008,13,0.764706,1.000000,0.764706
22,23,OVL-C2213,OVL-C2311,dead-OVL-C2013,dead-OVL-C2105,1,0.058824,0.030303,0.020408
22,23,OVL-C2213,OVL-C2312,dead-OVL-C2013,dead-OVL-C2013,14,0.823529,0.933333,0.777778
22,23,OVL-C2214,OVL-C2301,dead-OVL-C2118,dead-OVL-C2301,1,0.333333,0.011765,0.011494
23,24,OVL-C2301,OVL-C2401,dead-OVL-C2301,dead-OVL-C2301,44,0.517647,0.488889,0.335878
23,24,OVL-C2301,OVL-C2402,dead-OVL-C2301,dead-OVL-C2306,5,0.058824,0.058140,0.030120
23,24,OVL-C2301,OVL-C2404,dead-OVL-C2301,c09,1,0.011765,0.016393,0.006897
23,24,OVL-C2301,OVL-C2405,dead-OVL-C2301,dead-OVL-C2307,5,0.058824,0.086207,0.036232
23,24,OVL-C2301,OVL-C2406,dead-OVL-C2301,dead-OVL-C2210,1,0.011765,0.019231,0.007353
23,24,OVL-C2301,OVL-C2407,dead-OVL-C2301,dead-OVL-C2105,1,0.011765,0.024390,0.008000
23,24,OVL-C2301,OVL-C2408,dead-OVL-C2301,dead-OVL-C2201,1,0.011765,0.027027,0.008264
23,24,OVL-C2301,OVL-C2409,dead-OVL-C2301,dead-OVL-C0013,1,0.011765,0.040000,0.009174
23,24,OVL-C2301,OVL-C2410,dead-OVL-C2301,dead-OVL-C2410,15,0.176471,0.625000,0.159574
23,24,OVL-C2301,OVL-C2411,dead-OVL-C2301,c05,1,0.011765,0.043478,0.009346
23,24,OVL-C2301,OVL-C2412,dead-OVL-C2301,dead-OVL-C2412,1,0.011765,0.047619,0.009524
23,24,OVL-C2301,OVL-C2413,dead-OVL-C2301,dead-OVL-C2008,3,0.035294,0.142857,0.029126
23,24,OVL-C2301,OVL-C2415,dead-OVL-C2301,dead-OVL-C2415,2,0.023529,0.153846,0.020833
23,24,OVL-C2302,OVL-C2401,c09,dead-OVL-C2301,1,0.012987,0.011111,0.006024
23,24,OVL-C2302,OVL-C2404,c09,c09,54,0.701299,0.885246,0.642857
23,24,OVL-C2302,OVL-C2407,c09,dead-OVL-C2105,14,0.181818,0.341463,0.134615
23,24,OVL-C2302,OVL-C2410,c09,dead-OVL-C2410,1,0.012987,0.041667,0.010000
23,24,OVL-C2302,OVL-C2411,c09,c05,1,0.012987,0.043478,0.010101
23,24,OVL-C2302,OVL-C2412,c09,dead-OVL-C2412,2,0.025974,0.095238,0.020833
23,24,OVL-C2302,OVL-C2414,c09,dead-OVL-C2013,1,0.012987,0.058824,0.010753
23,24,OVL-C2303,OVL-C2401,dead-OVL-C2201,dead-OVL-C2301,1,0.013158,0.011111,0.006061
23,24,OVL-C2303,OVL-C2402,dead-OVL-C2201,dead-OVL-C2306,10,0.131579,0.116279,0.065789
23,24,OVL-C2303,OVL-C2403,dead-OVL-C2201,dead-OVL-C2204,8,0.105263,0.101266,0.054422
23,24,OVL-C2303,OVL-C2406,dead-OVL-C2201,dead-OVL-C2210,7,0.092105,0.134615,0.057851
23,24,OVL-C2303,OVL-C2408,dead-OVL-C2201,dead-OVL-C2201,34,0.447368,0.918919,0.430380
23,24,OVL-C2303,OVL-C2412,dead-OVL-C2201,dead-OVL-C2412,1,0.013158,0.047619,0.010417
23,24,OVL-C2303,OVL-C2413,dead-OVL-C2201,dead-OVL-C2008,1,0.013158,0.047619,0.010417
23,24,OVL-C2303,OVL-C2415,dead-OVL-C2201,dead-OVL-C2415,7,0.092105,0.538462,0.085366
23,24,OVL-C2304,OVL-C2401,dead-OVL-C2210,dead-OVL-C2301,13,0.196970,0.144444,0.090909
23,24,OVL-C2304,OVL-C2402,dead-OVL-C2210,dead-OVL-C2306,3,0.045455,0.034884,0.020134
23,24,OVL-C2304,OVL-C2403,dead-OVL-C2210,dead-OVL-C2204,2,0.030303,0.025316,0.013986
23,24,OVL-C2304,OVL-C2405,dead-OVL-C2210,dead-OVL-C2307,1,0.015152,0.017241,0.008130
23,24,OVL-C2304,OVL-C2406,dead-OVL-C2210,dead-OVL-C2210,40,0.606061,0.769231,0.512821
23,24,OVL-C2304,OVL-C2412,dead-OVL-C2210,dead-OVL-C2412,1,0.015152,0.047619,0.011628
23,24,OVL-C2304,OVL-C2413,dead-OVL-C2210,dead-OVL-C2008,1,0.015152,0.047619,0.011628
23,24,OVL-C2305,OVL-C2401,dead-OVL-C2204,dead-OVL-C2301,2,0.030769,0.022222,0.013072
23,24,OVL-C2305,OVL-C2402,dead-OVL-C2204,dead-OVL-C2306,3,0.046154,0.034884,0.020270
23,24,OVL-C2305,OVL-C2403,dead-OVL-C2204,dead-OVL-C2204,51,0.784615,0.645570,0.548387
23,24,OVL-C2305,OVL-C2412,dead-OVL-C2204,dead-OVL-C2412,7,0.107692,0.333333,0.088608
23,24,OVL-C2305,OVL-C2413,dead-OVL-C2204,dead-OVL-C2008,1,0.015385,0.047619,0.011765
23,24,OVL-C2306,OVL-C2401,dead-OVL-C2306,dead-OVL-C2301,4,0.072727,0.044444,0.028369
23,24,OVL-C2306,OVL-C2402,dead-OVL-C2306,dead-OVL-C2306,42,0.763636,0.488372,0.424242
23,24,OVL-C2306,OVL-C2403,dead-OVL-C2306,dead-OVL-C2204,1,0.018182,0.012658,0.007519
23,24,OVL-C2306,OVL-C2404,dead-OVL-C2306,c09,1,0.018182,0.016393,0.008696
23,24,OVL-C2306,OVL-C2405,dead-OVL-C2306,dead-OVL-C2307,1,0.018182,0.017241,0.008929
23,24,OVL-C2306,OVL-C2406,dead-OVL-C2306,dead-OVL-C2210,1,0.018182,0.019231,0.009434
23,24,OVL-C2306,OVL-C2409,dead-OVL-C2306,dead-OVL-C0013,1,0.018182,0.040000,0.012658
23,24,OVL-C2307,OVL-C2405,dead-OVL-C2307,dead-OVL-C2307,49,0.924528,0.844828,0.790323
23,24,OVL-C2307,OVL-C2407,dead-OVL-C2307,dead-OVL-C2105,1,0.018868,0.024390,0.010753
23,24,OVL-C2307,OVL-C2408,dead-OVL-C2307,dead-OVL-C2201,1,0.018868,0.027027,0.011236
23,24,OVL-C2307,OVL-C2413,dead-OVL-C2307,dead-OVL-C2008,1,0.018868,0.047619,0.013699
23,24,OVL-C2308,OVL-C2401,dead-OVL-C1807,dead-OVL-C2301,16,0.333333,0.177778,0.131148
23,24,OVL-C2308,OVL-C2403,dead-OVL-C1807,dead-OVL-C2204,9,0.187500,0.113924,0.076271
23,24,OVL-C2308,OVL-C2404,dead-OVL-C1807,c09,4,0.083333,0.065574,0.038095
23,24,OVL-C2308,OVL-C2410,dead-OVL-C1807,dead-OVL-C2410,1,0.020833,0.041667,0.014085
23,24,OVL-C2308,OVL-C2411,dead-OVL-C1807,c05,2,0.041667,0.086957,0.028986
23,24,OVL-C2308,OVL-C2412,dead-OVL-C1807,dead-OVL-C2412,2,0.041667,0.095238,0.029851
23,24,OVL-C2308,OVL-C2413,dead-OVL-C1807,dead-OVL-C2008,2,0.041667,0.095238,0.029851
23,24,OVL-C2309,OVL-C2402,dead-OVL-C0013,dead-OVL-C2306,14,0.341463,0.162791,0.123894
23,24,OVL-C2309,OVL-C2409,dead-OVL-C0013,dead-OVL-C0013,23,0.560976,0.920000,0.534884
23,24,OVL-C2309,OVL-C2414,dead-OVL-C0013,dead-OVL-C2013,1,0.024390,0.058824,0.017544
23,24,OVL-C2310,OVL-C2401,c05,dead-OVL-C2301,4,0.108108,0.044444,0.032520
23,24,OVL-C2310,OVL-C2403,c05,dead-OVL-C2204,3,0.081081,0.037975,0.026549
23,24,OVL-C2310,OVL-C2406,c05,dead-OVL-C2210,2,0.054054,0.038462,0.022989
23,24,OVL-C2310,OVL-C2411,c05,c05,18,0.486486,0.782609,0.428571
23,24,OVL-C2310,OVL-C2415,c05,dead-OVL-C2415,4,0.108108,0.307692,0.086957
23,24,OVL-C2311,OVL-C2401,dead-OVL-C2105,dead-OVL-C2301,1,0.030303,0.011111,0.008197
23,24,OVL-C2311,OVL-C2402,dead-OVL-C2105,dead-OVL-C2306,1,0.030303,0.011628,0.008475
23,24,OVL-C2311,OVL-C2403,dead-OVL-C2105,dead-OVL-C2204,2,0.060606,0.025316,0.018182
23,24,OVL-C2311,OVL-C2405,dead-OVL-C2105,dead-OVL-C2307,1,0.030303,0.017241,0.011111
23,24,OVL-C2311,OVL-C2406,dead-OVL-C2105,dead-OVL-C2210,1,0.030303,0.019231,0.011905
23,24,OVL-C2311,OVL-C2407,dead-OVL-C2105,dead-OVL-C2105,24,0.727273,0.585366,0.480000
23,24,OVL-C2312,OVL-C2414,dead-OVL-C2013,dead-OVL-C2013,15,1.000000,0.882353,0.882353
23,24,OVL-C2313,OVL-C2404,dead-OVL-C2008,c09,1,0.076923,0.016393,0.013699
23,24,OVL-C2313,OVL-C2413,dead-OVL-C2008,dead-OVL-C2008,12,0.923077,0.571429,0.545455
23,24,OVL-C2314,OVL-C2412,dead-OVL-C2314,dead-OVL-C2412,6,1.000000,0.285714,0.285714
23,24,OVL-C2315,OVL-C2410,dead-OVL-C2315,dead-OVL-C2410,4,1.000000,0.166667,0.166667
24,25,OVL-C2401,OVL-C2501,dead-OVL-C2301,dead-OVL-C2306,28,0.311111,0.307692,0.183007
24,25,OVL-C2401,OVL-C2503,dead-OVL-C2301,dead-OVL-C2503,10,0.111111,0.161290,0.070423
24,25,OVL-C2401,OVL-C2504,dead-OVL-C2301,dead-OVL-C2307,1,0.011111,0.017857,0.006897
24,25,OVL-C2401,OVL-C2505,dead-OVL-C2301,dead-OVL-C2505,19,0.211111,0.345455,0.150794
24,25,OVL-C2401,OVL-C2507,dead-OVL-C2301,dead-OVL-C2210,4,0.044444,0.095238,0.031250
24,25,OVL-C2401,OVL-C2508,dead-OVL-C2301,c05,1,0.011111,0.028571,0.008065
24,25,OVL-C2401,OVL-C2509,dead-OVL-C2301,dead-OVL-C2509,1,0.011111,0.028571,0.008065
24,25,OVL-C2401,OVL-C2511,dead-OVL-C2301,dead-OVL-C2511,17,0.188889,0.629630,0.170000
24,25,OVL-C2401,OVL-C2513,dead-OVL-C2301,dead-OVL-C2513,1,0.011111,0.038462,0.008696
24,25,OVL-C2402,OVL-C2501,dead-OVL-C2306,dead-OVL-C2306,55,0.639535,0.604396,0.450820
24,25,OVL-C2402,OVL-C2504,dead-OVL-C2306,dead-OVL-C2307,2,0.023256,0.035714,0.014286
24,25,OVL-C2402,OVL-C2505,dead-OVL-C2306,dead-OVL-C2505,1,0.011628,0.018182,0.007143
24,25,OVL-C2402,OVL-C2506,dead-OVL-C2306,dead-OVL-C2201,4,0.046512,0.076923,0.029851
24,25,OVL-C2402,OVL-C2507,dead-OVL-C2306,dead-OVL-C2210,1,0.011628,0.023810,0.007874
24,25,OVL-C2402,OVL-C2509,dead-OVL-C2306,dead-OVL-C2509,12,0.139535,0.342857,0.110092
24,25,OVL-C2402,OVL-C2510,dead-OVL-C2306,dead-OVL-C2510,3,0.034884,0.093750,0.026087
24,25,OVL-C2402,OVL-C2511,dead-OVL-C2306,dead-OVL-C2511,1,0.011628,0.037037,0.008929
24,25,OVL-C2403,OVL-C2503,dead-OVL-C2204,dead-OVL-C2503,9,0.113924,0.145161,0.068182
24,25,OVL-C2403,OVL-C2506,dead-OVL-C2204,dead-OVL-C2201,3,0.037975,0.057692,0.023438
24,25,OVL-C2403,OVL-C2507,dead-OVL-C2204,dead-OVL-C2210,1,0.012658,0.023810,0.008333
24,25,OVL-C2403,OVL-C2508,dead-OVL-C2204,c05,1,0.012658,0.028571,0.008850
24,25,OVL-C2403,OVL-C2509,dead-OVL-C2204,dead-OVL-C2509,9,0.113924,0.257143,0.085714
24,25,OVL-C2403,OVL-C2510,dead-OVL-C2204,dead-OVL-C2510,26,0.329114,0.812500,0.305882
24,25,OVL-C2403,OVL-C2511,dead-OVL-C2204,dead-OVL-C2511,2,0.025316,0.074074,0.019231
24,25,OVL-C2403,OVL-C2513,dead-OVL-C2204,dead-OVL-C2513,25,0.316456,0.961538,0.312500
24,25,OVL-C2404,OVL-C2502,c09,c09,50,0.819672,0.757576,0.649351
24,25,OVL-C2404,OVL-C2503,c09,dead-OVL-C2503,2,0.032787,0.032258,0.016529
24,25,OVL-C2404,OVL-C2504,c09,dead-OVL-C2307,1,0.016393,0.017857,0.008621
24,25,OVL-C2404,OVL-C2505,c09,dead-OVL-C2505,1,0.016393,0.018182,0.008696
24,25,OVL-C2404,OVL-C2506,c09,dead-OVL-C2201,1,0.016393,0.019231,0.008929
24,25,OVL-C2404,OVL-C2512,c09,dead-OVL-C2105,1,0.016393,0.037037,0.011494
24,25,OVL-C2404,OVL-C2516,c09,dead-OVL-C2516,3,0.049180,1.000000,0.049180
24,25,OVL-C2405,OVL-C2503,dead-OVL-C2307,dead-OVL-C2503,2,0.034483,0.032258,0.016949
24,25,OVL-C2405,OVL-C2504,dead-OVL-C2307,dead-OVL-C2307,48,0.827586,0.857143,0.727273
24,25,OVL-C2405,OVL-C2505,dead-OVL-C2307,dead-OVL-C2505,7,0.120690,0.127273,0.066038
24,25,OVL-C2406,OVL-C2501,dead-OVL-C2210,dead-OVL-C2306,1,0.019231,0.010989,0.007042
24,25,OVL-C2406,OVL-C2502,dead-OVL-C2210,c09,1,0.019231,0.015152,0.008547
24,25,OVL-C2406,OVL-C2503,dead-OVL-C2210,dead-OVL-C2503,1,0.019231,0.016129,0.008850
24,25,OVL-C2406,OVL-C2506,dead-OVL-C2210,dead-OVL-C2201,11,0.211538,0.211538,0.118280
24,25,OVL-C2406,OVL-C2507,dead-OVL-C2210,dead-OVL-C2210,32,0.615385,0.761905,0.516129
24,25,OVL-C2406,OVL-C2508,dead-OVL-C2210,c05,3,0.057692,0.085714,0.035714
24,25,OVL-C2406,OVL-C2509,dead-OVL-C2210,dead-OVL-C2509,1,0.019231,0.028571,0.011628
24,25,OVL-C2406,OVL-C2510,dead-OVL-C2210,dead-OVL-C2510,1,0.019231,0.031250,0.012048
24,25,OVL-C2407,OVL-C2502,dead-OVL-C2105,c09,8,0.195122,0.121212,0.080808
24,25,OVL-C2407,OVL-C2504,dead-OVL-C2105,dead-OVL-C2307,1,0.024390,0.017857,0.010417
24,25,OVL-C2407,OVL-C2509,dead-OVL-C2105,dead-OVL-C2509,1,0.024390,0.028571,0.013333
24,25,OVL-C2407,OVL-C2512,dead-OVL-C2105,dead-OVL-C2105,26,0.634146,0.962963,0.619048
24,25,OVL-C2408,OVL-C2502,dead-OVL-C2201,c09,1,0.027027,0.015152,0.009804
24,25,OVL-C2408,OVL-C2503,dead-OVL-C2201,dead-OVL-C2503,1,0.027027,0.016129,0.010204
24,25,OVL-C2408,OVL-C2506,dead-OVL-C2201,dead-OVL-C2201,33,0.891892,0.634615,0.589286
24,25,OVL-C2409,OVL-C2505,dead-OVL-C0013,dead-OVL-C2505,1,0.040000,0.018182,0.012658
24,25,OVL-C2409,OVL-C2514,dead-OVL-C0013,dead-OVL-C0013,24,0.960000,0.960000,0.923077
24,25,OVL-C2410,OVL-C2503,dead-OVL-C2410,dead-OVL-C2503,17,0.708333,0.274194,0.246377
24,25,OVL-C2410,OVL-C2508,dead-OVL-C2410,c05,1,0.041667,0.028571,0.017241
24,25,OVL-C2410,OVL-C2511,dead-OVL-C2410,dead-OVL-C2511,4,0.166667,0.148148,0.085106
24,25,OVL-C2411,OVL-C2501,c05,dead-OVL-C2306,1,0.043478,0.010989,0.008850
24,25,OVL-C2411,OVL-C2503,c05,dead-OVL-C2503,2,0.086957,0.032258,0.024096
24,25,OVL-C2411,OVL-C2508,c05,c05,20,0.869565,0.571429,0.526316
24,25,OVL-C2412,OVL-C2504,dead-OVL-C2412,dead-OVL-C2307,2,0.095238,0.035714,0.026667
24,25,OVL-C2412,OVL-C2505,dead-OVL-C2412,dead-OVL-C2505,3,0.142857,0.054545,0.041096
24,25,OVL-C2412,OVL-C2507,dead-OVL-C2412,dead-OVL-C2210,1,0.047619,0.023810,0.016129
24,25,OVL-C2412,OVL-C2510,dead-OVL-C2412,dead-OVL-C2510,1,0.047619,0.031250,0.019231
24,25,OVL-C2412,OVL-C2511,dead-OVL-C2412,dead-OVL-C2511,1,0.047619,0.037037,0.021277
24,25,OVL-C2412,OVL-C2515,dead-OVL-C2412,dead-OVL-C2412,11,0.523810,1.000000,0.523810
24,25,OVL-C2413,OVL-C2502,dead-OVL-C2008,c09,1,0.047619,0.015152,0.011628
24,25,OVL-C2413,OVL-C2503,dead-OVL-C2008,dead-OVL-C2503,2,0.095238,0.032258,0.024691
24,25,OVL-C2413,OVL-C2505,dead-OVL-C2008,dead-OVL-C2505,18,0.857143,0.327273,0.310345
24,25,OVL-C2414,OVL-C2503,dead-OVL-C2013,dead-OVL-C2503,16,0.941176,0.258065,0.253968
24,25,OVL-C2415,OVL-C2508,dead-OVL-C2415,c05,5,0.384615,0.142857,0.116279
24,25,OVL-C2415,OVL-C2509,dead-OVL-C2415,dead-OVL-C2509,8,0.615385,0.228571,0.200000
25,26,OVL-C2501,OVL-C2601,dead-OVL-C2306,dead-OVL-C2306,72,0.791209,0.837209,0.685714
25,26,OVL-C2501,OVL-C2602,dead-OVL-C2306,c09,2,0.021978,0.024096,0.011628
25,26,OVL-C2501,OVL-C2603,dead-OVL-C2306,dead-OVL-C2201,1,0.010989,0.016667,0.006667
25,26,OVL-C2501,OVL-C2604,dead-OVL-C2306,dead-OVL-C2604,2,0.021978,0.033898,0.013514
25,26,OVL-C2501,OVL-C2606,dead-OVL-C2306,dead-OVL-C0013,1,0.010989,0.023810,0.007576
25,26,OVL-C2501,OVL-C2607,dead-OVL-C2306,dead-OVL-C2607,1,0.010989,0.024390,0.007634
25,26,OVL-C2501,OVL-C2608,dead-OVL-C2306,c05,2,0.021978,0.054054,0.015873
25,26,OVL-C2501,OVL-C2613,dead-OVL-C2306,dead-OVL-C2613,1,0.010989,0.050000,0.009091
25,26,OVL-C2502,OVL-C2602,c09,c09,61,0.924242,0.734940,0.693182
25,26,OVL-C2502,OVL-C2609,c09,dead-OVL-C2609,2,0.030303,0.058824,0.020408
25,26,OVL-C2502,OVL-C2611,c09,dead-OVL-C2513,1,0.015152,0.033333,0.010526
25,26,OVL-C2503,OVL-C2601,dead-OVL-C2503,dead-OVL-C2306,3,0.048387,0.034884,0.020690
25,26,OVL-C2503,OVL-C2602,dead-OVL-C2503,c09,2,0.032258,0.024096,0.013986
25,26,OVL-C2503,OVL-C2605,dead-OVL-C2503,dead-OVL-C2105,1,0.016129,0.023810,0.009709
25,26,OVL-C2503,OVL-C2606,dead-OVL-C2503,dead-OVL-C0013,2,0.032258,0.047619,0.019608
25,26,OVL-C2503,OVL-C2607,dead-OVL-C2503,dead-OVL-C2607,18,0.290323,0.439024,0.211765
25,26,OVL-C2503,OVL-C2608,dead-OVL-C2503,c05,1,0.016129,0.027027,0.010204
25,26,OVL-C2503,OVL-C2610,dead-OVL-C2503,dead-OVL-C2610,2,0.032258,0.060606,0.021505
25,26,OVL-C2503,OVL-C2611,dead-OVL-C2503,dead-OVL-C2513,1,0.016129,0.033333,0.010989
25,26,OVL-C2503,OVL-C2613,dead-OVL-C2503,dead-OVL-C2613,16,0.258065,0.800000,0.242424
25,26,OVL-C2503,OVL-C2615,dead-OVL-C2503,dead-OVL-C2615,7,0.112903,0.875000,0.111111
25,26,OVL-C2504,OVL-C2607,dead-OVL-C2307,dead-OVL-C2607,1,0.017857,0.024390,0.010417
25,26,OVL-C2504,OVL-C2609,dead-OVL-C2307,dead-OVL-C2609,24,0.428571,0.705882,0.363636
25,26,OVL-C2504,OVL-C2611,dead-OVL-C2307,dead-OVL-C2513,3,0.053571,0.100000,0.036145
25,26,OVL-C2504,OVL-C2612,dead-OVL-C2307,dead-OVL-C2307,27,0.482143,0.900000,0.457627
25,26,OVL-C2505,OVL-C2601,dead-OVL-C2505,dead-OVL-C2306,3,0.054545,0.034884,0.021739
25,26,OVL-C2505,OVL-C2602,dead-OVL-C2505,c09,5,0.090909,0.060241,0.037594
25,26,OVL-C2505,OVL-C2606,dead-OVL-C2505,dead-OVL-C0013,12,0.218182,0.285714,0.141176
25,26,OVL-C2505,OVL-C2608,dead-OVL-C2505,c05,1,0.018182,0.027027,0.010989
25,26,OVL-C2505,OVL-C2609,dead-OVL-C2505,dead-OVL-C2609,4,0.072727,0.117647,0.047059
25,26,OVL-C2505,OVL-C2610,dead-OVL-C2505,dead-OVL-C2610,21,0.381818,0.636364,0.313433
25,26,OVL-C2505,OVL-C2614,dead-OVL-C2505,dead-OVL-C2412,1,0.018182,0.071429,0.014706
25,26,OVL-C2506,OVL-C2602,dead-OVL-C2201,c09,7,0.134615,0.084337,0.054688
25,26,OVL-C2506,OVL-C2603,dead-OVL-C2201,dead-OVL-C2201,29,0.557692,0.483333,0.349398
25,26,OVL-C2506,OVL-C2604,dead-OVL-C2201,dead-OVL-C2604,13,0.250000,0.220339,0.132653
25,26,OVL-C2507,OVL-C2601,dead-OVL-C2210,dead-OVL-C2306,1,0.023810,0.011628,0.007874
25,26,OVL-C2507,OVL-C2602,dead-OVL-C2210,c09,1,0.023810,0.012048,0.008065
25,26,OVL-C2507,OVL-C2604,dead-OVL-C2210,dead-OVL-C2604,16,0.380952,0.271186,0.188235
25,26,OVL-C2507,OVL-C2605,dead-OVL-C2210,dead-OVL-C2105,19,0.452381,0.452381,0.292308
25,26,OVL-C2507,OVL-C2607,dead-OVL-C2210,dead-OVL-C2607,1,0.023810,0.024390,0.012195
25,26,OVL-C2507,OVL-C2614,dead-OVL-C2210,dead-OVL-C2412,1,0.023810,0.071429,0.018182
25,26,OVL-C2508,OVL-C2607,c05,dead-OVL-C2607,1,0.028571,0.024390,0.013333
25,26,OVL-C2508,OVL-C2608,c05,c05,32,0.914286,0.864865,0.800000
25,26,OVL-C2509,OVL-C2601,dead-OVL-C2509,dead-OVL-C2306,3,0.085714,0.034884,0.025424
25,26,OVL-C2509,OVL-C2603,dead-OVL-C2509,dead-OVL-C2201,22,0.628571,0.366667,0.301370
25,26,OVL-C2509,OVL-C2604,dead-OVL-C2509,dead-OVL-C2604,4,0.114286,0.067797,0.044444
25,26,OVL-C2509,OVL-C2607,dead-OVL-C2509,dead-OVL-C2607,4,0.114286,0.097561,0.055556
25,26,OVL-C2509,OVL-C2608,dead-OVL-C2509,c05,1,0.028571,0.027027,0.014085
25,26,OVL-C2510,OVL-C2602,dead-OVL-C2510,c09,1,0.031250,0.012048,0.008772
25,26,OVL-C2510,OVL-C2603,dead-OVL-C2510,dead-OVL-C2201,5,0.156250,0.083333,0.057471
25,26,OVL-C2510,OVL-C2604,dead-OVL-C2510,dead-OVL-C2604,17,0.531250,0.288136,0.229730
25,26,OVL-C2510,OVL-C2607,dead-OVL-C2510,dead-OVL-C2607,1,0.031250,0.024390,0.013889
25,26,OVL-C2510,OVL-C2611,dead-OVL-C2510,dead-OVL-C2513,1,0.031250,0.033333,0.016393
25,26,OVL-C2510,OVL-C2612,dead-OVL-C2510,dead-OVL-C2307,3,0.093750,0.100000,0.050847
25,26,OVL-C2510,OVL-C2614,dead-OVL-C2510,dead-OVL-C2412,1,0.031250,0.071429,0.022222
25,26,OVL-C2511,OVL-C2601,dead-OVL-C2511,dead-OVL-C2306,1,0.037037,0.011628,0.008929
25,26,OVL-C2511,OVL-C2607,dead-OVL-C2511,dead-OVL-C2607,9,0.333333,0.219512,0.152542
25,26,OVL-C2511,OVL-C2610,dead-OVL-C2511,dead-OVL-C2610,10,0.370370,0.303030,0.200000
25,26,OVL-C2511,OVL-C2613,dead-OVL-C2511,dead-OVL-C2613,1,0.037037,0.050000,0.021739
25,26,OVL-C2512,OVL-C2602,dead-OVL-C2105,c09,1,0.037037,0.012048,0.009174
25,26,OVL-C2512,OVL-C2604,dead-OVL-C2105,dead-OVL-C2604,1,0.037037,0.016949,0.011765
25,26,OVL-C2512,OVL-C2605,dead-OVL-C2105,dead-OVL-C2105,22,0.814815,0.523810,0.468085
25,26,OVL-C2512,OVL-C2609,dead-OVL-C2105,dead-OVL-C2609,3,0.111111,0.088235,0.051724
25,26,OVL-C2513,OVL-C2604,dead-OVL-C2513,dead-OVL-C2604,2,0.076923,0.033898,0.024096
25,26,OVL-C2513,OVL-C2611,dead-OVL-C2513,dead-OVL-C2513,24,0.923077,0.800000,0.750000
25,26,OVL-C2514,OVL-C2606,dead-OVL-C0013,dead-OVL-C0013,24,0.960000,0.571429,0.558140
25,26,OVL-C2515,OVL-C2614,dead-OVL-C2412,dead-OVL-C2412,10,0.909091,0.714286,0.666667
25,26,OVL-C2516,OVL-C2616,dead-OVL-C2516,dead-OVL-C2516,3,1.000000,1.000000,1.000000
26,27,OVL-C2601,OVL-C2701,dead-OVL-C2306,dead-OVL-C2201,9,0.104651,0.116883,0.058442
26,27,OVL-C2601,OVL-C2703,dead-OVL-C2306,dead-OVL-C2703,6,0.069767,0.111111,0.044776
26,27,OVL-C2601,OVL-C2704,dead-OVL-C2306,dead-OVL-C2704,21,0.244186,0.403846,0.179487
26,27,OVL-C2601,OVL-C2705,dead-OVL-C2306,dead-OVL-C2604,1,0.011628,0.019608,0.007353
26,27,OVL-C2601,OVL-C2706,dead-OVL-C2306,dead-OVL-C2706,34,0.395349,0.850000,0.369565
26,27,OVL-C2601,OVL-C2707,dead-OVL-C2306,dead-OVL-C2105,2,0.023256,0.052632,0.016393
26,27,OVL-C2601,OVL-C2709,dead-OVL-C2306,dead-OVL-C2609,1,0.011628,0.030303,0.008475
26,27,OVL-C2601,OVL-C2710,dead-OVL-C2306,dead-OVL-C2710,2,0.023256,0.071429,0.017857
26,27,OVL-C2601,OVL-C2711,dead-OVL-C2306,dead-OVL-C2307,1,0.011628,0.037037,0.008929
26,27,OVL-C2601,OVL-C2712,dead-OVL-C2306,c05,2,0.023256,0.074074,0.018018
26,27,OVL-C2601,OVL-C2713,dead-OVL-C2306,dead-OVL-C2713,2,0.023256,0.083333,0.018519
26,27,OVL-C2601,OVL-C2715,dead-OVL-C2306,dead-OVL-C2715,1,0.011628,0.047619,0.009434
26,27,OVL-C2602,OVL-C2702,c09,c09,68,0.819277,0.944444,0.781609
26,27,OVL-C2602,OVL-C2703,c09,dead-OVL-C2703,6,0.072289,0.111111,0.045802
26,27,OVL-C2602,OVL-C2705,c09,dead-OVL-C2604,1,0.012048,0.019608,0.007519
26,27,OVL-C2602,OVL-C2707,c09,dead-OVL-C2105,1,0.012048,0.026316,0.008333
26,27,OVL-C2602,OVL-C2709,c09,dead-OVL-C2609,1,0.012048,0.030303,0.008696
26,27,OVL-C2602,OVL-C2713,c09,dead-OVL-C2713,1,0.012048,0.041667,0.009434
26,27,OVL-C2603,OVL-C2701,dead-OVL-C2201,dead-OVL-C2201,40,0.666667,0.519481,0.412371
26,27,OVL-C2603,OVL-C2706,dead-OVL-C2201,dead-OVL-C2706,1,0.016667,0.025000,0.010101
26,27,OVL-C2603,OVL-C2708,dead-OVL-C2201,dead-OVL-C2513,2,0.033333,0.060606,0.021978
26,27,OVL-C2603,OVL-C2710,dead-OVL-C2201,dead-OVL-C2710,2,0.033333,0.071429,0.023256
26,27,OVL-C2603,OVL-C2713,dead-OVL-C2201,dead-OVL-C2713,12,0.200000,0.500000,0.166667
26,27,OVL-C2604,OVL-C2701,dead-OVL-C2604,dead-OVL-C2201,3,0.050847,0.038961,0.022556
26,27,OVL-C2604,OVL-C2705,dead-OVL-C2604,dead-OVL-C2604,40,0.677966,0.784314,0.571429
26,27,OVL-C2604,OVL-C2708,dead-OVL-C2604,dead-OVL-C2513,3,0.050847,0.090909,0.033708
26,27,OVL-C2604,OVL-C2710,dead-OVL-C2604,dead-OVL-C2710,1,0.016949,0.035714,0.011628
26,27,OVL-C2604,OVL-C2711,dead-OVL-C2604,dead-OVL-C2307,1,0.016949,0.037037,0.011765
26,27,OVL-C2604,OVL-C2713,dead-OVL-C2604,dead-OVL-C2713,7,0.118644,0.291667,0.092105
26,27,OVL-C2605,OVL-C2701,dead-OVL-C2105,dead-OVL-C2201,1,0.023810,0.012987,0.008475
26,27,OVL-C2605,OVL-C2703,dead-OVL-C2105,dead-OVL-C2703,1,0.023810,0.018519,0.010526
26,27,OVL-C2605,OVL-C2707,dead-OVL-C2105,dead-OVL-C2105,32,0.761905,0.842105,0.666667
26,27,OVL-C2605,OVL-C2710,dead-OVL-C2105,dead-OVL-C2710,2,0.047619,0.071429,0.029412
26,27,OVL-C2605,OVL-C2711,dead-OVL-C2105,dead-OVL-C2307,3,0.071429,0.111111,0.045455
26,27,OVL-C2605,OVL-C2716,dead-OVL-C2105,dead-OVL-C2412,2,0.047619,0.142857,0.037037
26,27,OVL-C2606,OVL-C2703,dead-OVL-C0013,dead-OVL-C2703,13,0.309524,0.240741,0.156627
26,27,OVL-C2606,OVL-C2711,dead-OVL-C0013,dead-OVL-C2307,1,0.023810,0.037037,0.014706
26,27,OVL-C2606,OVL-C2713,dead-OVL-C0013,dead-OVL-C2713,1,0.023810,0.041667,0.015385
26,27,OVL-C2606,OVL-C2714,dead-OVL-C0013,dead-OVL-C0013,22,0.523810,0.956522,0.511628
26,27,OVL-C2607,OVL-C2701,dead-OVL-C2607,dead-OVL-C2201,13,0.317073,0.168831,0.123810
26,27,OVL-C2607,OVL-C2704,dead-OVL-C2607,dead-OVL-C2704,1,0.024390,0.019231,0.010870
26,27,OVL-C2607,OVL-C2705,dead-OVL-C2607,dead-OVL-C2604,3,0.073171,0.058824,0.033708
26,27,OVL-C2607,OVL-C2709,dead-OVL-C2607,dead-OVL-C2609,1,0.024390,0.030303,0.013699
26,27,OVL-C2607,OVL-C2710,dead-OVL-C2607,dead-OVL-C2710,4,0.097561,0.142857,0.061538
26,27,OVL-C2607,OVL-C2712,dead-OVL-C2607,c05,1,0.024390,0.037037,0.014925
26,27,OVL-C2607,OVL-C2715,dead-OVL-C2607,dead-OVL-C2715,13,0.317073,0.619048,0.265306
26,27,OVL-C2608,OVL-C2701,c05,dead-OVL-C2201,3,0.081081,0.038961,0.027027
26,27,OVL-C2608,OVL-C2703,c05,dead-OVL-C2703,1,0.027027,0.018519,0.011111
26,27,OVL-C2608,OVL-C2704,c05,dead-OVL-C2704,1,0.027027,0.019231,0.011364
26,27,OVL-C2608,OVL-C2711,c05,dead-OVL-C2307,1,0.027027,0.037037,0.015873
26,27,OVL-C2608,OVL-C2712,c05,c05,23,0.621622,0.851852,0.560976
26,27,OVL-C2608,OVL-C2713,c05,dead-OVL-C2713,1,0.027027,0.041667,0.016667
26,27,OVL-C2609,OVL-C2702,dead-OVL-C2609,c09,2,0.058824,0.027778,0.019231
26,27,OVL-C2609,OVL-C2703,dead-OVL-C2609,dead-OVL-C2703,3,0.088235,0.055556,0.035294
26,27,OVL-C2609,OVL-C2707,dead-OVL-C2609,dead-OVL-C2105,1,0.029412,0.026316,0.014085
26,27,OVL-C2609,OVL-C2708,dead-OVL-C2609,dead-OVL-C2513,1,0.029412,0.030303,0.015152
26,27,OVL-C2609,OVL-C2709,dead-OVL-C2609,dead-OVL-C2609,23,0.676471,0.696970,0.522727
26,27,OVL-C2609,OVL-C2710,dead-OVL-C2609,dead-OVL-C2710,2,0.058824,0.071429,0.033333
26,27,OVL-C2610,OVL-C2701,dead-OVL-C2610,dead-OVL-C2201,3,0.090909,0.038961,0.028037
26,27,OVL-C2610,OVL-C2704,dead-OVL-C2610,dead-OVL-C2704,14,0.424242,0.269231,0.197183
26,27,OVL-C2610,OVL-C2705,dead-OVL-C2610,dead-OVL-C2604,1,0.030303,0.019608,0.012048
26,27,OVL-C2610,OVL-C2710,dead-OVL-C2610,dead-OVL-C2710,11,0.333333,0.392857,0.220000
26,27,OVL-C2610,OVL-C2716,dead-OVL-C2610,dead-OVL-C2412,2,0.060606,0.142857,0.044444
26,27,OVL-C2611,OVL-C2701,dead-OVL-C2513,dead-OVL-C2201,2,0.066667,0.025974,0.019048
26,27,OVL-C2611,OVL-C2704,dead-OVL-C2513,dead-OVL-C2704,4,0.133333,0.076923,0.051282
26,27,OVL-C2611,OVL-C2708,dead-OVL-C2513,dead-OVL-C2513,24,0.800000,0.727273,0.615385
26,27,OVL-C2612,OVL-C2704,dead-OVL-C2307,dead-OVL-C2704,1,0.033333,0.019231,0.012346
26,27,OVL-C2612,OVL-C2705,dead-OVL-C2307,dead-OVL-C2604,1,0.033333,0.019608,0.012500
26,27,OVL-C2612,OVL-C2707,dead-OVL-C2307,dead-OVL-C2105,1,0.033333,0.026316,0.014925
26,27,OVL-C2612,OVL-C2708,dead-OVL-C2307,dead-OVL-C2513,2,0.066667,0.060606,0.032787
26,27,OVL-C2612,OVL-C2709,dead-OVL-C2307,dead-OVL-C2609,5,0.166667,0.151515,0.086207
26,27,OVL-C2612,OVL-C2711,dead-OVL-C2307,dead-OVL-C2307,18,0.600000,0.666667,0.461538
26,27,OVL-C2613,OVL-C2703,dead-OVL-C2613,dead-OVL-C2703,18,0.900000,0.333333,0.321429
26,27,OVL-C2613,OVL-C2705,dead-OVL-C2613,dead-OVL-C2604,1,0.050000,0.019608,0.014286
26,27,OVL-C2613,OVL-C2712,dead-OVL-C2613,c05,1,0.050000,0.037037,0.021739
26,27,OVL-C2614,OVL-C2702,dead-OVL-C2412,c09,1,0.071429,0.013889,0.011765
26,27,OVL-C2614,OVL-C2707,dead-OVL-C2412,dead-OVL-C2105,1,0.071429,0.026316,0.019608
26,27,OVL-C2614,OVL-C2716,dead-OVL-C2412,dead-OVL-C2412,9,0.642857,0.642857,0.473684
26,27,OVL-C2615,OVL-C2701,dead-OVL-C2615,dead-OVL-C2201,1,0.125000,0.012987,0.011905
26,27,OVL-C2615,OVL-C2715,dead-OVL-C2615,dead-OVL-C2715,6,0.750000,0.285714,0.260870
26,27,OVL-C2616,OVL-C2717,dead-OVL-C2516,dead-OVL-C2516,3,1.000000,1.000000,1.000000
26,27,OVL-C2617,OVL-C2718,dead-OVL-C2617,dead-OVL-C2617,3,1.000000,1.000000,1.000000
27,28,OVL-C2701,OVL-C2801,dead-OVL-C2201,dead-OVL-C2801,29,0.376623,0.341176,0.218045
27,28,OVL-C2701,OVL-C2802,dead-OVL-C2201,c09,1,0.012987,0.013333,0.006623
27,28,OVL-C2701,OVL-C2803,dead-OVL-C2201,dead-OVL-C2704,3,0.038961,0.045455,0.021429
27,28,OVL-C2701,OVL-C2804,dead-OVL-C2201,dead-OVL-C2804,7,0.090909,0.127273,0.056000
27,28,OVL-C2701,OVL-C2805,dead-OVL-C2201,c03,1,0.012987,0.018868,0.007752
27,28,OVL-C2701,OVL-C2806,dead-OVL-C2201,c05,5,0.064935,0.119048,0.043860
27,28,OVL-C2701,OVL-C2808,dead-OVL-C2201,dead-OVL-C2703,3,0.038961,0.090909,0.028037
27,28,OVL-C2701,OVL-C2812,dead-OVL-C2201,dead-OVL-C2812,17,0.220779,0.850000,0.212500
27,28,OVL-C2701,OVL-C2816,dead-OVL-C2201,dead-OVL-C2715,1,0.012987,0.090909,0.011494
27,28,OVL-C2702,OVL-C2801,c09,dead-OVL-C2801,3,0.041667,0.035294,0.019481
27,28,OVL-C2702,OVL-C2802,c09,c09,60,0.833333,0.800000,0.689655
27,28,OVL-C2702,OVL-C2803,c09,dead-OVL-C2704,1,0.013889,0.015152,0.007299
27,28,OVL-C2702,OVL-C2808,c09,dead-OVL-C2703,3,0.041667,0.090909,0.029412
27,28,OVL-C2703,OVL-C2801,dead-OVL-C2703,dead-OVL-C2801,2,0.037037,0.023529,0.014599
27,28,OVL-C2703,OVL-C2802,dead-OVL-C2703,c09,1,0.018519,0.013333,0.007812
27,28,OVL-C2703,OVL-C2803,dead-OVL-C2703,dead-OVL-C2704,2,0.037037,0.030303,0.016949
27,28,OVL-C2703,OVL-C2805,dead-OVL-C2703,c03,1,0.018519,0.018868,0.009434
27,28,OVL-C2703,OVL-C2806,dead-OVL-C2703,c05,1,0.018519,0.023810,0.010526
27,28,OVL-C2703,OVL-C2808,dead-OVL-C2703,dead-OVL-C2703,22,0.407407,0.666667,0.338462
27,28,OVL-C2703,OVL-C2814,dead-OVL-C2703,dead-OVL-C2814,5,0.092593,0.263158,0.073529
27,28,OVL-C2703,OVL-C2815,dead-OVL-C2703,dead-OVL-C2815,15,0.277778,0.937500,0.272727
27,28,OVL-C2704,OVL-C2801,dead-OVL-C2704,dead-OVL-C2801,3,0.057692,0.035294,0.022388
27,28,OVL-C2704,OVL-C2803,dead-OVL-C2704,dead-OVL-C2704,45,0.865385,0.681818,0.616438
27,28,OVL-C2704,OVL-C2806,dead-OVL-C2704,c05,2,0.038462,0.047619,0.021739
27,28,OVL-C2704,OVL-C2807,dead-OVL-C2704,dead-OVL-C2706,1,0.019231,0.023810,0.010753
27,28,OVL-C2704,OVL-C2811,dead-OVL-C2704,dead-OVL-C2710,1,0.019231,0.043478,0.013514
27,28,OVL-C2705,OVL-C2801,dead-OVL-C2604,dead-OVL-C2801,30,0.588235,0.352941,0.283019
27,28,OVL-C2705,OVL-C2802,dead-OVL-C2604,c09,2,0.039216,0.026667,0.016129
27,28,OVL-C2705,OVL-C2803,dead-OVL-C2604,dead-OVL-C2704,2,0.039216,0.030303,0.017391
27,28,OVL-C2705,OVL-C2804,dead-OVL-C2604,dead-OVL-C2804,12,0.235294,0.218182,0.127660
27,28,OVL-C2705,OVL-C2807,dead-OVL-C2604,dead-OVL-C2706,1,0.019608,0.023810,0.010870
27,28,OVL-C2706,OVL-C2802,dead-OVL-C2706,c09,2,0.050000,0.026667,0.017699
27,28,OVL-C2706,OVL-C2804,dead-OVL-C2706,dead-OVL-C2804,2,0.050000,0.036364,0.021505
27,28,OVL-C2706,OVL-C2807,dead-OVL-C2706,dead-OVL-C2706,32,0.800000,0.761905,0.640000
27,28,OVL-C2707,OVL-C2805,dead-OVL-C2105,c03,22,0.578947,0.415094,0.318841
27,28,OVL-C2707,OVL-C2806,dead-OVL-C2105,c05,1,0.026316,0.023810,0.012658
27,28,OVL-C2707,OVL-C2807,dead-OVL-C2105,dead-OVL-C2706,2,0.052632,0.047619,0.025641
27,28,OVL-C2707,OVL-C2814,dead-OVL-C2105,dead-OVL-C2814,11,0.289474,0.578947,0.239130
27,28,OVL-C2708,OVL-C2804,dead-OVL-C2513,dead-OVL-C2804,6,0.181818,0.109091,0.073171
27,28,OVL-C2708,OVL-C2805,dead-OVL-C2513,c03,1,0.030303,0.018868,0.011765
27,28,OVL-C2708,OVL-C2809,dead-OVL-C2513,dead-OVL-C2513,26,0.787879,1.000000,0.787879
27,28,OVL-C2709,OVL-C2801,dead-OVL-C2609,dead-OVL-C2801,3,0.090909,0.035294,0.026087
27,28,OVL-C2709,OVL-C2802,dead-OVL-C2609,c09,3,0.090909,0.040000,0.028571
27,28,OVL-C2709,OVL-C2803,dead-OVL-C2609,dead-OVL-C2704,3,0.090909,0.045455,0.031250
27,28,OVL-C2709,OVL-C2805,dead-OVL-C2609,c03,3,0.090909,0.056604,0.036145
27,28,OVL-C2709,OVL-C2806,dead-OVL-C2609,c05,1,0.030303,0.023810,0.013514
27,28,OVL-C2709,OVL-C2808,dead-OVL-C2609,dead-OVL-C2703,1,0.030303,0.030303,0.015385
27,28,OVL-C2709,OVL-C2813,dead-OVL-C2609,dead-OVL-C2609,19,0.575758,0.950000,0.558824
27,28,OVL-C2710,OVL-C2801,dead-OVL-C2710,dead-OVL-C2801,3,0.107143,0.035294,0.027273
27,28,OVL-C2710,OVL-C2802,dead-OVL-C2710,c09,1,0.035714,0.013333,0.009804
27,28,OVL-C2710,OVL-C2803,dead-OVL-C2710,dead-OVL-C2704,1,0.035714,0.015152,0.010753
27,28,OVL-C2710,OVL-C2811,dead-OVL-C2710,dead-OVL-C2710,20,0.714286,0.869565,0.645161
27,28,OVL-C2710,OVL-C2812,dead-OVL-C2710,dead-OVL-C2812,2,0.071429,0.100000,0.043478
27,28,OVL-C2710,OVL-C2814,dead-OVL-C2710,dead-OVL-C2814,1,0.035714,0.052632,0.021739
27,28,OVL-C2711,OVL-C2803,dead-OVL-C2307,dead-OVL-C2704,4,0.148148,0.060606,0.044944
27,28,OVL-C2711,OVL-C2805,dead-OVL-C2307,c03,22,0.814815,0.415094,0.379310
27,28,OVL-C2711,OVL-C2806,dead-OVL-C2307,c05,1,0.037037,0.023810,0.014706
27,28,OVL-C2712,OVL-C2803,c05,dead-OVL-C2704,1,0.037037,0.015152,0.010870
27,28,OVL-C2712,OVL-C2806,c05,c05,24,0.888889,0.571429,0.533333
27,28,OVL-C2712,OVL-C2814,c05,dead-OVL-C2814,1,0.037037,0.052632,0.022222
27,28,OVL-C2712,OVL-C2815,c05,dead-OVL-C2815,1,0.037037,0.062500,0.023810
27,28,OVL-C2713,OVL-C2801,dead-OVL-C2713,dead-OVL-C2801,5,0.208333,0.058824,0.048077
27,28,OVL-C2713,OVL-C2802,dead-OVL-C2713,c09,1,0.041667,0.013333,0.010204
27,28,OVL-C2713,OVL-C2804,dead-OVL-C2713,dead-OVL-C2804,16,0.666667,0.290909,0.253968
27,28,OVL-C2713,OVL-C2807,dead-OVL-C2713,dead-OVL-C2706,2,0.083333,0.047619,0.031250
27,28,OVL-C2714,OVL-C2803,dead-OVL-C0013,dead-OVL-C2704,1,0.043478,0.015152,0.011364
27,28,OVL-C2714,OVL-C2810,dead-OVL-C0013,dead-OVL-C0013,21,0.913043,0.840000,0.777778
27,28,OVL-C2715,OVL-C2803,dead-OVL-C2715,dead-OVL-C2704,1,0.047619,0.015152,0.011628
27,28,OVL-C2715,OVL-C2804,dead-OVL-C2715,dead-OVL-C2804,7,0.333333,0.127273,0.101449
27,28,OVL-C2715,OVL-C2808,dead-OVL-C2715,dead-OVL-C2703,1,0.047619,0.030303,0.018868
27,28,OVL-C2715,OVL-C2816,dead-OVL-C2715,dead-OVL-C2715,10,0.476190,0.909091,0.454545
27,28,OVL-C2716,OVL-C2801,dead-OVL-C2412,dead-OVL-C2801,1,0.071429,0.011765,0.010204
27,28,OVL-C2716,OVL-C2811,dead-OVL-C2412,dead-OVL-C2710,1,0.071429,0.043478,0.027778
27,28,OVL-C2716,OVL-C2817,dead-OVL-C2412,dead-OVL-C2412,9,0.642857,1.000000,0.642857
27,28,OVL-C2717,OVL-C2802,dead-OVL-C2516,c09,2,0.666667,0.026667,0.026316
28,29,OVL-C2801,OVL-C2901,dead-OVL-C2801,dead-OVL-C2801,47,0.552941,0.431193,0.319728
28,29,OVL-C2801,OVL-C2902,dead-OVL-C2801,dead-OVL-C2902,15,0.176471,0.176471,0.096774
28,29,OVL-C2801,OVL-C2903,dead-OVL-C2801,c09,4,0.047059,0.050633,0.025000
28,29,OVL-C2801,OVL-C2904,dead-OVL-C2801,c11,5,0.058824,0.076923,0.034483
28,29,OVL-C2801,OVL-C2906,dead-OVL-C2801,dead-OVL-C2906,2,0.023529,0.040816,0.015152
28,29,OVL-C2801,OVL-C2907,dead-OVL-C2801,c05,1,0.011765,0.023810,0.007937
28,29,OVL-C2801,OVL-C2909,dead-OVL-C2801,dead-OVL-C2909,1,0.011765,0.034483,0.008850
28,29,OVL-C2801,OVL-C2911,dead-OVL-C2801,dead-OVL-C2815,2,0.023529,0.080000,0.018519
28,29,OVL-C2801,OVL-C2912,dead-OVL-C2801,dead-OVL-C2912,1,0.011765,0.043478,0.009346
28,29,OVL-C2801,OVL-C2913,dead-OVL-C2801,dead-OVL-C2814,1,0.011765,0.045455,0.009434
28,29,OVL-C2802,OVL-C2901,c09,dead-OVL-C2801,1,0.013333,0.009174,0.005464
28,29,OVL-C2802,OVL-C2903,c09,c09,66,0.880000,0.835443,0.750000
28,29,OVL-C2802,OVL-C2905,c09,c03,3,0.040000,0.056604,0.024000
28,29,OVL-C2802,OVL-C2906,c09,dead-OVL-C2906,1,0.013333,0.020408,0.008130
28,29,OVL-C2802,OVL-C2908,c09,dead-OVL-C2706,2,0.026667,0.057143,0.018519
28,29,OVL-C2803,OVL-C2901,dead-OVL-C2704,dead-OVL-C2801,1,0.015152,0.009174,0.005747
28,29,OVL-C2803,OVL-C2902,dead-OVL-C2704,dead-OVL-C2902,31,0.469697,0.364706,0.258333
28,29,OVL-C2803,OVL-C2903,dead-OVL-C2704,c09,2,0.030303,0.025316,0.013986
28,29,OVL-C2803,OVL-C2904,dead-OVL-C2704,c11,1,0.015152,0.015385,0.007692
28,29,OVL-C2803,OVL-C2905,dead-OVL-C2704,c03,2,0.030303,0.037736,0.017094
28,29,OVL-C2803,OVL-C2906,dead-OVL-C2704,dead-OVL-C2906,4,0.060606,0.081633,0.036036
28,29,OVL-C2803,OVL-C2910,dead-OVL-C2704,dead-OVL-C0013,1,0.015152,0.038462,0.010989
28,29,OVL-C2803,OVL-C2911,dead-OVL-C2704,dead-OVL-C2815,1,0.015152,0.040000,0.011111
28,29,OVL-C2803,OVL-C2912,dead-OVL-C2704,dead-OVL-C2912,17,0.257576,0.739130,0.236111
28,29,OVL-C2804,OVL-C2901,dead-OVL-C2804,dead-OVL-C2801,30,0.545455,0.275229,0.223881
28,29,OVL-C2804,OVL-C2904,dead-OVL-C2804,c11,21,0.381818,0.323077,0.212121
28,29,OVL-C2804,OVL-C2905,dead-OVL-C2804,c03,1,0.018182,0.018868,0.009346
28,29,OVL-C2804,OVL-C2910,dead-OVL-C2804,dead-OVL-C0013,1,0.018182,0.038462,0.012500
28,29,OVL-C2805,OVL-C2903,c03,c09,1,0.018868,0.012658,0.007634
28,29,OVL-C2805,OVL-C2904,c03,c11,1,0.018868,0.015385,0.008547
28,29,OVL-C2805,OVL-C2905,c03,c03,26,0.490566,0.490566,0.325000
28,29,OVL-C2805,OVL-C2909,c03,dead-OVL-C2909,23,0.433962,0.793103,0.389831
28,29,OVL-C2805,OVL-C2910,c03,dead-OVL-C0013,2,0.037736,0.076923,0.025974
28,29,OVL-C2806,OVL-C2902,c05,dead-OVL-C2902,1,0.023810,0.011765,0.007937
28,29,OVL-C2806,OVL-C2904,c05,c11,1,0.023810,0.015385,0.009434
28,29,OVL-C2806,OVL-C2907,c05,c05,38,0.904762,0.904762,0.826087
28,29,OVL-C2806,OVL-C2912,c05,dead-OVL-C2912,2,0.047619,0.086957,0.031746
28,29,OVL-C2807,OVL-C2901,dead-OVL-C2706,dead-OVL-C2801,2,0.047619,0.018349,0.013423
28,29,OVL-C2807,OVL-C2902,dead-OVL-C2706,dead-OVL-C2902,2,0.047619,0.023529,0.016000
28,29,OVL-C2807,OVL-C2904,dead-OVL-C2706,c11,3,0.071429,0.046154,0.028846
28,29,OVL-C2807,OVL-C2908,dead-OVL-C2706,dead-OVL-C2706,29,0.690476,0.828571,0.604167
28,29,OVL-C2808,OVL-C2902,dead-OVL-C2703,dead-OVL-C2902,18,0.545455,0.211765,0.180000
28,29,OVL-C2808,OVL-C2903,dead-OVL-C2703,c09,1,0.030303,0.012658,0.009009
28,29,OVL-C2808,OVL-C2904,dead-OVL-C2703,c11,2,0.060606,0.030769,0.020833
28,29,OVL-C2808,OVL-C2905,dead-OVL-C2703,c03,1,0.030303,0.018868,0.011765
28,29,OVL-C2808,OVL-C2906,dead-OVL-C2703,dead-OVL-C2906,7,0.212121,0.142857,0.093333
28,29,OVL-C2808,OVL-C2913,dead-OVL-C2703,dead-OVL-C2814,3,0.090909,0.136364,0.057692
28,29,OVL-C2809,OVL-C2901,dead-OVL-C2513,dead-OVL-C2801,2,0.076923,0.018349,0.015038
28,29,OVL-C2809,OVL-C2904,dead-OVL-C2513,c11,22,0.846154,0.338462,0.318841
28,29,OVL-C2809,OVL-C2909,dead-OVL-C2513,dead-OVL-C2909,1,0.038462,0.034483,0.018519
28,29,OVL-C2810,OVL-C2903,dead-OVL-C0013,c09,2,0.080000,0.025316,0.019608
28,29,OVL-C2810,OVL-C2908,dead-OVL-C0013,dead-OVL-C2706,1,0.040000,0.028571,0.016949
28,29,OVL-C2810,OVL-C2910,dead-OVL-C0013,dead-OVL-C0013,21,0.840000,0.807692,0.700000
28,29,OVL-C2811,OVL-C2906,dead-OVL-C2710,dead-OVL-C2906,19,0.826087,0.387755,0.358491
28,29,OVL-C2811,OVL-C2908,dead-OVL-C2710,dead-OVL-C2706,1,0.043478,0.028571,0.017544
28,29,OVL-C2811,OVL-C2909,dead-OVL-C2710,dead-OVL-C2909,1,0.043478,0.034483,0.019608
28,29,OVL-C2811,OVL-C2912,dead-OVL-C2710,dead-OVL-C2912,1,0.043478,0.043478,0.022222
28,29,OVL-C2811,OVL-C2913,dead-OVL-C2710,dead-OVL-C2814,1,0.043478,0.045455,0.022727
28,29,OVL-C2812,OVL-C2901,dead-OVL-C2812,dead-OVL-C2801,19,0.950000,0.174312,0.172727
28,29,OVL-C2812,OVL-C2909,dead-OVL-C2812,dead-OVL-C2909,1,0.050000,0.034483,0.020833
28,29,OVL-C2813,OVL-C2905,dead-OVL-C2609,c03,20,1.000000,0.377358,0.377358
28,29,OVL-C2814,OVL-C2902,dead-OVL-C2814,dead-OVL-C2902,1,0.052632,0.011765,0.009709
28,29,OVL-C2814,OVL-C2904,dead-OVL-C2814,c11,2,0.105263,0.030769,0.024390
28,29,OVL-C2814,OVL-C2911,dead-OVL-C2814,dead-OVL-C2815,2,0.105263,0.080000,0.047619
28,29,OVL-C2814,OVL-C2913,dead-OVL-C2814,dead-OVL-C2814,14,0.736842,0.636364,0.518519
28,29,OVL-C2815,OVL-C2911,dead-OVL-C2815,dead-OVL-C2815,16,1.000000,0.640000,0.640000
28,29,OVL-C2816,OVL-C2906,dead-OVL-C2715,dead-OVL-C2906,9,0.818182,0.183673,0.176471
28,29,OVL-C2817,OVL-C2902,dead-OVL-C2412,dead-OVL-C2902,9,1.000000,0.105882,0.105882
29,30,OVL-C2901,OVL-C3001,dead-OVL-C2801,dead-OVL-C2801,70,0.642202,0.886076,0.593220
29,30,OVL-C2901,OVL-C3003,dead-OVL-C2801,dead-OVL-C2902,3,0.027523,0.040541,0.016667
29,30,OVL-C2901,OVL-C3005,dead-OVL-C2801,dead-OVL-C2906,4,0.036697,0.080000,0.025806
29,30,OVL-C2901,OVL-C3007,dead-OVL-C2801,c11,3,0.027523,0.078947,0.020833
29,30,OVL-C2901,OVL-C3008,dead-OVL-C2801,dead-OVL-C2706,1,0.009174,0.030303,0.007092
29,30,OVL-C2901,OVL-C3010,dead-OVL-C2801,dead-OVL-C2815,3,0.027523,0.100000,0.022059
29,30,OVL-C2901,OVL-C3013,dead-OVL-C2801,dead-OVL-C3013,23,0.211009,0.884615,0.205357
29,30,OVL-C2902,OVL-C3001,dead-OVL-C2902,dead-OVL-C2801,1,0.011765,0.012658,0.006135
29,30,OVL-C2902,OVL-C3002,dead-OVL-C2902,c09,1,0.011765,0.012821,0.006173
29,30,OVL-C2902,OVL-C3003,dead-OVL-C2902,dead-OVL-C2902,48,0.564706,0.648649,0.432432
29,30,OVL-C2902,OVL-C3005,dead-OVL-C2902,dead-OVL-C2906,3,0.035294,0.060000,0.022727
29,30,OVL-C2902,OVL-C3006,dead-OVL-C2902,c05,2,0.023529,0.047619,0.016000
29,30,OVL-C2902,OVL-C3008,dead-OVL-C2902,dead-OVL-C2706,1,0.011765,0.030303,0.008547
29,30,OVL-C2902,OVL-C3010,dead-OVL-C2902,dead-OVL-C2815,1,0.011765,0.033333,0.008772
29,30,OVL-C2902,OVL-C3011,dead-OVL-C2902,dead-OVL-C0013,3,0.035294,0.103448,0.027027
29,30,OVL-C2902,OVL-C3012,dead-OVL-C2902,dead-OVL-C2814,7,0.082353,0.269231,0.067308
29,30,OVL-C2902,OVL-C3014,dead-OVL-C2902,dead-OVL-C3014,10,0.117647,0.416667,0.101010
29,30,OVL-C2902,OVL-C3016,dead-OVL-C2902,dead-OVL-C3016,1,0.011765,0.071429,0.010204
29,30,OVL-C2903,OVL-C3001,c09,dead-OVL-C2801,2,0.025316,0.025316,0.012821
29,30,OVL-C2903,OVL-C3002,c09,c09,73,0.924051,0.935897,0.869048
29,30,OVL-C2903,OVL-C3007,c09,c11,1,0.012658,0.026316,0.008621
29,30,OVL-C2903,OVL-C3011,c09,dead-OVL-C0013,1,0.012658,0.034483,0.009346
29,30,OVL-C2903,OVL-C3014,c09,dead-OVL-C3014,1,0.012658,0.041667,0.009804
29,30,OVL-C2904,OVL-C3001,c11,dead-OVL-C2801,2,0.030769,0.025316,0.014085
29,30,OVL-C2904,OVL-C3003,c11,dead-OVL-C2902,4,0.061538,0.054054,0.029630
29,30,OVL-C2904,OVL-C3005,c11,dead-OVL-C2906,16,0.246154,0.320000,0.161616
29,30,OVL-C2904,OVL-C3007,c11,c11,31,0.476923,0.815789,0.430556
29,30,OVL-C2904,OVL-C3010,c11,dead-OVL-C2815,2,0.030769,0.066667,0.021505
29,30,OVL-C2904,OVL-C3012,c11,dead-OVL-C2814,1,0.015385,0.038462,0.011111
29,30,OVL-C2904,OVL-C3013,c11,dead-OVL-C3013,1,0.015385,0.038462,0.011111
29,30,OVL-C2904,OVL-C3014,c11,dead-OVL-C3014,7,0.107692,0.291667,0.085366
29,30,OVL-C2905,OVL-C3004,c03,dead-OVL-C2909,23,0.433962,0.460000,0.287500
29,30,OVL-C2905,OVL-C3009,c03,c03,30,0.566038,1.000000,0.566038
29,30,OVL-C2906,OVL-C3003,dead-OVL-C2906,dead-OVL-C2902,5,0.102041,0.067568,0.042373
29,30,OVL-C2906,OVL-C3004,dead-OVL-C2906,dead-OVL-C2909,1,0.020408,0.020000,0.010204
29,30,OVL-C2906,OVL-C3005,dead-OVL-C2906,dead-OVL-C2906,24,0.489796,0.480000,0.320000
29,30,OVL-C2906,OVL-C3011,dead-OVL-C2906,dead-OVL-C0013,1,0.020408,0.034483,0.012987
29,30,OVL-C2906,OVL-C3015,dead-OVL-C2906,dead-OVL-C2912,3,0.061224,0.130435,0.043478
29,30,OVL-C2906,OVL-C3016,dead-OVL-C2906,dead-OVL-C3016,11,0.224490,0.785714,0.211538
29,30,OVL-C2907,OVL-C3006,c05,c05,40,0.952381,0.952381,0.909091
29,30,OVL-C2907,OVL-C3012,c05,dead-OVL-C2814,1,0.023810,0.038462,0.014925
29,30,OVL-C2907,OVL-C3013,c05,dead-OVL-C3013,1,0.023810,0.038462,0.014925
29,30,OVL-C2908,OVL-C3003,dead-OVL-C2706,dead-OVL-C2902,4,0.114286,0.054054,0.038095
29,30,OVL-C2908,OVL-C3008,dead-OVL-C2706,dead-OVL-C2706,29,0.828571,0.878788,0.743590
29,30,OVL-C2908,OVL-C3011,dead-OVL-C2706,dead-OVL-C0013,1,0.028571,0.034483,0.015873
29,30,OVL-C2909,OVL-C3001,dead-OVL-C2909,dead-OVL-C2801,1,0.034483,0.012658,0.009346
29,30,OVL-C2909,OVL-C3004,dead-OVL-C2909,dead-OVL-C2909,25,0.862069,0.500000,0.462963
29,30,OVL-C2909,OVL-C3010,dead-OVL-C2909,dead-OVL-C2815,1,0.034483,0.033333,0.017241
29,30,OVL-C2910,OVL-C3002,dead-OVL-C0013,c09,1,0.038462,0.012821,0.009709
29,30,OVL-C2910,OVL-C3011,dead-OVL-C0013,dead-OVL-C0013,23,0.884615,0.793103,0.718750
29,30,OVL-C2911,OVL-C3003,dead-OVL-C2815,dead-OVL-C2902,1,0.040000,0.013514,0.010204
29,30,OVL-C2911,OVL-C3010,dead-OVL-C2815,dead-OVL-C2815,22,0.880000,0.733333,0.666667
29,30,OVL-C2911,OVL-C3012,dead-OVL-C2815,dead-OVL-C2814,1,0.040000,0.038462,0.020000
29,30,OVL-C2912,OVL-C3003,dead-OVL-C2912,dead-OVL-C2902,1,0.043478,0.013514,0.010417
29,30,OVL-C2912,OVL-C3005,dead-OVL-C2912,dead-OVL-C2906,2,0.086957,0.040000,0.028169
29,30,OVL-C2912,OVL-C3015,dead-OVL-C2912,dead-OVL-C2912,19,0.826087,0.826087,0.703704
29,30,OVL-C2913,OVL-C3003,dead-OVL-C2814,dead-OVL-C2902,1,0.045455,0.013514,0.010526
29,30,OVL-C2913,OVL-C3007,dead-OVL-C2814,c11,1,0.045455,0.026316,0.016949
29,30,OVL-C2913,OVL-C3012,dead-OVL-C2814,dead-OVL-C2814,16,0.727273,0.615385,0.500000
29,30,OVL-C2913,OVL-C3014,dead-OVL-C2814,dead-OVL-C3014,1,0.045455,0.041667,0.022222
29,30,OVL-C2914,OVL-C3017,dead-OVL-C2914,dead-OVL-C2914,4,1.000000,1.000000,1.000000
30,31,OVL-C3001,OVL-C3102,dead-OVL-C2801,dead-OVL-C2801,69,0.873418,0.873418,0.775281
30,31,OVL-C3001,OVL-C3103,dead-OVL-C2801,dead-OVL-C2706,2,0.025316,0.025974,0.012987
30,31,OVL-C3001,OVL-C3104,dead-OVL-C2801,c11,1,0.012658,0.015385,0.006993
30,31,OVL-C3001,OVL-C3105,dead-OVL-C2801,dead-OVL-C3105,1,0.012658,0.015385,0.006993
30,31,OVL-C3001,OVL-C3107,dead-OVL-C2801,c05,5,0.063291,0.087719,0.038168
30,31,OVL-C3002,OVL-C3101,c09,c09,72,0.923077,0.837209,0.782609
30,31,OVL-C3002,OVL-C3105,c09,dead-OVL-C3105,4,0.051282,0.061538,0.028777
30,31,OVL-C3003,OVL-C3101,dead-OVL-C2902,c09,1,0.013514,0.011628,0.006289
30,31,OVL-C3003,OVL-C3103,dead-OVL-C2902,dead-OVL-C2706,9,0.121622,0.116883,0.063380
30,31,OVL-C3003,OVL-C3105,dead-OVL-C2902,dead-OVL-C3105,12,0.162162,0.184615,0.094488
30,31,OVL-C3003,OVL-C3106,dead-OVL-C2902,dead-OVL-C3106,9,0.121622,0.155172,0.073171
30,31,OVL-C3003,OVL-C3109,dead-OVL-C2902,dead-OVL-C2902,36,0.486486,0.782609,0.428571
30,31,OVL-C3003,OVL-C3110,dead-OVL-C2902,dead-OVL-C2909,1,0.013514,0.038462,0.010101
30,31,OVL-C3003,OVL-C3111,dead-OVL-C2902,dead-OVL-C0013,1,0.013514,0.045455,0.010526
30,31,OVL-C3003,OVL-C3112,dead-OVL-C2902,dead-OVL-C2815,1,0.013514,0.047619,0.010638
30,31,OVL-C3004,OVL-C3101,dead-OVL-C2909,c09,1,0.020000,0.011628,0.007407
30,31,OVL-C3004,OVL-C3104,dead-OVL-C2909,c11,1,0.020000,0.015385,0.008772
30,31,OVL-C3004,OVL-C3106,dead-OVL-C2909,dead-OVL-C3106,3,0.060000,0.051724,0.028571
30,31,OVL-C3004,OVL-C3108,dead-OVL-C2909,c03,21,0.420000,0.403846,0.259259
30,31,OVL-C3004,OVL-C3110,dead-OVL-C2909,dead-OVL-C2909,23,0.460000,0.884615,0.433962
30,31,OVL-C3005,OVL-C3102,dead-OVL-C2906,dead-OVL-C2801,1,0.020000,0.012658,0.007812
30,31,OVL-C3005,OVL-C3103,dead-OVL-C2906,dead-OVL-C2706,3,0.060000,0.038961,0.024194
30,31,OVL-C3005,OVL-C3104,dead-OVL-C2906,c11,16,0.320000,0.246154,0.161616
30,31,OVL-C3005,OVL-C3105,dead-OVL-C2906,dead-OVL-C3105,1,0.020000,0.015385,0.008772
30,31,OVL-C3005,OVL-C3106,dead-OVL-C2906,dead-OVL-C3106,20,0.400000,0.344828,0.227273
30,31,OVL-C3005,OVL-C3107,dead-OVL-C2906,c05,2,0.040000,0.035088,0.019048
30,31,OVL-C3005,OVL-C3109,dead-OVL-C2906,dead-OVL-C2902,4,0.080000,0.086957,0.043478
30,31,OVL-C3006,OVL-C3102,c05,dead-OVL-C2801,1,0.023810,0.012658,0.008333
30,31,OVL-C3006,OVL-C3107,c05,c05,38,0.904762,0.666667,0.622951
30,31,OVL-C3007,OVL-C3101,c11,c09,1,0.026316,0.011628,0.008130
30,31,OVL-C3007,OVL-C3102,c11,dead-OVL-C2801,2,0.052632,0.025316,0.017391
30,31,OVL-C3007,OVL-C3103,c11,dead-OVL-C2706,1,0.026316,0.012987,0.008772
30,31,OVL-C3007,OVL-C3104,c11,c11,28,0.736842,0.430769,0.373333
30,31,OVL-C3007,OVL-C3105,c11,dead-OVL-C3105,1,0.026316,0.015385,0.009804
30,31,OVL-C3007,OVL-C3106,c11,dead-OVL-C3106,1,0.026316,0.017241,0.010526
30,31,OVL-C3007,OVL-C3107,c11,c05,4,0.105263,0.070175,0.043956
30,31,OVL-C3008,OVL-C3102,dead-OVL-C2706,dead-OVL-C2801,1,0.030303,0.012658,0.009009
30,31,OVL-C3008,OVL-C3103,dead-OVL-C2706,dead-OVL-C2706,32,0.969697,0.415584,0.410256
30,31,OVL-C3009,OVL-C3108,c03,c03,30,1.000000,0.576923,0.576923
30,31,OVL-C3010,OVL-C3104,dead-OVL-C2815,c11,8,0.266667,0.123077,0.091954
30,31,OVL-C3010,OVL-C3105,dead-OVL-C2815,dead-OVL-C3105,2,0.066667,0.030769,0.021505
30,31,OVL-C3010,OVL-C3106,dead-OVL-C2815,dead-OVL-C3106,1,0.033333,0.017241,0.011494
30,31,OVL-C3010,OVL-C3112,dead-OVL-C2815,dead-OVL-C2815,19,0.633333,0.904762,0.593750
30,31,OVL-C3011,OVL-C3103,dead-OVL-C0013,dead-OVL-C2706,1,0.034483,0.012987,0.009524
30,31,OVL-C3011,OVL-C3104,dead-OVL-C0013,c11,1,0.034483,0.015385,0.010753
30,31,OVL-C3011,OVL-C3105,dead-OVL-C0013,dead-OVL-C3105,5,0.172414,0.076923,0.056180
30,31,OVL-C3011,OVL-C3107,dead-OVL-C0013,c05,1,0.034483,0.017544,0.011765
30,31,OVL-C3011,OVL-C3109,dead-OVL-C0013,dead-OVL-C2902,1,0.034483,0.021739,0.013514
30,31,OVL-C3011,OVL-C3111,dead-OVL-C0013,dead-OVL-C0013,20,0.689655,0.909091,0.645161
30,31,OVL-C3012,OVL-C3101,dead-OVL-C2814,c09,1,0.038462,0.011628,0.009009
30,31,OVL-C3012,OVL-C3105,dead-OVL-C2814,dead-OVL-C3105,22,0.846154,0.338462,0.318841
30,31,OVL-C3012,OVL-C3107,dead-OVL-C2814,c05,2,0.076923,0.035088,0.024691
30,31,OVL-C3013,OVL-C3103,dead-OVL-C3013,dead-OVL-C2706,19,0.730769,0.246753,0.226190
30,31,OVL-C3013,OVL-C3104,dead-OVL-C3013,c11,4,0.153846,0.061538,0.045977
30,31,OVL-C3013,OVL-C3105,dead-OVL-C3013,dead-OVL-C3105,1,0.038462,0.015385,0.011111
30,31,OVL-C3013,OVL-C3106,dead-OVL-C3013,dead-OVL-C3106,1,0.038462,0.017241,0.012048
30,31,OVL-C3013,OVL-C3107,dead-OVL-C3013,c05,1,0.038462,0.017544,0.012195
30,31,OVL-C3014,OVL-C3101,dead-OVL-C3014,c09,1,0.041667,0.011628,0.009174
30,31,OVL-C3014,OVL-C3103,dead-OVL-C3014,dead-OVL-C2706,4,0.166667,0.051948,0.041237
30,31,OVL-C3014,OVL-C3104,dead-OVL-C3014,c11,4,0.166667,0.061538,0.047059
30,31,OVL-C3014,OVL-C3105,dead-OVL-C3014,dead-OVL-C3105,2,0.083333,0.030769,0.022989
30,31,OVL-C3014,OVL-C3107,dead-OVL-C3014,c05,1,0.041667,0.017544,0.012500
30,31,OVL-C3014,OVL-C3109,dead-OVL-C3014,dead-OVL-C2902,1,0.041667,0.021739,0.014493
30,31,OVL-C3014,OVL-C3110,dead-OVL-C3014,dead-OVL-C2909,2,0.083333,0.076923,0.041667
30,31,OVL-C3014,OVL-C3113,dead-OVL-C3014,dead-OVL-C3113,9,0.375000,1.000000,0.375000
30,31,OVL-C3015,OVL-C3101,dead-OVL-C2912,c09,1,0.043478,0.011628,0.009259
30,31,OVL-C3015,OVL-C3106,dead-OVL-C2912,dead-OVL-C3106,18,0.782609,0.310345,0.285714
30,31,OVL-C3015,OVL-C3109,dead-OVL-C2912,dead-OVL-C2902,1,0.043478,0.021739,0.014706
30,31,OVL-C3016,OVL-C3105,dead-OVL-C3016,dead-OVL-C3105,5,0.357143,0.076923,0.067568
30,31,OVL-C3016,OVL-C3114,dead-OVL-C3016,dead-OVL-C3016,7,0.500000,1.000000,0.500000
30,31,OVL-C3017,OVL-C3115,dead-OVL-C2914,dead-OVL-C2914,4,1.000000,1.000000,1.000000
31,32,OVL-C3101,OVL-C3202,c09,c09,74,0.860465,0.948718,0.822222
31,32,OVL-C3101,OVL-C3203,c09,c11,1,0.011628,0.013333,0.006250
31,32,OVL-C3101,OVL-C3205,c09,dead-OVL-C2706,1,0.011628,0.014286,0.006452
31,32,OVL-C3101,OVL-C3206,c09,dead-OVL-C3105,2,0.023256,0.032787,0.013793
31,32,OVL-C3101,OVL-C3210,c09,dead-OVL-C2909,2,0.023256,0.068966,0.017699
31,32,OVL-C3101,OVL-C3211,c09,dead-OVL-C0013,2,0.023256,0.083333,0.018519
31,32,OVL-C3101,OVL-C3216,c09,dead-OVL-C3216,2,0.023256,0.666667,0.022989
31,32,OVL-C3102,OVL-C3203,dead-OVL-C2801,c11,4,0.050633,0.053333,0.026667
31,32,OVL-C3102,OVL-C3204,dead-OVL-C2801,dead-OVL-C2801,59,0.746835,0.830986,0.648352
31,32,OVL-C3102,OVL-C3205,dead-OVL-C2801,dead-OVL-C2706,1,0.012658,0.014286,0.006757
31,32,OVL-C3102,OVL-C3206,dead-OVL-C2801,dead-OVL-C3105,4,0.050633,0.065574,0.029412
31,32,OVL-C3102,OVL-C3207,dead-OVL-C2801,c03,1,0.012658,0.019231,0.007692
31,32,OVL-C3102,OVL-C3213,dead-OVL-C2801,dead-OVL-C3213,8,0.101266,0.888889,0.100000
31,32,OVL-C3103,OVL-C3201,dead-OVL-C2706,dead-OVL-C2902,15,0.194805,0.161290,0.096774
31,32,OVL-C3103,OVL-C3203,dead-OVL-C2706,c11,1,0.012987,0.013333,0.006623
31,32,OVL-C3103,OVL-C3204,dead-OVL-C2706,dead-OVL-C2801,2,0.025974,0.028169,0.013699
31,32,OVL-C3103,OVL-C3205,dead-OVL-C2706,dead-OVL-C2706,56,0.727273,0.800000,0.615385
31,32,OVL-C3103,OVL-C3206,dead-OVL-C2706,dead-OVL-C3105,1,0.012987,0.016393,0.007299
31,32,OVL-C3103,OVL-C3207,dead-OVL-C2706,c03,1,0.012987,0.019231,0.007812
31,32,OVL-C3104,OVL-C3201,c11,dead-OVL-C2902,2,0.030769,0.021505,0.012821
31,32,OVL-C3104,OVL-C3203,c11,c11,58,0.892308,0.773333,0.707317
31,32,OVL-C3104,OVL-C3204,c11,dead-OVL-C2801,1,0.015385,0.014085,0.007407
31,32,OVL-C3104,OVL-C3205,c11,dead-OVL-C2706,1,0.015385,0.014286,0.007463
31,32,OVL-C3104,OVL-C3206,c11,dead-OVL-C3105,1,0.015385,0.016393,0.008000
31,32,OVL-C3104,OVL-C3212,c11,dead-OVL-C2815,1,0.015385,0.050000,0.011905
31,32,OVL-C3105,OVL-C3201,dead-OVL-C3105,dead-OVL-C2902,11,0.169231,0.118280,0.074830
31,32,OVL-C3105,OVL-C3203,dead-OVL-C3105,c11,1,0.015385,0.013333,0.007194
31,32,OVL-C3105,OVL-C3204,dead-OVL-C3105,dead-OVL-C2801,2,0.030769,0.028169,0.014925
31,32,OVL-C3105,OVL-C3206,dead-OVL-C3105,dead-OVL-C3105,46,0.707692,0.754098,0.575000
31,32,OVL-C3105,OVL-C3208,dead-OVL-C3105,dead-OVL-C3106,1,0.015385,0.022222,0.009174
31,32,OVL-C3105,OVL-C3210,dead-OVL-C3105,dead-OVL-C2909,1,0.015385,0.034483,0.010753
31,32,OVL-C3105,OVL-C3212,dead-OVL-C3105,dead-OVL-C2815,2,0.030769,0.100000,0.024096
31,32,OVL-C3106,OVL-C3201,dead-OVL-C3106,dead-OVL-C2902,9,0.155172,0.096774,0.063380
31,32,OVL-C3106,OVL-C3203,dead-OVL-C3106,c11,1,0.017241,0.013333,0.007576
31,32,OVL-C3106,OVL-C3205,dead-OVL-C3106,dead-OVL-C2706,1,0.017241,0.014286,0.007874
31,32,OVL-C3106,OVL-C3206,dead-OVL-C3106,dead-OVL-C3105,1,0.017241,0.016393,0.008475
31,32,OVL-C3106,OVL-C3208,dead-OVL-C3106,dead-OVL-C3106,42,0.724138,0.933333,0.688525
31,32,OVL-C3106,OVL-C3209,dead-OVL-C3106,c05,4,0.068966,0.095238,0.041667
31,32,OVL-C3107,OVL-C3201,c05,dead-OVL-C2902,5,0.087719,0.053763,0.034483
31,32,OVL-C3107,OVL-C3203,c05,c11,4,0.070175,0.053333,0.031250
31,32,OVL-C3107,OVL-C3204,c05,dead-OVL-C2801,4,0.070175,0.056338,0.032258
31,32,OVL-C3107,OVL-C3205,c05,dead-OVL-C2706,7,0.122807,0.100000,0.058333
31,32,OVL-C3107,OVL-C3209,c05,c05,37,0.649123,0.880952,0.596774
31,32,OVL-C3108,OVL-C3201,c03,dead-OVL-C2902,2,0.038462,0.021505,0.013986
31,32,OVL-C3108,OVL-C3202,c03,c09,1,0.019231,0.012821,0.007752
31,32,OVL-C3108,OVL-C3207,c03,c03,48,0.923077,0.923077,0.857143
31,32,OVL-C3108,OVL-C3210,c03,dead-OVL-C2909,1,0.019231,0.034483,0.012500
31,32,OVL-C3109,OVL-C3201,dead-OVL-C2902,dead-OVL-C2902,40,0.869565,0.430108,0.404040
31,32,OVL-C3109,OVL-C3202,dead-OVL-C2902,c09,1,0.021739,0.012821,0.008130
31,32,OVL-C3109,OVL-C3206,dead-OVL-C2902,dead-OVL-C3105,2,0.043478,0.032787,0.019048
31,32,OVL-C3110,OVL-C3201,dead-OVL-C2909,dead-OVL-C2902,1,0.038462,0.010753,0.008475
31,32,OVL-C3110,OVL-C3203,dead-OVL-C2909,c11,1,0.038462,0.013333,0.010000
31,32,OVL-C3110,OVL-C3210,dead-OVL-C2909,dead-OVL-C2909,24,0.923077,0.827586,0.774194
31,32,OVL-C3111,OVL-C3211,dead-OVL-C0013,dead-OVL-C0013,21,0.954545,0.875000,0.840000
31,32,OVL-C3112,OVL-C3201,dead-OVL-C2815,dead-OVL-C2902,1,0.047619,0.010753,0.008850
31,32,OVL-C3112,OVL-C3205,dead-OVL-C2815,dead-OVL-C2706,1,0.047619,0.014286,0.011111
31,32,OVL-C3112,OVL-C3206,dead-OVL-C2815,dead-OVL-C3105,1,0.047619,0.016393,0.012346
31,32,OVL-C3112,OVL-C3212,dead-OVL-C2815,dead-OVL-C2815,16,0.761905,0.800000,0.640000
31,32,OVL-C3113,OVL-C3201,dead-OVL-C3113,dead-OVL-C2902,1,0.111111,0.010753,0.009901
31,32,OVL-C3113,OVL-C3214,dead-OVL-C3113,dead-OVL-C3113,6,0.666667,1.000000,0.666667
31,32,OVL-C3114,OVL-C3201,dead-OVL-C3016,dead-OVL-C2902,4,0.571429,0.043011,0.041667
31,32,OVL-C3114,OVL-C3206,dead-OVL-C3016,dead-OVL-C3105,1,0.142857,0.016393,0.014925
31,32,OVL-C3115,OVL-C3215,dead-OVL-C2914,dead-OVL-C2914,3,0.750000,0.750000,0.600000
32,33,OVL-C3201,OVL-C3301,dead-OVL-C2902,dead-OVL-C3301,37,0.397849,0.258741,0.185930
32,33,OVL-C3201,OVL-C3302,dead-OVL-C2902,dead-OVL-C2706,9,0.096774,0.113924,0.055215
32,33,OVL-C3201,OVL-C3304,dead-OVL-C2902,dead-OVL-C3304,23,0.247312,0.383333,0.176923
32,33,OVL-C3201,OVL-C3307,dead-OVL-C2902,c11,6,0.064516,0.142857,0.046512
32,33,OVL-C3201,OVL-C3310,dead-OVL-C2902,dead-OVL-C3310,14,0.150538,0.424242,0.125000
32,33,OVL-C3202,OVL-C3301,c09,dead-OVL-C3301,4,0.051282,0.027972,0.018433
32,33,OVL-C3202,OVL-C3303,c09,c09,64,0.820513,0.853333,0.719101
32,33,OVL-C3202,OVL-C3311,c09,dead-OVL-C0013,1,0.012821,0.038462,0.009709
32,33,OVL-C3202,OVL-C3313,c09,dead-OVL-C3213,1,0.012821,0.083333,0.011236
32,33,OVL-C3203,OVL-C3301,c11,dead-OVL-C3301,28,0.373333,0.195804,0.147368
32,33,OVL-C3203,OVL-C3302,c11,dead-OVL-C2706,2,0.026667,0.025316,0.013158
32,33,OVL-C3203,OVL-C3303,c11,c09,2,0.026667,0.026667,0.013514
32,33,OVL-C3203,OVL-C3304,c11,dead-OVL-C3304,1,0.013333,0.016667,0.007463
32,33,OVL-C3203,OVL-C3306,c11,dead-OVL-C2801,1,0.013333,0.019608,0.008000
32,33,OVL-C3203,OVL-C3307,c11,c11,30,0.400000,0.714286,0.344828
32,33,OVL-C3203,OVL-C3309,c11,dead-OVL-C3309,1,0.013333,0.027027,0.009009
32,33,OVL-C3203,OVL-C3310,c11,dead-OVL-C3310,9,0.120000,0.272727,0.090909
32,33,OVL-C3204,OVL-C3301,dead-OVL-C2801,dead-OVL-C3301,2,0.028169,0.013986,0.009434
32,33,OVL-C3204,OVL-C3302,dead-OVL-C2801,dead-OVL-C2706,1,0.014085,0.012658,0.006711
32,33,OVL-C3204,OVL-C3304,dead-OVL-C2801,dead-OVL-C3304,3,0.042254,0.050000,0.023438
32,33,OVL-C3204,OVL-C3306,dead-OVL-C2801,dead-OVL-C2801,49,0.690141,0.960784,0.671233
32,33,OVL-C3204,OVL-C3307,dead-OVL-C2801,c11,1,0.014085,0.023810,0.008929
32,33,OVL-C3204,OVL-C3309,dead-OVL-C2801,dead-OVL-C3309,13,0.183099,0.351351,0.136842
32,33,OVL-C3205,OVL-C3301,dead-OVL-C2706,dead-OVL-C3301,4,0.057143,0.027972,0.019139
32,33,OVL-C3205,OVL-C3302,dead-OVL-C2706,dead-OVL-C2706,53,0.757143,0.670886,0.552083
32,33,OVL-C3205,OVL-C3304,dead-OVL-C2706,dead-OVL-C3304,2,0.028571,0.033333,0.015625
32,33,OVL-C3205,OVL-C3308,dead-OVL-C2706,c05,1,0.014286,0.023810,0.009009
32,33,OVL-C3205,OVL-C3310,dead-OVL-C2706,dead-OVL-C3310,1,0.014286,0.030303,0.009804
32,33,OVL-C3205,OVL-C3313,dead-OVL-C2706,dead-OVL-C3213,4,0.057143,0.333333,0.051282
32,33,OVL-C3206,OVL-C3301,dead-OVL-C3105,dead-OVL-C3301,31,0.508197,0.216783,0.179191
32,33,OVL-C3206,OVL-C3302,dead-OVL-C3105,dead-OVL-C2706,1,0.016393,0.012658,0.007194
32,33,OVL-C3206,OVL-C3303,dead-OVL-C3105,c09,2,0.032787,0.026667,0.014925
32,33,OVL-C3206,OVL-C3304,dead-OVL-C3105,dead-OVL-C3304,1,0.016393,0.016667,0.008333
32,33,OVL-C3206,OVL-C3309,dead-OVL-C3105,dead-OVL-C3309,18,0.295082,0.486486,0.225000
32,33,OVL-C3206,OVL-C3316,dead-OVL-C3105,dead-OVL-C3316,3,0.049180,1.000000,0.049180
32,33,OVL-C3207,OVL-C3301,c03,dead-OVL-C3301,1,0.019231,0.006993,0.005155
32,33,OVL-C3207,OVL-C3305,c03,c03,29,0.557692,0.537037,0.376623
32,33,OVL-C3207,OVL-C3309,c03,dead-OVL-C3309,1,0.019231,0.027027,0.011364
32,33,OVL-C3207,OVL-C3312,c03,dead-OVL-C3312,21,0.403846,1.000000,0.403846
32,33,OVL-C3208,OVL-C3301,dead-OVL-C3106,dead-OVL-C3301,18,0.400000,0.125874,0.105882
32,33,OVL-C3208,OVL-C3302,dead-OVL-C3106,dead-OVL-C2706,7,0.155556,0.088608,0.059829
32,33,OVL-C3208,OVL-C3303,dead-OVL-C3106,c09,2,0.044444,0.026667,0.016949
32,33,OVL-C3208,OVL-C3304,dead-OVL-C3106,dead-OVL-C3304,5,0.111111,0.083333,0.050000
32,33,OVL-C3208,OVL-C3307,dead-OVL-C3106,c11,2,0.044444,0.047619,0.023529
32,33,OVL-C3208,OVL-C3308,dead-OVL-C3106,c05,1,0.022222,0.023810,0.011628
32,33,OVL-C3208,OVL-C3310,dead-OVL-C3106,dead-OVL-C3310,5,0.111111,0.151515,0.068493
32,33,OVL-C3209,OVL-C3304,c05,dead-OVL-C3304,1,0.023810,0.016667,0.009901
32,33,OVL-C3209,OVL-C3308,c05,c05,39,0.928571,0.928571,0.866667
32,33,OVL-C3209,OVL-C3309,c05,dead-OVL-C3309,1,0.023810,0.027027,0.012821
32,33,OVL-C3210,OVL-C3301,dead-OVL-C2909,dead-OVL-C3301,4,0.137931,0.027972,0.023810
32,33,OVL-C3210,OVL-C3303,dead-OVL-C2909,c09,1,0.034483,0.013333,0.009709
32,33,OVL-C3210,OVL-C3305,dead-OVL-C2909,c03,24,0.827586,0.444444,0.406780
32,33,OVL-C3211,OVL-C3311,dead-OVL-C0013,dead-OVL-C0013,23,0.958333,0.884615,0.851852
32,33,OVL-C3212,OVL-C3301,dead-OVL-C2815,dead-OVL-C3301,1,0.050000,0.006993,0.006173
32,33,OVL-C3212,OVL-C3303,dead-OVL-C2815,c09,1,0.050000,0.013333,0.010638
32,33,OVL-C3212,OVL-C3304,dead-OVL-C2815,dead-OVL-C3304,16,0.800000,0.266667,0.250000
32,33,OVL-C3213,OVL-C3302,dead-OVL-C3213,dead-OVL-C2706,1,0.111111,0.012658,0.011494
32,33,OVL-C3213,OVL-C3309,dead-OVL-C3213,dead-OVL-C3309,1,0.111111,0.027027,0.022222
32,33,OVL-C3213,OVL-C3313,dead-OVL-C3213,dead-OVL-C3213,7,0.777778,0.583333,0.500000
32,33,OVL-C3214,OVL-C3304,dead-OVL-C3113,dead-OVL-C3304,6,1.000000,0.100000,0.100000
32,33,OVL-C3215,OVL-C3314,dead-OVL-C2914,dead-OVL-C2914,4,1.000000,1.000000,1.000000
32,33,OVL-C3216,OVL-C3315,dead-OVL-C3216,dead-OVL-C3216,3,1.000000,1.000000,1.000000
33,34,OVL-C3301,OVL-C3401,dead-OVL-C3301,dead-OVL-C3301,83,0.580420,0.761468,0.491124
33,34,OVL-C3301,OVL-C3402,dead-OVL-C3301,c09,1,0.006993,0.011905,0.004425
33,34,OVL-C3301,OVL-C3403,dead-OVL-C3301,dead-OVL-C2801,1,0.006993,0.012195,0.004464
33,34,OVL-C3301,OVL-C3405,dead-OVL-C3301,dead-OVL-C3405,32,0.223776,0.603774,0.195122
33,34,OVL-C3301,OVL-C3406,dead-OVL-C3301,dead-OVL-C3309,2,0.013986,0.042553,0.010638
33,34,OVL-C3301,OVL-C3407,dead-OVL-C3301,dead-OVL-C3304,13,0.090909,0.295455,0.074713
33,34,OVL-C3301,OVL-C3408,dead-OVL-C3301,c05,1,0.006993,0.022727,0.005376
33,34,OVL-C3301,OVL-C3409,dead-OVL-C3301,c11,2,0.013986,0.051282,0.011111
33,34,OVL-C3301,OVL-C3411,dead-OVL-C3301,dead-OVL-C3310,3,0.020979,0.107143,0.017857
33,34,OVL-C3301,OVL-C3412,dead-OVL-C3301,dead-OVL-C3412,1,0.006993,0.035714,0.005882
33,34,OVL-C3302,OVL-C3401,dead-OVL-C2706,dead-OVL-C3301,10,0.126582,0.091743,0.056180
33,34,OVL-C3302,OVL-C3402,dead-OVL-C2706,c09,6,0.075949,0.071429,0.038217
33,34,OVL-C3302,OVL-C3403,dead-OVL-C2706,dead-OVL-C2801,34,0.430380,0.414634,0.267717
33,34,OVL-C3302,OVL-C3404,dead-OVL-C2706,c03,1,0.012658,0.018182,0.007519
33,34,OVL-C3302,OVL-C3405,dead-OVL-C2706,dead-OVL-C3405,2,0.025316,0.037736,0.015385
33,34,OVL-C3302,OVL-C3412,dead-OVL-C2706,dead-OVL-C3412,23,0.291139,0.821429,0.273810
33,34,OVL-C3303,OVL-C3401,c09,dead-OVL-C3301,2,0.026667,0.018349,0.010989
33,34,OVL-C3303,OVL-C3402,c09,c09,68,0.906667,0.809524,0.747253
33,34,OVL-C3303,OVL-C3404,c09,c03,1,0.013333,0.018182,0.007752
33,34,OVL-C3303,OVL-C3407,c09,dead-OVL-C3304,2,0.026667,0.045455,0.017094
33,34,OVL-C3303,OVL-C3409,c09,c11,1,0.013333,0.025641,0.008850
33,34,OVL-C3304,OVL-C3401,dead-OVL-C3304,dead-OVL-C3301,6,0.100000,0.055046,0.036810
33,34,OVL-C3304,OVL-C3402,dead-OVL-C3304,c09,4,0.066667,0.047619,0.028571
33,34,OVL-C3304,OVL-C3404,dead-OVL-C3304,c03,2,0.033333,0.036364,0.017699
33,34,OVL-C3304,OVL-C3405,dead-OVL-C3304,dead-OVL-C3405,3,0.050000,0.056604,0.027273
33,34,OVL-C3304,OVL-C3407,dead-OVL-C3304,dead-OVL-C3304,25,0.416667,0.568182,0.316456
33,34,OVL-C3304,OVL-C3408,dead-OVL-C3304,c05,2,0.033333,0.045455,0.019608
33,34,OVL-C3304,OVL-C3410,dead-OVL-C3304,dead-OVL-C3410,1,0.016667,0.034483,0.011364
33,34,OVL-C3304,OVL-C3414,dead-OVL-C3304,dead-OVL-C3414,13,0.216667,1.000000,0.216667
33,34,OVL-C3305,OVL-C3404,c03,c03,28,0.518519,0.509091,0.345679
33,34,OVL-C3305,OVL-C3410,c03,dead-OVL-C3410,24,0.444444,0.827586,0.406780
33,34,OVL-C3306,OVL-C3403,dead-OVL-C2801,dead-OVL-C2801,45,0.882353,0.548780,0.511364
33,34,OVL-C3306,OVL-C3405,dead-OVL-C2801,dead-OVL-C3405,1,0.019608,0.018868,0.009709
33,34,OVL-C3306,OVL-C3406,dead-OVL-C2801,dead-OVL-C3309,1,0.019608,0.021277,0.010309
33,34,OVL-C3306,OVL-C3409,dead-OVL-C2801,c11,1,0.019608,0.025641,0.011236
33,34,OVL-C3307,OVL-C3401,c11,dead-OVL-C3301,3,0.071429,0.027523,0.020270
33,34,OVL-C3307,OVL-C3406,c11,dead-OVL-C3309,1,0.023810,0.021277,0.011364
33,34,OVL-C3307,OVL-C3407,c11,dead-OVL-C3304,1,0.023810,0.022727,0.011765
33,34,OVL-C3307,OVL-C3409,c11,c11,31,0.738095,0.794872,0.620000
33,34,OVL-C3307,OVL-C3410,c11,dead-OVL-C3410,2,0.047619,0.068966,0.028986
33,34,OVL-C3308,OVL-C3404,c05,c03,1,0.023810,0.018182,0.010417
33,34,OVL-C3308,OVL-C3406,c05,dead-OVL-C3309,1,0.023810,0.021277,0.011364
33,34,OVL-C3308,OVL-C3408,c05,c05,40,0.952381,0.909091,0.869565
33,34,OVL-C3309,OVL-C3406,dead-OVL-C3309,dead-OVL-C3309,33,0.891892,0.702128,0.647059
33,34,OVL-C3309,OVL-C3407,dead-OVL-C3309,dead-OVL-C3304,1,0.027027,0.022727,0.012500
33,34,OVL-C3309,OVL-C3408,dead-OVL-C3309,c05,1,0.027027,0.022727,0.012500
33,34,OVL-C3309,OVL-C3409,dead-OVL-C3309,c11,2,0.054054,0.051282,0.027027
33,34,OVL-C3310,OVL-C3405,dead-OVL-C3310,dead-OVL-C3405,8,0.242424,0.150943,0.102564
33,34,OVL-C3310,OVL-C3411,dead-OVL-C3310,dead-OVL-C3310,23,0.696970,0.821429,0.605263
33,34,OVL-C3311,OVL-C3401,dead-OVL-C0013,dead-OVL-C3301,1,0.038462,0.009174,0.007463
33,34,OVL-C3311,OVL-C3413,dead-OVL-C0013,dead-OVL-C0013,25,0.961538,0.961538,0.925926
33,34,OVL-C3312,OVL-C3404,dead-OVL-C3312,c03,20,0.952381,0.363636,0.357143
33,34,OVL-C3313,OVL-C3405,dead-OVL-C3213,dead-OVL-C3405,7,0.583333,0.132075,0.120690
33,34,OVL-C3313,OVL-C3406,dead-OVL-C3213,dead-OVL-C3309,5,0.416667,0.106383,0.092593
33,34,OVL-C3314,OVL-C3416,dead-OVL-C2914,dead-OVL-C2914,3,0.750000,1.000000,0.750000
33,34,OVL-C3315,OVL-C3415,dead-OVL-C3216,dead-OVL-C3216,3,1.000000,1.000000,1.000000
33,34,OVL-C3316,OVL-C3401,dead-OVL-C3316,dead-OVL-C3301,3,1.000000,0.027523,0.027523
34,35,OVL-C3401,OVL-C3501,dead-OVL-C3301,dead-OVL-C2801,7,0.064220,0.056452,0.030973
34,35,OVL-C3401,OVL-C3502,dead-OVL-C3301,dead-OVL-C3301,63,0.577982,0.562500,0.398734
34,35,OVL-C3401,OVL-C3503,dead-OVL-C3301,c09,1,0.009174,0.012195,0.005263
34,35,OVL-C3401,OVL-C3504,dead-OVL-C3301,dead-OVL-C3309,2,0.018349,0.025000,0.010695
34,35,OVL-C3401,OVL-C3506,dead-OVL-C3301,dead-OVL-C3405,4,0.036697,0.081633,0.025974
34,35,OVL-C3401,OVL-C3508,dead-OVL-C3301,dead-OVL-C0013,18,0.165138,0.400000,0.132353
34,35,OVL-C3401,OVL-C3509,dead-OVL-C3301,c11,1,0.009174,0.030303,0.007092
34,35,OVL-C3401,OVL-C3510,dead-OVL-C3301,dead-OVL-C3310,1,0.009174,0.031250,0.007143
34,35,OVL-C3401,OVL-C3511,dead-OVL-C3301,dead-OVL-C3414,1,0.009174,0.040000,0.007519
34,35,OVL-C3402,OVL-C3501,c09,dead-OVL-C2801,5,0.059524,0.040323,0.024631
34,35,OVL-C3402,OVL-C3502,c09,dead-OVL-C3301,1,0.011905,0.008929,0.005128
34,35,OVL-C3402,OVL-C3503,c09,c09,71,0.845238,0.865854,0.747368
34,35,OVL-C3402,OVL-C3506,c09,dead-OVL-C3405,1,0.011905,0.020408,0.007576
34,35,OVL-C3402,OVL-C3508,c09,dead-OVL-C0013,1,0.011905,0.022222,0.007812
34,35,OVL-C3402,OVL-C3510,c09,dead-OVL-C3310,1,0.011905,0.031250,0.008696
34,35,OVL-C3402,OVL-C3511,c09,dead-OVL-C3414,2,0.023810,0.080000,0.018692
34,35,OVL-C3403,OVL-C3501,dead-OVL-C2801,dead-OVL-C2801,67,0.817073,0.540323,0.482014
34,35,OVL-C3403,OVL-C3502,dead-OVL-C2801,dead-OVL-C3301,4,0.048780,0.035714,0.021053
34,35,OVL-C3403,OVL-C3503,dead-OVL-C2801,c09,1,0.012195,0.012195,0.006135
34,35,OVL-C3403,OVL-C3504,dead-OVL-C2801,dead-OVL-C3309,2,0.024390,0.025000,0.012500
34,35,OVL-C3403,OVL-C3506,dead-OVL-C2801,dead-OVL-C3405,3,0.036585,0.061224,0.023438
34,35,OVL-C3403,OVL-C3507,dead-OVL-C2801,c05,2,0.024390,0.043478,0.015873
34,35,OVL-C3404,OVL-C3501,c03,dead-OVL-C2801,1,0.018182,0.008065,0.005618
34,35,OVL-C3404,OVL-C3505,c03,c03,54,0.981818,0.915254,0.900000
34,35,OVL-C3405,OVL-C3501,dead-OVL-C3405,dead-OVL-C2801,1,0.018868,0.008065,0.005682
34,35,OVL-C3405,OVL-C3502,dead-OVL-C3405,dead-OVL-C3301,1,0.018868,0.008929,0.006098
34,35,OVL-C3405,OVL-C3504,dead-OVL-C3405,dead-OVL-C3309,2,0.037736,0.025000,0.015267
34,35,OVL-C3405,OVL-C3505,dead-OVL-C3405,c03,2,0.037736,0.033898,0.018182
34,35,OVL-C3405,OVL-C3506,dead-OVL-C3405,dead-OVL-C3405,31,0.584906,0.632653,0.436620
34,35,OVL-C3405,OVL-C3507,dead-OVL-C3405,c05,4,0.075472,0.086957,0.042105
34,35,OVL-C3405,OVL-C3510,dead-OVL-C3405,dead-OVL-C3310,10,0.188679,0.312500,0.133333
34,35,OVL-C3406,OVL-C3501,dead-OVL-C3309,dead-OVL-C2801,3,0.063830,0.024194,0.017857
34,35,OVL-C3406,OVL-C3502,dead-OVL-C3309,dead-OVL-C3301,5,0.106383,0.044643,0.032468
34,35,OVL-C3406,OVL-C3504,dead-OVL-C3309,dead-OVL-C3309,39,0.829787,0.487500,0.443182
34,35,OVL-C3407,OVL-C3501,dead-OVL-C3304,dead-OVL-C2801,1,0.022727,0.008065,0.005988
34,35,OVL-C3407,OVL-C3502,dead-OVL-C3304,dead-OVL-C3301,26,0.590909,0.232143,0.200000
34,35,OVL-C3407,OVL-C3504,dead-OVL-C3304,dead-OVL-C3309,2,0.045455,0.025000,0.016393
34,35,OVL-C3407,OVL-C3512,dead-OVL-C3304,dead-OVL-C3512,13,0.295455,0.928571,0.288889
34,35,OVL-C3408,OVL-C3502,c05,dead-OVL-C3301,4,0.090909,0.035714,0.026316
34,35,OVL-C3408,OVL-C3507,c05,c05,37,0.840909,0.804348,0.698113
34,35,OVL-C3408,OVL-C3508,c05,dead-OVL-C0013,1,0.022727,0.022222,0.011364
34,35,OVL-C3409,OVL-C3502,c11,dead-OVL-C3301,1,0.025641,0.008929,0.006667
34,35,OVL-C3409,OVL-C3504,c11,dead-OVL-C3309,5,0.128205,0.062500,0.043860
34,35,OVL-C3409,OVL-C3506,c11,dead-OVL-C3405,3,0.076923,0.061224,0.035294
34,35,OVL-C3409,OVL-C3509,c11,c11,30,0.769231,0.909091,0.714286
34,35,OVL-C3410,OVL-C3501,dead-OVL-C3410,dead-OVL-C2801,1,0.034483,0.008065,0.006579
34,35,OVL-C3410,OVL-C3504,dead-OVL-C3410,dead-OVL-C3309,25,0.862069,0.312500,0.297619
34,35,OVL-C3410,OVL-C3507,dead-OVL-C3410,c05,1,0.034483,0.021739,0.013514
34,35,OVL-C3411,OVL-C3501,dead-OVL-C3310,dead-OVL-C2801,3,0.107143,0.024194,0.020134
34,35,OVL-C3411,OVL-C3502,dead-OVL-C3310,dead-OVL-C3301,1,0.035714,0.008929,0.007194
34,35,OVL-C3411,OVL-C3510,dead-OVL-C3310,dead-OVL-C3310,19,0.678571,0.593750,0.463415
34,35,OVL-C3412,OVL-C3501,dead-OVL-C3412,dead-OVL-C2801,27,0.964286,0.217742,0.216000
34,35,OVL-C3413,OVL-C3508,dead-OVL-C0013,dead-OVL-C0013,24,0.923077,0.533333,0.510638
34,35,OVL-C3413,OVL-C3510,dead-OVL-C0013,dead-OVL-C3310,1,0.038462,0.031250,0.017544
34,35,OVL-C3414,OVL-C3511,dead-OVL-C3414,dead-OVL-C3414,13,1.000000,0.520000,0.520000
34,35,OVL-C3415,OVL-C3513,dead-OVL-C3216,dead-OVL-C3216,3,1.000000,1.000000,1.000000
34,35,OVL-C3416,OVL-C3506,dead-OVL-C2914,dead-OVL-C3405,3,1.000000,0.061224,0.061224
35,36,OVL-C3501,OVL-C3601,dead-OVL-C2801,dead-OVL-C2801,61,0.491935,0.701149,0.406667
35,36,OVL-C3501,OVL-C3602,dead-OVL-C2801,c09,2,0.016129,0.023256,0.009615
35,36,OVL-C3501,OVL-C3603,dead-OVL-C2801,dead-OVL-C3301,3,0.024194,0.036145,0.014706
35,36,OVL-C3501,OVL-C3606,dead-OVL-C2801,dead-OVL-C3606,46,0.370968,0.730159,0.326241
35,36,OVL-C3501,OVL-C3609,dead-OVL-C2801,dead-OVL-C0013,5,0.040323,0.138889,0.032258
35,36,OVL-C3501,OVL-C3610,dead-OVL-C2801,c03,1,0.008065,0.031250,0.006452
35,36,OVL-C3501,OVL-C3614,dead-OVL-C2801,dead-OVL-C3512,1,0.008065,0.058824,0.007143
35,36,OVL-C3502,OVL-C3601,dead-OVL-C3301,dead-OVL-C2801,2,0.017857,0.022989,0.010152
35,36,OVL-C3502,OVL-C3602,dead-OVL-C3301,c09,3,0.026786,0.034884,0.015385
35,36,OVL-C3502,OVL-C3603,dead-OVL-C3301,dead-OVL-C3301,63,0.562500,0.759036,0.477273
35,36,OVL-C3502,OVL-C3604,dead-OVL-C3301,dead-OVL-C3309,25,0.223214,0.324675,0.152439
35,36,OVL-C3502,OVL-C3605,dead-OVL-C3301,dead-OVL-C3405,6,0.053571,0.078947,0.032967
35,36,OVL-C3502,OVL-C3606,dead-OVL-C3301,dead-OVL-C3606,8,0.071429,0.126984,0.047904
35,36,OVL-C3502,OVL-C3611,dead-OVL-C3301,dead-OVL-C3414,1,0.008929,0.040000,0.007353
35,36,OVL-C3502,OVL-C3613,dead-OVL-C3301,dead-OVL-C3613,1,0.008929,0.045455,0.007519
35,36,OVL-C3503,OVL-C3602,c09,c09,72,0.878049,0.837209,0.750000
35,36,OVL-C3503,OVL-C3603,c09,dead-OVL-C3301,1,0.012195,0.012048,0.006098
35,36,OVL-C3503,OVL-C3605,c09,dead-OVL-C3405,1,0.012195,0.013158,0.006369
35,36,OVL-C3503,OVL-C3608,c09,c11,1,0.012195,0.026316,0.008403
35,36,OVL-C3503,OVL-C3609,c09,dead-OVL-C0013,3,0.036585,0.083333,0.026087
35,36,OVL-C3504,OVL-C3601,dead-OVL-C3309,dead-OVL-C2801,22,0.275000,0.252874,0.151724
35,36,OVL-C3504,OVL-C3602,dead-OVL-C3309,c09,2,0.025000,0.023256,0.012195
35,36,OVL-C3504,OVL-C3603,dead-OVL-C3309,dead-OVL-C3301,2,0.025000,0.024096,0.012422
35,36,OVL-C3504,OVL-C3604,dead-OVL-C3309,dead-OVL-C3309,45,0.562500,0.584416,0.401786
35,36,OVL-C3504,OVL-C3605,dead-OVL-C3309,dead-OVL-C3405,1,0.012500,0.013158,0.006452
35,36,OVL-C3504,OVL-C3606,dead-OVL-C3309,dead-OVL-C3606,1,0.012500,0.015873,0.007042
35,36,OVL-C3504,OVL-C3608,dead-OVL-C3309,c11,4,0.050000,0.105263,0.035088
35,36,OVL-C3505,OVL-C3604,c03,dead-OVL-C3309,2,0.033898,0.025974,0.014925
35,36,OVL-C3505,OVL-C3609,c03,dead-OVL-C0013,1,0.016949,0.027778,0.010638
35,36,OVL-C3505,OVL-C3610,c03,c03,31,0.525424,0.968750,0.516667
35,36,OVL-C3505,OVL-C3612,c03,dead-OVL-C3612,23,0.389831,0.958333,0.383333
35,36,OVL-C3506,OVL-C3605,dead-OVL-C3405,dead-OVL-C3405,45,0.918367,0.592105,0.562500
35,36,OVL-C3506,OVL-C3606,dead-OVL-C3405,dead-OVL-C3606,2,0.040816,0.031746,0.018182
35,36,OVL-C3506,OVL-C3608,dead-OVL-C3405,c11,1,0.020408,0.026316,0.011628
35,36,OVL-C3507,OVL-C3601,c05,dead-OVL-C2801,1,0.021739,0.011494,0.007576
35,36,OVL-C3507,OVL-C3603,c05,dead-OVL-C3301,4,0.086957,0.048193,0.032000
35,36,OVL-C3507,OVL-C3605,c05,dead-OVL-C3405,2,0.043478,0.026316,0.016667
35,36,OVL-C3507,OVL-C3607,c05,c05,38,0.826087,0.974359,0.808511
35,36,OVL-C3508,OVL-C3609,dead-OVL-C0013,dead-OVL-C0013,25,0.555556,0.694444,0.446429
35,36,OVL-C3508,OVL-C3613,dead-OVL-C0013,dead-OVL-C3613,18,0.400000,0.818182,0.367347
35,36,OVL-C3509,OVL-C3608,c11,c11,32,0.969697,0.842105,0.820513
35,36,OVL-C3510,OVL-C3603,dead-OVL-C3310,dead-OVL-C3301,6,0.187500,0.072289,0.055046
35,36,OVL-C3510,OVL-C3604,dead-OVL-C3310,dead-OVL-C3309,2,0.062500,0.025974,0.018692
35,36,OVL-C3510,OVL-C3605,dead-OVL-C3310,dead-OVL-C3405,18,0.562500,0.236842,0.200000
35,36,OVL-C3510,OVL-C3606,dead-OVL-C3310,dead-OVL-C3606,1,0.031250,0.015873,0.010638
35,36,OVL-C3510,OVL-C3609,dead-OVL-C3310,dead-OVL-C0013,1,0.031250,0.027778,0.014925
35,36,OVL-C3510,OVL-C3612,dead-OVL-C3310,dead-OVL-C3612,1,0.031250,0.041667,0.018182
35,36,OVL-C3510,OVL-C3615,dead-OVL-C3310,dead-OVL-C3615,2,0.062500,0.500000,0.058824
35,36,OVL-C3511,OVL-C3602,dead-OVL-C3414,c09,1,0.040000,0.011628,0.009091
35,36,OVL-C3511,OVL-C3611,dead-OVL-C3414,dead-OVL-C3414,24,0.960000,0.960000,0.923077
35,36,OVL-C3512,OVL-C3614,dead-OVL-C3512,dead-OVL-C3512,14,1.000000,0.823529,0.823529
35,36,OVL-C3513,OVL-C3602,dead-OVL-C3216,c09,3,1.000000,0.034884,0.034884
36,37,OVL-C3601,OVL-C3701,dead-OVL-C2801,dead-OVL-C3301,3,0.034483,0.021898,0.013575
36,37,OVL-C3601,OVL-C3702,dead-OVL-C2801,c09,2,0.022989,0.022727,0.011561
36,37,OVL-C3601,OVL-C3703,dead-OVL-C2801,dead-OVL-C2801,46,0.528736,0.638889,0.407080
36,37,OVL-C3601,OVL-C3705,dead-OVL-C2801,dead-OVL-C3606,7,0.080460,0.127273,0.051852
36,37,OVL-C3601,OVL-C3706,dead-OVL-C2801,dead-OVL-C3706,2,0.022989,0.037736,0.014493
36,37,OVL-C3601,OVL-C3707,dead-OVL-C2801,c11,5,0.057471,0.108696,0.039062
36,37,OVL-C3601,OVL-C3710,dead-OVL-C2801,c10,18,0.206897,0.562500,0.178218
36,37,OVL-C3602,OVL-C3702,c09,c09,72,0.837209,0.818182,0.705882
36,37,OVL-C3602,OVL-C3703,c09,dead-OVL-C2801,1,0.011628,0.013889,0.006369
36,37,OVL-C3602,OVL-C3706,c09,dead-OVL-C3706,4,0.046512,0.075472,0.029630
36,37,OVL-C3602,OVL-C3714,c09,dead-OVL-C3714,3,0.034884,1.000000,0.034884
36,37,OVL-C3603,OVL-C3701,dead-OVL-C3301,dead-OVL-C3301,72,0.867470,0.525547,0.486486
36,37,OVL-C3603,OVL-C3702,dead-OVL-C3301,c09,1,0.012048,0.011364,0.005882
36,37,OVL-C3603,OVL-C3706,dead-OVL-C3301,dead-OVL-C3706,2,0.024096,0.037736,0.014925
36,37,OVL-C3603,OVL-C3707,dead-OVL-C3301,c11,1,0.012048,0.021739,0.007812
36,37,OVL-C3603,OVL-C3708,dead-OVL-C3301,c05,2,0.024096,0.052632,0.016807
36,37,OVL-C3603,OVL-C3711,dead-OVL-C3301,dead-OVL-C0013,1,0.012048,0.037037,0.009174
36,37,OVL-C3604,OVL-C3701,dead-OVL-C3309,dead-OVL-C3301,4,0.051948,0.029197,0.019048
36,37,OVL-C3604,OVL-C3703,dead-OVL-C3309,dead-OVL-C2801,3,0.038961,0.041667,0.020548
36,37,OVL-C3604,OVL-C3704,dead-OVL-C3309,dead-OVL-C3309,37,0.480519,0.606557,0.366337
36,37,OVL-C3604,OVL-C3706,dead-OVL-C3309,dead-OVL-C3706,15,0.194805,0.283019,0.130435
36,37,OVL-C3604,OVL-C3709,dead-OVL-C3309,c03,1,0.012987,0.028571,0.009009
36,37,OVL-C3604,OVL-C3710,dead-OVL-C3309,c10,11,0.142857,0.343750,0.112245
36,37,OVL-C3604,OVL-C3713,dead-OVL-C3309,dead-OVL-C3512,1,0.012987,0.055556,0.010638
36,37,OVL-C3605,OVL-C3701,dead-OVL-C3405,dead-OVL-C3301,44,0.578947,0.321168,0.260355
36,37,OVL-C3605,OVL-C3702,dead-OVL-C3405,c09,2,0.026316,0.022727,0.012346
36,37,OVL-C3605,OVL-C3703,dead-OVL-C3405,dead-OVL-C2801,13,0.171053,0.180556,0.096296
36,37,OVL-C3605,OVL-C3706,dead-OVL-C3405,dead-OVL-C3706,1,0.013158,0.018868,0.007812
36,37,OVL-C3605,OVL-C3707,dead-OVL-C3405,c11,1,0.013158,0.021739,0.008264
36,37,OVL-C3605,OVL-C3708,dead-OVL-C3405,c05,1,0.013158,0.026316,0.008850
36,37,OVL-C3605,OVL-C3710,dead-OVL-C3405,c10,1,0.013158,0.031250,0.009346
36,37,OVL-C3605,OVL-C3711,dead-OVL-C3405,dead-OVL-C0013,1,0.013158,0.037037,0.009804
36,37,OVL-C3606,OVL-C3701,dead-OVL-C3606,dead-OVL-C3301,2,0.031746,0.014599,0.010101
36,37,OVL-C3606,OVL-C3702,dead-OVL-C3606,c09,1,0.015873,0.011364,0.006667
36,37,OVL-C3606,OVL-C3703,dead-OVL-C3606,dead-OVL-C2801,2,0.031746,0.027778,0.015038
36,37,OVL-C3606,OVL-C3705,dead-OVL-C3606,dead-OVL-C3606,48,0.761905,0.872727,0.685714
36,37,OVL-C3606,OVL-C3706,dead-OVL-C3606,dead-OVL-C3706,4,0.063492,0.075472,0.035714
36,37,OVL-C3607,OVL-C3701,c05,dead-OVL-C3301,1,0.025641,0.007299,0.005714
36,37,OVL-C3607,OVL-C3703,c05,dead-OVL-C2801,1,0.025641,0.013889,0.009091
36,37,OVL-C3607,OVL-C3708,c05,c05,34,0.871795,0.894737,0.790698
36,37,OVL-C3607,OVL-C3709,c05,c03,1,0.025641,0.028571,0.013699
36,37,OVL-C3608,OVL-C3701,c11,dead-OVL-C3301,1,0.026316,0.007299,0.005747
36,37,OVL-C3608,OVL-C3707,c11,c11,35,0.921053,0.760870,0.714286
36,37,OVL-C3608,OVL-C3710,c11,c10,1,0.026316,0.031250,0.014493
36,37,OVL-C3609,OVL-C3701,dead-OVL-C0013,dead-OVL-C3301,1,0.027778,0.007299,0.005814
36,37,OVL-C3609,OVL-C3702,dead-OVL-C0013,c09,5,0.138889,0.056818,0.042017
36,37,OVL-C3609,OVL-C3703,dead-OVL-C0013,dead-OVL-C2801,2,0.055556,0.027778,0.018868
36,37,OVL-C3609,OVL-C3704,dead-OVL-C0013,dead-OVL-C3309,2,0.055556,0.032787,0.021053
36,37,OVL-C3609,OVL-C3711,dead-OVL-C0013,dead-OVL-C0013,24,0.666667,0.888889,0.615385
36,37,OVL-C3610,OVL-C3701,c03,dead-OVL-C3301,2,0.062500,0.014599,0.011976
36,37,OVL-C3610,OVL-C3707,c03,c11,1,0.031250,0.021739,0.012987
36,37,OVL-C3610,OVL-C3709,c03,c03,29,0.906250,0.828571,0.763158
36,37,OVL-C3611,OVL-C3701,dead-OVL-C3414,dead-OVL-C3301,1,0.040000,0.007299,0.006211
36,37,OVL-C3611,OVL-C3702,dead-OVL-C3414,c09,1,0.040000,0.011364,0.008929
36,37,OVL-C3611,OVL-C3706,dead-OVL-C3414,dead-OVL-C3706,20,0.800000,0.377358,0.344828
36,37,OVL-C3612,OVL-C3701,dead-OVL-C3612,dead-OVL-C3301,1,0.041667,0.007299,0.006250
36,37,OVL-C3612,OVL-C3704,dead-OVL-C3612,dead-OVL-C3309,19,0.791667,0.311475,0.287879
36,37,OVL-C3612,OVL-C3706,dead-OVL-C3612,dead-OVL-C3706,1,0.041667,0.018868,0.013158
36,37,OVL-C3612,OVL-C3709,dead-OVL-C3612,c03,2,0.083333,0.057143,0.035088
36,37,OVL-C3613,OVL-C3704,dead-OVL-C3613,dead-OVL-C3309,2,0.090909,0.032787,0.024691
36,37,OVL-C3613,OVL-C3712,dead-OVL-C3613,dead-OVL-C3613,20,0.909091,1.000000,0.909091
36,37,OVL-C3614,OVL-C3703,dead-OVL-C3512,dead-OVL-C2801,1,0.058824,0.013889,0.011364
36,37,OVL-C3614,OVL-C3713,dead-OVL-C3512,dead-OVL-C3512,16,0.941176,0.888889,0.842105
36,37,OVL-C3615,OVL-C3701,dead-OVL-C3615,dead-OVL-C3301,1,0.250000,0.007299,0.007143
36,37,OVL-C3615,OVL-C3707,dead-OVL-C3615,c11,1,0.250000,0.021739,0.020408
37,38,OVL-C3701,OVL-C3801,dead-OVL-C3301,dead-OVL-C3301,58,0.423358,0.630435,0.339181
37,38,OVL-C3701,OVL-C3802,dead-OVL-C3301,c09,5,0.036496,0.066667,0.024155
37,38,OVL-C3701,OVL-C3803,dead-OVL-C3301,dead-OVL-C3309,4,0.029197,0.072727,0.021277
37,38,OVL-C3701,OVL-C3804,dead-OVL-C3301,dead-OVL-C3706,2,0.014599,0.036364,0.010526
37,38,OVL-C3701,OVL-C3805,dead-OVL-C3301,dead-OVL-C2801,6,0.043796,0.139535,0.034483
37,38,OVL-C3701,OVL-C3806,dead-OVL-C3301,c10,4,0.029197,0.095238,0.022857
37,38,OVL-C3701,OVL-C3807,dead-OVL-C3301,c05,2,0.014599,0.048780,0.011364
37,38,OVL-C3701,OVL-C3808,dead-OVL-C3301,c03,1,0.007299,0.025641,0.005714
37,38,OVL-C3701,OVL-C3809,dead-OVL-C3301,c11,1,0.007299,0.026316,0.005747
37,38,OVL-C3701,OVL-C3810,dead-OVL-C3301,dead-OVL-C3810,25,0.182482,0.806452,0.174825
37,38,OVL-C3701,OVL-C3811,dead-OVL-C3301,dead-OVL-C3811,1,0.007299,0.033333,0.006024
37,38,OVL-C3701,OVL-C3814,dead-OVL-C3301,dead-OVL-C3814,1,0.007299,0.071429,0.006667
37,38,OVL-C3701,OVL-C3815,dead-OVL-C3301,dead-OVL-C3512,4,0.029197,0.333333,0.027586
37,38,OVL-C3702,OVL-C3801,c09,dead-OVL-C3301,1,0.011364,0.010870,0.005587
37,38,OVL-C3702,OVL-C3802,c09,c09,62,0.704545,0.826667,0.613861
37,38,OVL-C3702,OVL-C3804,c09,dead-OVL-C3706,2,0.022727,0.036364,0.014184
37,38,OVL-C3702,OVL-C3805,c09,dead-OVL-C2801,1,0.011364,0.023256,0.007692
37,38,OVL-C3702,OVL-C3806,c09,c10,3,0.034091,0.071429,0.023622
37,38,OVL-C3702,OVL-C3810,c09,dead-OVL-C3810,1,0.011364,0.032258,0.008475
37,38,OVL-C3702,OVL-C3814,c09,dead-OVL-C3814,1,0.011364,0.071429,0.009901
37,38,OVL-C3702,OVL-C3816,c09,dead-OVL-C3816,4,0.045455,1.000000,0.045455
37,38,OVL-C3703,OVL-C3801,dead-OVL-C2801,dead-OVL-C3301,2,0.027778,0.021739,0.012346
37,38,OVL-C3703,OVL-C3803,dead-OVL-C2801,dead-OVL-C3309,1,0.013889,0.018182,0.007937
37,38,OVL-C3703,OVL-C3805,dead-OVL-C2801,dead-OVL-C2801,30,0.416667,0.697674,0.352941
37,38,OVL-C3703,OVL-C3806,dead-OVL-C2801,c10,8,0.111111,0.190476,0.075472
37,38,OVL-C3703,OVL-C3809,dead-OVL-C2801,c11,1,0.013889,0.026316,0.009174
37,38,OVL-C3703,OVL-C3811,dead-OVL-C2801,dead-OVL-C3811,7,0.097222,0.233333,0.073684
37,38,OVL-C3703,OVL-C3814,dead-OVL-C2801,dead-OVL-C3814,8,0.111111,0.571429,0.102564
37,38,OVL-C3703,OVL-C3818,dead-OVL-C2801,dead-OVL-C3818,3,0.041667,1.000000,0.041667
37,38,OVL-C3704,OVL-C3801,dead-OVL-C3309,dead-OVL-C3301,7,0.114754,0.076087,0.047945
37,38,OVL-C3704,OVL-C3802,dead-OVL-C3309,c09,1,0.016393,0.013333,0.007407
37,38,OVL-C3704,OVL-C3803,dead-OVL-C3309,dead-OVL-C3309,32,0.524590,0.581818,0.380952
37,38,OVL-C3704,OVL-C3804,dead-OVL-C3309,dead-OVL-C3706,3,0.049180,0.054545,0.026549
37,38,OVL-C3704,OVL-C3808,dead-OVL-C3309,c03,8,0.131148,0.205128,0.086957
37,38,OVL-C3704,OVL-C3810,dead-OVL-C3309,dead-OVL-C3810,1,0.016393,0.032258,0.010989
37,38,OVL-C3705,OVL-C3801,dead-OVL-C3606,dead-OVL-C3301,3,0.054545,0.032609,0.020833
37,38,OVL-C3705,OVL-C3802,dead-OVL-C3606,c09,4,0.072727,0.053333,0.031746
37,38,OVL-C3705,OVL-C3803,dead-OVL-C3606,dead-OVL-C3309,1,0.018182,0.018182,0.009174
37,38,OVL-C3705,OVL-C3804,dead-OVL-C3606,dead-OVL-C3706,12,0.218182,0.218182,0.122449
37,38,OVL-C3705,OVL-C3811,dead-OVL-C3606,dead-OVL-C3811,18,0.327273,0.600000,0.268657
37,38,OVL-C3705,OVL-C3814,dead-OVL-C3606,dead-OVL-C3814,2,0.036364,0.142857,0.029851
37,38,OVL-C3706,OVL-C3801,dead-OVL-C3706,dead-OVL-C3301,6,0.113208,0.065217,0.043165
37,38,OVL-C3706,OVL-C3803,dead-OVL-C3706,dead-OVL-C3309,4,0.075472,0.072727,0.038462
37,38,OVL-C3706,OVL-C3804,dead-OVL-C3706,dead-OVL-C3706,35,0.660377,0.636364,0.479452
37,38,OVL-C3706,OVL-C3807,dead-OVL-C3706,c05,1,0.018868,0.024390,0.010753
37,38,OVL-C3706,OVL-C3810,dead-OVL-C3706,dead-OVL-C3810,1,0.018868,0.032258,0.012048
37,38,OVL-C3706,OVL-C3811,dead-OVL-C3706,dead-OVL-C3811,1,0.018868,0.033333,0.012195
37,38,OVL-C3707,OVL-C3801,c11,dead-OVL-C3301,2,0.043478,0.021739,0.014706
37,38,OVL-C3707,OVL-C3805,c11,dead-OVL-C2801,5,0.108696,0.116279,0.059524
37,38,OVL-C3707,OVL-C3806,c11,c10,3,0.065217,0.071429,0.035294
37,38,OVL-C3707,OVL-C3809,c11,c11,34,0.739130,0.894737,0.680000
37,38,OVL-C3707,OVL-C3814,c11,dead-OVL-C3814,1,0.021739,0.071429,0.016949
37,38,OVL-C3708,OVL-C3807,c05,c05,36,0.947368,0.878049,0.837209
37,38,OVL-C3708,OVL-C3810,c05,dead-OVL-C3810,1,0.026316,0.032258,0.014706
37,38,OVL-C3709,OVL-C3805,c03,dead-OVL-C2801,1,0.028571,0.023256,0.012987
37,38,OVL-C3709,OVL-C3806,c03,c10,1,0.028571,0.023810,0.013158
37,38,OVL-C3709,OVL-C3808,c03,c03,30,0.857143,0.769231,0.681818
37,38,OVL-C3709,OVL-C3809,c03,c11,1,0.028571,0.026316,0.013889
37,38,OVL-C3710,OVL-C3801,c10,dead-OVL-C3301,1,0.031250,0.010870,0.008130
37,38,OVL-C3710,OVL-C3803,c10,dead-OVL-C3309,8,0.250000,0.145455,0.101266
37,38,OVL-C3710,OVL-C3806,c10,c10,23,0.718750,0.547619,0.450980
37,38,OVL-C3711,OVL-C3803,dead-OVL-C0013,dead-OVL-C3309,4,0.148148,0.072727,0.051282
37,38,OVL-C3711,OVL-C3812,dead-OVL-C0013,dead-OVL-C0013,22,0.814815,1.000000,0.814815
37,38,OVL-C3712,OVL-C3801,dead-OVL-C3613,dead-OVL-C3301,2,0.100000,0.021739,0.018182
37,38,OVL-C3712,OVL-C3803,dead-OVL-C3613,dead-OVL-C3309,1,0.050000,0.018182,0.013514
37,38,OVL-C3712,OVL-C3813,dead-OVL-C3613,dead-OVL-C3613,15,0.750000,1.000000,0.750000
37,38,OVL-C3713,OVL-C3801,dead-OVL-C3512,dead-OVL-C3301,5,0.277778,0.054348,0.047619
37,38,OVL-C3713,OVL-C3804,dead-OVL-C3512,dead-OVL-C3706,1,0.055556,0.018182,0.013889
37,38,OVL-C3713,OVL-C3809,dead-OVL-C3512,c11,1,0.055556,0.026316,0.018182
37,38,OVL-C3713,OVL-C3815,dead-OVL-C3512,dead-OVL-C3512,8,0.444444,0.666667,0.363636
37,38,OVL-C3714,OVL-C3817,dead-OVL-C3714,dead-OVL-C3714,3,1.000000,1.000000,1.000000
38,39,OVL-C3801,OVL-C3901,dead-OVL-C3301,c09,7,0.076087,0.075269,0.039326
38,39,OVL-C3801,OVL-C3902,dead-OVL-C3301,dead-OVL-C3706,18,0.195652,0.327273,0.139535
38,39,OVL-C3801,OVL-C3903,dead-OVL-C3301,dead-OVL-C3903,19,0.206522,0.380000,0.154472
38,39,OVL-C3801,OVL-C3904,dead-OVL-C3301,c05,7,0.076087,0.152174,0.053435
38,39,OVL-C3801,OVL-C3906,dead-OVL-C3301,c11,5,0.054348,0.125000,0.039370
38,39,OVL-C3801,OVL-C3907,dead-OVL-C3301,c03,2,0.021739,0.051282,0.015504
38,39,OVL-C3801,OVL-C3908,dead-OVL-C3301,dead-OVL-C3908,9,0.097826,0.243243,0.075000
38,39,OVL-C3801,OVL-C3909,dead-OVL-C3301,dead-OVL-C2801,2,0.021739,0.055556,0.015873
38,39,OVL-C3801,OVL-C3910,dead-OVL-C3301,dead-OVL-C3810,2,0.021739,0.105263,0.018349
38,39,OVL-C3802,OVL-C3901,c09,c09,56,0.746667,0.602151,0.500000
38,39,OVL-C3802,OVL-C3903,c09,dead-OVL-C3903,2,0.026667,0.040000,0.016260
38,39,OVL-C3802,OVL-C3904,c09,c05,2,0.026667,0.043478,0.016807
38,39,OVL-C3802,OVL-C3907,c09,c03,1,0.013333,0.025641,0.008850
38,39,OVL-C3802,OVL-C3914,c09,dead-OVL-C3816,1,0.013333,0.250000,0.012821
38,39,OVL-C3803,OVL-C3901,dead-OVL-C3309,c09,7,0.127273,0.075269,0.049645
38,39,OVL-C3803,OVL-C3902,dead-OVL-C3309,dead-OVL-C3706,2,0.036364,0.036364,0.018519
38,39,OVL-C3803,OVL-C3903,dead-OVL-C3309,dead-OVL-C3903,2,0.036364,0.040000,0.019417
38,39,OVL-C3803,OVL-C3907,dead-OVL-C3309,c03,4,0.072727,0.102564,0.044444
38,39,OVL-C3803,OVL-C3908,dead-OVL-C3309,dead-OVL-C3908,12,0.218182,0.324324,0.150000
38,39,OVL-C3803,OVL-C3909,dead-OVL-C3309,dead-OVL-C2801,2,0.036364,0.055556,0.022472
38,39,OVL-C3803,OVL-C3911,dead-OVL-C3309,dead-OVL-C3613,1,0.018182,0.055556,0.013889
38,39,OVL-C3803,OVL-C3915,dead-OVL-C3309,dead-OVL-C3915,3,0.054545,1.000000,0.054545
38,39,OVL-C3804,OVL-C3901,dead-OVL-C3706,c09,3,0.054545,0.032258,0.020690
38,39,OVL-C3804,OVL-C3902,dead-OVL-C3706,dead-OVL-C3706,24,0.436364,0.436364,0.279070
38,39,OVL-C3804,OVL-C3903,dead-OVL-C3706,dead-OVL-C3903,6,0.109091,0.120000,0.060606
38,39,OVL-C3804,OVL-C3905,dead-OVL-C3706,c10,1,0.018182,0.021739,0.010000
38,39,OVL-C3804,OVL-C3908,dead-OVL-C3706,dead-OVL-C3908,9,0.163636,0.243243,0.108434
38,39,OVL-C3804,OVL-C3909,dead-OVL-C3706,dead-OVL-C2801,1,0.018182,0.027778,0.011111
38,39,OVL-C3805,OVL-C3902,dead-OVL-C2801,dead-OVL-C3706,1,0.023256,0.018182,0.010309
38,39,OVL-C3805,OVL-C3903,dead-OVL-C2801,dead-OVL-C3903,1,0.023256,0.020000,0.010870
38,39,OVL-C3805,OVL-C3904,dead-OVL-C2801,c05,1,0.023256,0.021739,0.011364
38,39,OVL-C3805,OVL-C3905,dead-OVL-C2801,c10,2,0.046512,0.043478,0.022989
38,39,OVL-C3805,OVL-C3906,dead-OVL-C2801,c11,6,0.139535,0.150000,0.077922
38,39,OVL-C3805,OVL-C3909,dead-OVL-C2801,dead-OVL-C2801,26,0.604651,0.722222,0.490566
38,39,OVL-C3805,OVL-C3912,dead-OVL-C2801,dead-OVL-C3814,1,0.023256,0.066667,0.017544
38,39,OVL-C3806,OVL-C3904,c10,c05,1,0.023810,0.021739,0.011494
38,39,OVL-C3806,OVL-C3905,c10,c10,34,0.809524,0.739130,0.629630
38,39,OVL-C3806,OVL-C3906,c10,c11,3,0.071429,0.075000,0.037975
38,39,OVL-C3806,OVL-C3909,c10,dead-OVL-C2801,1,0.023810,0.027778,0.012987
38,39,OVL-C3807,OVL-C3903,c05,dead-OVL-C3903,1,0.024390,0.020000,0.011111
38,39,OVL-C3807,OVL-C3904,c05,c05,33,0.804878,0.717391,0.611111
38,39,OVL-C3807,OVL-C3906,c05,c11,1,0.024390,0.025000,0.012500
38,39,OVL-C3807,OVL-C3909,c05,dead-OVL-C2801,1,0.024390,0.027778,0.013158
38,39,OVL-C3808,OVL-C3901,c03,c09,2,0.051282,0.021505,0.015385
38,39,OVL-C3808,OVL-C3902,c03,dead-OVL-C3706,1,0.025641,0.018182,0.010753
38,39,OVL-C3808,OVL-C3903,c03,dead-OVL-C3903,1,0.025641,0.020000,0.011364
38,39,OVL-C3808,OVL-C3907,c03,c03,25,0.641026,0.641026,0.471698
38,39,OVL-C3808,OVL-C3909,c03,dead-OVL-C2801,1,0.025641,0.027778,0.013514
38,39,OVL-C3808,OVL-C3912,c03,dead-OVL-C3814,1,0.025641,0.066667,0.018868
38,39,OVL-C3809,OVL-C3901,c11,c09,1,0.026316,0.010753,0.007692
38,39,OVL-C3809,OVL-C3905,c11,c10,1,0.026316,0.021739,0.012048
38,39,OVL-C3809,OVL-C3906,c11,c11,25,0.657895,0.625000,0.471698
38,39,OVL-C3809,OVL-C3907,c11,c03,3,0.078947,0.076923,0.040541
38,39,OVL-C3809,OVL-C3908,c11,dead-OVL-C3908,1,0.026316,0.027027,0.013514
38,39,OVL-C3810,OVL-C3901,dead-OVL-C3810,c09,2,0.064516,0.021505,0.016393
38,39,OVL-C3810,OVL-C3902,dead-OVL-C3810,dead-OVL-C3706,2,0.064516,0.036364,0.023810
38,39,OVL-C3810,OVL-C3907,dead-OVL-C3810,c03,1,0.032258,0.025641,0.014493
38,39,OVL-C3810,OVL-C3910,dead-OVL-C3810,dead-OVL-C3810,17,0.548387,0.894737,0.515152
38,39,OVL-C3811,OVL-C3901,dead-OVL-C3811,c09,2,0.066667,0.021505,0.016529
38,39,OVL-C3811,OVL-C3903,dead-OVL-C3811,dead-OVL-C3903,13,0.433333,0.260000,0.194030
38,39,OVL-C3811,OVL-C3904,dead-OVL-C3811,c05,1,0.033333,0.021739,0.013333
38,39,OVL-C3811,OVL-C3905,dead-OVL-C3811,c10,4,0.133333,0.086957,0.055556
38,39,OVL-C3811,OVL-C3908,dead-OVL-C3811,dead-OVL-C3908,1,0.033333,0.027027,0.015152
38,39,OVL-C3812,OVL-C3901,dead-OVL-C0013,c09,2,0.090909,0.021505,0.017699
38,39,OVL-C3812,OVL-C3911,dead-OVL-C0013,dead-OVL-C3613,1,0.045455,0.055556,0.025641
38,39,OVL-C3812,OVL-C3913,dead-OVL-C0013,dead-OVL-C0013,9,0.409091,1.000000,0.409091
38,39,OVL-C3813,OVL-C3911,dead-OVL-C3613,dead-OVL-C3613,15,1.000000,0.833333,0.833333
38,39,OVL-C3814,OVL-C3912,dead-OVL-C3814,dead-OVL-C3814,11,0.785714,0.733333,0.611111
38,39,OVL-C3815,OVL-C3902,dead-OVL-C3512,dead-OVL-C3706,4,0.333333,0.072727,0.063492
38,39,OVL-C3815,OVL-C3903,dead-OVL-C3512,dead-OVL-C3903,1,0.083333,0.020000,0.016393
38,39,OVL-C3815,OVL-C3905,dead-OVL-C3512,c10,3,0.250000,0.065217,0.054545
38,39,OVL-C3815,OVL-C3908,dead-OVL-C3512,dead-OVL-C3908,3,0.250000,0.081081,0.065217
38,39,OVL-C3816,OVL-C3914,dead-OVL-C3816,dead-OVL-C3816,3,0.750000,0.750000,0.600000
38,39,OVL-C3817,OVL-C3901,dead-OVL-C3714,c09,2,0.666667,0.021505,0.021277
39,40,OVL-C3901,OVL-C4001,c09,dead-OVL-C4001,6,0.064516,0.050420,0.029126
39,40,OVL-C3901,OVL-C4003,c09,c09,57,0.612903,0.850746,0.553398
39,40,OVL-C3901,OVL-C4004,c09,c03,2,0.021505,0.031746,0.012987
39,40,OVL-C3901,OVL-C4006,c09,c12,12,0.129032,0.244898,0.092308
39,40,OVL-C3901,OVL-C4007,c09,c13,3,0.032258,0.061224,0.021583
39,40,OVL-C3901,OVL-C4009,c09,c02,4,0.043011,0.097561,0.030769
39,40,OVL-C3901,OVL-C4011,c09,c14,1,0.010753,0.037037,0.008403
39,40,OVL-C3901,OVL-C4012,c09,dead-OVL-C4012,3,0.032258,0.150000,0.027273
39,40,OVL-C3901,OVL-C4013,c09,dead-OVL-C3814,1,0.010753,0.050000,0.008929
39,40,OVL-C3901,OVL-C4015,c09,dead-OVL-C4015,1,0.010753,0.100000,0.009804
39,40,OVL-C3902,OVL-C4001,dead-OVL-C3706,dead-OVL-C4001,19,0.345455,0.159664,0.122581
39,40,OVL-C3902,OVL-C4005,dead-OVL-C3706,c01,2,0.036364,0.033898,0.017857
39,40,OVL-C3902,OVL-C4006,dead-OVL-C3706,c12,2,0.036364,0.040816,0.019608
39,40,OVL-C3902,OVL-C4009,dead-OVL-C3706,c02,8,0.145455,0.195122,0.090909
39,40,OVL-C3902,OVL-C4011,dead-OVL-C3706,c14,19,0.345455,0.703704,0.301587
39,40,OVL-C3902,OVL-C4012,dead-OVL-C3706,dead-OVL-C4012,1,0.018182,0.050000,0.013514
39,40,OVL-C3902,OVL-C4014,dead-OVL-C3706,dead-OVL-C4014,4,0.072727,0.285714,0.061538
39,40,OVL-C3903,OVL-C4001,dead-OVL-C3903,dead-OVL-C4001,11,0.220000,0.092437,0.069620
39,40,OVL-C3903,OVL-C4004,dead-OVL-C3903,c03,1,0.020000,0.015873,0.008929
39,40,OVL-C3903,OVL-C4005,dead-OVL-C3903,c01,20,0.400000,0.338983,0.224719
39,40,OVL-C3903,OVL-C4006,dead-OVL-C3903,c12,2,0.040000,0.040816,0.020619
39,40,OVL-C3903,OVL-C4008,dead-OVL-C3903,c05,1,0.020000,0.023810,0.010989
39,40,OVL-C3903,OVL-C4010,dead-OVL-C3903,c11,1,0.020000,0.026316,0.011494
39,40,OVL-C3903,OVL-C4012,dead-OVL-C3903,dead-OVL-C4012,6,0.120000,0.300000,0.093750
39,40,OVL-C3903,OVL-C4013,dead-OVL-C3903,dead-OVL-C3814,1,0.020000,0.050000,0.014493
39,40,OVL-C3903,OVL-C4014,dead-OVL-C3903,dead-OVL-C4014,2,0.040000,0.142857,0.032258
39,40,OVL-C3903,OVL-C4015,dead-OVL-C3903,dead-OVL-C4015,3,0.060000,0.300000,0.052632
39,40,OVL-C3904,OVL-C4001,c05,dead-OVL-C4001,2,0.043478,0.016807,0.012270
39,40,OVL-C3904,OVL-C4003,c05,c09,3,0.065217,0.044776,0.027273
39,40,OVL-C3904,OVL-C4004,c05,c03,1,0.021739,0.015873,0.009259
39,40,OVL-C3904,OVL-C4006,c05,c12,1,0.021739,0.020408,0.010638
39,40,OVL-C3904,OVL-C4008,c05,c05,34,0.739130,0.809524,0.629630
39,40,OVL-C3904,OVL-C4012,c05,dead-OVL-C4012,1,0.021739,0.050000,0.015385
39,40,OVL-C3904,OVL-C4014,c05,dead-OVL-C4014,1,0.021739,0.071429,0.016949
39,40,OVL-C3904,OVL-C4015,c05,dead-OVL-C4015,1,0.021739,0.100000,0.018182
39,40,OVL-C3905,OVL-C4001,c10,dead-OVL-C4001,2,0.043478,0.016807,0.012270
39,40,OVL-C3905,OVL-C4002,c10,c10,38,0.826087,0.436782,0.400000
39,40,OVL-C3905,OVL-C4008,c10,c05,1,0.021739,0.023810,0.011494
39,40,OVL-C3905,OVL-C4010,c10,c11,2,0.043478,0.052632,0.024390
39,40,OVL-C3905,OVL-C4013,c10,dead-OVL-C3814,3,0.065217,0.150000,0.047619
39,40,OVL-C3906,OVL-C4001,c11,dead-OVL-C4001,9,0.225000,0.075630,0.060000
39,40,OVL-C3906,OVL-C4002,c11,c10,1,0.025000,0.011494,0.007937
39,40,OVL-C3906,OVL-C4004,c11,c03,2,0.050000,0.031746,0.019802
39,40,OVL-C3906,OVL-C4008,c11,c05,1,0.025000,0.023810,0.012346
39,40,OVL-C3906,OVL-C4010,c11,c11,26,0.650000,0.684211,0.500000
39,40,OVL-C3907,OVL-C4001,c03,dead-OVL-C4001,3,0.076923,0.025210,0.019355
39,40,OVL-C3907,OVL-C4004,c03,c03,33,0.846154,0.523810,0.478261
39,40,OVL-C3907,OVL-C4006,c03,c12,2,0.051282,0.040816,0.023256
39,40,OVL-C3907,OVL-C4015,c03,dead-OVL-C4015,1,0.025641,0.100000,0.020833
39,40,OVL-C3908,OVL-C4001,dead-OVL-C3908,dead-OVL-C4001,20,0.540541,0.168067,0.147059
39,40,OVL-C3908,OVL-C4004,dead-OVL-C3908,c03,1,0.027027,0.015873,0.010101
39,40,OVL-C3908,OVL-C4006,dead-OVL-C3908,c12,7,0.189189,0.142857,0.088608
39,40,OVL-C3908,OVL-C4007,dead-OVL-C3908,c13,2,0.054054,0.040816,0.023810
39,40,OVL-C3908,OVL-C4009,dead-OVL-C3908,c02,1,0.027027,0.024390,0.012987
39,40,OVL-C3908,OVL-C4012,dead-OVL-C3908,dead-OVL-C4012,3,0.081081,0.150000,0.055556
39,40,OVL-C3908,OVL-C4014,dead-OVL-C3908,dead-OVL-C4014,2,0.054054,0.142857,0.040816
39,40,OVL-C3908,OVL-C4015,dead-OVL-C3908,dead-OVL-C4015,1,0.027027,0.100000,0.021739
39,40,OVL-C3909,OVL-C4001,dead-OVL-C2801,dead-OVL-C4001,1,0.027778,0.008403,0.006494
39,40,OVL-C3909,OVL-C4002,dead-OVL-C2801,c10,27,0.750000,0.310345,0.281250
39,40,OVL-C3909,OVL-C4004,dead-OVL-C2801,c03,3,0.083333,0.047619,0.031250
39,40,OVL-C3909,OVL-C4006,dead-OVL-C2801,c12,2,0.055556,0.040816,0.024096
39,40,OVL-C3909,OVL-C4007,dead-OVL-C2801,c13,1,0.027778,0.020408,0.011905
39,40,OVL-C3909,OVL-C4008,dead-OVL-C2801,c05,2,0.055556,0.047619,0.026316
39,40,OVL-C3910,OVL-C4001,dead-OVL-C3810,dead-OVL-C4001,3,0.157895,0.025210,0.022222
39,40,OVL-C3910,OVL-C4005,dead-OVL-C3810,c01,1,0.052632,0.016949,0.012987
39,40,OVL-C3910,OVL-C4009,dead-OVL-C3810,c02,13,0.684211,0.317073,0.276596
39,40,OVL-C3911,OVL-C4007,dead-OVL-C3613,c13,18,1.000000,0.367347,0.367347
39,40,OVL-C3912,OVL-C4001,dead-OVL-C3814,dead-OVL-C4001,1,0.066667,0.008403,0.007519
39,40,OVL-C3912,OVL-C4002,dead-OVL-C3814,c10,2,0.133333,0.022989,0.020000
39,40,OVL-C3912,OVL-C4004,dead-OVL-C3814,c03,2,0.133333,0.031746,0.026316
39,40,OVL-C3912,OVL-C4005,dead-OVL-C3814,c01,2,0.133333,0.033898,0.027778
39,40,OVL-C3912,OVL-C4013,dead-OVL-C3814,dead-OVL-C3814,8,0.533333,0.400000,0.296296
39,40,OVL-C3913,OVL-C4007,dead-OVL-C0013,c13,9,1.000000,0.183673,0.183673
39,40,OVL-C3914,OVL-C4011,dead-OVL-C3816,c14,4,1.000000,0.148148,0.148148
39,40,OVL-C3915,OVL-C4007,dead-OVL-C3915,c13,3,1.000000,0.061224,0.061224
40,41,OVL-C4001,OVL-C4101,dead-OVL-C4001,c10,1,0.008403,0.012987,0.005128
40,41,OVL-C4001,OVL-C4102,dead-OVL-C4001,c09,1,0.008403,0.013514,0.005208
40,41,OVL-C4001,OVL-C4103,dead-OVL-C4001,c01,5,0.042017,0.079365,0.028249
40,41,OVL-C4001,OVL-C4105,dead-OVL-C4001,dead-OVL-C4001,49,0.411765,0.803279,0.374046
40,41,OVL-C4001,OVL-C4106,dead-OVL-C4001,c02,2,0.016807,0.037736,0.011765
40,41,OVL-C4001,OVL-C4107,dead-OVL-C4001,c13,1,0.008403,0.019608,0.005917
40,41,OVL-C4001,OVL-C4108,dead-OVL-C4001,c12,2,0.016807,0.040816,0.012048
40,41,OVL-C4001,OVL-C4109,dead-OVL-C4001,dead-OVL-C4109,5,0.042017,0.106383,0.031056
40,41,OVL-C4001,OVL-C4112,dead-OVL-C4001,dead-OVL-C4112,26,0.218487,0.742857,0.203125
40,41,OVL-C4001,OVL-C4113,dead-OVL-C4001,dead-OVL-C4113,22,0.184874,0.814815,0.177419
40,41,OVL-C4001,OVL-C4115,dead-OVL-C4001,dead-OVL-C4012,2,0.016807,0.105263,0.014706
40,41,OVL-C4002,OVL-C4101,c10,c10,50,0.574713,0.649351,0.438596
40,41,OVL-C4002,OVL-C4104,c10,c03,1,0.011494,0.016393,0.006803
40,41,OVL-C4002,OVL-C4105,c10,dead-OVL-C4001,1,0.011494,0.016393,0.006803
40,41,OVL-C4002,OVL-C4109,c10,dead-OVL-C4109,29,0.333333,0.617021,0.276190
40,41,OVL-C4002,OVL-C4110,c10,c05,2,0.022989,0.047619,0.015748
40,41,OVL-C4002,OVL-C4111,c10,c11,1,0.011494,0.027778,0.008197
40,41,OVL-C4002,OVL-C4112,c10,dead-OVL-C4112,1,0.011494,0.028571,0.008264
40,41,OVL-C4003,OVL-C4102,c09,c09,58,0.865672,0.783784,0.698795
40,41,OVL-C4003,OVL-C4107,c09,c13,1,0.014925,0.019608,0.008547
40,41,OVL-C4003,OVL-C4108,c09,c12,4,0.059701,0.081633,0.035714
40,41,OVL-C4003,OVL-C4115,c09,dead-OVL-C4012,1,0.014925,0.052632,0.011765
40,41,OVL-C4004,OVL-C4104,c03,c03,59,0.936508,0.967213,0.907692
40,41,OVL-C4004,OVL-C4108,c03,c12,3,0.047619,0.061224,0.027523
40,41,OVL-C4004,OVL-C4112,c03,dead-OVL-C4112,1,0.015873,0.028571,0.010309
40,41,OVL-C4005,OVL-C4101,c01,c10,1,0.016949,0.012987,0.007407
40,41,OVL-C4005,OVL-C4102,c01,c09,2,0.033898,0.027027,0.015267
40,41,OVL-C4005,OVL-C4103,c01,c01,55,0.932203,0.873016,0.820896
40,41,OVL-C4005,OVL-C4110,c01,c05,1,0.016949,0.023810,0.010000
40,41,OVL-C4006,OVL-C4108,c12,c12,40,0.816327,0.816327,0.689655
40,41,OVL-C4006,OVL-C4109,c12,dead-OVL-C4109,8,0.163265,0.170213,0.090909
40,41,OVL-C4006,OVL-C4113,c12,dead-OVL-C4113,1,0.020408,0.037037,0.013333
40,41,OVL-C4007,OVL-C4107,c13,c13,47,0.959184,0.921569,0.886792
40,41,OVL-C4007,OVL-C4112,c13,dead-OVL-C4112,1,0.020408,0.028571,0.012048
40,41,OVL-C4008,OVL-C4101,c05,c10,1,0.023810,0.012987,0.008475
40,41,OVL-C4008,OVL-C4109,c05,dead-OVL-C4109,1,0.023810,0.021277,0.011364
40,41,OVL-C4008,OVL-C4110,c05,c05,39,0.928571,0.928571,0.866667
40,41,OVL-C4009,OVL-C4106,c02,c02,40,0.975610,0.754717,0.740741
40,41,OVL-C4009,OVL-C4113,c02,dead-OVL-C4113,1,0.024390,0.037037,0.014925
40,41,OVL-C4010,OVL-C4101,c11,c10,3,0.078947,0.038961,0.026786
40,41,OVL-C4010,OVL-C4106,c11,c02,1,0.026316,0.018868,0.011111
40,41,OVL-C4010,OVL-C4111,c11,c11,33,0.868421,0.916667,0.804878
40,41,OVL-C4011,OVL-C4102,c14,c09,5,0.185185,0.067568,0.052083
40,41,OVL-C4011,OVL-C4105,c14,dead-OVL-C4001,1,0.037037,0.016393,0.011494
40,41,OVL-C4011,OVL-C4114,c14,c14,21,0.777778,1.000000,0.777778
40,41,OVL-C4012,OVL-C4105,dead-OVL-C4012,dead-OVL-C4001,2,0.100000,0.032787,0.025316
40,41,OVL-C4012,OVL-C4112,dead-OVL-C4012,dead-OVL-C4112,2,0.100000,0.057143,0.037736
40,41,OVL-C4012,OVL-C4113,dead-OVL-C4012,dead-OVL-C4113,1,0.050000,0.037037,0.021739
40,41,OVL-C4012,OVL-C4115,dead-OVL-C4012,dead-OVL-C4012,14,0.700000,0.736842,0.560000
40,41,OVL-C4013,OVL-C4101,dead-OVL-C3814,c10,16,0.800000,0.207792,0.197531
40,41,OVL-C4013,OVL-C4105,dead-OVL-C3814,dead-OVL-C4001,1,0.050000,0.016393,0.012500
40,41,OVL-C4013,OVL-C4106,dead-OVL-C3814,c02,1,0.050000,0.018868,0.013889
40,41,OVL-C4013,OVL-C4112,dead-OVL-C3814,dead-OVL-C4112,2,0.100000,0.057143,0.037736
40,41,OVL-C4014,OVL-C4104,dead-OVL-C4014,c03,1,0.071429,0.016393,0.013514
40,41,OVL-C4014,OVL-C4116,dead-OVL-C4014,dead-OVL-C4014,13,0.928571,1.000000,0.928571
40,41,OVL-C4015,OVL-C4101,dead-OVL-C4015,c10,2,0.200000,0.025974,0.023529
40,41,OVL-C4015,OVL-C4105,dead-OVL-C4015,dead-OVL-C4001,6,0.600000,0.098361,0.092308
40,41,OVL-C4015,OVL-C4109,dead-OVL-C4015,dead-OVL-C4109,2,0.200000,0.042553,0.036364
41,42,OVL-C4101,OVL-C4201,c10,c01,17,0.220779,0.125926,0.087179
41,42,OVL-C4101,OVL-C4203,c10,c10,46,0.597403,0.575000,0.414414
41,42,OVL-C4102,OVL-C4201,c09,c01,2,0.027027,0.014815,0.009662
41,42,OVL-C4102,OVL-C4202,c09,c09,71,0.959459,0.682692,0.663551
41,42,OVL-C4103,OVL-C4201,c01,c01,55,0.873016,0.407407,0.384615
41,42,OVL-C4103,OVL-C4202,c01,c09,4,0.063492,0.038462,0.024540
41,42,OVL-C4103,OVL-C4205,c01,dead-OVL-C4001,1,0.015873,0.016667,0.008197
41,42,OVL-C4104,OVL-C4201,c03,c01,1,0.016393,0.007407,0.005128
41,42,OVL-C4104,OVL-C4205,c03,dead-OVL-C4001,1,0.016393,0.016667,0.008333
41,42,OVL-C4104,OVL-C4208,c03,c03,30,0.491803,0.731707,0.416667
41,42,OVL-C4104,OVL-C4210,c03,c12,2,0.032787,0.068966,0.022727
41,42,OVL-C4104,OVL-C4211,c03,dead-OVL-C4211,23,0.377049,0.884615,0.359375
41,42,OVL-C4104,OVL-C4213,c03,dead-OVL-C4014,1,0.016393,0.076923,0.013699
41,42,OVL-C4105,OVL-C4201,dead-OVL-C4001,c01,6,0.098361,0.044444,0.031579
41,42,OVL-C4105,OVL-C4202,dead-OVL-C4001,c09,4,0.065574,0.038462,0.024845
41,42,OVL-C4105,OVL-C4203,dead-OVL-C4001,c10,1,0.016393,0.012500,0.007143
41,42,OVL-C4105,OVL-C4204,dead-OVL-C4001,c02,3,0.049180,0.038462,0.022059
41,42,OVL-C4105,OVL-C4205,dead-OVL-C4001,dead-OVL-C4001,33,0.540984,0.550000,0.375000
41,42,OVL-C4105,OVL-C4206,dead-OVL-C4001,c05,3,0.049180,0.060000,0.027778
41,42,OVL-C4105,OVL-C4207,dead-OVL-C4001,c13,2,0.032787,0.042553,0.018868
41,42,OVL-C4105,OVL-C4208,dead-OVL-C4001,c03,3,0.049180,0.073171,0.030303
41,42,OVL-C4105,OVL-C4209,dead-OVL-C4001,c11,1,0.016393,0.027778,0.010417
41,42,OVL-C4106,OVL-C4202,c02,c09,4,0.075472,0.038462,0.026144
41,42,OVL-C4106,OVL-C4204,c02,c02,38,0.716981,0.487179,0.408602
41,42,OVL-C4106,OVL-C4205,c02,dead-OVL-C4001,1,0.018868,0.016667,0.008929
41,42,OVL-C4106,OVL-C4206,c02,c05,4,0.075472,0.080000,0.040404
41,42,OVL-C4106,OVL-C4208,c02,c03,1,0.018868,0.024390,0.010753
41,42,OVL-C4107,OVL-C4201,c13,c01,1,0.019608,0.007407,0.005405
41,42,OVL-C4107,OVL-C4202,c13,c09,2,0.039216,0.019231,0.013072
41,42,OVL-C4107,OVL-C4204,c13,c02,1,0.019608,0.012821,0.007812
41,42,OVL-C4107,OVL-C4205,c13,dead-OVL-C4001,2,0.039216,0.033333,0.018349
41,42,OVL-C4107,OVL-C4207,c13,c13,42,0.823529,0.893617,0.750000
41,42,OVL-C4107,OVL-C4208,c13,c03,1,0.019608,0.024390,0.010989
41,42,OVL-C4108,OVL-C4202,c12,c09,3,0.061224,0.028846,0.020000
41,42,OVL-C4108,OVL-C4204,c12,c02,1,0.020408,0.012821,0.007937
41,42,OVL-C4108,OVL-C4205,c12,dead-OVL-C4001,7,0.142857,0.116667,0.068627
41,42,OVL-C4108,OVL-C4208,c12,c03,2,0.040816,0.048780,0.022727
41,42,OVL-C4108,OVL-C4209,c12,c11,1,0.020408,0.027778,0.011905
41,42,OVL-C4108,OVL-C4210,c12,c12,25,0.510204,0.862069,0.471698
41,42,OVL-C4109,OVL-C4201,dead-OVL-C4109,c01,4,0.085106,0.029630,0.022472
41,42,OVL-C4109,OVL-C4202,dead-OVL-C4109,c09,3,0.063830,0.028846,0.020270
41,42,OVL-C4109,OVL-C4203,dead-OVL-C4109,c10,28,0.595745,0.350000,0.282828
41,42,OVL-C4109,OVL-C4204,dead-OVL-C4109,c02,1,0.021277,0.012821,0.008065
41,42,OVL-C4109,OVL-C4205,dead-OVL-C4109,dead-OVL-C4001,7,0.148936,0.116667,0.070000
41,42,OVL-C4109,OVL-C4206,dead-OVL-C4109,c05,1,0.021277,0.020000,0.010417
41,42,OVL-C4109,OVL-C4208,dead-OVL-C4109,c03,1,0.021277,0.024390,0.011494
41,42,OVL-C4110,OVL-C4203,c05,c10,1,0.023810,0.012500,0.008264
41,42,OVL-C4110,OVL-C4205,c05,dead-OVL-C4001,2,0.047619,0.033333,0.020000
41,42,OVL-C4110,OVL-C4206,c05,c05,37,0.880952,0.740000,0.672727
41,42,OVL-C4111,OVL-C4201,c11,c01,3,0.083333,0.022222,0.017857
41,42,OVL-C4111,OVL-C4209,c11,c11,30,0.833333,0.833333,0.714286
41,42,OVL-C4112,OVL-C4201,dead-OVL-C4112,c01,31,0.885714,0.229630,0.223022
41,42,OVL-C4112,OVL-C4205,dead-OVL-C4112,dead-OVL-C4001,1,0.028571,0.016667,0.010638
41,42,OVL-C4112,OVL-C4207,dead-OVL-C4112,c13,1,0.028571,0.021277,0.012346
41,42,OVL-C4113,OVL-C4201,dead-OVL-C4113,c01,2,0.074074,0.014815,0.012500
41,42,OVL-C4113,OVL-C4202,dead-OVL-C4113,c09,1,0.037037,0.009615,0.007692
41,42,OVL-C4113,OVL-C4203,dead-OVL-C4113,c10,1,0.037037,0.012500,0.009434
41,42,OVL-C4113,OVL-C4204,dead-OVL-C4113,c02,17,0.629630,0.217949,0.193182
41,42,OVL-C4113,OVL-C4206,dead-OVL-C4113,c05,3,0.111111,0.060000,0.040541
41,42,OVL-C4114,OVL-C4212,c14,c14,20,0.952381,0.952381,0.909091
41,42,OVL-C4115,OVL-C4202,dead-OVL-C4012,c09,2,0.105263,0.019231,0.016529
41,42,OVL-C4115,OVL-C4204,dead-OVL-C4012,c02,12,0.631579,0.153846,0.141176
41,42,OVL-C4115,OVL-C4205,dead-OVL-C4012,dead-OVL-C4001,2,0.105263,0.033333,0.025974
41,42,OVL-C4115,OVL-C4209,dead-OVL-C4012,c11,2,0.105263,0.055556,0.037736
41,42,OVL-C4115,OVL-C4211,dead-OVL-C4012,dead-OVL-C4211,1,0.052632,0.038462,0.022727
41,42,OVL-C4116,OVL-C4213,dead-OVL-C4014,dead-OVL-C4014,12,0.923077,0.923077,0.857143
42,43,OVL-C4201,OVL-C4301,c01,c01,109,0.807407,0.915966,0.751724
42,43,OVL-C4201,OVL-C4302,c01,c09,1,0.007407,0.011236,0.004484
42,43,OVL-C4201,OVL-C4303,c01,dead-OVL-C4001,13,0.096296,0.151163,0.062500
42,43,OVL-C4201,OVL-C4305,c01,c03,1,0.007407,0.015625,0.005051
42,43,OVL-C4201,OVL-C4306,c01,c06,3,0.022222,0.055556,0.016129
42,43,OVL-C4201,OVL-C4307,c01,c05,1,0.007407,0.018519,0.005319
42,43,OVL-C4201,OVL-C4308,c01,c13,1,0.007407,0.022222,0.005587
42,43,OVL-C4201,OVL-C4309,c01,c10,5,0.037037,0.113636,0.028736
42,43,OVL-C4202,OVL-C4301,c09,c01,4,0.038462,0.033613,0.018265
42,43,OVL-C4202,OVL-C4302,c09,c09,80,0.769231,0.898876,0.707965
42,43,OVL-C4202,OVL-C4303,c09,dead-OVL-C4001,6,0.057692,0.069767,0.032609
42,43,OVL-C4202,OVL-C4307,c09,c05,3,0.028846,0.055556,0.019355
42,43,OVL-C4202,OVL-C4310,c09,c11,1,0.009615,0.028571,0.007246
42,43,OVL-C4202,OVL-C4312,c09,c14,1,0.009615,0.038462,0.007752
42,43,OVL-C4203,OVL-C4301,c10,c01,2,0.025000,0.016807,0.010152
42,43,OVL-C4203,OVL-C4306,c10,c06,34,0.425000,0.629630,0.340000
42,43,OVL-C4203,OVL-C4307,c10,c05,2,0.025000,0.037037,0.015152
42,43,OVL-C4203,OVL-C4309,c10,c10,36,0.450000,0.818182,0.409091
42,43,OVL-C4203,OVL-C4313,c10,dead-OVL-C4313,4,0.050000,1.000000,0.050000
42,43,OVL-C4204,OVL-C4303,c02,dead-OVL-C4001,3,0.038462,0.034884,0.018634
42,43,OVL-C4204,OVL-C4304,c02,c02,66,0.846154,0.857143,0.741573
42,43,OVL-C4204,OVL-C4307,c02,c05,1,0.012821,0.018519,0.007634
42,43,OVL-C4204,OVL-C4309,c02,c10,1,0.012821,0.022727,0.008264
42,43,OVL-C4204,OVL-C4312,c02,c14,1,0.012821,0.038462,0.009709
42,43,OVL-C4205,OVL-C4301,dead-OVL-C4001,c01,2,0.033333,0.016807,0.011299
42,43,OVL-C4205,OVL-C4303,dead-OVL-C4001,dead-OVL-C4001,39,0.650000,0.453488,0.364486
42,43,OVL-C4205,OVL-C4304,dead-OVL-C4001,c02,3,0.050000,0.038961,0.022388
42,43,OVL-C4205,OVL-C4306,dead-OVL-C4001,c06,13,0.216667,0.240741,0.128713
42,43,OVL-C4205,OVL-C4307,dead-OVL-C4001,c05,1,0.016667,0.018519,0.008850
42,43,OVL-C4205,OVL-C4312,dead-OVL-C4001,c14,1,0.016667,0.038462,0.011765
42,43,OVL-C4206,OVL-C4303,c05,dead-OVL-C4001,4,0.080000,0.046512,0.030303
42,43,OVL-C4206,OVL-C4304,c05,c02,3,0.060000,0.038961,0.024194
42,43,OVL-C4206,OVL-C4307,c05,c05,41,0.820000,0.759259,0.650794
42,43,OVL-C4206,OVL-C4309,c05,c10,1,0.020000,0.022727,0.010753
42,43,OVL-C4207,OVL-C4302,c13,c09,1,0.021277,0.011236,0.007407
42,43,OVL-C4207,OVL-C4304,c13,c02,2,0.042553,0.025974,0.016393
42,43,OVL-C4207,OVL-C4308,c13,c13,44,0.936170,0.977778,0.916667
42,43,OVL-C4208,OVL-C4302,c03,c09,2,0.048780,0.022472,0.015625
42,43,OVL-C4208,OVL-C4305,c03,c03,36,0.878049,0.562500,0.521739
42,43,OVL-C4208,OVL-C4306,c03,c06,1,0.024390,0.018519,0.010638
42,43,OVL-C4208,OVL-C4311,c03,c12,1,0.024390,0.032258,0.014085
42,43,OVL-C4208,OVL-C4312,c03,c14,1,0.024390,0.038462,0.015152
42,43,OVL-C4209,OVL-C4303,c11,dead-OVL-C4001,1,0.027778,0.011628,0.008264
42,43,OVL-C4209,OVL-C4310,c11,c11,34,0.944444,0.971429,0.918919
42,43,OVL-C4210,OVL-C4303,c12,dead-OVL-C4001,1,0.034483,0.011628,0.008772
42,43,OVL-C4210,OVL-C4311,c12,c12,28,0.965517,0.903226,0.875000
42,43,OVL-C4211,OVL-C4304,dead-OVL-C4211,c02,1,0.038462,0.012987,0.009804
42,43,OVL-C4211,OVL-C4305,dead-OVL-C4211,c03,25,0.961538,0.390625,0.384615
42,43,OVL-C4212,OVL-C4312,c14,c14,21,1.000000,0.807692,0.807692
42,43,OVL-C4213,OVL-C4303,dead-OVL-C4014,dead-OVL-C4001,12,0.923077,0.139535,0.137931
42,43,OVL-C4213,OVL-C4305,dead-OVL-C4014,c03,1,0.076923,0.015625,0.013158
43,44,OVL-C4301,OVL-C4401,c01,dead-OVL-C4001,10,0.084034,0.116279,0.051282
43,44,OVL-C4301,OVL-C4403,c01,c01,59,0.495798,0.842857,0.453846
43,44,OVL-C4301,OVL-C4405,c01,c05,1,0.008403,0.016667,0.005618
43,44,OVL-C4301,OVL-C4407,c01,c06,2,0.016807,0.037736,0.011765
43,44,OVL-C4301,OVL-C4408,c01,c10,1,0.008403,0.024390,0.006289
43,44,OVL-C4301,OVL-C4409,c01,dead-OVL-C4409,30,0.252101,0.789474,0.236220
43,44,OVL-C4301,OVL-C4412,c01,c13,1,0.008403,0.034483,0.006803
43,44,OVL-C4301,OVL-C4416,c01,dead-OVL-C4416,3,0.025210,0.300000,0.023810
43,44,OVL-C4302,OVL-C4402,c09,c09,64,0.719101,0.831169,0.627451
43,44,OVL-C4302,OVL-C4403,c09,c01,1,0.011236,0.014286,0.006329
43,44,OVL-C4302,OVL-C4404,c09,c03,2,0.022472,0.030769,0.013158
43,44,OVL-C4302,OVL-C4406,c09,c02,1,0.011236,0.016949,0.006803
43,44,OVL-C4302,OVL-C4412,c09,c13,2,0.022472,0.068966,0.017241
43,44,OVL-C4302,OVL-C4415,c09,dead-OVL-C4415,9,0.101124,0.473684,0.090909
43,44,OVL-C4303,OVL-C4401,dead-OVL-C4001,dead-OVL-C4001,52,0.604651,0.604651,0.433333
43,44,OVL-C4303,OVL-C4403,dead-OVL-C4001,c01,7,0.081395,0.100000,0.046980
43,44,OVL-C4303,OVL-C4404,dead-OVL-C4001,c03,3,0.034884,0.046154,0.020270
43,44,OVL-C4303,OVL-C4407,dead-OVL-C4001,c06,3,0.034884,0.056604,0.022059
43,44,OVL-C4303,OVL-C4409,dead-OVL-C4001,dead-OVL-C4409,1,0.011628,0.026316,0.008130
43,44,OVL-C4303,OVL-C4415,dead-OVL-C4001,dead-OVL-C4415,10,0.116279,0.526316,0.105263
43,44,OVL-C4303,OVL-C4416,dead-OVL-C4001,dead-OVL-C4416,7,0.081395,0.700000,0.078652
43,44,OVL-C4304,OVL-C4401,c02,dead-OVL-C4001,14,0.181818,0.162791,0.093960
43,44,OVL-C4304,OVL-C4404,c02,c03,2,0.025974,0.030769,0.014286
43,44,OVL-C4304,OVL-C4405,c02,c05,1,0.012987,0.016667,0.007353
43,44,OVL-C4304,OVL-C4406,c02,c02,52,0.675325,0.881356,0.619048
43,44,OVL-C4304,OVL-C4412,c02,c13,2,0.025974,0.068966,0.019231
43,44,OVL-C4305,OVL-C4401,c03,dead-OVL-C4001,1,0.015625,0.011628,0.006711
43,44,OVL-C4305,OVL-C4404,c03,c03,54,0.843750,0.830769,0.720000
43,44,OVL-C4305,OVL-C4406,c03,c02,1,0.015625,0.016949,0.008197
43,44,OVL-C4305,OVL-C4411,c03,c12,5,0.078125,0.161290,0.055556
43,44,OVL-C4305,OVL-C4414,c03,dead-OVL-C4414,1,0.015625,0.050000,0.012048
43,44,OVL-C4306,OVL-C4405,c06,c05,7,0.129630,0.116667,0.065421
43,44,OVL-C4306,OVL-C4407,c06,c06,43,0.796296,0.811321,0.671875
43,44,OVL-C4306,OVL-C4409,c06,dead-OVL-C4409,2,0.037037,0.052632,0.022222
43,44,OVL-C4306,OVL-C4414,c06,dead-OVL-C4414,1,0.018519,0.050000,0.013699
43,44,OVL-C4307,OVL-C4405,c05,c05,50,0.925926,0.833333,0.781250
43,44,OVL-C4307,OVL-C4410,c05,c11,2,0.037037,0.058824,0.023256
43,44,OVL-C4307,OVL-C4411,c05,c12,1,0.018519,0.032258,0.011905
43,44,OVL-C4308,OVL-C4401,c13,dead-OVL-C4001,1,0.022222,0.011628,0.007692
43,44,OVL-C4308,OVL-C4407,c13,c06,1,0.022222,0.018868,0.010309
43,44,OVL-C4308,OVL-C4412,c13,c13,24,0.533333,0.827586,0.480000
43,44,OVL-C4308,OVL-C4413,c13,c14,1,0.022222,0.041667,0.014706
43,44,OVL-C4308,OVL-C4414,c13,dead-OVL-C4414,17,0.377778,0.850000,0.354167
43,44,OVL-C4309,OVL-C4401,c10,dead-OVL-C4001,2,0.045455,0.023256,0.015625
43,44,OVL-C4309,OVL-C4406,c10,c02,1,0.022727,0.016949,0.009804
43,44,OVL-C4309,OVL-C4408,c10,c10,38,0.863636,0.926829,0.808511
43,44,OVL-C4309,OVL-C4409,c10,dead-OVL-C4409,2,0.045455,0.052632,0.025000
43,44,OVL-C4310,OVL-C4402,c11,c09,1,0.028571,0.012987,0.009009
43,44,OVL-C4310,OVL-C4403,c11,c01,1,0.028571,0.014286,0.009615
43,44,OVL-C4310,OVL-C4409,c11,dead-OVL-C4409,2,0.057143,0.052632,0.028169
43,44,OVL-C4310,OVL-C4410,c11,c11,31,0.885714,0.911765,0.815789
43,44,OVL-C4311,OVL-C4404,c12,c03,2,0.064516,0.030769,0.021277
43,44,OVL-C4311,OVL-C4407,c12,c06,4,0.129032,0.075472,0.050000
43,44,OVL-C4311,OVL-C4411,c12,c12,25,0.806452,0.806452,0.675676
43,44,OVL-C4312,OVL-C4401,c14,dead-OVL-C4001,1,0.038462,0.011628,0.009009
43,44,OVL-C4312,OVL-C4402,c14,c09,2,0.076923,0.025974,0.019802
43,44,OVL-C4312,OVL-C4413,c14,c14,22,0.846154,0.916667,0.785714
43,44,OVL-C4312,OVL-C4414,c14,dead-OVL-C4414,1,0.038462,0.050000,0.022222
43,44,OVL-C4313,OVL-C4417,dead-OVL-C4313,dead-OVL-C4313,3,0.750000,1.000000,0.750000
44,45,OVL-C4401,OVL-C4501,dead-OVL-C4001,dead-OVL-C4001,59,0.686047,0.602041,0.472000
44,45,OVL-C4401,OVL-C4502,dead-OVL-C4001,c01,2,0.023256,0.022222,0.011494
44,45,OVL-C4401,OVL-C4503,dead-OVL-C4001,c03,4,0.046512,0.055556,0.025974
44,45,OVL-C4401,OVL-C4504,dead-OVL-C4001,c07,7,0.081395,0.116667,0.050360
44,45,OVL-C4401,OVL-C4505,dead-OVL-C4001,c05,1,0.011628,0.017241,0.006993
44,45,OVL-C4401,OVL-C4507,dead-OVL-C4001,c11,1,0.011628,0.025000,0.008000
44,45,OVL-C4401,OVL-C4508,dead-OVL-C4001,c06,1,0.011628,0.025641,0.008065
44,45,OVL-C4401,OVL-C4511,dead-OVL-C4001,c02,1,0.011628,0.028571,0.008333
44,45,OVL-C4401,OVL-C4512,dead-OVL-C4001,c13,1,0.011628,0.037037,0.008929
44,45,OVL-C4401,OVL-C4515,dead-OVL-C4001,dead-OVL-C4515,3,0.034884,0.157895,0.029412
44,45,OVL-C4401,OVL-C4516,dead-OVL-C4001,dead-OVL-C4416,1,0.011628,0.111111,0.010638
44,45,OVL-C4402,OVL-C4503,c09,c03,3,0.038961,0.041667,0.020548
44,45,OVL-C4402,OVL-C4504,c09,c07,2,0.025974,0.033333,0.014815
44,45,OVL-C4402,OVL-C4506,c09,c09,39,0.506494,0.847826,0.464286
44,45,OVL-C4402,OVL-C4510,c09,c08,31,0.402597,0.861111,0.378049
44,45,OVL-C4403,OVL-C4501,c01,dead-OVL-C4001,1,0.014286,0.010204,0.005988
44,45,OVL-C4403,OVL-C4502,c01,c01,64,0.914286,0.711111,0.666667
44,45,OVL-C4403,OVL-C4504,c01,c07,3,0.042857,0.050000,0.023622
44,45,OVL-C4404,OVL-C4501,c03,dead-OVL-C4001,2,0.030769,0.020408,0.012422
44,45,OVL-C4404,OVL-C4503,c03,c03,54,0.830769,0.750000,0.650602
44,45,OVL-C4404,OVL-C4504,c03,c07,2,0.030769,0.033333,0.016260
44,45,OVL-C4404,OVL-C4505,c03,c05,1,0.015385,0.017241,0.008197
44,45,OVL-C4404,OVL-C4509,c03,c10,1,0.015385,0.026316,0.009804
44,45,OVL-C4404,OVL-C4510,c03,c08,1,0.015385,0.027778,0.010000
44,45,OVL-C4404,OVL-C4514,c03,c14,1,0.015385,0.045455,0.011628
44,45,OVL-C4405,OVL-C4501,c05,dead-OVL-C4001,1,0.016667,0.010204,0.006369
44,45,OVL-C4405,OVL-C4502,c05,c01,2,0.033333,0.022222,0.013514
44,45,OVL-C4405,OVL-C4503,c05,c03,1,0.016667,0.013889,0.007634
44,45,OVL-C4405,OVL-C4505,c05,c05,44,0.733333,0.758621,0.594595
44,45,OVL-C4405,OVL-C4508,c05,c06,6,0.100000,0.153846,0.064516
44,45,OVL-C4405,OVL-C4511,c05,c02,1,0.016667,0.028571,0.010638
44,45,OVL-C4406,OVL-C4501,c02,dead-OVL-C4001,21,0.355932,0.214286,0.154412
44,45,OVL-C4406,OVL-C4502,c02,c01,1,0.016949,0.011111,0.006757
44,45,OVL-C4406,OVL-C4503,c02,c03,1,0.016949,0.013889,0.007692
44,45,OVL-C4406,OVL-C4505,c02,c05,3,0.050847,0.051724,0.026316
44,45,OVL-C4406,OVL-C4509,c02,c10,1,0.016949,0.026316,0.010417
44,45,OVL-C4406,OVL-C4510,c02,c08,1,0.016949,0.027778,0.010638
44,45,OVL-C4406,OVL-C4511,c02,c02,29,0.491525,0.828571,0.446154
44,45,OVL-C4407,OVL-C4501,c06,dead-OVL-C4001,1,0.018868,0.010204,0.006667
44,45,OVL-C4407,OVL-C4502,c06,c01,1,0.018868,0.011111,0.007042
44,45,OVL-C4407,OVL-C4503,c06,c03,2,0.037736,0.027778,0.016260
44,45,OVL-C4407,OVL-C4506,c06,c09,1,0.018868,0.021739,0.010204
44,45,OVL-C4407,OVL-C4508,c06,c06,28,0.528302,0.717949,0.437500
44,45,OVL-C4407,OVL-C4515,c06,dead-OVL-C4515,16,0.301887,0.842105,0.285714
44,45,OVL-C4408,OVL-C4502,c10,c01,4,0.097561,0.044444,0.031496
44,45,OVL-C4408,OVL-C4504,c10,c07,1,0.024390,0.016667,0.010000
44,45,OVL-C4408,OVL-C4509,c10,c10,35,0.853659,0.921053,0.795455
44,45,OVL-C4409,OVL-C4502,dead-OVL-C4409,c01,11,0.289474,0.122222,0.094017
44,45,OVL-C4409,OVL-C4503,dead-OVL-C4409,c03,1,0.026316,0.013889,0.009174
44,45,OVL-C4409,OVL-C4504,dead-OVL-C4409,c07,19,0.500000,0.316667,0.240506
44,45,OVL-C4409,OVL-C4508,dead-OVL-C4409,c06,3,0.078947,0.076923,0.040541
44,45,OVL-C4410,OVL-C4501,c11,dead-OVL-C4001,2,0.058824,0.020408,0.015385
44,45,OVL-C4410,OVL-C4507,c11,c11,32,0.941176,0.800000,0.761905
44,45,OVL-C4411,OVL-C4501,c12,dead-OVL-C4001,1,0.032258,0.010204,0.007812
44,45,OVL-C4411,OVL-C4503,c12,c03,5,0.161290,0.069444,0.051020
44,45,OVL-C4411,OVL-C4513,c12,c12,25,0.806452,1.000000,0.806452
44,45,OVL-C4412,OVL-C4502,c13,c01,2,0.068966,0.022222,0.017094
44,45,OVL-C4412,OVL-C4506,c13,c09,1,0.034483,0.021739,0.013514
44,45,OVL-C4412,OVL-C4512,c13,c13,25,0.862069,0.925926,0.806452
44,45,OVL-C4413,OVL-C4506,c14,c09,1,0.041667,0.021739,0.014493
44,45,OVL-C4413,OVL-C4512,c14,c13,1,0.041667,0.037037,0.020000
44,45,OVL-C4413,OVL-C4514,c14,c14,20,0.833333,0.909091,0.769231
44,45,OVL-C4414,OVL-C4504,dead-OVL-C4414,c07,20,1.000000,0.333333,0.333333
44,45,OVL-C4415,OVL-C4505,dead-OVL-C4415,c05,9,0.473684,0.155172,0.132353
44,45,OVL-C4415,OVL-C4506,dead-OVL-C4415,c09,1,0.052632,0.021739,0.015625
44,45,OVL-C4415,OVL-C4507,dead-OVL-C4415,c11,6,0.315789,0.150000,0.113208
44,45,OVL-C4415,OVL-C4511,dead-OVL-C4415,c02,1,0.052632,0.028571,0.018868
44,45,OVL-C4416,OVL-C4502,dead-OVL-C4416,c01,1,0.100000,0.011111,0.010101
44,45,OVL-C4416,OVL-C4516,dead-OVL-C4416,dead-OVL-C4416,8,0.800000,0.888889,0.727273
45,46,OVL-C4501,OVL-C4601,dead-OVL-C4001,c01,2,0.020408,0.025316,0.011429
45,46,OVL-C4501,OVL-C4602,dead-OVL-C4001,dead-OVL-C4602,35,0.357143,0.479452,0.257353
45,46,OVL-C4501,OVL-C4603,dead-OVL-C4001,c02,20,0.204082,0.322581,0.142857
45,46,OVL-C4501,OVL-C4604,dead-OVL-C4001,c09,4,0.040816,0.066667,0.025974
45,46,OVL-C4501,OVL-C4605,dead-OVL-C4001,c07,2,0.020408,0.040000,0.013699
45,46,OVL-C4501,OVL-C4606,dead-OVL-C4001,c05,2,0.020408,0.043478,0.014085
45,46,OVL-C4501,OVL-C4609,dead-OVL-C4001,c08,6,0.061224,0.150000,0.045455
45,46,OVL-C4501,OVL-C4613,dead-OVL-C4001,dead-OVL-C4613,21,0.214286,0.656250,0.192661
45,46,OVL-C4501,OVL-C4615,dead-OVL-C4001,c13,1,0.010204,0.040000,0.008197
45,46,OVL-C4501,OVL-C4616,dead-OVL-C4001,c14,1,0.010204,0.045455,0.008403
45,46,OVL-C4502,OVL-C4601,c01,c01,72,0.800000,0.911392,0.742268
45,46,OVL-C4502,OVL-C4602,c01,dead-OVL-C4602,2,0.022222,0.027397,0.012422
45,46,OVL-C4502,OVL-C4603,c01,c02,1,0.011111,0.016129,0.006623
45,46,OVL-C4502,OVL-C4605,c01,c07,12,0.133333,0.240000,0.093750
45,46,OVL-C4502,OVL-C4607,c01,c06,1,0.011111,0.024390,0.007692
45,46,OVL-C4503,OVL-C4602,c03,dead-OVL-C4602,9,0.125000,0.123288,0.066176
45,46,OVL-C4503,OVL-C4608,c03,c12,2,0.027778,0.050000,0.018182
45,46,OVL-C4503,OVL-C4609,c03,c08,3,0.041667,0.075000,0.027523
45,46,OVL-C4503,OVL-C4612,c03,c03,32,0.444444,0.941176,0.432432
45,46,OVL-C4503,OVL-C4613,c03,dead-OVL-C4613,1,0.013889,0.031250,0.009709
45,46,OVL-C4503,OVL-C4614,c03,dead-OVL-C4614,24,0.333333,0.960000,0.328767
45,46,OVL-C4504,OVL-C4601,c07,c01,1,0.016667,0.012658,0.007246
45,46,OVL-C4504,OVL-C4602,c07,dead-OVL-C4602,5,0.083333,0.068493,0.039062
45,46,OVL-C4504,OVL-C4605,c07,c07,24,0.400000,0.480000,0.279070
45,46,OVL-C4504,OVL-C4608,c07,c12,2,0.033333,0.050000,0.020408
45,46,OVL-C4504,OVL-C4609,c07,c08,1,0.016667,0.025000,0.010101
45,46,OVL-C4504,OVL-C4612,c07,c03,1,0.016667,0.029412,0.010753
45,46,OVL-C4504,OVL-C4613,c07,dead-OVL-C4613,2,0.033333,0.062500,0.022222
45,46,OVL-C4504,OVL-C4617,c07,dead-OVL-C4617,21,0.350000,0.954545,0.344262
45,46,OVL-C4505,OVL-C4602,c05,dead-OVL-C4602,10,0.172414,0.136986,0.082645
45,46,OVL-C4505,OVL-C4603,c05,c02,8,0.137931,0.129032,0.071429
45,46,OVL-C4505,OVL-C4606,c05,c05,37,0.637931,0.804348,0.552239
45,46,OVL-C4505,OVL-C4608,c05,c12,1,0.017241,0.025000,0.010309
45,46,OVL-C4505,OVL-C4611,c05,c10,1,0.017241,0.029412,0.010989
45,46,OVL-C4506,OVL-C4602,c09,dead-OVL-C4602,1,0.021739,0.013699,0.008475
45,46,OVL-C4506,OVL-C4604,c09,c09,44,0.956522,0.733333,0.709677
45,46,OVL-C4506,OVL-C4609,c09,c08,1,0.021739,0.025000,0.011765
45,46,OVL-C4507,OVL-C4604,c11,c09,6,0.150000,0.100000,0.063830
45,46,OVL-C4507,OVL-C4610,c11,c11,33,0.825000,0.942857,0.785714
45,46,OVL-C4507,OVL-C4613,c11,dead-OVL-C4613,1,0.025000,0.031250,0.014085
45,46,OVL-C4508,OVL-C4605,c06,c07,3,0.076923,0.060000,0.034884
45,46,OVL-C4508,OVL-C4606,c06,c05,5,0.128205,0.108696,0.062500
45,46,OVL-C4508,OVL-C4607,c06,c06,30,0.769231,0.731707,0.600000
45,46,OVL-C4509,OVL-C4605,c10,c07,3,0.078947,0.060000,0.035294
45,46,OVL-C4509,OVL-C4607,c10,c06,1,0.026316,0.024390,0.012821
45,46,OVL-C4509,OVL-C4611,c10,c10,32,0.842105,0.941176,0.800000
45,46,OVL-C4509,OVL-C4613,c10,dead-OVL-C4613,1,0.026316,0.031250,0.014493
45,46,OVL-C4510,OVL-C4603,c08,c02,1,0.027778,0.016129,0.010309
45,46,OVL-C4510,OVL-C4604,c08,c09,1,0.027778,0.016667,0.010526
45,46,OVL-C4510,OVL-C4609,c08,c08,28,0.777778,0.700000,0.583333
45,46,OVL-C4510,OVL-C4612,c08,c03,1,0.027778,0.029412,0.014493
45,46,OVL-C4510,OVL-C4613,c08,dead-OVL-C4613,1,0.027778,0.031250,0.014925
45,46,OVL-C4510,OVL-C4614,c08,dead-OVL-C4614,1,0.027778,0.040000,0.016667
45,46,OVL-C4511,OVL-C4603,c02,c02,29,0.828571,0.467742,0.426471
45,46,OVL-C4511,OVL-C4613,c02,dead-OVL-C4613,1,0.028571,0.031250,0.015152
45,46,OVL-C4511,OVL-C4620,c02,dead-OVL-C4620,3,0.085714,1.000000,0.085714
45,46,OVL-C4512,OVL-C4608,c13,c12,1,0.037037,0.025000,0.015152
45,46,OVL-C4512,OVL-C4615,c13,c13,24,0.888889,0.960000,0.857143
45,46,OVL-C4513,OVL-C4608,c12,c12,24,0.960000,0.600000,0.585366
45,46,OVL-C4514,OVL-C4601,c14,c01,1,0.045455,0.012658,0.010000
45,46,OVL-C4514,OVL-C4616,c14,c14,21,0.954545,0.954545,0.913043
45,46,OVL-C4515,OVL-C4602,dead-OVL-C4515,dead-OVL-C4602,1,0.052632,0.013699,0.010989
45,46,OVL-C4515,OVL-C4607,dead-OVL-C4515,c06,7,0.368421,0.170732,0.132075
45,46,OVL-C4515,OVL-C4608,dead-OVL-C4515,c12,10,0.526316,0.250000,0.204082
45,46,OVL-C4516,OVL-C4617,dead-OVL-C4416,dead-OVL-C4617,1,0.111111,0.045455,0.033333
45,46,OVL-C4516,OVL-C4618,dead-OVL-C4416,dead-OVL-C4416,8,0.888889,1.000000,0.888889
46,47,OVL-C4601,OVL-C4701,c01,c01,65,0.822785,0.507812,0.457746
46,47,OVL-C4601,OVL-C4702,c01,c07,7,0.088608,0.101449,0.049645
46,47,OVL-C4601,OVL-C4712,c01,c13,2,0.025316,0.074074,0.019231
46,47,OVL-C4602,OVL-C4701,dead-OVL-C4602,c01,43,0.589041,0.335938,0.272152
46,47,OVL-C4602,OVL-C4702,dead-OVL-C4602,c07,2,0.027397,0.028986,0.014286
46,47,OVL-C4602,OVL-C4705,dead-OVL-C4602,c06,1,0.013699,0.017857,0.007812
46,47,OVL-C4602,OVL-C4707,dead-OVL-C4602,c03,8,0.109589,0.170213,0.071429
46,47,OVL-C4602,OVL-C4709,dead-OVL-C4602,dead-OVL-C4617,14,0.191781,0.437500,0.153846
46,47,OVL-C4603,OVL-C4701,c02,c01,4,0.064516,0.031250,0.021505
46,47,OVL-C4603,OVL-C4703,c02,c02,53,0.854839,0.883333,0.768116
46,47,OVL-C4603,OVL-C4704,c02,c09,1,0.016129,0.017241,0.008403
46,47,OVL-C4603,OVL-C4713,c02,dead-OVL-C4614,1,0.016129,0.038462,0.011494
46,47,OVL-C4603,OVL-C4714,c02,dead-OVL-C4613,1,0.016129,0.038462,0.011494
46,47,OVL-C4604,OVL-C4701,c09,c01,1,0.016667,0.007812,0.005348
46,47,OVL-C4604,OVL-C4704,c09,c09,53,0.883333,0.913793,0.815385
46,47,OVL-C4605,OVL-C4702,c07,c07,46,0.920000,0.666667,0.630137
46,47,OVL-C4605,OVL-C4706,c07,c05,1,0.020000,0.020833,0.010309
46,47,OVL-C4605,OVL-C4708,c07,c10,1,0.020000,0.028571,0.011905
46,47,OVL-C4606,OVL-C4703,c05,c02,1,0.021739,0.016667,0.009524
46,47,OVL-C4606,OVL-C4705,c05,c06,1,0.021739,0.017857,0.009901
46,47,OVL-C4606,OVL-C4706,c05,c05,43,0.934783,0.895833,0.843137
46,47,OVL-C4607,OVL-C4702,c06,c07,3,0.073171,0.043478,0.028037
46,47,OVL-C4607,OVL-C4705,c06,c06,36,0.878049,0.642857,0.590164
46,47,OVL-C4607,OVL-C4707,c06,c03,1,0.024390,0.021277,0.011494
46,47,OVL-C4607,OVL-C4708,c06,c10,1,0.024390,0.028571,0.013333
46,47,OVL-C4608,OVL-C4702,c12,c07,1,0.025000,0.014493,0.009259
46,47,OVL-C4608,OVL-C4705,c12,c06,14,0.350000,0.250000,0.170732
46,47,OVL-C4608,OVL-C4715,c12,c12,24,0.600000,0.960000,0.585366
46,47,OVL-C4609,OVL-C4701,c08,c01,5,0.125000,0.039062,0.030675
46,47,OVL-C4609,OVL-C4707,c08,c03,1,0.025000,0.021277,0.011628
46,47,OVL-C4609,OVL-C4710,c08,c08,31,0.775000,1.000000,0.775000
46,47,OVL-C4610,OVL-C4702,c11,c07,2,0.057143,0.028986,0.019608
46,47,OVL-C4610,OVL-C4706,c11,c05,2,0.057143,0.041667,0.024691
46,47,OVL-C4610,OVL-C4711,c11,c11,30,0.857143,1.000000,0.857143
46,47,OVL-C4611,OVL-C4705,c10,c06,1,0.029412,0.017857,0.011236
46,47,OVL-C4611,OVL-C4708,c10,c10,31,0.911765,0.885714,0.815789
46,47,OVL-C4612,OVL-C4702,c03,c07,3,0.088235,0.043478,0.030000
46,47,OVL-C4612,OVL-C4707,c03,c03,31,0.911765,0.659574,0.620000
46,47,OVL-C4613,OVL-C4701,dead-OVL-C4613,c01,6,0.187500,0.046875,0.038961
46,47,OVL-C4613,OVL-C4707,dead-OVL-C4613,c03,1,0.031250,0.021277,0.012821
46,47,OVL-C4613,OVL-C4714,dead-OVL-C4613,dead-OVL-C4613,22,0.687500,0.846154,0.611111
46,47,OVL-C4614,OVL-C4703,dead-OVL-C4614,c02,1,0.040000,0.016667,0.011905
46,47,OVL-C4614,OVL-C4713,dead-OVL-C4614,dead-OVL-C4614,24,0.960000,0.923077,0.888889
46,47,OVL-C4615,OVL-C4712,c13,c13,24,0.960000,0.888889,0.857143
46,47,OVL-C4615,OVL-C4714,c13,dead-OVL-C4613,1,0.040000,0.038462,0.020000
46,47,OVL-C4616,OVL-C4716,c14,c14,20,0.909091,1.000000,0.909091
46,47,OVL-C4617,OVL-C4702,dead-OVL-C4617,c07,1,0.045455,0.014493,0.011111
46,47,OVL-C4617,OVL-C4707,dead-OVL-C4617,c03,2,0.090909,0.042553,0.029851
46,47,OVL-C4617,OVL-C4709,dead-OVL-C4617,dead-OVL-C4617,16,0.727273,0.500000,0.421053
46,47,OVL-C4617,OVL-C4714,dead-OVL-C4617,dead-OVL-C4613,2,0.090909,0.076923,0.043478
46,47,OVL-C4618,OVL-C4707,dead-OVL-C4416,c03,1,0.125000,0.021277,0.018519
46,47,OVL-C4618,OVL-C4717,dead-OVL-C4416,dead-OVL-C4416,7,0.875000,1.000000,0.875000
46,47,OVL-C4619,OVL-C4718,dead-OVL-C4619,dead-OVL-C4619,3,1.000000,0.750000,0.750000
46,47,OVL-C4620,OVL-C4703,dead-OVL-C4620,c02,3,1.000000,0.050000,0.050000
47,48,OVL-C4701,OVL-C4801,c01,c01,56,0.437500,0.533333,0.316384
47,48,OVL-C4701,OVL-C4802,c01,c02,5,0.039062,0.067568,0.025381
47,48,OVL-C4701,OVL-C4803,c01,c04,52,0.406250,0.742857,0.356164
47,48,OVL-C4701,OVL-C4805,c01,c03,3,0.023438,0.048387,0.016043
47,48,OVL-C4701,OVL-C4807,c01,c07,1,0.007812,0.018868,0.005556
47,48,OVL-C4701,OVL-C4812,c01,c13,2,0.015625,0.071429,0.012987
47,48,OVL-C4701,OVL-C4815,c01,c15,1,0.007812,0.052632,0.006849
47,48,OVL-C4702,OVL-C4801,c07,c01,3,0.043478,0.028571,0.017544
47,48,OVL-C4702,OVL-C4803,c07,c04,8,0.115942,0.114286,0.061069
47,48,OVL-C4702,OVL-C4804,c07,c05,1,0.014493,0.015625,0.007576
47,48,OVL-C4702,OVL-C4805,c07,c03,1,0.014493,0.016129,0.007692
47,48,OVL-C4702,OVL-C4807,c07,c07,50,0.724638,0.943396,0.694444
47,48,OVL-C4702,OVL-C4815,c07,c15,2,0.028986,0.105263,0.023256
47,48,OVL-C4703,OVL-C4801,c02,c01,2,0.033333,0.019048,0.012270
47,48,OVL-C4703,OVL-C4802,c02,c02,37,0.616667,0.500000,0.381443
47,48,OVL-C4703,OVL-C4804,c02,c05,14,0.233333,0.218750,0.127273
47,48,OVL-C4703,OVL-C4816,c02,dead-OVL-C4816,6,0.100000,0.666667,0.095238
47,48,OVL-C4704,OVL-C4801,c09,c01,3,0.051724,0.028571,0.018750
47,48,OVL-C4704,OVL-C4802,c09,c02,2,0.034483,0.027027,0.015385
47,48,OVL-C4704,OVL-C4806,c09,c06,1,0.017241,0.018519,0.009009
47,48,OVL-C4704,OVL-C4808,c09,c09,43,0.741379,0.895833,0.682540
47,48,OVL-C4704,OVL-C4814,c09,c14,3,0.051724,0.136364,0.038961
47,48,OVL-C4705,OVL-C4801,c06,c01,1,0.017857,0.009524,0.006250
47,48,OVL-C4705,OVL-C4804,c06,c05,1,0.017857,0.015625,0.008403
47,48,OVL-C4705,OVL-C4806,c06,c06,47,0.839286,0.870370,0.746032
47,48,OVL-C4705,OVL-C4809,c06,c10,1,0.017857,0.026316,0.010753
47,48,OVL-C4705,OVL-C4811,c06,c12,5,0.089286,0.166667,0.061728
47,48,OVL-C4706,OVL-C4802,c05,c02,1,0.020833,0.013514,0.008264
47,48,OVL-C4706,OVL-C4804,c05,c05,44,0.916667,0.687500,0.647059
47,48,OVL-C4706,OVL-C4806,c05,c06,1,0.020833,0.018519,0.009901
47,48,OVL-C4706,OVL-C4807,c05,c07,1,0.020833,0.018868,0.010000
47,48,OVL-C4706,OVL-C4809,c05,c10,1,0.020833,0.026316,0.011765
47,48,OVL-C4707,OVL-C4801,c03,c01,11,0.234043,0.104762,0.078014
47,48,OVL-C4707,OVL-C4802,c03,c02,3,0.063830,0.040541,0.025424
47,48,OVL-C4707,OVL-C4803,c03,c04,1,0.021277,0.014286,0.008621
47,48,OVL-C4707,OVL-C4805,c03,c03,30,0.638298,0.483871,0.379747
47,48,OVL-C4707,OVL-C4806,c03,c06,2,0.042553,0.037037,0.020202
47,48,OVL-C4708,OVL-C4809,c10,c10,34,0.971429,0.894737,0.871795
47,48,OVL-C4709,OVL-C4801,dead-OVL-C4617,c01,21,0.656250,0.200000,0.181034
47,48,OVL-C4709,OVL-C4802,dead-OVL-C4617,c02,1,0.031250,0.013514,0.009524
47,48,OVL-C4709,OVL-C4803,dead-OVL-C4617,c04,1,0.031250,0.014286,0.009901
47,48,OVL-C4709,OVL-C4810,dead-OVL-C4617,c08,1,0.031250,0.027778,0.014925
47,48,OVL-C4709,OVL-C4815,dead-OVL-C4617,c15,8,0.250000,0.421053,0.186047
47,48,OVL-C4710,OVL-C4803,c08,c04,1,0.032258,0.014286,0.010000
47,48,OVL-C4710,OVL-C4805,c08,c03,1,0.032258,0.016129,0.010870
47,48,OVL-C4710,OVL-C4808,c08,c09,2,0.064516,0.041667,0.025974
47,48,OVL-C4710,OVL-C4810,c08,c08,25,0.806452,0.694444,0.595238
47,48,OVL-C4711,OVL-C4802,c11,c02,1,0.033333,0.013514,0.009709
47,48,OVL-C4711,OVL-C4813,c11,c11,27,0.900000,1.000000,0.900000
47,48,OVL-C4712,OVL-C4802,c13,c02,2,0.074074,0.027027,0.020202
47,48,OVL-C4712,OVL-C4812,c13,c13,24,0.888889,0.857143,0.774194
47,48,OVL-C4713,OVL-C4801,dead-OVL-C4614,c01,1,0.038462,0.009524,0.007692
47,48,OVL-C4713,OVL-C4805,dead-OVL-C4614,c03,25,0.961538,0.403226,0.396825
47,48,OVL-C4714,OVL-C4802,dead-OVL-C4613,c02,15,0.576923,0.202703,0.176471
47,48,OVL-C4714,OVL-C4803,dead-OVL-C4613,c04,1,0.038462,0.014286,0.010526
47,48,OVL-C4714,OVL-C4810,dead-OVL-C4613,c08,8,0.307692,0.222222,0.148148
47,48,OVL-C4715,OVL-C4806,c12,c06,1,0.040000,0.018519,0.012821
47,48,OVL-C4715,OVL-C4811,c12,c12,23,0.920000,0.766667,0.718750
47,48,OVL-C4716,OVL-C4814,c14,c14,19,0.950000,0.863636,0.826087
47,48,OVL-C4717,OVL-C4801,dead-OVL-C4416,c01,1,0.142857,0.009524,0.009009
47,48,OVL-C4717,OVL-C4815,dead-OVL-C4416,c15,6,0.857143,0.315789,0.300000
47,48,OVL-C4718,OVL-C4817,dead-OVL-C4619,dead-OVL-C4619,3,0.750000,1.000000,0.750000
48,49,OVL-C4801,OVL-C4901,c01,c01,63,0.600000,0.656250,0.456522
48,49,OVL-C4801,OVL-C4902,c01,c02,2,0.019048,0.023256,0.010582
48,49,OVL-C4801,OVL-C4903,c01,c03,9,0.085714,0.136364,0.055556
48,49,OVL-C4801,OVL-C4904,c01,c04,9,0.085714,0.138462,0.055901
48,49,OVL-C4801,OVL-C4905,c01,c05,2,0.019048,0.034483,0.012422
48,49,OVL-C4801,OVL-C4906,c01,c06,3,0.028571,0.053571,0.018987
48,49,OVL-C4801,OVL-C4907,c01,c07,1,0.009524,0.018868,0.006369
48,49,OVL-C4801,OVL-C4908,c01,c08,13,0.123810,0.254902,0.090909
48,49,OVL-C4801,OVL-C4911,c01,c11,1,0.009524,0.034483,0.007519
48,49,OVL-C4801,OVL-C4913,c01,c13,1,0.009524,0.038462,0.007692
48,49,OVL-C4802,OVL-C4901,c02,c01,4,0.054054,0.041667,0.024096
48,49,OVL-C4802,OVL-C4902,c02,c02,65,0.878378,0.755814,0.684211
48,49,OVL-C4802,OVL-C4905,c02,c05,1,0.013514,0.017241,0.007634
48,49,OVL-C4802,OVL-C4913,c02,c13,2,0.027027,0.076923,0.020408
48,49,OVL-C4803,OVL-C4901,c04,c01,11,0.157143,0.114583,0.070968
48,49,OVL-C4803,OVL-C4904,c04,c04,48,0.685714,0.738462,0.551724
48,49,OVL-C4803,OVL-C4907,c04,c07,1,0.014286,0.018868,0.008197
48,49,OVL-C4803,OVL-C4908,c04,c08,4,0.057143,0.078431,0.034188
48,49,OVL-C4803,OVL-C4912,c04,c12,2,0.028571,0.074074,0.021053
48,49,OVL-C4804,OVL-C4901,c05,c01,2,0.031250,0.020833,0.012658
48,49,OVL-C4804,OVL-C4902,c05,c02,5,0.078125,0.058140,0.034483
48,49,OVL-C4804,OVL-C4904,c05,c04,1,0.015625,0.015385,0.007812
48,49,OVL-C4804,OVL-C4905,c05,c05,52,0.812500,0.896552,0.742857
48,49,OVL-C4804,OVL-C4911,c05,c11,3,0.046875,0.103448,0.033333
48,49,OVL-C4805,OVL-C4901,c03,c01,7,0.112903,0.072917,0.046358
48,49,OVL-C4805,OVL-C4903,c03,c03,49,0.790323,0.742424,0.620253
48,49,OVL-C4805,OVL-C4906,c03,c06,1,0.016129,0.017857,0.008547
48,49,OVL-C4805,OVL-C4907,c03,c07,2,0.032258,0.037736,0.017699
48,49,OVL-C4805,OVL-C4908,c03,c08,1,0.016129,0.019608,0.008929
48,49,OVL-C4805,OVL-C4915,c03,c15,1,0.016129,0.052632,0.012500
48,49,OVL-C4806,OVL-C4901,c06,c01,1,0.018519,0.010417,0.006711
48,49,OVL-C4806,OVL-C4906,c06,c06,49,0.907407,0.875000,0.803279
48,49,OVL-C4807,OVL-C4901,c07,c01,1,0.018868,0.010417,0.006757
48,49,OVL-C4807,OVL-C4902,c07,c02,1,0.018868,0.011628,0.007246
48,49,OVL-C4807,OVL-C4907,c07,c07,48,0.905660,0.905660,0.827586
48,49,OVL-C4807,OVL-C4914,c07,c14,1,0.018868,0.045455,0.013514
48,49,OVL-C4808,OVL-C4909,c09,c09,45,0.937500,0.918367,0.865385
48,49,OVL-C4809,OVL-C4902,c10,c02,2,0.052632,0.023256,0.016393
48,49,OVL-C4809,OVL-C4904,c10,c04,1,0.026316,0.015385,0.009804
48,49,OVL-C4809,OVL-C4905,c10,c05,1,0.026316,0.017241,0.010526
48,49,OVL-C4809,OVL-C4910,c10,c10,34,0.894737,0.971429,0.871795
48,49,OVL-C4810,OVL-C4901,c08,c01,4,0.111111,0.041667,0.031250
48,49,OVL-C4810,OVL-C4905,c08,c05,1,0.027778,0.017241,0.010753
48,49,OVL-C4810,OVL-C4908,c08,c08,31,0.861111,0.607843,0.553571
48,49,OVL-C4811,OVL-C4903,c12,c03,6,0.200000,0.090909,0.066667
48,49,OVL-C4811,OVL-C4912,c12,c12,24,0.800000,0.888889,0.727273
48,49,OVL-C4812,OVL-C4901,c13,c01,1,0.035714,0.010417,0.008130
48,49,OVL-C4812,OVL-C4904,c13,c04,3,0.107143,0.046154,0.033333
48,49,OVL-C4812,OVL-C4913,c13,c13,23,0.821429,0.884615,0.741935
48,49,OVL-C4813,OVL-C4904,c11,c04,2,0.074074,0.030769,0.022222
48,49,OVL-C4813,OVL-C4911,c11,c11,25,0.925926,0.862069,0.806452
48,49,OVL-C4814,OVL-C4909,c14,c09,1,0.045455,0.020408,0.014286
48,49,OVL-C4814,OVL-C4914,c14,c14,21,0.954545,0.954545,0.913043
48,49,OVL-C4815,OVL-C4915,c15,c15,18,0.947368,0.947368,0.900000
48,49,OVL-C4816,OVL-C4902,dead-OVL-C4816,c02,8,0.888889,0.093023,0.091954
48,49,OVL-C4816,OVL-C4903,dead-OVL-C4816,c03,1,0.111111,0.015152,0.013514
