approach,snapshot_index,snapshot_label,window_start_ts,window_end_ts,local_id,observation_id,identity_group,size,nodes_json
overlap,0,days_0.00_20.63,0,1782212,0,OVL-C0001,dead-OVL-C0001,77,"[39, 62, 65, 75, 98, 107, 113, 117, 120, 127, 134, 150, 151, 191, 198, 201, 203, 220, 235, 239, 250, 253, 263, 268, 273, 291, 320, 334, 369, 401, 415, 429, 444, 449, 454, 459, 462, 485, 504, 513, 515, 535, 542, 551, 553, 566, 592, 609, 612, 646, 652, 683, 687, 701, 703, 707, 713, 722, 752, 770, 772, 794, 800, 821, 823, 833, 850, 854, 865, 880, 886, 927, 948, 951, 968, 995, 1003]"
overlap,0,days_0.00_20.63,0,1782212,1,OVL-C0002,dead-OVL-C0002,60,"[1, 12, 42, 50, 64, 69, 84, 96, 97, 102, 103, 111, 125, 139, 154, 164, 174, 206, 223, 299, 303, 309, 310, 322, 323, 324, 337, 343, 362, 368, 388, 395, 402, 420, 477, 487, 505, 509, 510, 514, 524, 534, 548, 622, 634, 638, 649, 663, 695, 706, 780, 788, 822, 832, 853, 879, 893, 922, 939, 950]"
overlap,0,days_0.00_20.63,0,1782212,2,OVL-C0003,dead-OVL-C0003,60,"[11, 26, 38, 40, 53, 60, 86, 116, 137, 147, 152, 159, 161, 187, 193, 194, 197, 214, 230, 254, 257, 272, 277, 278, 285, 290, 306, 307, 332, 374, 380, 394, 398, 430, 435, 443, 450, 460, 466, 500, 523, 571, 596, 613, 617, 619, 659, 662, 712, 714, 742, 776, 782, 787, 802, 890, 900, 910, 923, 940]"
overlap,0,days_0.00_20.63,0,1782212,3,OVL-C0004,dead-OVL-C0004,56,"[14, 16, 90, 105, 106, 124, 131, 132, 153, 173, 199, 308, 331, 365, 382, 410, 418, 467, 497, 506, 508, 541, 576, 582, 644, 650, 653, 654, 657, 682, 702, 715, 719, 738, 740, 745, 747, 748, 761, 763, 777, 783, 828, 837, 842, 881, 921, 924, 926, 945, 969, 977, 979, 996, 1001, 1004]"
overlap,0,days_0.00_20.63,0,1782212,4,OVL-C0005,dead-OVL-C0005,50,"[19, 59, 61, 91, 101, 122, 149, 158, 184, 229, 243, 246, 372, 377, 397, 404, 407, 423, 426, 452, 453, 457, 483, 517, 522, 591, 595, 597, 607, 671, 678, 696, 708, 716, 718, 724, 754, 769, 779, 798, 803, 843, 866, 883, 904, 907, 916, 934, 975, 991]"
overlap,0,days_0.00_20.63,0,1782212,5,OVL-C0006,dead-OVL-C0006,49,"[2, 5, 13, 29, 58, 114, 118, 119, 175, 192, 208, 226, 236, 275, 327, 335, 381, 393, 437, 438, 440, 442, 464, 465, 468, 473, 516, 532, 537, 585, 664, 670, 688, 700, 732, 737, 790, 808, 810, 812, 818, 820, 849, 858, 867, 897, 909, 980, 985]"
overlap,0,days_0.00_20.63,0,1782212,6,OVL-C0007,dead-OVL-C0007,47,"[4, 49, 72, 76, 82, 83, 135, 146, 157, 185, 233, 248, 264, 292, 317, 326, 329, 371, 456, 492, 546, 550, 554, 577, 581, 587, 624, 626, 628, 660, 686, 692, 720, 746, 771, 775, 784, 830, 835, 863, 870, 871, 901, 936, 938, 942, 993]"
overlap,0,days_0.00_20.63,0,1782212,7,OVL-C0008,c05,44,"[28, 34, 56, 68, 95, 143, 170, 205, 231, 245, 251, 311, 338, 350, 361, 364, 427, 432, 433, 446, 511, 531, 540, 544, 580, 588, 641, 697, 698, 764, 773, 796, 809, 836, 840, 855, 872, 873, 925, 955, 960, 987, 994, 997]"
overlap,0,days_0.00_20.63,0,1782212,8,OVL-C0009,c09,42,"[30, 45, 52, 66, 77, 126, 133, 166, 168, 196, 209, 232, 256, 260, 294, 305, 313, 356, 383, 416, 439, 472, 479, 528, 556, 557, 573, 574, 575, 586, 589, 602, 633, 648, 743, 762, 765, 859, 868, 885, 912, 984]"
overlap,0,days_0.00_20.63,0,1782212,9,OVL-C0010,dead-OVL-C0010,35,"[24, 112, 160, 181, 186, 190, 202, 267, 274, 280, 353, 360, 392, 414, 471, 478, 493, 526, 530, 561, 629, 630, 631, 643, 656, 658, 674, 685, 838, 846, 869, 891, 894, 920, 944]"
overlap,0,days_0.00_20.63,0,1782212,10,OVL-C0011,dead-OVL-C0011,32,"[31, 35, 67, 92, 141, 165, 167, 188, 207, 241, 301, 344, 373, 421, 424, 431, 469, 512, 547, 552, 614, 795, 817, 847, 851, 953, 954, 957, 963, 978, 988, 990]"
overlap,0,days_0.00_20.63,0,1782212,11,OVL-C0012,dead-OVL-C0012,31,"[0, 6, 32, 78, 189, 228, 249, 281, 293, 295, 333, 409, 470, 482, 491, 502, 538, 569, 572, 599, 605, 693, 710, 749, 789, 791, 816, 834, 862, 884, 976]"
overlap,0,days_0.00_20.63,0,1782212,12,OVL-C0013,dead-OVL-C0013,27,"[25, 41, 44, 48, 71, 73, 216, 270, 318, 319, 321, 386, 458, 499, 558, 565, 618, 669, 672, 679, 684, 704, 723, 758, 844, 918, 956]"
overlap,0,days_0.00_20.63,0,1782212,13,OVL-C0014,dead-OVL-C0014,25,"[8, 15, 17, 136, 142, 144, 200, 284, 302, 316, 370, 406, 422, 428, 543, 563, 584, 647, 680, 731, 739, 857, 915, 952, 971]"
overlap,0,days_0.00_20.63,0,1782212,14,OVL-C0015,dead-OVL-C0015,6,"[171, 347, 590, 933, 935, 966]"
overlap,0,days_0.00_20.63,0,1782212,15,OVL-C0016,dead-OVL-C0016,6,"[379, 488, 495, 568, 774, 947]"
overlap,0,days_0.00_20.63,0,1782212,16,OVL-C0017,dead-OVL-C0017,5,"[180, 217, 727, 829, 958]"
overlap,1,days_10.31_30.94,891106,2673318,0,OVL-C0101,dead-OVL-C0004,90,"[1, 5, 13, 14, 16, 29, 32, 105, 106, 118, 131, 132, 139, 153, 170, 173, 192, 196, 199, 208, 239, 270, 273, 308, 309, 323, 327, 331, 335, 341, 381, 382, 385, 410, 418, 433, 437, 464, 491, 497, 506, 508, 516, 532, 541, 553, 576, 613, 644, 653, 654, 657, 664, 670, 682, 688, 702, 711, 715, 719, 732, 738, 745, 747, 748, 761, 783, 791, 804, 808, 820, 828, 837, 842, 850, 881, 898, 911, 921, 924, 926, 945, 951, 969, 977, 979, 980, 996, 1001, 1004]"
overlap,1,days_10.31_30.94,891106,2673318,1,OVL-C0102,dead-OVL-C0001,82,"[53, 62, 65, 75, 95, 98, 107, 113, 117, 120, 134, 137, 150, 151, 186, 191, 193, 197, 198, 201, 220, 250, 253, 268, 278, 290, 291, 326, 334, 369, 401, 415, 429, 444, 449, 454, 462, 473, 476, 485, 513, 515, 533, 535, 542, 551, 566, 592, 594, 609, 612, 617, 633, 646, 687, 703, 707, 713, 714, 722, 752, 763, 770, 771, 772, 776, 810, 821, 823, 833, 854, 880, 886, 890, 923, 927, 930, 938, 948, 968, 985, 1003]"
overlap,1,days_10.31_30.94,891106,2673318,2,OVL-C0103,dead-OVL-C0003,75,"[11, 26, 27, 40, 58, 71, 83, 86, 116, 147, 152, 161, 171, 187, 194, 195, 214, 226, 236, 255, 272, 277, 285, 306, 307, 325, 347, 362, 372, 374, 380, 394, 398, 404, 438, 440, 443, 450, 453, 466, 537, 544, 571, 572, 577, 585, 590, 595, 596, 619, 626, 659, 662, 678, 686, 695, 696, 712, 742, 784, 802, 818, 852, 863, 865, 900, 901, 909, 931, 933, 934, 935, 966, 972, 993]"
overlap,1,days_10.31_30.94,891106,2673318,3,OVL-C0104,dead-OVL-C0011,51,"[17, 31, 35, 67, 92, 122, 136, 141, 165, 167, 188, 200, 207, 241, 257, 281, 301, 302, 316, 344, 373, 421, 424, 428, 469, 512, 543, 547, 552, 614, 647, 683, 709, 795, 817, 824, 838, 847, 851, 857, 858, 915, 952, 953, 954, 957, 963, 971, 978, 988, 990]"
overlap,1,days_10.31_30.94,891106,2673318,4,OVL-C0105,dead-OVL-C0002,50,"[42, 46, 50, 64, 69, 96, 102, 103, 125, 164, 174, 223, 299, 303, 310, 320, 322, 324, 337, 343, 368, 388, 395, 399, 402, 420, 460, 477, 505, 509, 510, 514, 534, 548, 591, 603, 634, 638, 649, 663, 676, 706, 740, 780, 788, 832, 853, 879, 893, 950]"
overlap,1,days_10.31_30.94,891106,2673318,5,OVL-C0106,c09,48,"[2, 30, 45, 52, 66, 77, 104, 111, 119, 133, 149, 166, 168, 209, 232, 240, 256, 260, 294, 305, 313, 356, 389, 416, 439, 465, 472, 517, 556, 557, 564, 574, 575, 602, 648, 694, 700, 743, 765, 790, 812, 845, 859, 868, 885, 889, 912, 984]"
overlap,1,days_10.31_30.94,891106,2673318,6,OVL-C0107,dead-OVL-C0010,46,"[24, 87, 112, 126, 142, 160, 181, 190, 202, 267, 274, 280, 353, 360, 383, 392, 408, 414, 468, 479, 493, 526, 528, 530, 561, 573, 586, 589, 629, 630, 631, 643, 656, 658, 674, 685, 759, 762, 803, 846, 867, 891, 894, 920, 922, 944]"
overlap,1,days_10.31_30.94,891106,2673318,7,OVL-C0108,dead-OVL-C0005,46,"[61, 72, 101, 114, 127, 144, 145, 159, 175, 184, 230, 246, 275, 293, 365, 377, 393, 407, 423, 426, 436, 446, 457, 467, 522, 563, 650, 708, 716, 718, 724, 737, 754, 777, 779, 787, 798, 809, 843, 849, 866, 883, 904, 907, 916, 940]"
overlap,1,days_10.31_30.94,891106,2673318,8,OVL-C0109,c05,37,"[28, 34, 56, 68, 158, 205, 231, 245, 251, 269, 311, 338, 350, 361, 364, 427, 432, 511, 531, 540, 582, 588, 624, 641, 697, 698, 736, 764, 773, 840, 855, 873, 925, 955, 987, 994, 997]"
overlap,1,days_10.31_30.94,891106,2673318,9,OVL-C0110,dead-OVL-C0012,30,"[0, 6, 78, 143, 189, 228, 249, 295, 333, 409, 470, 482, 502, 538, 569, 580, 599, 605, 652, 693, 710, 749, 789, 796, 816, 834, 862, 872, 976, 991]"
overlap,1,days_10.31_30.94,891106,2673318,10,OVL-C0111,dead-OVL-C0111,27,"[4, 8, 12, 15, 82, 135, 176, 284, 292, 370, 371, 406, 422, 456, 581, 584, 587, 628, 680, 720, 731, 739, 836, 870, 936, 942, 995]"
overlap,1,days_10.31_30.94,891106,2673318,11,OVL-C0112,dead-OVL-C0112,27,"[38, 49, 90, 91, 124, 157, 185, 229, 233, 248, 264, 304, 317, 329, 400, 483, 546, 550, 607, 660, 692, 746, 769, 775, 830, 835, 910]"
overlap,1,days_10.31_30.94,891106,2673318,12,OVL-C0113,dead-OVL-C0013,24,"[25, 41, 44, 48, 73, 216, 318, 319, 321, 386, 458, 499, 558, 565, 618, 672, 679, 684, 704, 723, 758, 844, 918, 956]"
overlap,1,days_10.31_30.94,891106,2673318,13,OVL-C0114,dead-OVL-C0017,6,"[180, 215, 217, 727, 829, 958]"
overlap,1,days_10.31_30.94,891106,2673318,14,OVL-C0115,dead-OVL-C0016,6,"[379, 488, 495, 568, 774, 947]"
overlap,1,days_10.31_30.94,891106,2673318,15,OVL-C0116,dead-OVL-C0116,5,"[332, 435, 448, 500, 782]"
overlap,1,days_10.31_30.94,891106,2673318,16,OVL-C0117,dead-OVL-C0117,4,"[115, 397, 671, 975]"
overlap,2,days_20.63_41.25,1782212,3564424,0,OVL-C0201,dead-OVL-C0201,86,"[38, 53, 65, 75, 83, 86, 90, 91, 95, 115, 120, 137, 146, 152, 157, 185, 191, 193, 218, 220, 229, 233, 235, 242, 248, 253, 306, 307, 325, 326, 332, 334, 374, 397, 400, 435, 443, 448, 452, 466, 476, 483, 500, 501, 523, 533, 539, 546, 550, 607, 609, 612, 613, 626, 627, 633, 659, 660, 662, 671, 687, 692, 703, 714, 736, 742, 746, 752, 769, 771, 772, 775, 776, 782, 784, 807, 822, 830, 834, 836, 863, 890, 923, 930, 975, 993]"
overlap,2,days_20.63_41.25,1782212,3564424,1,OVL-C0202,dead-OVL-C0004,82,"[5, 10, 13, 14, 16, 29, 32, 105, 118, 131, 153, 161, 170, 173, 192, 199, 208, 226, 236, 239, 270, 273, 308, 327, 335, 341, 359, 381, 385, 418, 437, 440, 464, 468, 491, 497, 506, 508, 532, 537, 541, 553, 576, 639, 644, 653, 654, 657, 664, 669, 670, 682, 688, 702, 711, 719, 738, 739, 745, 747, 761, 783, 791, 804, 808, 837, 843, 850, 881, 911, 921, 924, 945, 951, 969, 977, 979, 983, 985, 996, 1001, 1004]"
overlap,2,days_20.63_41.25,1782212,3564424,2,OVL-C0203,c09,65,"[2, 30, 45, 52, 66, 77, 104, 111, 112, 126, 133, 166, 168, 209, 227, 232, 240, 256, 260, 267, 294, 305, 313, 356, 389, 392, 416, 439, 441, 447, 459, 465, 472, 516, 517, 528, 549, 557, 564, 573, 575, 586, 602, 648, 674, 694, 700, 743, 759, 762, 765, 787, 790, 803, 812, 845, 859, 867, 868, 885, 889, 901, 912, 944, 984]"
overlap,2,days_20.63_41.25,1782212,3564424,3,OVL-C0204,dead-OVL-C0204,61,"[17, 27, 58, 72, 122, 136, 142, 143, 147, 151, 159, 171, 196, 200, 214, 230, 255, 277, 278, 283, 285, 290, 302, 316, 347, 362, 383, 428, 438, 479, 543, 544, 577, 585, 589, 590, 647, 686, 715, 748, 796, 798, 818, 835, 838, 841, 852, 857, 865, 909, 915, 922, 926, 931, 933, 935, 940, 952, 966, 971, 972]"
overlap,2,days_20.63_41.25,1782212,3564424,4,OVL-C0205,dead-OVL-C0002,61,"[42, 46, 50, 64, 84, 96, 102, 103, 106, 125, 139, 154, 164, 174, 206, 223, 299, 303, 310, 320, 322, 323, 324, 337, 343, 368, 388, 395, 399, 402, 420, 460, 477, 487, 505, 509, 510, 514, 524, 534, 548, 562, 591, 603, 622, 634, 638, 663, 676, 706, 740, 780, 788, 828, 832, 853, 879, 893, 898, 939, 950]"
overlap,2,days_20.63_41.25,1782212,3564424,5,OVL-C0206,dead-OVL-C0001,51,"[31, 62, 98, 107, 113, 117, 124, 134, 150, 165, 186, 201, 250, 268, 291, 369, 394, 401, 415, 429, 444, 454, 462, 485, 513, 515, 535, 542, 551, 556, 566, 592, 594, 646, 683, 707, 713, 722, 763, 770, 810, 821, 823, 833, 854, 880, 886, 927, 948, 990, 1003]"
overlap,2,days_20.63_41.25,1782212,3564424,6,OVL-C0207,dead-OVL-C0005,45,"[8, 19, 61, 101, 114, 127, 144, 145, 149, 158, 175, 184, 189, 246, 275, 281, 293, 365, 377, 393, 410, 423, 436, 446, 457, 467, 522, 650, 652, 708, 716, 718, 724, 732, 737, 754, 777, 802, 849, 866, 883, 904, 905, 907, 980]"
overlap,2,days_20.63_41.25,1782212,3564424,7,OVL-C0208,c05,40,"[28, 34, 56, 68, 197, 231, 245, 251, 264, 269, 311, 329, 338, 361, 364, 427, 432, 433, 511, 531, 540, 582, 588, 624, 641, 690, 697, 698, 764, 773, 809, 840, 855, 872, 873, 925, 955, 987, 994, 997]"
overlap,2,days_20.63_41.25,1782212,3564424,8,OVL-C0209,dead-OVL-C0011,35,"[35, 67, 92, 141, 167, 188, 207, 241, 257, 301, 344, 373, 421, 424, 431, 469, 512, 547, 552, 563, 614, 709, 779, 795, 817, 824, 847, 851, 858, 953, 954, 957, 963, 978, 988]"
overlap,2,days_20.63_41.25,1782212,3564424,9,OVL-C0210,dead-OVL-C0210,29,"[26, 40, 60, 71, 187, 195, 198, 272, 372, 379, 380, 398, 404, 450, 488, 495, 568, 572, 595, 596, 678, 695, 696, 712, 774, 900, 910, 934, 947]"
overlap,2,days_20.63_41.25,1782212,3564424,10,OVL-C0211,dead-OVL-C0111,28,"[4, 12, 15, 82, 135, 176, 284, 292, 304, 317, 370, 371, 405, 406, 422, 456, 581, 584, 587, 617, 628, 680, 720, 731, 870, 936, 942, 995]"
overlap,2,days_20.63_41.25,1782212,3564424,11,OVL-C0212,dead-OVL-C0010,27,"[24, 87, 160, 181, 190, 202, 274, 280, 353, 360, 408, 414, 493, 526, 530, 561, 629, 630, 631, 643, 656, 658, 685, 846, 891, 894, 920]"
overlap,2,days_20.63_41.25,1782212,3564424,12,OVL-C0213,dead-OVL-C0013,25,"[25, 41, 44, 48, 73, 216, 318, 319, 321, 386, 434, 458, 499, 558, 565, 618, 672, 679, 684, 704, 723, 758, 844, 918, 956]"
overlap,2,days_20.63_41.25,1782212,3564424,13,OVL-C0214,dead-OVL-C0012,23,"[0, 6, 78, 228, 249, 295, 333, 409, 470, 482, 502, 538, 569, 580, 599, 605, 693, 710, 749, 789, 862, 976, 991]"
overlap,2,days_20.63_41.25,1782212,3564424,14,OVL-C0215,dead-OVL-C0017,4,"[180, 215, 727, 958]"
overlap,3,days_30.94_51.57,2673318,4455529,0,OVL-C0301,dead-OVL-C0201,96,"[39, 53, 64, 65, 72, 75, 116, 120, 143, 151, 157, 159, 185, 193, 209, 214, 218, 220, 229, 233, 235, 239, 242, 243, 248, 253, 278, 283, 290, 307, 317, 332, 334, 362, 383, 397, 435, 441, 448, 449, 452, 462, 476, 483, 500, 501, 523, 528, 534, 539, 544, 546, 550, 566, 580, 589, 591, 607, 609, 612, 613, 627, 633, 637, 660, 671, 687, 692, 714, 736, 746, 752, 769, 772, 775, 782, 787, 798, 801, 830, 833, 835, 836, 841, 852, 865, 867, 875, 890, 922, 923, 935, 940, 975, 983, 993]"
overlap,3,days_30.94_51.57,2673318,4455529,1,OVL-C0302,dead-OVL-C0005,83,"[5, 10, 19, 29, 59, 61, 78, 101, 107, 114, 118, 122, 127, 149, 158, 175, 181, 184, 189, 192, 201, 226, 236, 246, 275, 281, 293, 319, 320, 327, 335, 359, 365, 372, 377, 381, 393, 398, 404, 410, 423, 440, 457, 461, 464, 468, 473, 479, 491, 522, 537, 553, 563, 595, 652, 664, 670, 681, 688, 708, 711, 716, 718, 724, 737, 754, 777, 808, 810, 849, 858, 866, 883, 898, 904, 905, 907, 916, 934, 969, 980, 985, 991]"
overlap,3,days_30.94_51.57,2673318,4455529,2,OVL-C0303,dead-OVL-C0004,69,"[2, 13, 14, 16, 91, 105, 119, 131, 132, 153, 173, 180, 199, 208, 215, 270, 273, 308, 331, 396, 418, 437, 465, 497, 506, 508, 516, 519, 532, 541, 576, 639, 644, 650, 653, 654, 657, 682, 686, 700, 702, 719, 727, 738, 745, 747, 761, 783, 790, 796, 804, 812, 829, 837, 842, 850, 881, 901, 911, 921, 924, 945, 951, 967, 977, 979, 996, 1001, 1004]"
overlap,3,days_30.94_51.57,2673318,4455529,3,OVL-C0304,dead-OVL-C0002,63,"[1, 38, 42, 46, 50, 69, 84, 96, 97, 102, 103, 106, 125, 139, 154, 164, 174, 206, 223, 299, 303, 309, 310, 322, 323, 324, 337, 343, 368, 388, 395, 399, 402, 420, 474, 477, 487, 505, 509, 510, 514, 524, 548, 559, 562, 603, 622, 634, 638, 663, 676, 706, 735, 740, 780, 788, 822, 828, 832, 853, 879, 939, 950]"
overlap,3,days_30.94_51.57,2673318,4455529,4,OVL-C0305,dead-OVL-C0011,56,"[8, 17, 31, 35, 67, 92, 136, 141, 142, 144, 165, 167, 188, 200, 207, 241, 274, 301, 302, 316, 344, 373, 374, 391, 421, 424, 428, 431, 469, 512, 543, 547, 552, 614, 647, 678, 683, 696, 709, 795, 817, 824, 838, 847, 851, 857, 915, 952, 953, 954, 957, 963, 971, 978, 988, 990]"
overlap,3,days_30.94_51.57,2673318,4455529,5,OVL-C0306,c09,47,"[23, 30, 52, 77, 104, 111, 112, 126, 133, 166, 168, 232, 240, 256, 260, 267, 276, 294, 305, 313, 356, 392, 416, 439, 447, 459, 472, 517, 557, 564, 573, 575, 586, 602, 648, 674, 743, 759, 762, 765, 803, 859, 868, 885, 912, 944, 984]"
overlap,3,days_30.94_51.57,2673318,4455529,6,OVL-C0307,dead-OVL-C0001,45,"[62, 90, 98, 113, 117, 124, 134, 150, 186, 191, 195, 196, 250, 264, 268, 291, 369, 401, 415, 429, 444, 454, 485, 513, 515, 535, 542, 551, 556, 592, 646, 707, 713, 722, 770, 794, 821, 823, 843, 854, 880, 886, 927, 948, 1003]"
overlap,3,days_30.94_51.57,2673318,4455529,7,OVL-C0308,dead-OVL-C0210,44,"[26, 40, 60, 83, 86, 137, 152, 161, 187, 194, 198, 254, 272, 285, 306, 379, 380, 394, 443, 450, 466, 488, 495, 533, 568, 571, 572, 596, 659, 662, 695, 703, 712, 742, 771, 774, 776, 784, 802, 807, 863, 900, 910, 947]"
overlap,3,days_30.94_51.57,2673318,4455529,8,OVL-C0309,c05,42,"[28, 34, 56, 68, 95, 231, 245, 251, 257, 311, 329, 338, 361, 364, 427, 432, 433, 511, 531, 540, 582, 588, 624, 641, 690, 697, 698, 734, 764, 773, 789, 809, 819, 840, 855, 872, 873, 925, 955, 987, 994, 997]"
overlap,3,days_30.94_51.57,2673318,4455529,9,OVL-C0310,dead-OVL-C0111,31,"[4, 12, 15, 82, 135, 146, 284, 292, 304, 326, 341, 371, 405, 406, 422, 520, 549, 581, 584, 587, 594, 617, 628, 680, 701, 720, 731, 834, 870, 930, 942]"
overlap,3,days_30.94_51.57,2673318,4455529,10,OVL-C0311,dead-OVL-C0311,28,"[27, 45, 58, 66, 147, 171, 227, 230, 277, 347, 438, 456, 478, 577, 585, 590, 626, 715, 748, 818, 909, 926, 931, 933, 936, 966, 972, 986]"
overlap,3,days_30.94_51.57,2673318,4455529,11,OVL-C0312,dead-OVL-C0012,26,"[0, 6, 32, 170, 197, 228, 249, 295, 333, 409, 470, 482, 502, 538, 569, 599, 605, 669, 693, 710, 732, 739, 749, 791, 862, 976]"
overlap,3,days_30.94_51.57,2673318,4455529,12,OVL-C0313,dead-OVL-C0010,25,"[24, 87, 148, 160, 190, 202, 280, 353, 360, 414, 493, 526, 530, 561, 629, 630, 631, 643, 656, 658, 685, 846, 891, 894, 920]"
overlap,3,days_30.94_51.57,2673318,4455529,13,OVL-C0314,dead-OVL-C0013,24,"[25, 41, 48, 73, 216, 318, 321, 366, 434, 458, 481, 499, 558, 565, 618, 672, 679, 684, 704, 723, 758, 844, 918, 956]"
overlap,4,days_41.25_61.88,3564424,5346635,0,OVL-C0401,dead-OVL-C0201,77,"[49, 64, 65, 75, 116, 143, 146, 148, 150, 151, 159, 181, 185, 191, 214, 220, 229, 233, 235, 243, 248, 253, 290, 307, 317, 326, 334, 362, 383, 397, 415, 441, 449, 462, 471, 483, 528, 534, 544, 546, 550, 566, 578, 580, 589, 591, 607, 613, 661, 670, 671, 687, 692, 714, 736, 746, 749, 752, 769, 775, 798, 830, 833, 836, 841, 852, 865, 867, 890, 910, 920, 922, 930, 935, 940, 975, 993]"
overlap,4,days_41.25_61.88,3564424,5346635,1,OVL-C0402,dead-OVL-C0005,69,"[5, 16, 19, 32, 59, 61, 71, 101, 105, 114, 127, 149, 153, 175, 184, 189, 201, 208, 236, 246, 275, 293, 331, 365, 372, 377, 393, 404, 410, 411, 418, 423, 440, 457, 461, 491, 497, 522, 537, 563, 595, 616, 652, 681, 708, 711, 716, 718, 724, 737, 754, 777, 779, 791, 843, 849, 858, 866, 883, 904, 907, 934, 969, 970, 977, 980, 991, 1001, 1004]"
overlap,4,days_41.25_61.88,3564424,5346635,2,OVL-C0403,dead-OVL-C0002,67,"[1, 38, 42, 46, 69, 84, 91, 96, 102, 103, 106, 125, 132, 139, 154, 164, 174, 206, 223, 299, 303, 309, 310, 320, 322, 323, 324, 337, 343, 368, 388, 395, 399, 402, 420, 460, 474, 477, 487, 505, 509, 510, 514, 524, 548, 549, 559, 603, 612, 622, 634, 638, 649, 663, 676, 701, 735, 740, 780, 788, 822, 828, 832, 853, 879, 939, 950]"
overlap,4,days_41.25_61.88,3564424,5346635,3,OVL-C0404,dead-OVL-C0011,54,"[17, 31, 35, 67, 92, 122, 136, 141, 142, 165, 167, 188, 200, 207, 241, 257, 301, 302, 316, 344, 374, 408, 421, 424, 428, 469, 512, 543, 547, 552, 614, 640, 645, 647, 678, 696, 709, 795, 817, 824, 838, 847, 851, 857, 915, 952, 953, 954, 957, 963, 971, 978, 988, 990]"
overlap,4,days_41.25_61.88,3564424,5346635,4,OVL-C0405,dead-OVL-C0004,51,"[13, 14, 29, 39, 131, 158, 173, 197, 199, 226, 270, 327, 381, 396, 437, 442, 476, 506, 508, 516, 532, 541, 576, 644, 650, 653, 654, 657, 682, 702, 719, 738, 745, 747, 761, 783, 796, 804, 837, 842, 850, 875, 881, 921, 923, 924, 945, 951, 967, 979, 996]"
overlap,4,days_41.25_61.88,3564424,5346635,5,OVL-C0406,c09,50,"[9, 23, 30, 52, 77, 104, 112, 126, 133, 166, 168, 209, 232, 240, 256, 260, 267, 276, 294, 305, 313, 356, 392, 416, 439, 447, 459, 472, 479, 517, 556, 557, 564, 573, 575, 586, 602, 648, 674, 743, 759, 762, 765, 803, 859, 868, 885, 912, 944, 984]"
overlap,4,days_41.25_61.88,3564424,5346635,6,OVL-C0407,dead-OVL-C0210,48,"[26, 40, 60, 83, 86, 137, 152, 161, 187, 194, 198, 203, 254, 272, 273, 306, 379, 380, 394, 398, 443, 450, 466, 488, 495, 523, 568, 571, 572, 596, 659, 660, 662, 695, 703, 712, 742, 771, 774, 776, 784, 802, 807, 835, 863, 900, 901, 947]"
overlap,4,days_41.25_61.88,3564424,5346635,7,OVL-C0408,dead-OVL-C0408,42,"[53, 72, 98, 107, 117, 118, 120, 134, 193, 239, 268, 278, 291, 297, 335, 401, 429, 454, 464, 468, 473, 553, 592, 609, 633, 637, 664, 683, 706, 707, 713, 772, 801, 808, 810, 880, 898, 916, 948, 983, 985, 1003]"
overlap,4,days_41.25_61.88,3564424,5346635,8,OVL-C0409,dead-OVL-C0111,39,"[4, 8, 12, 15, 34, 82, 97, 135, 170, 284, 292, 304, 341, 371, 405, 406, 422, 456, 520, 527, 581, 584, 587, 594, 617, 626, 628, 680, 697, 720, 731, 834, 855, 870, 925, 936, 942, 973, 997]"
overlap,4,days_41.25_61.88,3564424,5346635,9,OVL-C0410,c05,37,"[28, 56, 68, 95, 231, 245, 251, 264, 311, 329, 338, 361, 364, 375, 427, 432, 433, 511, 531, 540, 582, 588, 624, 641, 669, 698, 734, 764, 773, 809, 819, 840, 872, 873, 955, 987, 994]"
overlap,4,days_41.25_61.88,3564424,5346635,10,OVL-C0411,dead-OVL-C0001,33,"[2, 62, 90, 113, 119, 124, 186, 196, 250, 369, 444, 465, 485, 513, 515, 519, 535, 542, 551, 585, 646, 700, 705, 722, 770, 790, 794, 812, 821, 823, 854, 886, 927]"
overlap,4,days_41.25_61.88,3564424,5346635,11,OVL-C0412,dead-OVL-C0010,28,"[24, 160, 190, 202, 274, 280, 281, 353, 360, 373, 391, 414, 493, 526, 530, 561, 629, 630, 631, 643, 656, 658, 685, 739, 846, 891, 894, 905]"
overlap,4,days_41.25_61.88,3564424,5346635,12,OVL-C0413,dead-OVL-C0311,27,"[27, 58, 147, 157, 171, 230, 255, 277, 285, 308, 347, 355, 438, 478, 577, 590, 686, 715, 748, 818, 877, 909, 926, 931, 933, 966, 972]"
overlap,4,days_41.25_61.88,3564424,5346635,13,OVL-C0414,dead-OVL-C0013,25,"[25, 41, 48, 73, 216, 318, 319, 321, 366, 434, 458, 481, 499, 558, 565, 618, 672, 679, 684, 704, 723, 758, 844, 918, 956]"
overlap,4,days_41.25_61.88,3564424,5346635,14,OVL-C0415,dead-OVL-C0012,24,"[0, 6, 78, 228, 249, 295, 333, 409, 470, 482, 502, 538, 569, 599, 605, 606, 688, 693, 710, 732, 767, 789, 862, 976]"
overlap,4,days_41.25_61.88,3564424,5346635,15,OVL-C0416,dead-OVL-C0416,9,"[45, 66, 227, 332, 435, 475, 500, 782, 986]"
overlap,4,days_41.25_61.88,3564424,5346635,16,OVL-C0417,dead-OVL-C0417,7,"[180, 192, 215, 217, 639, 727, 829]"
overlap,5,days_51.57_72.20,4455529,6237741,0,OVL-C0501,dead-OVL-C0210,89,"[11, 40, 49, 53, 60, 65, 71, 75, 83, 86, 91, 105, 127, 151, 152, 187, 193, 195, 198, 203, 220, 229, 235, 239, 242, 248, 254, 259, 272, 273, 306, 334, 372, 374, 379, 380, 397, 398, 400, 404, 443, 450, 452, 466, 471, 483, 488, 495, 546, 568, 572, 585, 595, 596, 597, 607, 616, 619, 659, 660, 661, 662, 687, 695, 701, 703, 712, 714, 732, 742, 749, 769, 771, 772, 774, 776, 784, 798, 802, 834, 835, 863, 890, 900, 901, 934, 947, 975, 993]"
overlap,5,days_51.57_72.20,4455529,6237741,1,OVL-C0502,dead-OVL-C0005,78,"[0, 6, 19, 32, 61, 78, 101, 103, 114, 153, 158, 181, 184, 189, 208, 228, 236, 243, 246, 249, 293, 295, 320, 333, 359, 365, 373, 377, 393, 395, 407, 409, 411, 418, 423, 457, 470, 482, 491, 497, 502, 514, 537, 538, 569, 599, 605, 606, 652, 681, 693, 708, 710, 716, 718, 724, 754, 767, 777, 779, 789, 791, 793, 843, 858, 862, 866, 876, 883, 904, 907, 969, 976, 977, 980, 991, 1001, 1004]"
overlap,5,days_51.57_72.20,4455529,6237741,2,OVL-C0503,dead-OVL-C0004,56,"[10, 13, 14, 16, 29, 131, 173, 186, 197, 199, 226, 252, 270, 325, 327, 381, 410, 437, 442, 449, 506, 508, 516, 532, 541, 576, 644, 650, 653, 654, 657, 670, 682, 688, 702, 719, 738, 745, 747, 761, 783, 796, 804, 808, 828, 837, 842, 850, 881, 921, 923, 924, 945, 970, 979, 996]"
overlap,5,days_51.57_72.20,4455529,6237741,3,OVL-C0504,dead-OVL-C0011,55,"[17, 31, 35, 67, 92, 122, 136, 141, 142, 165, 167, 188, 200, 207, 241, 257, 301, 302, 316, 344, 389, 421, 424, 428, 469, 512, 543, 547, 552, 614, 640, 645, 647, 678, 683, 696, 709, 795, 817, 824, 831, 838, 847, 851, 857, 915, 952, 953, 954, 957, 963, 971, 978, 988, 990]"
overlap,5,days_51.57_72.20,4455529,6237741,4,OVL-C0505,dead-OVL-C0002,54,"[1, 46, 64, 69, 96, 102, 106, 125, 132, 139, 154, 164, 174, 206, 223, 299, 303, 310, 322, 323, 324, 337, 343, 368, 388, 399, 402, 420, 477, 487, 505, 509, 510, 524, 534, 548, 550, 603, 612, 622, 634, 638, 649, 663, 676, 706, 735, 780, 788, 822, 853, 879, 939, 950]"
overlap,5,days_51.57_72.20,4455529,6237741,5,OVL-C0506,c09,50,"[9, 30, 52, 77, 104, 112, 126, 133, 161, 166, 168, 185, 209, 232, 256, 260, 267, 294, 305, 313, 356, 392, 416, 439, 447, 459, 462, 472, 479, 517, 556, 557, 564, 573, 575, 586, 602, 648, 674, 743, 759, 762, 765, 803, 833, 859, 868, 912, 944, 984]"
overlap,5,days_51.57_72.20,4455529,6237741,6,OVL-C0507,dead-OVL-C0311,48,"[27, 116, 143, 147, 157, 159, 171, 214, 221, 230, 233, 253, 255, 277, 285, 290, 307, 308, 330, 347, 355, 544, 563, 566, 577, 578, 590, 591, 671, 686, 692, 715, 740, 746, 748, 775, 841, 852, 877, 910, 926, 931, 933, 935, 940, 966, 972, 983]"
overlap,5,days_51.57_72.20,4455529,6237741,7,OVL-C0508,c05,47,"[28, 34, 56, 68, 95, 170, 231, 245, 251, 264, 311, 329, 338, 361, 364, 375, 427, 432, 433, 511, 531, 540, 580, 582, 588, 624, 626, 641, 669, 697, 698, 736, 764, 773, 809, 830, 836, 840, 849, 855, 872, 873, 925, 955, 987, 994, 997]"
overlap,5,days_51.57_72.20,4455529,6237741,8,OVL-C0509,dead-OVL-C0408,45,"[5, 36, 98, 107, 117, 118, 120, 134, 146, 150, 175, 196, 268, 275, 278, 291, 297, 326, 335, 401, 415, 429, 440, 454, 464, 468, 553, 587, 592, 609, 613, 633, 664, 707, 713, 737, 807, 810, 880, 898, 916, 948, 951, 985, 1003]"
overlap,5,days_51.57_72.20,4455529,6237741,9,OVL-C0510,dead-OVL-C0001,42,"[2, 45, 62, 66, 113, 119, 124, 149, 191, 227, 250, 332, 369, 394, 435, 444, 465, 475, 485, 500, 513, 515, 519, 528, 535, 542, 551, 646, 700, 705, 722, 752, 763, 770, 782, 790, 812, 821, 823, 854, 886, 927]"
overlap,5,days_51.57_72.20,4455529,6237741,10,OVL-C0511,dead-OVL-C0013,36,"[25, 41, 48, 58, 73, 176, 216, 318, 319, 321, 362, 366, 383, 434, 438, 458, 481, 499, 558, 565, 589, 618, 672, 679, 684, 704, 723, 753, 758, 818, 844, 887, 909, 918, 922, 956]"
overlap,5,days_51.57_72.20,4455529,6237741,11,OVL-C0512,dead-OVL-C0010,34,"[24, 87, 90, 160, 190, 201, 202, 274, 280, 281, 353, 360, 391, 408, 414, 493, 526, 530, 561, 629, 630, 631, 643, 656, 658, 685, 739, 846, 865, 885, 891, 894, 905, 920]"
overlap,5,days_51.57_72.20,4455529,6237741,12,OVL-C0513,dead-OVL-C0111,31,"[4, 12, 15, 38, 82, 97, 135, 137, 284, 292, 304, 309, 371, 405, 406, 422, 456, 460, 527, 581, 584, 617, 628, 680, 720, 731, 832, 870, 936, 942, 973]"
overlap,5,days_51.57_72.20,4455529,6237741,13,OVL-C0514,dead-OVL-C0417,6,"[180, 192, 215, 217, 639, 815]"
overlap,6,days_61.88_82.51,5346635,7128847,0,OVL-C0601,dead-OVL-C0002,87,"[1, 11, 38, 42, 46, 49, 56, 64, 69, 84, 96, 102, 106, 125, 132, 139, 154, 164, 174, 206, 221, 223, 248, 299, 303, 309, 310, 322, 323, 324, 334, 337, 343, 368, 378, 388, 395, 399, 402, 420, 460, 477, 487, 489, 505, 509, 510, 514, 524, 534, 548, 550, 562, 591, 593, 603, 607, 612, 619, 622, 634, 638, 649, 663, 676, 678, 687, 692, 696, 735, 740, 746, 775, 776, 780, 788, 822, 828, 832, 834, 836, 853, 879, 893, 935, 939, 950]"
overlap,6,days_61.88_82.51,5346635,7128847,1,OVL-C0602,dead-OVL-C0602,78,"[31, 36, 58, 65, 67, 75, 90, 91, 98, 107, 113, 117, 120, 127, 134, 146, 150, 165, 191, 196, 201, 205, 220, 239, 250, 257, 259, 268, 278, 291, 326, 327, 330, 344, 369, 381, 401, 415, 429, 444, 449, 454, 471, 513, 523, 528, 535, 546, 551, 553, 577, 592, 609, 660, 683, 707, 713, 722, 739, 749, 763, 770, 772, 807, 819, 823, 841, 843, 850, 880, 886, 907, 909, 927, 931, 948, 963, 1003]"
overlap,6,days_61.88_82.51,5346635,7128847,2,OVL-C0603,c09,69,"[2, 30, 45, 52, 66, 77, 111, 119, 124, 126, 133, 161, 166, 168, 176, 185, 208, 209, 219, 227, 232, 236, 256, 260, 264, 283, 294, 305, 313, 318, 332, 356, 416, 435, 439, 447, 448, 465, 472, 500, 515, 537, 556, 557, 573, 575, 586, 602, 652, 684, 690, 699, 704, 743, 752, 762, 782, 790, 812, 817, 854, 859, 868, 885, 887, 912, 983, 984, 986]"
overlap,6,days_61.88_82.51,5346635,7128847,3,OVL-C0604,dead-OVL-C0005,63,"[5, 61, 101, 103, 114, 149, 153, 158, 175, 181, 184, 189, 243, 246, 251, 275, 293, 320, 365, 377, 393, 407, 410, 418, 423, 457, 464, 479, 491, 497, 522, 613, 643, 664, 681, 685, 688, 708, 710, 711, 716, 718, 724, 737, 754, 777, 779, 793, 796, 849, 861, 866, 876, 883, 896, 898, 904, 921, 969, 977, 980, 1001, 1004]"
overlap,6,days_61.88_82.51,5346635,7128847,4,OVL-C0605,dead-OVL-C0210,58,"[34, 40, 53, 83, 86, 95, 105, 137, 152, 187, 193, 229, 233, 235, 242, 272, 306, 317, 329, 364, 374, 379, 380, 398, 400, 443, 450, 466, 495, 544, 568, 572, 596, 597, 616, 624, 633, 659, 662, 695, 703, 712, 714, 742, 769, 771, 774, 784, 798, 802, 835, 863, 890, 900, 901, 947, 993, 997]"
overlap,6,days_61.88_82.51,5346635,7128847,5,OVL-C0606,dead-OVL-C0004,49,"[10, 13, 14, 16, 118, 131, 173, 186, 197, 199, 252, 270, 325, 335, 396, 397, 437, 440, 506, 508, 516, 532, 541, 576, 644, 650, 653, 654, 657, 670, 671, 682, 686, 702, 719, 738, 745, 747, 761, 783, 804, 837, 842, 881, 924, 945, 975, 979, 996]"
overlap,6,days_61.88_82.51,5346635,7128847,6,OVL-C0607,dead-OVL-C0010,49,"[17, 24, 87, 92, 122, 136, 142, 160, 190, 200, 202, 267, 274, 277, 280, 281, 302, 316, 353, 360, 408, 414, 428, 493, 526, 530, 543, 561, 629, 630, 631, 647, 656, 658, 700, 831, 838, 846, 847, 857, 891, 894, 915, 920, 944, 952, 953, 971, 990]"
overlap,6,days_61.88_82.51,5346635,7128847,7,OVL-C0608,dead-OVL-C0311,46,"[27, 62, 71, 104, 116, 147, 151, 157, 159, 171, 195, 214, 230, 253, 273, 285, 290, 308, 347, 372, 394, 404, 452, 485, 542, 566, 578, 590, 595, 646, 648, 673, 706, 715, 748, 765, 852, 865, 923, 926, 933, 934, 940, 951, 966, 972]"
overlap,6,days_61.88_82.51,5346635,7128847,8,OVL-C0609,dead-OVL-C0111,31,"[4, 8, 12, 15, 82, 97, 135, 284, 292, 371, 405, 406, 422, 456, 462, 527, 563, 581, 584, 585, 587, 617, 628, 680, 720, 731, 833, 870, 922, 936, 942]"
overlap,6,days_61.88_82.51,5346635,7128847,9,OVL-C0610,dead-OVL-C0610,29,"[0, 6, 29, 32, 78, 143, 226, 228, 249, 295, 333, 339, 359, 409, 470, 482, 502, 538, 569, 599, 605, 693, 732, 767, 789, 808, 862, 976, 991]"
overlap,6,days_61.88_82.51,5346635,7128847,10,OVL-C0611,c05,28,"[170, 231, 245, 311, 338, 361, 427, 433, 531, 540, 582, 626, 697, 698, 736, 764, 773, 809, 810, 830, 840, 855, 873, 910, 925, 955, 987, 994]"
overlap,6,days_61.88_82.51,5346635,7128847,11,OVL-C0612,dead-OVL-C0013,22,"[25, 41, 48, 73, 216, 319, 321, 362, 383, 458, 499, 558, 565, 618, 679, 723, 753, 758, 844, 918, 956, 1002]"
overlap,6,days_61.88_82.51,5346635,7128847,12,OVL-C0613,dead-OVL-C0613,22,"[35, 141, 167, 188, 207, 241, 301, 421, 424, 469, 512, 547, 552, 614, 645, 795, 851, 858, 954, 957, 978, 988]"
overlap,6,days_61.88_82.51,5346635,7128847,13,OVL-C0614,dead-OVL-C0614,6,"[112, 392, 459, 517, 674, 803]"
overlap,7,days_72.20_92.82,6237741,8019953,0,OVL-C0701,dead-OVL-C0210,78,"[40, 60, 71, 79, 83, 86, 137, 152, 161, 176, 187, 203, 205, 221, 229, 233, 239, 254, 272, 277, 285, 292, 306, 317, 362, 372, 374, 379, 380, 383, 394, 398, 400, 404, 443, 450, 453, 466, 488, 495, 528, 550, 568, 571, 572, 589, 595, 596, 626, 659, 660, 662, 692, 695, 712, 739, 742, 746, 769, 771, 775, 776, 784, 798, 802, 830, 834, 835, 836, 863, 887, 900, 901, 909, 922, 934, 935, 993]"
overlap,7,days_72.20_92.82,6237741,8019953,1,OVL-C0702,dead-OVL-C0004,72,"[5, 13, 14, 16, 29, 49, 90, 107, 114, 131, 138, 158, 173, 175, 192, 197, 199, 201, 248, 257, 270, 275, 327, 335, 364, 381, 396, 410, 437, 440, 461, 479, 491, 506, 508, 516, 523, 532, 541, 553, 576, 613, 644, 650, 653, 654, 657, 664, 670, 682, 688, 702, 719, 737, 738, 745, 747, 761, 783, 796, 804, 808, 837, 841, 849, 850, 881, 921, 924, 945, 979, 996]"
overlap,7,days_72.20_92.82,6237741,8019953,2,OVL-C0703,dead-OVL-C0002,68,"[1, 38, 42, 46, 64, 69, 84, 96, 97, 102, 103, 106, 125, 132, 139, 154, 164, 174, 206, 223, 299, 303, 309, 310, 322, 323, 324, 337, 343, 368, 378, 388, 395, 399, 402, 420, 477, 487, 489, 505, 509, 510, 514, 524, 534, 548, 562, 591, 603, 622, 634, 638, 649, 663, 676, 706, 735, 740, 780, 788, 822, 828, 832, 853, 879, 893, 939, 950]"
overlap,7,days_72.20_92.82,6237741,8019953,3,OVL-C0704,c09,59,"[30, 45, 52, 66, 74, 77, 104, 110, 111, 112, 120, 126, 133, 146, 166, 168, 209, 227, 232, 256, 260, 267, 294, 305, 313, 318, 326, 332, 356, 392, 416, 435, 439, 447, 448, 472, 500, 557, 573, 575, 586, 602, 648, 674, 699, 743, 752, 759, 765, 782, 803, 868, 885, 889, 912, 944, 948, 984, 986]"
overlap,7,days_72.20_92.82,6237741,8019953,4,OVL-C0705,dead-OVL-C0005,52,"[32, 61, 101, 105, 127, 143, 149, 153, 184, 189, 226, 246, 281, 293, 377, 393, 407, 418, 423, 457, 464, 473, 497, 522, 580, 593, 616, 643, 681, 685, 708, 711, 716, 718, 724, 754, 779, 791, 810, 843, 861, 866, 883, 896, 898, 904, 905, 969, 977, 980, 1001, 1004]"
overlap,7,days_72.20_92.82,6237741,8019953,5,OVL-C0706,dead-OVL-C0602,50,"[31, 62, 65, 75, 98, 113, 117, 124, 134, 150, 157, 165, 191, 196, 235, 250, 264, 268, 291, 369, 401, 415, 429, 444, 449, 454, 471, 485, 513, 515, 535, 542, 551, 592, 609, 646, 687, 707, 713, 722, 770, 772, 818, 819, 823, 854, 886, 890, 927, 1003]"
overlap,7,days_72.20_92.82,6237741,8019953,6,OVL-C0707,c05,42,"[28, 34, 56, 58, 68, 95, 170, 231, 242, 245, 251, 311, 329, 338, 361, 427, 432, 433, 468, 511, 531, 540, 582, 588, 624, 641, 697, 698, 736, 763, 764, 773, 809, 840, 855, 872, 873, 910, 925, 955, 987, 994]"
overlap,7,days_72.20_92.82,6237741,8019953,7,OVL-C0708,dead-OVL-C0111,34,"[4, 8, 12, 15, 82, 135, 185, 284, 304, 371, 405, 406, 422, 456, 462, 517, 549, 563, 581, 584, 585, 587, 617, 628, 680, 703, 720, 731, 762, 833, 870, 907, 936, 942]"
overlap,7,days_72.20_92.82,6237741,8019953,8,OVL-C0709,dead-OVL-C0709,33,"[11, 53, 91, 144, 151, 159, 193, 214, 220, 230, 253, 278, 290, 334, 359, 544, 566, 578, 607, 612, 633, 669, 678, 696, 714, 741, 749, 787, 852, 865, 880, 923, 940]"
overlap,7,days_72.20_92.82,6237741,8019953,9,OVL-C0710,dead-OVL-C0613,32,"[35, 67, 92, 141, 167, 188, 207, 241, 301, 344, 408, 421, 424, 431, 469, 512, 546, 547, 552, 614, 709, 795, 817, 847, 851, 858, 954, 957, 963, 978, 988, 990]"
overlap,7,days_72.20_92.82,6237741,8019953,10,OVL-C0711,dead-OVL-C0610,27,"[0, 6, 78, 118, 228, 249, 295, 333, 339, 365, 409, 470, 482, 502, 519, 538, 569, 599, 605, 693, 710, 732, 767, 789, 862, 976, 991]"
overlap,7,days_72.20_92.82,6237741,8019953,11,OVL-C0712,dead-OVL-C0010,25,"[24, 160, 181, 190, 274, 280, 353, 360, 373, 414, 493, 526, 530, 561, 629, 630, 631, 647, 656, 658, 700, 838, 846, 891, 920]"
overlap,7,days_72.20_92.82,6237741,8019953,12,OVL-C0713,dead-OVL-C0013,22,"[25, 41, 48, 73, 216, 319, 321, 458, 499, 558, 565, 618, 672, 679, 684, 704, 723, 758, 844, 918, 956, 1002]"
overlap,7,days_72.20_92.82,6237741,8019953,13,OVL-C0714,dead-OVL-C0714,18,"[27, 147, 171, 273, 308, 341, 347, 577, 590, 673, 686, 715, 748, 926, 933, 951, 966, 972]"
overlap,7,days_72.20_92.82,6237741,8019953,14,OVL-C0715,dead-OVL-C0715,14,"[17, 122, 136, 142, 200, 302, 316, 428, 543, 857, 915, 952, 953, 971]"
overlap,7,days_72.20_92.82,6237741,8019953,15,OVL-C0716,dead-OVL-C0716,13,"[2, 119, 208, 236, 283, 465, 537, 661, 690, 790, 812, 814, 983]"
overlap,7,days_72.20_92.82,6237741,8019953,16,OVL-C0717,dead-OVL-C0717,4,"[180, 215, 639, 958]"
overlap,7,days_72.20_92.82,6237741,8019953,17,OVL-C0718,dead-OVL-C0718,3,"[397, 671, 975]"
overlap,8,days_82.51_103.14,7128847,8911059,0,OVL-C0801,dead-OVL-C0004,67,"[7, 13, 14, 16, 29, 49, 105, 122, 131, 138, 153, 158, 173, 185, 189, 192, 199, 226, 248, 270, 327, 335, 381, 410, 418, 437, 461, 462, 497, 506, 508, 516, 532, 541, 549, 576, 644, 650, 653, 654, 657, 670, 682, 702, 719, 724, 738, 745, 747, 761, 777, 783, 796, 833, 837, 850, 867, 881, 911, 921, 924, 969, 977, 979, 996, 1001, 1004]"
overlap,8,days_82.51_103.14,7128847,8911059,1,OVL-C0802,dead-OVL-C0802,65,"[32, 59, 61, 64, 79, 91, 102, 125, 127, 146, 154, 174, 197, 206, 221, 233, 243, 281, 320, 326, 377, 379, 407, 457, 464, 477, 488, 489, 495, 510, 522, 524, 534, 550, 568, 591, 597, 607, 622, 649, 665, 676, 681, 687, 692, 696, 708, 711, 716, 718, 729, 746, 754, 834, 843, 861, 866, 883, 896, 904, 905, 910, 935, 939, 980]"
overlap,8,days_82.51_103.14,7128847,8911059,2,OVL-C0803,dead-OVL-C0210,63,"[26, 40, 60, 71, 83, 86, 90, 152, 187, 203, 229, 254, 272, 277, 285, 306, 317, 325, 362, 372, 374, 380, 383, 394, 398, 400, 404, 443, 450, 453, 466, 483, 528, 571, 572, 589, 595, 596, 626, 659, 662, 678, 688, 695, 703, 712, 742, 763, 769, 771, 776, 784, 802, 830, 863, 885, 887, 900, 901, 922, 934, 946, 993]"
overlap,8,days_82.51_103.14,7128847,8911059,3,OVL-C0804,c09,63,"[30, 45, 58, 66, 74, 77, 104, 110, 111, 112, 120, 126, 133, 161, 166, 168, 209, 227, 232, 256, 260, 264, 267, 294, 305, 313, 356, 392, 416, 435, 439, 447, 459, 472, 479, 500, 505, 517, 523, 557, 564, 573, 575, 586, 602, 648, 655, 674, 699, 743, 759, 762, 765, 782, 803, 868, 889, 908, 909, 912, 944, 948, 984]"
overlap,8,days_82.51_103.14,7128847,8911059,4,OVL-C0805,dead-OVL-C0002,54,"[1, 42, 46, 69, 84, 96, 101, 103, 106, 114, 132, 139, 149, 164, 184, 223, 246, 299, 303, 309, 310, 322, 323, 337, 343, 368, 378, 388, 399, 402, 420, 423, 501, 509, 514, 548, 562, 634, 638, 663, 706, 710, 735, 740, 779, 780, 788, 822, 828, 832, 853, 879, 893, 950]"
overlap,8,days_82.51_103.14,7128847,8911059,5,OVL-C0806,c05,52,"[28, 34, 56, 68, 95, 176, 180, 215, 231, 242, 245, 251, 311, 329, 338, 361, 364, 427, 432, 433, 468, 511, 531, 540, 582, 588, 603, 624, 639, 641, 660, 697, 698, 727, 749, 764, 773, 809, 815, 836, 840, 855, 872, 873, 925, 951, 955, 958, 983, 987, 994, 995]"
overlap,8,days_82.51_103.14,7128847,8911059,6,OVL-C0807,dead-OVL-C0602,41,"[27, 62, 65, 113, 124, 147, 157, 171, 191, 250, 308, 347, 369, 444, 471, 485, 513, 515, 535, 542, 551, 556, 577, 590, 646, 686, 715, 722, 748, 752, 770, 775, 821, 823, 854, 886, 926, 927, 933, 966, 972]"
overlap,8,days_82.51_103.14,7128847,8911059,7,OVL-C0808,dead-OVL-C0709,38,"[8, 11, 53, 143, 144, 151, 159, 193, 205, 214, 220, 230, 239, 253, 278, 290, 324, 334, 359, 389, 397, 544, 566, 580, 633, 669, 671, 741, 787, 791, 835, 841, 852, 865, 882, 923, 940, 975]"
overlap,8,days_82.51_103.14,7128847,8911059,8,OVL-C0809,dead-OVL-C0809,36,"[31, 67, 75, 98, 107, 117, 134, 150, 165, 196, 201, 268, 291, 344, 401, 415, 429, 454, 553, 592, 609, 612, 613, 664, 707, 713, 772, 807, 810, 818, 880, 890, 963, 985, 997, 1003]"
overlap,8,days_82.51_103.14,7128847,8911059,9,OVL-C0810,dead-OVL-C0111,31,"[4, 12, 15, 82, 135, 137, 170, 284, 292, 304, 341, 371, 405, 406, 422, 456, 563, 581, 584, 587, 594, 617, 628, 680, 714, 720, 731, 739, 870, 936, 942]"
overlap,8,days_82.51_103.14,7128847,8911059,10,OVL-C0811,dead-OVL-C0610,30,"[0, 6, 78, 118, 228, 249, 293, 295, 333, 339, 365, 409, 470, 482, 502, 519, 538, 569, 599, 605, 606, 693, 732, 767, 789, 824, 858, 862, 976, 991]"
overlap,8,days_82.51_103.14,7128847,8911059,11,OVL-C0812,dead-OVL-C0613,29,"[35, 92, 141, 167, 188, 207, 241, 301, 408, 421, 424, 431, 469, 512, 546, 547, 552, 585, 614, 709, 795, 817, 847, 851, 954, 957, 978, 988, 990]"
overlap,8,days_82.51_103.14,7128847,8911059,12,OVL-C0813,dead-OVL-C0013,27,"[25, 41, 48, 73, 216, 318, 319, 321, 332, 434, 458, 481, 499, 539, 558, 565, 618, 672, 679, 684, 704, 723, 758, 844, 918, 956, 1002]"
overlap,8,days_82.51_103.14,7128847,8911059,13,OVL-C0814,dead-OVL-C0010,25,"[24, 160, 181, 190, 274, 280, 353, 360, 373, 414, 473, 493, 526, 530, 561, 629, 630, 631, 643, 656, 658, 685, 846, 891, 920]"
overlap,8,days_82.51_103.14,7128847,8911059,14,OVL-C0815,dead-OVL-C0716,17,"[2, 38, 52, 119, 208, 236, 283, 393, 440, 537, 652, 661, 700, 790, 812, 814, 907]"
overlap,8,days_82.51_103.14,7128847,8911059,15,OVL-C0816,dead-OVL-C0715,15,"[17, 136, 142, 200, 302, 316, 428, 543, 647, 838, 857, 915, 952, 953, 971]"
overlap,8,days_82.51_103.14,7128847,8911059,16,OVL-C0817,dead-OVL-C0817,9,"[5, 175, 275, 491, 690, 737, 808, 849, 898]"
overlap,9,days_92.82_113.45,8019953,9802165,0,OVL-C0901,dead-OVL-C0901,111,"[8, 11, 32, 53, 59, 61, 71, 75, 91, 114, 118, 127, 143, 149, 151, 159, 189, 193, 197, 198, 205, 214, 220, 221, 229, 230, 233, 243, 253, 265, 278, 281, 283, 290, 324, 325, 326, 334, 365, 372, 377, 379, 389, 397, 404, 407, 440, 453, 488, 495, 522, 544, 546, 550, 563, 566, 568, 580, 591, 593, 595, 607, 612, 633, 640, 665, 669, 671, 681, 687, 688, 692, 696, 708, 711, 716, 718, 729, 732, 736, 739, 746, 754, 763, 776, 779, 787, 791, 824, 830, 834, 835, 841, 843, 852, 853, 858, 865, 866, 882, 890, 904, 905, 916, 923, 934, 935, 940, 975, 991, 997]"
overlap,9,days_92.82_113.45,8019953,9802165,1,OVL-C0902,dead-OVL-C0002,81,"[1, 7, 38, 42, 46, 64, 69, 84, 96, 97, 101, 102, 103, 105, 106, 125, 132, 139, 153, 164, 184, 223, 246, 299, 303, 309, 310, 315, 317, 320, 322, 323, 331, 343, 368, 374, 378, 388, 393, 395, 402, 410, 418, 420, 423, 474, 477, 497, 501, 509, 510, 514, 534, 622, 634, 638, 649, 652, 663, 676, 706, 724, 735, 740, 777, 780, 788, 796, 828, 832, 842, 879, 907, 911, 939, 950, 969, 977, 996, 1001, 1004]"
overlap,9,days_92.82_113.45,8019953,9802165,2,OVL-C0903,c09,72,"[30, 45, 52, 58, 66, 74, 77, 104, 110, 111, 112, 120, 126, 133, 161, 166, 168, 186, 209, 227, 232, 256, 260, 264, 294, 305, 313, 318, 332, 356, 362, 383, 392, 416, 435, 439, 447, 459, 472, 478, 479, 500, 517, 523, 539, 549, 556, 557, 564, 573, 575, 586, 589, 602, 648, 655, 674, 699, 743, 759, 762, 765, 782, 803, 868, 887, 908, 909, 912, 946, 948, 984]"
overlap,9,days_92.82_113.45,8019953,9802165,3,OVL-C0904,dead-OVL-C0004,65,"[2, 5, 13, 14, 16, 29, 119, 122, 131, 173, 175, 192, 199, 248, 270, 275, 327, 381, 396, 437, 442, 457, 471, 483, 491, 506, 508, 516, 532, 541, 553, 576, 597, 644, 650, 653, 654, 657, 670, 682, 686, 690, 700, 702, 719, 737, 738, 745, 747, 761, 783, 790, 804, 808, 812, 837, 849, 850, 876, 881, 898, 921, 924, 979, 983]"
overlap,9,days_92.82_113.45,8019953,9802165,4,OVL-C0905,c05,47,"[28, 56, 68, 95, 176, 226, 231, 245, 251, 269, 311, 329, 338, 361, 364, 399, 427, 432, 433, 461, 482, 511, 531, 540, 582, 588, 606, 624, 641, 698, 749, 764, 773, 789, 809, 815, 819, 836, 840, 872, 873, 910, 925, 955, 987, 994, 995]"
overlap,9,days_92.82_113.45,8019953,9802165,5,OVL-C0906,dead-OVL-C0111,41,"[4, 12, 15, 34, 82, 135, 137, 170, 185, 284, 292, 337, 341, 371, 405, 406, 422, 441, 456, 462, 505, 548, 581, 584, 587, 594, 617, 628, 680, 697, 714, 720, 731, 769, 798, 833, 855, 870, 883, 936, 942]"
overlap,9,days_92.82_113.45,8019953,9802165,6,OVL-C0907,dead-OVL-C0010,41,"[17, 24, 31, 67, 92, 136, 142, 160, 165, 200, 267, 280, 302, 316, 344, 360, 408, 414, 428, 445, 493, 526, 530, 543, 561, 629, 630, 631, 643, 647, 658, 685, 838, 846, 857, 891, 915, 952, 953, 963, 971]"
overlap,9,days_92.82_113.45,8019953,9802165,7,OVL-C0908,dead-OVL-C0210,39,"[26, 40, 60, 83, 86, 90, 152, 187, 254, 272, 277, 285, 306, 380, 394, 398, 400, 443, 450, 466, 571, 572, 596, 626, 659, 662, 678, 695, 703, 712, 742, 771, 784, 802, 863, 885, 900, 901, 993]"
overlap,9,days_92.82_113.45,8019953,9802165,8,OVL-C0909,dead-OVL-C0602,38,"[27, 62, 65, 113, 138, 147, 157, 171, 191, 250, 257, 308, 347, 369, 444, 485, 513, 515, 535, 542, 551, 590, 646, 715, 722, 748, 752, 770, 775, 821, 823, 854, 886, 926, 927, 933, 966, 972]"
overlap,9,days_92.82_113.45,8019953,9802165,9,OVL-C0910,dead-OVL-C0809,37,"[98, 107, 117, 134, 150, 196, 201, 208, 236, 268, 291, 335, 385, 401, 415, 429, 449, 454, 464, 468, 473, 528, 537, 592, 609, 613, 664, 707, 713, 772, 807, 810, 867, 880, 980, 985, 1003]"
overlap,9,days_92.82_113.45,8019953,9802165,10,OVL-C0911,dead-OVL-C0610,32,"[0, 6, 78, 180, 215, 228, 239, 249, 273, 293, 295, 333, 339, 409, 470, 502, 538, 569, 577, 599, 603, 605, 639, 660, 693, 710, 727, 767, 862, 951, 958, 976]"
overlap,9,days_92.82_113.45,8019953,9802165,11,OVL-C0912,dead-OVL-C0613,27,"[35, 141, 167, 188, 207, 241, 301, 421, 424, 431, 469, 512, 547, 552, 585, 614, 709, 795, 817, 847, 851, 922, 954, 957, 978, 988, 990]"
overlap,9,days_92.82_113.45,8019953,9802165,12,OVL-C0913,dead-OVL-C0013,25,"[25, 41, 48, 73, 216, 319, 321, 434, 458, 481, 499, 558, 565, 600, 618, 672, 679, 684, 704, 723, 758, 844, 918, 956, 1002]"
overlap,9,days_92.82_113.45,8019953,9802165,13,OVL-C0914,dead-OVL-C0914,7,"[181, 190, 274, 353, 373, 656, 920]"
overlap,10,days_103.14_123.76,8911059,10693271,0,OVL-C1001,dead-OVL-C0901,105,"[26, 40, 60, 61, 83, 86, 91, 116, 149, 151, 152, 159, 161, 185, 187, 194, 197, 198, 201, 214, 229, 230, 233, 253, 254, 272, 278, 283, 285, 290, 306, 326, 334, 355, 379, 380, 394, 397, 398, 413, 414, 440, 443, 450, 460, 462, 466, 488, 495, 522, 528, 534, 544, 546, 550, 566, 568, 571, 572, 578, 591, 593, 596, 607, 640, 659, 662, 665, 671, 679, 687, 692, 695, 703, 708, 712, 716, 718, 739, 742, 746, 763, 771, 775, 776, 784, 787, 802, 830, 833, 835, 852, 865, 866, 867, 900, 901, 904, 923, 935, 940, 944, 975, 993, 995]"
overlap,10,days_103.14_123.76,8911059,10693271,1,OVL-C1002,dead-OVL-C0004,98,"[5, 7, 13, 14, 16, 29, 71, 114, 118, 127, 131, 169, 173, 175, 189, 192, 199, 208, 226, 236, 248, 265, 270, 275, 281, 325, 327, 335, 365, 372, 381, 385, 404, 410, 437, 453, 457, 461, 464, 468, 483, 491, 492, 506, 508, 516, 532, 537, 541, 553, 576, 588, 595, 597, 644, 650, 653, 654, 657, 664, 670, 682, 686, 688, 702, 719, 726, 732, 737, 738, 745, 747, 754, 761, 777, 783, 796, 804, 808, 836, 837, 849, 850, 861, 876, 881, 896, 898, 905, 916, 921, 924, 934, 945, 969, 979, 980, 985]"
overlap,10,days_103.14_123.76,8911059,10693271,2,OVL-C1003,dead-OVL-C0002,66,"[1, 38, 42, 46, 64, 84, 96, 97, 101, 102, 103, 106, 125, 132, 139, 164, 172, 184, 206, 223, 246, 299, 303, 309, 310, 315, 322, 323, 324, 343, 368, 378, 388, 395, 402, 407, 420, 423, 474, 477, 501, 509, 510, 514, 524, 548, 603, 612, 622, 634, 638, 663, 676, 706, 724, 735, 740, 779, 780, 788, 832, 842, 843, 879, 939, 950]"
overlap,10,days_103.14_123.76,8911059,10693271,3,OVL-C1004,c09,60,"[30, 45, 52, 66, 74, 77, 104, 110, 111, 112, 126, 133, 166, 168, 186, 209, 232, 256, 260, 267, 305, 313, 318, 332, 356, 383, 416, 435, 439, 447, 459, 472, 478, 500, 515, 517, 523, 549, 556, 557, 564, 573, 574, 575, 586, 589, 602, 648, 674, 743, 759, 762, 765, 782, 803, 868, 885, 908, 912, 984]"
overlap,10,days_103.14_123.76,8911059,10693271,4,OVL-C1005,dead-OVL-C0010,46,"[17, 24, 67, 122, 136, 142, 160, 181, 190, 200, 274, 280, 302, 316, 344, 353, 360, 373, 391, 392, 408, 428, 445, 493, 526, 530, 543, 561, 629, 630, 631, 643, 647, 656, 658, 685, 838, 846, 857, 891, 915, 920, 952, 953, 963, 971]"
overlap,10,days_103.14_123.76,8911059,10693271,5,OVL-C1006,c05,45,"[28, 56, 68, 95, 196, 231, 245, 251, 264, 269, 311, 329, 338, 361, 364, 399, 427, 432, 433, 482, 511, 531, 540, 582, 606, 624, 641, 697, 698, 736, 764, 773, 789, 809, 815, 819, 840, 863, 872, 873, 910, 925, 955, 987, 994]"
overlap,10,days_103.14_123.76,8911059,10693271,6,OVL-C1007,dead-OVL-C0610,34,"[0, 6, 8, 19, 32, 78, 178, 228, 239, 249, 273, 293, 295, 333, 339, 362, 409, 470, 502, 538, 569, 577, 599, 605, 626, 693, 710, 767, 791, 807, 862, 951, 976, 991]"
overlap,10,days_103.14_123.76,8911059,10693271,7,OVL-C1008,dead-OVL-C0111,32,"[4, 12, 82, 90, 135, 137, 170, 176, 292, 337, 341, 371, 405, 441, 456, 479, 505, 581, 585, 587, 594, 628, 720, 769, 798, 848, 855, 870, 883, 922, 936, 942]"
overlap,10,days_103.14_123.76,8911059,10693271,8,OVL-C1009,dead-OVL-C0809,29,"[31, 58, 98, 107, 117, 134, 150, 165, 191, 243, 268, 291, 401, 415, 426, 429, 449, 454, 473, 592, 660, 707, 713, 752, 810, 880, 890, 909, 1003]"
overlap,10,days_103.14_123.76,8911059,10693271,9,OVL-C1010,dead-OVL-C0613,29,"[35, 92, 141, 167, 188, 207, 241, 294, 301, 421, 424, 431, 469, 512, 547, 552, 614, 709, 795, 817, 824, 847, 851, 858, 954, 957, 978, 988, 990]"
overlap,10,days_103.14_123.76,8911059,10693271,10,OVL-C1011,dead-OVL-C0013,23,"[25, 41, 48, 73, 216, 319, 321, 458, 499, 558, 565, 600, 618, 672, 684, 704, 723, 758, 841, 844, 918, 956, 1002]"
overlap,10,days_103.14_123.76,8911059,10693271,11,OVL-C1012,dead-OVL-C0602,21,"[62, 113, 120, 138, 250, 369, 444, 485, 513, 535, 542, 551, 646, 722, 770, 801, 823, 854, 886, 887, 927]"
overlap,10,days_103.14_123.76,8911059,10693271,12,OVL-C1013,dead-OVL-C1013,20,"[2, 53, 65, 75, 119, 193, 203, 220, 244, 266, 465, 609, 617, 633, 700, 714, 772, 790, 812, 997]"
overlap,10,days_103.14_123.76,8911059,10693271,13,OVL-C1014,dead-OVL-C1014,17,"[105, 153, 308, 320, 331, 374, 393, 418, 442, 471, 497, 652, 828, 977, 996, 1001, 1004]"
overlap,10,days_103.14_123.76,8911059,10693271,14,OVL-C1015,dead-OVL-C1015,16,"[15, 143, 284, 377, 406, 422, 563, 580, 584, 669, 680, 696, 729, 731, 741, 943]"
overlap,10,days_103.14_123.76,8911059,10693271,15,OVL-C1016,dead-OVL-C1016,15,"[147, 157, 171, 227, 257, 277, 347, 590, 715, 748, 926, 931, 933, 966, 972]"
overlap,10,days_103.14_123.76,8911059,10693271,16,OVL-C1017,dead-OVL-C1017,5,"[180, 639, 727, 897, 958]"
overlap,11,days_113.45_134.08,9802165,11584376,0,OVL-C1101,dead-OVL-C0901,115,"[26, 40, 53, 60, 65, 75, 83, 86, 90, 116, 150, 151, 152, 159, 161, 187, 193, 194, 197, 203, 214, 220, 226, 233, 235, 242, 244, 248, 253, 254, 272, 278, 285, 290, 306, 307, 326, 334, 352, 379, 380, 394, 397, 398, 413, 414, 443, 450, 460, 466, 483, 488, 492, 495, 528, 544, 546, 550, 566, 568, 571, 572, 578, 589, 591, 596, 609, 613, 626, 633, 640, 659, 662, 665, 669, 671, 687, 692, 695, 703, 705, 712, 714, 739, 742, 746, 749, 752, 763, 771, 772, 775, 776, 784, 787, 802, 807, 810, 830, 835, 841, 852, 865, 867, 890, 900, 901, 923, 935, 940, 945, 975, 993, 995, 997]"
overlap,11,days_113.45_134.08,9802165,11584376,1,OVL-C1102,dead-OVL-C0002,88,"[1, 15, 16, 38, 42, 46, 64, 84, 97, 101, 102, 103, 106, 125, 132, 139, 143, 154, 164, 172, 174, 184, 206, 223, 246, 284, 299, 309, 310, 322, 323, 324, 343, 368, 377, 378, 388, 393, 395, 402, 406, 407, 422, 423, 457, 474, 477, 498, 509, 510, 514, 524, 534, 559, 562, 563, 580, 584, 603, 612, 622, 634, 638, 663, 676, 680, 696, 706, 729, 731, 735, 740, 741, 779, 780, 788, 822, 832, 842, 843, 853, 879, 880, 893, 907, 939, 943, 950]"
overlap,11,days_113.45_134.08,9802165,11584376,2,OVL-C1103,dead-OVL-C0010,72,"[17, 24, 35, 67, 92, 122, 136, 141, 142, 160, 167, 188, 190, 200, 207, 229, 241, 274, 280, 301, 302, 316, 341, 344, 353, 360, 373, 391, 408, 421, 424, 428, 431, 445, 469, 493, 512, 526, 530, 543, 547, 552, 561, 614, 629, 630, 631, 647, 656, 658, 685, 795, 817, 824, 838, 846, 847, 851, 857, 858, 891, 915, 920, 952, 953, 954, 957, 963, 971, 978, 988, 990]"
overlap,11,days_113.45_134.08,9802165,11584376,3,OVL-C1104,dead-OVL-C0610,68,"[0, 6, 8, 19, 32, 61, 78, 114, 127, 149, 169, 178, 181, 189, 228, 237, 239, 243, 249, 273, 281, 293, 295, 325, 333, 339, 365, 372, 404, 409, 410, 453, 470, 471, 479, 502, 522, 538, 569, 595, 599, 605, 693, 708, 710, 711, 716, 718, 724, 732, 754, 767, 777, 796, 861, 862, 866, 876, 883, 896, 904, 905, 916, 934, 951, 969, 976, 991]"
overlap,11,days_113.45_134.08,9802165,11584376,4,OVL-C1105,c09,62,"[30, 45, 52, 66, 74, 77, 91, 104, 111, 112, 120, 126, 133, 166, 168, 186, 209, 232, 256, 260, 267, 294, 305, 313, 355, 356, 392, 416, 435, 439, 447, 459, 472, 478, 500, 515, 517, 523, 556, 557, 564, 573, 574, 575, 586, 602, 607, 648, 674, 699, 743, 759, 762, 765, 782, 803, 868, 885, 908, 912, 944, 984]"
overlap,11,days_113.45_134.08,9802165,11584376,5,OVL-C1106,c05,50,"[28, 56, 68, 95, 96, 176, 231, 245, 251, 264, 269, 311, 329, 338, 361, 364, 399, 420, 427, 432, 433, 482, 511, 531, 540, 582, 588, 606, 624, 641, 697, 698, 736, 764, 769, 773, 789, 809, 819, 836, 840, 855, 863, 872, 873, 910, 925, 955, 987, 994]"
overlap,11,days_113.45_134.08,9802165,11584376,6,OVL-C1107,dead-OVL-C1107,47,"[13, 14, 105, 131, 153, 173, 199, 270, 308, 374, 418, 437, 442, 461, 497, 506, 508, 516, 541, 576, 597, 644, 650, 653, 654, 657, 682, 702, 719, 738, 745, 747, 761, 783, 804, 828, 837, 850, 881, 911, 921, 924, 977, 979, 996, 1001, 1004]"
overlap,11,days_113.45_134.08,9802165,11584376,7,OVL-C1108,dead-OVL-C0809,43,"[31, 62, 98, 107, 113, 117, 134, 165, 191, 196, 250, 263, 268, 291, 320, 369, 401, 415, 426, 429, 444, 454, 485, 513, 535, 542, 551, 592, 646, 660, 707, 713, 722, 770, 794, 801, 823, 854, 886, 909, 927, 948, 1003]"
overlap,11,days_113.45_134.08,9802165,11584376,8,OVL-C1109,dead-OVL-C0111,34,"[4, 12, 72, 82, 135, 137, 170, 185, 292, 304, 337, 362, 371, 383, 405, 441, 456, 462, 505, 581, 585, 587, 594, 617, 628, 720, 798, 833, 848, 870, 887, 922, 936, 942]"
overlap,11,days_113.45_134.08,9802165,11584376,9,OVL-C1110,dead-OVL-C1110,32,"[5, 7, 29, 118, 175, 192, 201, 208, 236, 275, 327, 335, 381, 440, 446, 464, 468, 491, 532, 537, 553, 643, 664, 670, 688, 726, 737, 808, 849, 898, 980, 985]"
overlap,11,days_113.45_134.08,9802165,11584376,10,OVL-C1111,dead-OVL-C0013,24,"[25, 41, 48, 73, 216, 318, 319, 321, 332, 458, 499, 558, 565, 618, 672, 679, 684, 704, 723, 758, 844, 918, 956, 1002]"
overlap,11,days_113.45_134.08,9802165,11584376,11,OVL-C1112,dead-OVL-C1016,19,"[27, 147, 157, 171, 227, 230, 257, 277, 347, 577, 590, 686, 715, 748, 926, 931, 933, 966, 972]"
overlap,11,days_113.45_134.08,9802165,11584376,12,OVL-C1113,dead-OVL-C1113,9,"[2, 58, 119, 266, 283, 465, 700, 790, 812]"
overlap,11,days_113.45_134.08,9802165,11584376,13,OVL-C1114,dead-OVL-C1017,5,"[180, 639, 727, 897, 958]"
overlap,12,days_123.76_144.39,10693271,12475482,0,OVL-C1201,dead-OVL-C0002,114,"[1, 16, 18, 32, 38, 42, 46, 64, 69, 84, 96, 97, 101, 102, 103, 106, 114, 125, 127, 132, 139, 149, 154, 164, 169, 174, 184, 189, 206, 223, 237, 243, 246, 293, 299, 303, 309, 310, 322, 323, 325, 337, 343, 365, 368, 372, 377, 378, 388, 393, 399, 402, 404, 407, 410, 420, 423, 426, 457, 477, 479, 487, 498, 509, 510, 514, 524, 534, 559, 562, 595, 603, 606, 612, 622, 634, 638, 649, 652, 663, 676, 705, 708, 711, 716, 718, 724, 729, 735, 740, 754, 768, 777, 779, 780, 788, 822, 832, 843, 853, 861, 866, 876, 879, 883, 893, 896, 904, 907, 916, 934, 939, 950, 999]"
overlap,12,days_123.76_144.39,10693271,12475482,1,OVL-C1202,dead-OVL-C0010,81,"[8, 17, 24, 31, 35, 67, 92, 122, 136, 141, 142, 160, 165, 167, 181, 188, 190, 200, 207, 229, 241, 267, 274, 280, 301, 302, 316, 341, 344, 353, 360, 373, 392, 408, 421, 424, 428, 431, 445, 459, 469, 493, 512, 526, 530, 543, 547, 552, 561, 614, 629, 630, 631, 643, 647, 656, 658, 685, 739, 795, 817, 838, 841, 846, 847, 851, 857, 858, 891, 915, 920, 944, 952, 953, 954, 957, 963, 971, 978, 988, 990]"
overlap,12,days_123.76_144.39,10693271,12475482,2,OVL-C1203,dead-OVL-C1203,74,"[27, 53, 65, 75, 91, 120, 146, 147, 150, 151, 157, 159, 171, 193, 197, 198, 212, 214, 220, 230, 235, 239, 242, 253, 257, 273, 277, 290, 326, 334, 347, 355, 413, 462, 471, 544, 566, 577, 578, 590, 591, 607, 609, 623, 633, 671, 686, 687, 692, 714, 715, 727, 746, 748, 749, 752, 763, 772, 776, 787, 830, 842, 852, 865, 890, 923, 926, 933, 935, 951, 966, 972, 975, 997]"
overlap,12,days_123.76_144.39,10693271,12475482,3,OVL-C1204,dead-OVL-C0901,72,"[4, 12, 26, 40, 60, 61, 72, 82, 83, 86, 90, 135, 137, 152, 161, 187, 194, 203, 233, 254, 272, 285, 292, 306, 307, 352, 371, 379, 380, 394, 398, 443, 450, 460, 466, 483, 488, 495, 522, 546, 549, 550, 563, 568, 571, 572, 581, 596, 613, 626, 628, 640, 659, 660, 662, 695, 703, 712, 742, 771, 784, 802, 807, 835, 863, 870, 900, 901, 910, 936, 942, 993]"
overlap,12,days_123.76_144.39,10693271,12475482,4,OVL-C1205,c09,58,"[30, 45, 52, 66, 74, 77, 104, 111, 112, 126, 133, 166, 168, 186, 209, 232, 256, 260, 266, 294, 305, 313, 318, 332, 356, 416, 435, 439, 447, 472, 478, 500, 515, 517, 523, 556, 557, 573, 574, 575, 586, 602, 648, 674, 699, 743, 759, 762, 765, 782, 803, 814, 868, 885, 908, 912, 949, 984]"
overlap,12,days_123.76_144.39,10693271,12475482,5,OVL-C1206,dead-OVL-C1107,53,"[10, 13, 14, 105, 131, 153, 158, 173, 199, 226, 248, 270, 281, 374, 414, 418, 437, 442, 497, 506, 508, 516, 541, 576, 644, 650, 653, 654, 657, 682, 702, 719, 738, 745, 747, 761, 775, 783, 804, 828, 837, 850, 881, 905, 911, 921, 924, 969, 977, 979, 996, 1001, 1004]"
overlap,12,days_123.76_144.39,10693271,12475482,6,OVL-C1207,c05,47,"[28, 56, 68, 95, 170, 176, 231, 245, 251, 264, 269, 311, 329, 338, 361, 364, 405, 427, 432, 433, 482, 511, 531, 540, 582, 588, 624, 641, 697, 698, 736, 764, 769, 773, 789, 798, 809, 836, 840, 855, 872, 873, 925, 955, 987, 994, 995]"
overlap,12,days_123.76_144.39,10693271,12475482,7,OVL-C1208,dead-OVL-C1208,42,"[2, 15, 58, 119, 138, 143, 185, 284, 304, 362, 383, 406, 422, 438, 456, 465, 528, 580, 584, 587, 589, 597, 617, 669, 680, 696, 700, 720, 731, 741, 790, 791, 796, 812, 818, 819, 833, 867, 887, 909, 922, 943]"
overlap,12,days_123.76_144.39,10693271,12475482,8,OVL-C1209,dead-OVL-C1110,32,"[5, 29, 118, 175, 192, 201, 208, 236, 275, 327, 335, 381, 440, 446, 464, 468, 491, 532, 537, 553, 585, 664, 670, 688, 726, 737, 808, 810, 849, 898, 980, 985]"
overlap,12,days_123.76_144.39,10693271,12475482,9,OVL-C1210,dead-OVL-C0013,25,"[25, 41, 48, 73, 85, 216, 319, 321, 386, 458, 499, 558, 565, 600, 618, 672, 679, 684, 704, 723, 758, 844, 918, 956, 1002]"
overlap,12,days_123.76_144.39,10693271,12475482,10,OVL-C1211,dead-OVL-C1211,24,"[0, 6, 19, 78, 178, 228, 249, 295, 333, 409, 470, 502, 519, 538, 569, 599, 605, 693, 710, 732, 767, 862, 976, 991]"
overlap,12,days_123.76_144.39,10693271,12475482,11,OVL-C1212,dead-OVL-C1212,23,"[98, 107, 117, 134, 191, 196, 268, 278, 291, 324, 401, 415, 429, 449, 454, 592, 661, 707, 713, 880, 940, 948, 1003]"
overlap,12,days_123.76_144.39,10693271,12475482,12,OVL-C1213,dead-OVL-C0809,20,"[62, 113, 250, 263, 369, 444, 485, 513, 535, 542, 551, 646, 722, 770, 794, 823, 854, 886, 927, 968]"
overlap,13,days_134.08_154.71,11584376,13366588,0,OVL-C1301,dead-OVL-C1203,92,"[11, 27, 39, 53, 65, 75, 85, 91, 120, 146, 147, 151, 157, 159, 171, 185, 193, 198, 212, 214, 220, 230, 250, 253, 273, 277, 278, 285, 290, 299, 326, 334, 347, 355, 388, 397, 413, 462, 471, 476, 534, 566, 569, 577, 590, 591, 607, 609, 617, 623, 633, 638, 671, 672, 686, 687, 692, 696, 715, 727, 746, 748, 752, 768, 772, 776, 787, 810, 822, 833, 841, 842, 844, 852, 865, 875, 886, 890, 910, 923, 926, 931, 933, 935, 940, 951, 966, 972, 983, 993, 997, 1003]"
overlap,13,days_134.08_154.71,11584376,13366588,1,OVL-C1302,dead-OVL-C1107,79,"[5, 10, 13, 14, 101, 105, 153, 158, 173, 175, 192, 199, 208, 226, 246, 248, 270, 275, 327, 335, 374, 381, 392, 414, 418, 423, 437, 440, 442, 464, 468, 491, 497, 506, 516, 532, 537, 541, 553, 576, 644, 650, 654, 657, 664, 670, 674, 682, 688, 690, 702, 719, 726, 737, 738, 745, 761, 775, 783, 804, 808, 820, 828, 837, 839, 849, 850, 881, 898, 911, 921, 924, 969, 977, 979, 985, 996, 1001, 1004]"
overlap,13,days_134.08_154.71,11584376,13366588,2,OVL-C1303,dead-OVL-C0901,69,"[4, 18, 26, 40, 60, 61, 72, 82, 83, 86, 90, 112, 116, 135, 137, 152, 170, 176, 187, 194, 203, 233, 235, 239, 254, 272, 283, 306, 371, 379, 398, 443, 450, 466, 483, 488, 495, 517, 522, 546, 549, 550, 563, 568, 572, 581, 594, 596, 613, 628, 659, 660, 662, 695, 703, 712, 742, 771, 784, 802, 803, 863, 870, 896, 900, 901, 907, 936, 942]"
overlap,13,days_134.08_154.71,11584376,13366588,3,OVL-C1304,c09,56,"[30, 52, 62, 74, 77, 104, 111, 126, 133, 161, 166, 168, 186, 204, 209, 232, 256, 260, 266, 294, 305, 307, 313, 332, 356, 416, 435, 439, 447, 449, 472, 478, 500, 515, 557, 573, 574, 575, 586, 602, 648, 699, 743, 759, 762, 765, 782, 794, 814, 868, 885, 889, 908, 912, 949, 984]"
overlap,13,days_134.08_154.71,11584376,13366588,4,OVL-C1305,dead-OVL-C0002,55,"[1, 38, 42, 46, 50, 64, 69, 96, 102, 103, 106, 125, 132, 139, 154, 164, 174, 206, 223, 303, 309, 310, 322, 323, 343, 368, 378, 395, 399, 402, 420, 474, 487, 509, 510, 514, 524, 559, 603, 612, 622, 634, 649, 663, 676, 705, 706, 740, 780, 788, 832, 853, 879, 939, 950]"
overlap,13,days_134.08_154.71,11584376,13366588,5,OVL-C1306,dead-OVL-C1306,55,"[16, 32, 114, 127, 143, 149, 169, 184, 189, 197, 201, 225, 236, 243, 293, 325, 337, 365, 372, 377, 380, 393, 404, 407, 410, 426, 453, 457, 479, 544, 580, 595, 652, 669, 681, 708, 711, 716, 718, 724, 729, 754, 777, 779, 791, 796, 843, 861, 866, 883, 904, 916, 934, 980, 999]"
overlap,13,days_134.08_154.71,11584376,13366588,6,OVL-C1307,dead-OVL-C0010,55,"[24, 35, 141, 160, 167, 180, 181, 188, 190, 207, 229, 241, 267, 274, 280, 281, 301, 353, 360, 373, 391, 421, 424, 445, 469, 493, 512, 526, 530, 547, 552, 561, 614, 629, 630, 631, 656, 658, 685, 709, 795, 817, 824, 846, 847, 851, 858, 891, 905, 920, 954, 957, 958, 978, 988]"
overlap,13,days_134.08_154.71,11584376,13366588,7,OVL-C1308,c05,43,"[28, 56, 68, 95, 231, 245, 251, 264, 311, 329, 338, 361, 364, 405, 427, 432, 433, 482, 511, 531, 540, 582, 606, 624, 641, 697, 698, 764, 773, 789, 798, 809, 815, 819, 830, 840, 855, 872, 873, 925, 955, 987, 994]"
overlap,13,days_134.08_154.71,11584376,13366588,8,OVL-C1309,dead-OVL-C1212,38,"[98, 107, 113, 117, 134, 150, 191, 196, 257, 268, 291, 324, 369, 401, 415, 429, 444, 454, 485, 513, 535, 542, 551, 592, 643, 646, 683, 707, 713, 722, 770, 801, 823, 854, 880, 927, 948, 968]"
overlap,13,days_134.08_154.71,11584376,13366588,9,OVL-C1310,dead-OVL-C1208,32,"[2, 8, 12, 15, 58, 119, 138, 284, 362, 383, 406, 422, 438, 465, 477, 528, 584, 587, 589, 597, 661, 680, 700, 720, 731, 790, 812, 818, 867, 887, 909, 922]"
overlap,13,days_134.08_154.71,11584376,13366588,10,OVL-C1311,dead-OVL-C1311,32,"[17, 31, 67, 92, 122, 136, 142, 165, 200, 302, 316, 341, 344, 428, 431, 543, 588, 637, 647, 739, 769, 835, 836, 838, 857, 915, 952, 953, 963, 971, 990, 995]"
overlap,13,days_134.08_154.71,11584376,13366588,11,OVL-C1312,dead-OVL-C0013,26,"[25, 41, 48, 71, 73, 216, 318, 319, 321, 386, 458, 481, 499, 558, 565, 600, 618, 679, 684, 704, 723, 736, 758, 918, 956, 1002]"
overlap,13,days_134.08_154.71,11584376,13366588,12,OVL-C1313,dead-OVL-C1211,25,"[0, 6, 19, 29, 78, 118, 178, 228, 249, 295, 333, 409, 470, 502, 519, 538, 599, 605, 693, 710, 732, 767, 862, 976, 991]"
overlap,14,days_144.39_165.02,12475482,14257694,0,OVL-C1401,dead-OVL-C1401,97,"[11, 39, 42, 46, 50, 53, 62, 64, 75, 91, 96, 102, 106, 113, 120, 125, 132, 138, 139, 146, 174, 193, 198, 220, 223, 239, 250, 299, 322, 323, 326, 334, 343, 346, 368, 369, 388, 397, 413, 420, 444, 462, 471, 476, 483, 485, 509, 510, 513, 528, 534, 535, 542, 546, 550, 551, 559, 591, 607, 609, 612, 617, 622, 633, 634, 637, 646, 649, 663, 671, 676, 678, 687, 696, 706, 722, 740, 763, 770, 772, 788, 794, 823, 830, 841, 854, 867, 875, 879, 886, 890, 923, 927, 939, 951, 995, 997]"
overlap,14,days_144.39_165.02,12475482,14257694,1,OVL-C1402,dead-OVL-C1306,93,"[16, 26, 32, 40, 61, 71, 112, 114, 116, 127, 143, 144, 149, 162, 169, 187, 189, 195, 197, 201, 208, 225, 226, 235, 236, 243, 254, 259, 265, 272, 281, 293, 325, 365, 372, 377, 379, 380, 392, 393, 398, 404, 407, 410, 426, 440, 450, 452, 453, 457, 459, 464, 488, 490, 495, 496, 517, 522, 537, 568, 572, 580, 595, 596, 597, 652, 674, 681, 695, 708, 711, 712, 716, 718, 724, 729, 741, 754, 777, 791, 796, 802, 803, 843, 866, 883, 896, 904, 905, 907, 916, 934, 980]"
overlap,14,days_144.39_165.02,12475482,14257694,2,OVL-C1403,dead-OVL-C0901,78,"[4, 12, 15, 60, 72, 82, 83, 86, 90, 135, 137, 151, 152, 159, 164, 184, 185, 212, 214, 229, 253, 283, 284, 290, 292, 306, 324, 362, 371, 383, 405, 422, 443, 466, 477, 515, 544, 549, 563, 566, 578, 581, 584, 587, 594, 613, 623, 626, 628, 638, 659, 662, 680, 701, 703, 720, 731, 742, 771, 776, 784, 787, 798, 833, 835, 850, 852, 865, 870, 887, 900, 901, 922, 936, 940, 942, 983, 993]"
overlap,14,days_144.39_165.02,12475482,14257694,3,OVL-C1404,dead-OVL-C1404,62,"[1, 2, 5, 7, 29, 38, 84, 97, 101, 103, 119, 175, 246, 270, 275, 303, 309, 310, 327, 335, 337, 378, 381, 395, 399, 402, 423, 437, 465, 474, 491, 505, 514, 516, 532, 553, 576, 603, 643, 661, 670, 700, 726, 732, 735, 737, 780, 790, 808, 810, 812, 815, 820, 822, 832, 839, 849, 863, 876, 897, 950, 999]"
overlap,14,days_144.39_165.02,12475482,14257694,4,OVL-C1405,dead-OVL-C0010,58,"[24, 35, 67, 87, 141, 160, 167, 180, 181, 188, 190, 207, 241, 274, 280, 301, 353, 360, 373, 391, 408, 414, 421, 424, 445, 461, 469, 493, 512, 526, 530, 547, 552, 561, 614, 629, 630, 631, 656, 658, 685, 709, 779, 795, 817, 824, 846, 847, 851, 858, 891, 920, 954, 957, 958, 963, 978, 988]"
overlap,14,days_144.39_165.02,12475482,14257694,5,OVL-C1406,c09,58,"[30, 52, 74, 77, 104, 111, 126, 133, 161, 166, 168, 186, 204, 209, 232, 256, 260, 266, 267, 294, 305, 307, 313, 318, 332, 356, 416, 435, 439, 447, 449, 472, 479, 500, 557, 573, 574, 575, 586, 589, 602, 648, 699, 730, 743, 759, 762, 765, 782, 868, 869, 885, 889, 908, 912, 948, 949, 984]"
overlap,14,days_144.39_165.02,12475482,14257694,6,OVL-C1407,c05,49,"[28, 56, 68, 95, 170, 176, 231, 233, 245, 251, 264, 311, 329, 338, 361, 364, 427, 432, 433, 448, 482, 511, 531, 540, 582, 588, 606, 624, 641, 692, 697, 698, 764, 769, 773, 789, 807, 809, 819, 836, 840, 855, 872, 873, 910, 925, 955, 987, 994]"
overlap,14,days_144.39_165.02,12475482,14257694,7,OVL-C1408,dead-OVL-C1107,42,"[13, 14, 105, 131, 153, 158, 173, 199, 248, 308, 317, 320, 374, 418, 497, 506, 541, 644, 650, 654, 657, 660, 682, 688, 690, 702, 719, 738, 745, 761, 783, 804, 828, 837, 881, 921, 924, 977, 979, 996, 1001, 1004]"
overlap,14,days_144.39_165.02,12475482,14257694,8,OVL-C1409,dead-OVL-C1212,29,"[98, 107, 117, 134, 150, 191, 192, 196, 257, 268, 278, 291, 304, 401, 415, 429, 441, 454, 592, 664, 683, 707, 713, 752, 775, 801, 880, 898, 985]"
overlap,14,days_144.39_165.02,12475482,14257694,9,OVL-C1410,dead-OVL-C1211,27,"[0, 6, 19, 65, 78, 118, 178, 228, 249, 295, 333, 339, 409, 436, 470, 502, 538, 569, 599, 605, 693, 710, 767, 862, 969, 976, 991]"
overlap,14,days_144.39_165.02,12475482,14257694,10,OVL-C1411,dead-OVL-C0013,26,"[25, 41, 48, 73, 85, 216, 319, 321, 458, 481, 499, 558, 565, 600, 618, 672, 679, 684, 704, 723, 736, 758, 844, 918, 956, 1002]"
overlap,14,days_144.39_165.02,12475482,14257694,11,OVL-C1412,dead-OVL-C1311,25,"[17, 31, 92, 122, 136, 142, 165, 200, 302, 316, 341, 344, 349, 428, 543, 647, 669, 739, 838, 857, 915, 952, 953, 971, 990]"
overlap,14,days_144.39_165.02,12475482,14257694,12,OVL-C1413,dead-OVL-C1413,22,"[27, 147, 157, 171, 230, 277, 285, 347, 355, 577, 590, 665, 686, 715, 746, 748, 926, 931, 933, 935, 966, 972]"
overlap,14,days_144.39_165.02,12475482,14257694,13,OVL-C1414,dead-OVL-C1414,4,"[58, 438, 818, 909]"
overlap,14,days_144.39_165.02,12475482,14257694,14,OVL-C1415,dead-OVL-C1415,3,"[45, 66, 227]"
overlap,15,days_154.71_175.33,13366588,15148800,0,OVL-C1501,dead-OVL-C1306,112,"[32, 39, 40, 53, 60, 61, 65, 75, 83, 86, 90, 91, 127, 143, 144, 149, 151, 152, 159, 187, 193, 197, 214, 220, 229, 243, 253, 254, 265, 272, 283, 290, 293, 306, 334, 379, 398, 407, 443, 450, 457, 459, 462, 464, 466, 471, 476, 483, 488, 495, 496, 515, 517, 522, 528, 544, 546, 550, 566, 568, 572, 578, 580, 591, 595, 596, 607, 609, 612, 633, 659, 662, 669, 678, 695, 696, 701, 703, 708, 711, 712, 716, 718, 724, 741, 742, 754, 763, 771, 772, 779, 784, 787, 791, 796, 798, 802, 830, 835, 843, 852, 853, 865, 883, 890, 900, 901, 904, 916, 923, 940, 997]"
overlap,15,days_154.71_175.33,13366588,15148800,1,OVL-C1502,dead-OVL-C1107,91,"[10, 13, 14, 16, 105, 114, 118, 131, 153, 173, 189, 195, 199, 201, 208, 226, 236, 248, 270, 308, 317, 320, 325, 327, 335, 365, 374, 380, 381, 410, 418, 426, 437, 440, 442, 468, 491, 497, 506, 516, 532, 537, 541, 553, 576, 597, 643, 644, 650, 652, 654, 657, 660, 664, 670, 674, 682, 688, 690, 702, 709, 719, 738, 745, 761, 775, 777, 783, 794, 804, 808, 820, 828, 837, 850, 867, 880, 881, 896, 897, 921, 924, 928, 945, 977, 979, 980, 985, 996, 1001, 1004]"
overlap,15,days_154.71_175.33,13366588,15148800,2,OVL-C1503,dead-OVL-C1503,72,"[1, 38, 42, 46, 50, 64, 82, 84, 96, 97, 102, 103, 106, 125, 132, 154, 164, 174, 184, 194, 206, 223, 235, 239, 299, 303, 309, 322, 323, 324, 337, 343, 346, 368, 378, 388, 395, 399, 402, 420, 460, 474, 477, 487, 505, 509, 510, 514, 524, 534, 559, 603, 622, 628, 634, 638, 649, 663, 676, 706, 735, 740, 780, 788, 822, 832, 875, 879, 893, 939, 950, 951]"
overlap,15,days_154.71_175.33,13366588,15148800,3,OVL-C1504,c05,65,"[28, 56, 68, 72, 95, 135, 137, 170, 176, 231, 233, 245, 251, 264, 269, 273, 292, 311, 329, 330, 338, 361, 364, 405, 427, 432, 433, 448, 482, 531, 540, 549, 581, 582, 588, 606, 624, 626, 641, 692, 697, 698, 764, 769, 773, 789, 807, 809, 819, 836, 840, 855, 863, 872, 873, 887, 910, 925, 936, 942, 955, 987, 993, 994, 995]"
overlap,15,days_154.71_175.33,13366588,15148800,4,OVL-C1505,c09,64,"[30, 52, 74, 77, 104, 111, 112, 126, 133, 161, 166, 168, 182, 186, 209, 232, 256, 260, 266, 267, 281, 294, 305, 307, 310, 313, 332, 356, 369, 416, 435, 439, 447, 449, 472, 478, 500, 557, 573, 575, 586, 602, 617, 648, 687, 699, 704, 730, 743, 759, 762, 765, 782, 803, 814, 868, 869, 885, 905, 908, 912, 948, 949, 984]"
overlap,15,days_154.71_175.33,13366588,15148800,5,OVL-C1506,dead-OVL-C0013,49,"[25, 27, 41, 48, 58, 73, 85, 147, 157, 171, 216, 230, 277, 285, 319, 321, 347, 355, 413, 438, 458, 481, 499, 558, 565, 577, 590, 600, 618, 665, 672, 679, 686, 715, 723, 736, 746, 748, 758, 818, 844, 909, 918, 926, 933, 935, 956, 966, 972]"
overlap,15,days_154.71_175.33,13366588,15148800,6,OVL-C1507,dead-OVL-C1212,46,"[5, 7, 62, 98, 107, 113, 117, 120, 134, 139, 146, 150, 191, 192, 196, 250, 257, 268, 278, 291, 326, 401, 415, 429, 444, 454, 485, 513, 535, 542, 551, 592, 637, 646, 683, 707, 713, 722, 752, 770, 810, 823, 854, 886, 898, 927]"
overlap,15,days_154.71_175.33,13366588,15148800,7,OVL-C1508,dead-OVL-C0010,45,"[24, 35, 87, 141, 160, 167, 181, 188, 190, 241, 274, 280, 301, 353, 360, 373, 392, 408, 445, 461, 469, 493, 512, 526, 530, 547, 552, 585, 614, 629, 630, 631, 645, 656, 658, 685, 817, 851, 858, 891, 920, 954, 957, 978, 988]"
overlap,15,days_154.71_175.33,13366588,15148800,8,OVL-C1509,dead-OVL-C1311,40,"[17, 31, 67, 92, 122, 136, 142, 165, 200, 207, 302, 316, 318, 341, 344, 349, 397, 421, 424, 428, 543, 561, 589, 647, 671, 684, 739, 776, 795, 838, 846, 847, 857, 915, 952, 953, 963, 971, 975, 990]"
overlap,15,days_154.71_175.33,13366588,15148800,9,OVL-C1510,dead-OVL-C1211,29,"[0, 6, 19, 29, 78, 178, 228, 249, 295, 312, 333, 339, 409, 436, 470, 502, 511, 538, 569, 599, 605, 693, 710, 767, 815, 862, 969, 976, 991]"
overlap,15,days_154.71_175.33,13366588,15148800,10,OVL-C1511,dead-OVL-C1511,28,"[4, 8, 12, 15, 158, 185, 284, 304, 362, 371, 383, 422, 441, 456, 527, 563, 584, 587, 613, 680, 720, 731, 732, 797, 833, 870, 871, 922]"
overlap,15,days_154.71_175.33,13366588,15148800,11,OVL-C1512,dead-OVL-C1512,26,"[2, 101, 119, 162, 175, 246, 259, 275, 377, 393, 423, 452, 465, 479, 490, 681, 700, 729, 737, 790, 812, 849, 866, 876, 907, 999]"
overlap,15,days_154.71_175.33,13366588,15148800,12,OVL-C1513,dead-OVL-C1513,4,"[169, 372, 404, 934]"
overlap,15,days_154.71_175.33,13366588,15148800,13,OVL-C1514,dead-OVL-C1415,3,"[45, 66, 227]"
overlap,15,days_154.71_175.33,13366588,15148800,14,OVL-C1515,dead-OVL-C1515,3,"[180, 727, 958]"
overlap,16,days_165.02_185.65,14257694,16039906,0,OVL-C1601,dead-OVL-C1107,91,"[5, 7, 10, 13, 14, 16, 18, 29, 105, 107, 118, 153, 173, 175, 192, 195, 199, 201, 208, 213, 217, 226, 236, 238, 270, 275, 317, 320, 327, 335, 374, 381, 396, 410, 418, 437, 440, 442, 464, 468, 491, 497, 506, 516, 532, 537, 541, 553, 576, 597, 643, 644, 650, 652, 654, 657, 664, 670, 682, 688, 702, 719, 737, 738, 745, 761, 775, 777, 783, 808, 810, 828, 837, 849, 850, 881, 896, 898, 899, 921, 924, 928, 945, 969, 977, 979, 980, 985, 996, 1001, 1004]"
overlap,16,days_165.02_185.65,14257694,16039906,1,OVL-C1602,dead-OVL-C1306,91,"[8, 32, 39, 53, 62, 65, 70, 71, 75, 83, 90, 91, 102, 116, 120, 124, 143, 144, 146, 151, 159, 185, 191, 193, 194, 203, 214, 220, 229, 235, 239, 248, 253, 283, 290, 306, 315, 324, 326, 334, 462, 476, 483, 485, 534, 542, 544, 552, 566, 589, 591, 607, 609, 617, 633, 646, 651, 659, 660, 669, 687, 696, 703, 733, 742, 752, 769, 771, 772, 784, 787, 791, 798, 805, 807, 823, 830, 833, 834, 865, 875, 880, 890, 901, 910, 923, 940, 944, 951, 997, 1003]"
overlap,16,days_165.02_185.65,14257694,16039906,2,OVL-C1603,dead-OVL-C1603,71,"[26, 40, 60, 61, 86, 101, 103, 114, 127, 149, 152, 164, 169, 184, 187, 189, 198, 243, 246, 254, 272, 293, 368, 372, 377, 379, 393, 394, 398, 404, 407, 414, 423, 443, 450, 453, 457, 466, 479, 488, 495, 522, 568, 571, 572, 595, 596, 662, 695, 701, 708, 711, 712, 716, 718, 724, 729, 754, 776, 779, 796, 802, 843, 861, 866, 883, 900, 904, 907, 916, 934]"
overlap,16,days_165.02_185.65,14257694,16039906,3,OVL-C1604,c09,63,"[30, 52, 74, 77, 104, 111, 112, 126, 133, 166, 168, 182, 186, 209, 232, 256, 260, 266, 267, 281, 294, 305, 313, 332, 356, 362, 416, 435, 439, 447, 459, 472, 478, 500, 517, 539, 557, 573, 575, 586, 602, 648, 674, 699, 730, 743, 759, 762, 765, 782, 794, 800, 803, 814, 868, 869, 885, 905, 908, 912, 948, 949, 984]"
overlap,16,days_165.02_185.65,14257694,16039906,4,OVL-C1605,dead-OVL-C1503,61,"[1, 38, 42, 46, 50, 64, 69, 84, 96, 97, 106, 125, 132, 139, 154, 174, 206, 223, 299, 303, 309, 310, 322, 323, 337, 343, 346, 378, 388, 399, 402, 420, 460, 474, 477, 487, 505, 509, 510, 514, 524, 559, 603, 612, 622, 634, 638, 649, 663, 676, 706, 740, 780, 788, 822, 832, 853, 879, 893, 939, 950]"
overlap,16,days_165.02_185.65,14257694,16039906,5,OVL-C1606,dead-OVL-C0013,55,"[2, 25, 41, 44, 45, 48, 66, 73, 119, 147, 157, 171, 197, 216, 227, 230, 277, 285, 308, 318, 319, 321, 347, 355, 365, 386, 458, 465, 499, 558, 565, 577, 590, 600, 618, 672, 679, 684, 686, 700, 704, 715, 723, 748, 758, 790, 812, 844, 918, 926, 931, 933, 956, 966, 972]"
overlap,16,days_165.02_185.65,14257694,16039906,6,OVL-C1607,dead-OVL-C0010,54,"[24, 35, 67, 87, 141, 160, 167, 181, 188, 190, 207, 241, 274, 280, 301, 344, 353, 360, 373, 392, 408, 421, 424, 445, 469, 493, 512, 526, 530, 547, 561, 614, 629, 630, 631, 645, 656, 658, 685, 709, 739, 795, 817, 841, 846, 847, 851, 891, 920, 954, 957, 963, 978, 988]"
overlap,16,days_165.02_185.65,14257694,16039906,7,OVL-C1608,dead-OVL-C1608,51,"[4, 12, 72, 82, 135, 137, 138, 161, 170, 176, 233, 273, 292, 304, 329, 340, 371, 383, 405, 413, 441, 448, 456, 527, 528, 546, 549, 550, 581, 585, 587, 588, 628, 692, 697, 720, 736, 746, 819, 835, 836, 855, 863, 867, 870, 871, 887, 935, 936, 942, 995]"
overlap,16,days_165.02_185.65,14257694,16039906,8,OVL-C1609,c05,38,"[28, 56, 68, 95, 131, 231, 245, 251, 269, 311, 330, 338, 361, 364, 427, 432, 433, 471, 482, 531, 540, 580, 582, 624, 641, 698, 764, 773, 789, 809, 840, 872, 873, 925, 955, 983, 987, 994]"
overlap,16,days_165.02_185.65,14257694,16039906,9,OVL-C1610,dead-OVL-C1212,34,"[31, 98, 113, 117, 134, 150, 165, 196, 250, 257, 264, 268, 278, 291, 369, 401, 415, 429, 444, 454, 513, 535, 551, 562, 592, 683, 707, 713, 722, 735, 770, 854, 886, 927]"
overlap,16,days_165.02_185.65,14257694,16039906,10,OVL-C1611,dead-OVL-C1211,31,"[0, 6, 19, 58, 78, 122, 178, 228, 249, 295, 312, 333, 339, 349, 409, 470, 502, 511, 538, 569, 599, 605, 693, 710, 732, 767, 858, 862, 909, 976, 991]"
overlap,16,days_165.02_185.65,14257694,16039906,11,OVL-C1612,dead-OVL-C1311,22,"[17, 92, 136, 142, 200, 302, 316, 341, 397, 428, 431, 543, 647, 671, 838, 857, 915, 952, 953, 971, 975, 990]"
overlap,16,days_165.02_185.65,14257694,16039906,12,OVL-C1613,dead-OVL-C1613,9,"[15, 284, 422, 563, 584, 613, 680, 731, 797]"
overlap,16,days_165.02_185.65,14257694,16039906,13,OVL-C1614,dead-OVL-C1515,4,"[180, 727, 829, 958]"
overlap,17,days_175.33_195.96,15148800,16931012,0,OVL-C1701,dead-OVL-C1306,107,"[4, 8, 39, 53, 64, 65, 70, 75, 81, 83, 90, 91, 116, 120, 124, 144, 147, 150, 151, 157, 159, 171, 179, 185, 191, 193, 194, 195, 197, 203, 213, 214, 220, 229, 235, 239, 248, 253, 277, 283, 285, 290, 304, 306, 308, 315, 317, 326, 334, 355, 371, 374, 394, 462, 471, 476, 483, 534, 544, 552, 566, 571, 585, 590, 591, 607, 617, 633, 651, 659, 660, 686, 687, 703, 715, 733, 742, 748, 752, 769, 771, 772, 776, 784, 787, 791, 798, 805, 807, 830, 833, 834, 852, 865, 875, 880, 885, 890, 910, 923, 926, 931, 940, 944, 951, 972, 997]"
overlap,17,days_175.33_195.96,15148800,16931012,1,OVL-C1702,dead-OVL-C0010,71,"[17, 24, 31, 35, 67, 87, 92, 136, 141, 142, 160, 165, 167, 188, 190, 200, 207, 241, 257, 274, 280, 301, 302, 316, 344, 353, 360, 373, 408, 421, 424, 428, 431, 445, 469, 493, 512, 526, 530, 543, 547, 561, 614, 629, 630, 631, 647, 656, 658, 685, 739, 795, 817, 838, 841, 846, 847, 851, 857, 891, 915, 920, 952, 953, 954, 957, 963, 971, 978, 988, 990]"
overlap,17,days_175.33_195.96,15148800,16931012,2,OVL-C1703,dead-OVL-C1603,68,"[16, 26, 40, 60, 61, 71, 101, 103, 114, 127, 143, 149, 169, 181, 184, 187, 189, 198, 243, 246, 254, 272, 281, 293, 372, 377, 379, 392, 393, 404, 407, 410, 414, 423, 450, 453, 457, 488, 495, 568, 572, 580, 595, 596, 678, 695, 696, 708, 711, 716, 718, 724, 729, 754, 777, 779, 796, 802, 843, 861, 866, 883, 900, 904, 905, 907, 916, 934]"
overlap,17,days_175.33_195.96,15148800,16931012,3,OVL-C1704,dead-OVL-C1503,65,"[1, 38, 42, 46, 50, 69, 84, 96, 97, 102, 106, 125, 132, 138, 139, 154, 164, 174, 206, 223, 299, 309, 310, 322, 323, 324, 337, 340, 343, 346, 368, 378, 388, 399, 402, 420, 474, 477, 487, 505, 509, 510, 514, 524, 528, 559, 603, 612, 622, 634, 638, 649, 663, 676, 706, 740, 780, 788, 822, 832, 853, 867, 879, 939, 950]"
overlap,17,days_175.33_195.96,15148800,16931012,4,OVL-C1705,dead-OVL-C1107,61,"[2, 13, 14, 45, 66, 105, 119, 153, 173, 199, 215, 226, 236, 270, 305, 365, 396, 411, 418, 437, 465, 497, 506, 516, 532, 541, 576, 597, 644, 650, 654, 657, 682, 700, 702, 712, 719, 738, 745, 761, 783, 790, 804, 812, 828, 837, 850, 858, 881, 898, 921, 924, 945, 969, 977, 979, 986, 991, 996, 1001, 1004]"
overlap,17,days_175.33_195.96,15148800,16931012,5,OVL-C1706,c09,61,"[30, 52, 74, 77, 104, 111, 112, 126, 133, 166, 168, 186, 204, 209, 232, 256, 260, 266, 267, 294, 313, 332, 356, 362, 416, 435, 439, 447, 459, 472, 478, 479, 500, 517, 539, 556, 557, 573, 575, 586, 602, 648, 674, 699, 730, 743, 759, 762, 765, 782, 794, 800, 803, 814, 868, 869, 908, 912, 948, 949, 984]"
overlap,17,days_175.33_195.96,15148800,16931012,6,OVL-C1707,dead-OVL-C1707,51,"[5, 7, 29, 98, 107, 117, 118, 134, 192, 196, 201, 208, 217, 238, 264, 268, 278, 291, 320, 327, 335, 380, 381, 401, 415, 429, 440, 454, 464, 468, 522, 537, 553, 562, 592, 643, 652, 664, 670, 683, 688, 707, 713, 732, 735, 737, 808, 810, 899, 980, 985]"
overlap,17,days_175.33_195.96,15148800,16931012,7,OVL-C1708,c05,43,"[28, 56, 68, 95, 131, 175, 176, 231, 245, 251, 275, 311, 338, 361, 364, 397, 427, 432, 433, 482, 531, 540, 582, 588, 641, 671, 698, 764, 773, 789, 809, 836, 840, 849, 863, 872, 873, 955, 975, 983, 987, 994, 995]"
overlap,17,days_175.33_195.96,15148800,16931012,8,OVL-C1709,dead-OVL-C1608,40,"[72, 82, 86, 135, 137, 152, 161, 170, 230, 233, 292, 329, 398, 405, 413, 441, 443, 448, 466, 546, 549, 550, 577, 581, 624, 628, 662, 692, 697, 701, 736, 746, 775, 819, 835, 855, 925, 935, 936, 942]"
overlap,17,days_175.33_195.96,15148800,16931012,9,OVL-C1710,dead-OVL-C1211,33,"[0, 6, 19, 32, 58, 78, 122, 178, 218, 228, 249, 295, 312, 333, 339, 349, 409, 438, 470, 502, 511, 538, 569, 599, 605, 669, 693, 710, 767, 818, 862, 909, 976]"
overlap,17,days_175.33_195.96,15148800,16931012,10,OVL-C1711,dead-OVL-C0013,30,"[25, 41, 44, 48, 73, 216, 227, 318, 319, 321, 347, 386, 458, 481, 499, 558, 565, 600, 618, 672, 679, 684, 704, 723, 758, 844, 918, 933, 956, 966]"
overlap,17,days_175.33_195.96,15148800,16931012,11,OVL-C1712,dead-OVL-C1712,19,"[62, 113, 250, 369, 444, 485, 513, 535, 542, 551, 609, 646, 722, 770, 823, 854, 886, 927, 1003]"
overlap,17,days_175.33_195.96,15148800,16931012,12,OVL-C1713,dead-OVL-C1613,15,"[12, 15, 284, 383, 422, 563, 584, 587, 589, 680, 720, 731, 870, 922, 941]"
overlap,17,days_175.33_195.96,15148800,16931012,13,OVL-C1714,dead-OVL-C1515,4,"[180, 727, 829, 958]"
overlap,18,days_185.65_206.27,16039906,17822118,0,OVL-C1801,dead-OVL-C1603,98,"[5, 7, 16, 18, 29, 59, 61, 101, 105, 107, 114, 127, 143, 149, 153, 169, 183, 184, 189, 192, 201, 208, 236, 237, 243, 246, 265, 293, 308, 320, 327, 335, 365, 372, 377, 380, 381, 393, 404, 407, 410, 411, 418, 423, 440, 442, 453, 457, 464, 468, 497, 522, 537, 546, 550, 553, 580, 595, 643, 652, 654, 664, 670, 678, 681, 688, 696, 708, 711, 716, 718, 724, 729, 737, 754, 777, 779, 808, 810, 843, 858, 866, 883, 896, 898, 899, 904, 907, 916, 934, 969, 977, 980, 985, 991, 996, 1001, 1004]"
overlap,18,days_185.65_206.27,16039906,17822118,1,OVL-C1802,c09,78,"[2, 30, 52, 74, 77, 104, 110, 111, 112, 119, 121, 126, 133, 166, 168, 186, 204, 209, 215, 232, 235, 240, 250, 256, 260, 266, 267, 294, 305, 313, 332, 356, 392, 416, 425, 435, 439, 447, 459, 465, 466, 472, 478, 479, 500, 517, 556, 557, 573, 575, 586, 602, 648, 674, 687, 699, 700, 704, 730, 743, 759, 762, 765, 782, 790, 794, 803, 812, 814, 825, 868, 885, 889, 908, 912, 948, 949, 984]"
overlap,18,days_185.65_206.27,16039906,17822118,2,OVL-C1803,dead-OVL-C1803,76,"[8, 13, 14, 53, 65, 70, 75, 90, 120, 173, 179, 185, 193, 199, 220, 221, 248, 281, 326, 334, 397, 462, 471, 491, 506, 516, 532, 541, 576, 597, 607, 609, 612, 613, 617, 633, 640, 644, 650, 657, 671, 682, 702, 703, 719, 738, 745, 752, 761, 763, 772, 775, 783, 791, 796, 804, 805, 828, 833, 834, 837, 850, 854, 865, 881, 887, 890, 893, 905, 921, 923, 924, 928, 975, 979, 997]"
overlap,18,days_185.65_206.27,16039906,17822118,3,OVL-C1804,dead-OVL-C0010,72,"[17, 24, 35, 67, 92, 136, 141, 142, 160, 167, 181, 188, 190, 200, 207, 241, 274, 280, 288, 301, 302, 316, 341, 344, 349, 353, 360, 373, 408, 421, 424, 428, 445, 469, 493, 512, 526, 530, 543, 547, 552, 561, 614, 629, 630, 631, 647, 656, 658, 685, 739, 795, 802, 817, 838, 841, 846, 851, 857, 891, 901, 915, 920, 952, 953, 954, 957, 963, 971, 978, 988, 990]"
overlap,18,days_185.65_206.27,16039906,17822118,4,OVL-C1805,dead-OVL-C1805,70,"[26, 32, 40, 83, 86, 116, 151, 152, 159, 187, 191, 197, 203, 213, 214, 226, 229, 233, 239, 253, 254, 272, 278, 285, 290, 306, 317, 374, 379, 394, 398, 413, 414, 443, 448, 450, 488, 495, 544, 566, 568, 571, 572, 578, 596, 626, 659, 660, 661, 662, 692, 695, 712, 714, 742, 746, 769, 771, 776, 784, 787, 798, 830, 835, 852, 863, 900, 935, 940, 993]"
overlap,18,days_185.65_206.27,16039906,17822118,5,OVL-C1806,dead-OVL-C1503,66,"[1, 38, 42, 46, 50, 64, 84, 96, 97, 102, 103, 106, 113, 125, 132, 139, 154, 164, 206, 223, 299, 303, 309, 310, 322, 323, 324, 337, 343, 346, 368, 378, 388, 399, 402, 420, 477, 487, 505, 509, 510, 514, 524, 534, 559, 591, 606, 622, 634, 638, 649, 663, 676, 706, 735, 740, 780, 788, 822, 832, 853, 879, 939, 943, 950, 1003]"
overlap,18,days_185.65_206.27,16039906,17822118,6,OVL-C1807,dead-OVL-C1807,56,"[4, 12, 15, 58, 72, 81, 82, 135, 137, 138, 158, 161, 170, 196, 205, 273, 284, 292, 304, 330, 362, 371, 383, 405, 406, 422, 438, 523, 527, 528, 549, 563, 581, 584, 585, 587, 589, 628, 669, 680, 701, 720, 731, 785, 797, 818, 842, 855, 867, 870, 886, 909, 922, 936, 941, 942]"
overlap,18,days_185.65_206.27,16039906,17822118,7,OVL-C1808,c05,46,"[28, 56, 68, 95, 175, 231, 245, 251, 269, 275, 311, 329, 338, 361, 364, 427, 432, 433, 482, 511, 531, 540, 582, 588, 624, 641, 697, 698, 733, 736, 764, 773, 789, 809, 819, 836, 840, 849, 872, 873, 910, 925, 955, 987, 994, 995]"
overlap,18,days_185.65_206.27,16039906,17822118,8,OVL-C1809,dead-OVL-C0013,41,"[25, 41, 48, 73, 147, 157, 171, 195, 216, 230, 277, 318, 319, 321, 347, 355, 386, 458, 481, 499, 558, 565, 577, 590, 618, 672, 679, 684, 686, 715, 723, 748, 758, 844, 918, 926, 931, 933, 956, 966, 972]"
overlap,18,days_185.65_206.27,16039906,17822118,9,OVL-C1810,dead-OVL-C1810,34,"[31, 91, 98, 117, 134, 150, 165, 257, 264, 268, 283, 291, 315, 369, 401, 415, 429, 444, 454, 483, 513, 515, 535, 592, 683, 707, 713, 722, 770, 807, 823, 880, 927, 951]"
overlap,18,days_185.65_206.27,16039906,17822118,10,OVL-C1811,dead-OVL-C1211,29,"[0, 6, 19, 78, 118, 122, 178, 218, 228, 238, 249, 295, 312, 333, 409, 426, 470, 502, 519, 538, 569, 599, 605, 693, 710, 732, 767, 862, 976]"
overlap,18,days_185.65_206.27,16039906,17822118,11,OVL-C1812,dead-OVL-C1812,5,"[62, 485, 542, 551, 646]"
overlap,18,days_185.65_206.27,16039906,17822118,12,OVL-C1813,dead-OVL-C1813,4,"[45, 66, 227, 986]"
overlap,18,days_185.65_206.27,16039906,17822118,13,OVL-C1814,dead-OVL-C1515,4,"[180, 727, 829, 958]"
overlap,19,days_195.96_216.59,16931012,18713224,0,OVL-C1901,dead-OVL-C1603,99,"[0, 6, 14, 16, 18, 19, 29, 32, 59, 61, 65, 78, 101, 105, 114, 118, 122, 127, 149, 153, 178, 184, 189, 195, 197, 201, 208, 228, 236, 237, 239, 243, 246, 249, 265, 293, 295, 308, 312, 333, 365, 377, 393, 398, 407, 409, 410, 411, 418, 423, 457, 470, 497, 502, 511, 519, 522, 537, 538, 569, 580, 599, 605, 650, 652, 654, 681, 682, 693, 708, 710, 711, 716, 718, 724, 729, 732, 754, 767, 777, 779, 791, 796, 828, 843, 858, 862, 866, 883, 904, 907, 916, 969, 976, 977, 991, 996, 1001, 1004]"
overlap,19,days_195.96_216.59,16931012,18713224,1,OVL-C1902,dead-OVL-C1803,93,"[11, 13, 53, 62, 70, 75, 90, 113, 120, 124, 144, 151, 159, 173, 193, 199, 214, 220, 248, 253, 270, 281, 283, 290, 334, 369, 392, 397, 426, 444, 471, 483, 485, 491, 506, 513, 535, 541, 542, 544, 551, 556, 566, 576, 578, 597, 607, 609, 612, 617, 627, 633, 640, 644, 646, 657, 669, 687, 702, 703, 719, 722, 738, 741, 745, 752, 763, 772, 783, 797, 805, 821, 823, 833, 834, 835, 837, 850, 852, 854, 865, 887, 890, 893, 905, 921, 923, 924, 927, 940, 975, 979, 997]"
overlap,19,days_195.96_216.59,16931012,18713224,2,OVL-C1903,c09,72,"[30, 37, 52, 74, 77, 104, 110, 111, 112, 121, 126, 133, 166, 168, 182, 186, 204, 209, 232, 240, 250, 256, 260, 266, 287, 294, 305, 313, 326, 332, 356, 416, 425, 435, 439, 447, 459, 472, 478, 479, 500, 515, 517, 546, 557, 573, 575, 586, 602, 648, 674, 699, 730, 743, 759, 762, 765, 770, 782, 794, 803, 814, 825, 868, 885, 886, 889, 908, 912, 948, 949, 984]"
overlap,19,days_195.96_216.59,16931012,18713224,3,OVL-C1904,dead-OVL-C1503,67,"[1, 38, 42, 46, 50, 64, 69, 96, 102, 103, 106, 125, 132, 139, 154, 164, 206, 223, 299, 303, 309, 310, 322, 323, 324, 330, 343, 346, 368, 378, 388, 395, 399, 402, 420, 460, 474, 477, 487, 509, 510, 514, 524, 534, 559, 591, 606, 622, 634, 638, 649, 663, 676, 701, 706, 740, 780, 788, 822, 832, 842, 853, 879, 939, 943, 950, 1003]"
overlap,19,days_195.96_216.59,16931012,18713224,4,OVL-C1905,dead-OVL-C1805,61,"[40, 72, 83, 86, 116, 152, 161, 187, 191, 198, 203, 221, 229, 233, 254, 272, 306, 317, 374, 379, 380, 394, 413, 443, 448, 450, 466, 488, 495, 550, 568, 571, 572, 596, 626, 659, 660, 661, 662, 665, 678, 692, 712, 736, 742, 746, 769, 771, 775, 776, 784, 787, 798, 802, 807, 830, 863, 900, 935, 944, 993]"
overlap,19,days_195.96_216.59,16931012,18713224,5,OVL-C1906,dead-OVL-C0010,54,"[24, 35, 67, 141, 160, 167, 181, 188, 190, 207, 241, 267, 274, 280, 288, 301, 353, 360, 373, 414, 421, 424, 445, 469, 493, 512, 526, 530, 547, 552, 561, 614, 629, 630, 631, 643, 656, 658, 685, 795, 817, 838, 841, 846, 847, 851, 891, 901, 920, 954, 957, 963, 978, 988]"
overlap,19,days_195.96_216.59,16931012,18713224,6,OVL-C1907,c05,49,"[28, 56, 68, 95, 175, 185, 231, 245, 251, 264, 269, 275, 311, 329, 338, 361, 364, 427, 432, 433, 482, 531, 540, 582, 588, 624, 641, 671, 697, 698, 733, 764, 773, 789, 801, 809, 819, 836, 840, 849, 872, 873, 910, 925, 955, 983, 987, 994, 995]"
overlap,19,days_195.96_216.59,16931012,18713224,7,OVL-C1908,dead-OVL-C1807,48,"[4, 8, 12, 58, 82, 84, 97, 135, 137, 138, 170, 205, 273, 292, 304, 315, 320, 337, 362, 371, 383, 405, 406, 438, 505, 523, 527, 528, 549, 581, 585, 587, 589, 628, 695, 720, 735, 785, 818, 848, 855, 867, 870, 909, 922, 936, 942, 951]"
overlap,19,days_195.96_216.59,16931012,18713224,8,OVL-C1909,dead-OVL-C1909,47,"[5, 7, 91, 98, 107, 117, 134, 150, 183, 192, 196, 217, 226, 238, 268, 278, 291, 327, 335, 381, 401, 415, 429, 440, 442, 454, 462, 464, 468, 553, 592, 594, 664, 670, 683, 688, 707, 713, 737, 808, 810, 880, 898, 899, 980, 985, 1002]"
overlap,19,days_195.96_216.59,16931012,18713224,9,OVL-C1910,dead-OVL-C0013,41,"[25, 41, 48, 73, 147, 157, 171, 216, 230, 277, 285, 318, 319, 321, 355, 366, 386, 458, 481, 499, 558, 565, 577, 590, 600, 618, 672, 679, 684, 686, 704, 715, 723, 748, 758, 844, 918, 926, 931, 956, 972]"
overlap,19,days_195.96_216.59,16931012,18713224,10,OVL-C1911,dead-OVL-C1911,23,"[17, 31, 92, 136, 142, 165, 200, 257, 302, 316, 341, 344, 349, 408, 428, 543, 647, 857, 915, 952, 953, 971, 990]"
overlap,19,days_195.96_216.59,16931012,18713224,11,OVL-C1912,dead-OVL-C1912,20,"[2, 45, 66, 119, 235, 347, 437, 465, 516, 532, 700, 761, 790, 804, 812, 881, 928, 933, 945, 966]"
overlap,19,days_195.96_216.59,16931012,18713224,12,OVL-C1913,dead-OVL-C1913,18,"[15, 143, 158, 169, 284, 372, 404, 422, 453, 563, 584, 595, 613, 680, 696, 731, 739, 934]"
overlap,19,days_195.96_216.59,16931012,18713224,13,OVL-C1914,dead-OVL-C1515,3,"[180, 727, 829]"
overlap,20,days_206.27_226.90,17822118,19604329,0,OVL-C2001,dead-OVL-C1603,107,"[0, 6, 8, 16, 18, 19, 29, 32, 58, 61, 64, 65, 70, 78, 101, 114, 118, 127, 143, 149, 150, 169, 178, 184, 189, 195, 225, 228, 243, 246, 249, 250, 293, 295, 299, 333, 334, 339, 365, 372, 377, 388, 393, 398, 404, 407, 409, 410, 423, 438, 453, 470, 471, 483, 502, 519, 522, 528, 534, 538, 569, 580, 585, 591, 595, 599, 605, 607, 615, 652, 654, 678, 687, 693, 696, 708, 710, 711, 716, 718, 729, 732, 752, 754, 767, 776, 777, 779, 791, 818, 822, 832, 843, 858, 862, 866, 883, 886, 896, 904, 907, 909, 934, 969, 976, 991, 999]"
overlap,20,days_206.27_226.90,17822118,19604329,1,OVL-C2002,c09,80,"[2, 30, 37, 45, 52, 66, 74, 77, 104, 111, 112, 119, 126, 133, 161, 166, 168, 182, 186, 204, 209, 227, 232, 256, 260, 263, 266, 267, 287, 294, 305, 313, 332, 356, 369, 392, 416, 425, 435, 439, 447, 459, 465, 472, 478, 479, 500, 515, 517, 557, 573, 575, 586, 602, 637, 648, 674, 677, 699, 700, 717, 730, 743, 759, 762, 765, 782, 790, 803, 812, 814, 845, 868, 885, 908, 912, 948, 949, 966, 984]"
overlap,20,days_206.27_226.90,17822118,19604329,2,OVL-C2003,dead-OVL-C2003,80,"[7, 13, 14, 76, 105, 153, 173, 175, 192, 197, 199, 208, 217, 226, 235, 236, 238, 270, 275, 281, 308, 327, 328, 335, 380, 381, 399, 411, 418, 437, 440, 442, 468, 491, 497, 506, 516, 532, 537, 541, 576, 597, 644, 650, 657, 664, 666, 682, 702, 719, 724, 737, 738, 745, 761, 783, 796, 810, 815, 828, 836, 837, 849, 850, 881, 899, 905, 910, 921, 923, 924, 928, 945, 951, 975, 977, 979, 996, 1001, 1004]"
overlap,20,days_206.27_226.90,17822118,19604329,3,OVL-C2004,dead-OVL-C1805,78,"[11, 40, 53, 75, 83, 86, 120, 137, 151, 152, 159, 187, 193, 194, 198, 203, 213, 214, 220, 229, 239, 241, 248, 253, 254, 272, 290, 306, 317, 374, 379, 426, 443, 450, 464, 466, 488, 495, 501, 544, 546, 563, 566, 568, 572, 589, 596, 609, 612, 626, 627, 633, 659, 660, 662, 669, 688, 695, 712, 741, 742, 771, 772, 784, 802, 807, 834, 835, 852, 863, 865, 887, 890, 900, 901, 940, 993, 997]"
overlap,20,days_206.27_226.90,17822118,19604329,4,OVL-C2005,dead-OVL-C1503,55,"[1, 38, 42, 46, 50, 69, 84, 96, 97, 102, 103, 106, 125, 139, 164, 206, 223, 303, 309, 310, 320, 322, 323, 324, 326, 337, 343, 368, 395, 402, 420, 460, 474, 477, 487, 489, 505, 509, 510, 514, 559, 622, 634, 638, 649, 663, 676, 706, 740, 780, 788, 853, 879, 939, 950]"
overlap,20,days_206.27_226.90,17822118,19604329,5,OVL-C2006,dead-OVL-C2006,45,"[17, 31, 35, 67, 92, 122, 136, 141, 142, 165, 167, 188, 200, 207, 301, 302, 316, 341, 344, 349, 421, 424, 428, 469, 512, 543, 547, 552, 614, 647, 795, 817, 847, 851, 857, 915, 952, 953, 954, 957, 963, 971, 978, 988, 990]"
overlap,20,days_206.27_226.90,17822118,19604329,6,OVL-C2007,c05,42,"[28, 56, 68, 95, 132, 231, 245, 251, 269, 311, 329, 338, 361, 364, 427, 432, 433, 482, 531, 540, 582, 624, 641, 697, 698, 749, 764, 773, 789, 801, 809, 819, 840, 842, 855, 872, 873, 925, 955, 983, 987, 994]"
overlap,20,days_206.27_226.90,17822118,19604329,7,OVL-C2008,dead-OVL-C2008,42,"[90, 144, 147, 157, 171, 191, 221, 230, 233, 277, 285, 315, 347, 355, 366, 413, 448, 550, 577, 590, 606, 661, 665, 671, 686, 692, 715, 733, 736, 746, 748, 763, 769, 775, 798, 830, 926, 931, 933, 935, 944, 972]"
overlap,20,days_206.27_226.90,17822118,19604329,8,OVL-C2009,dead-OVL-C1807,35,"[4, 12, 15, 82, 135, 170, 185, 273, 284, 292, 362, 371, 383, 405, 422, 527, 549, 581, 584, 587, 613, 617, 628, 680, 703, 720, 731, 739, 833, 848, 870, 922, 936, 942, 943]"
overlap,20,days_206.27_226.90,17822118,19604329,9,OVL-C2010,dead-OVL-C1909,33,"[5, 91, 98, 107, 117, 134, 196, 201, 257, 264, 268, 278, 291, 307, 401, 415, 429, 454, 462, 553, 592, 594, 670, 690, 707, 713, 735, 808, 875, 880, 898, 916, 980]"
overlap,20,days_206.27_226.90,17822118,19604329,10,OVL-C2011,dead-OVL-C0010,32,"[24, 160, 181, 190, 274, 280, 288, 353, 360, 373, 394, 408, 414, 445, 493, 526, 530, 561, 571, 629, 630, 631, 643, 656, 658, 685, 838, 846, 867, 891, 920, 1003]"
overlap,20,days_206.27_226.90,17822118,19604329,11,OVL-C2012,dead-OVL-C0013,25,"[25, 41, 48, 73, 216, 318, 319, 321, 386, 458, 481, 499, 558, 565, 600, 618, 672, 679, 684, 704, 723, 758, 844, 918, 956]"
overlap,20,days_206.27_226.90,17822118,19604329,12,OVL-C2013,dead-OVL-C2013,17,"[62, 113, 124, 444, 485, 513, 535, 542, 551, 556, 646, 722, 770, 821, 823, 854, 927]"
overlap,21,days_216.59_237.22,18713224,20495435,0,OVL-C2101,dead-OVL-C2003,85,"[11, 13, 14, 16, 19, 29, 53, 65, 72, 105, 153, 173, 185, 192, 193, 197, 199, 208, 222, 235, 236, 239, 248, 255, 270, 283, 308, 327, 328, 365, 381, 411, 418, 437, 442, 460, 491, 497, 506, 516, 522, 532, 541, 546, 550, 576, 597, 609, 612, 617, 633, 643, 644, 650, 657, 666, 682, 702, 719, 738, 745, 761, 783, 796, 801, 804, 815, 828, 836, 837, 850, 881, 890, 910, 921, 923, 924, 928, 945, 975, 977, 979, 996, 1001, 1004]"
overlap,21,days_216.59_237.22,18713224,20495435,1,OVL-C2102,dead-OVL-C1805,81,"[32, 75, 83, 120, 137, 143, 144, 151, 159, 161, 191, 194, 203, 213, 214, 220, 226, 229, 233, 241, 253, 290, 306, 315, 317, 334, 374, 388, 394, 400, 413, 464, 483, 490, 501, 523, 544, 566, 571, 580, 589, 606, 607, 616, 626, 659, 660, 665, 673, 678, 687, 692, 696, 703, 739, 742, 746, 769, 771, 772, 775, 776, 784, 791, 797, 798, 807, 830, 834, 835, 852, 863, 865, 900, 901, 922, 935, 940, 944, 993, 1002]"
overlap,21,days_216.59_237.22,18713224,20495435,2,OVL-C2103,c09,77,"[2, 30, 37, 52, 74, 77, 90, 104, 110, 111, 112, 126, 133, 138, 166, 168, 186, 204, 209, 232, 240, 256, 260, 266, 267, 294, 305, 313, 332, 356, 392, 416, 425, 435, 439, 447, 459, 465, 472, 478, 479, 500, 515, 517, 557, 573, 574, 575, 586, 602, 637, 648, 674, 677, 681, 699, 700, 717, 730, 743, 759, 762, 765, 782, 790, 803, 812, 814, 825, 845, 868, 885, 908, 912, 949, 984, 997]"
overlap,21,days_216.59_237.22,18713224,20495435,3,OVL-C2104,dead-OVL-C1503,73,"[1, 38, 42, 46, 50, 69, 70, 76, 96, 101, 102, 103, 106, 125, 132, 139, 154, 164, 174, 206, 223, 246, 299, 303, 309, 310, 322, 323, 324, 326, 337, 343, 368, 377, 378, 395, 399, 402, 420, 423, 474, 477, 487, 489, 505, 509, 510, 514, 524, 559, 603, 622, 634, 638, 663, 676, 706, 729, 733, 735, 740, 780, 788, 822, 832, 842, 853, 866, 879, 893, 939, 950, 969]"
overlap,21,days_216.59_237.22,18713224,20495435,4,OVL-C2105,dead-OVL-C2105,64,"[17, 31, 61, 67, 71, 92, 122, 127, 136, 142, 149, 150, 165, 169, 184, 189, 200, 207, 225, 243, 302, 316, 320, 344, 349, 372, 393, 404, 407, 408, 410, 426, 428, 453, 543, 591, 595, 615, 647, 708, 711, 716, 718, 724, 754, 777, 779, 833, 838, 843, 847, 857, 883, 904, 907, 915, 916, 934, 952, 953, 963, 971, 990, 999]"
overlap,21,days_216.59_237.22,18713224,20495435,5,OVL-C2106,dead-OVL-C0010,48,"[24, 35, 141, 160, 167, 181, 188, 190, 274, 280, 281, 288, 301, 353, 360, 373, 414, 421, 424, 445, 469, 493, 511, 512, 526, 530, 552, 561, 614, 629, 630, 631, 656, 658, 685, 795, 817, 846, 851, 858, 891, 905, 920, 951, 954, 957, 978, 988]"
overlap,21,days_216.59_237.22,18713224,20495435,6,OVL-C2107,dead-OVL-C1909,44,"[5, 7, 98, 107, 117, 119, 134, 196, 201, 257, 264, 268, 278, 291, 335, 380, 401, 415, 429, 440, 454, 468, 473, 537, 553, 592, 652, 664, 670, 688, 690, 707, 713, 737, 808, 810, 867, 875, 880, 898, 899, 980, 985, 1003]"
overlap,21,days_216.59_237.22,18713224,20495435,7,OVL-C2108,c05,43,"[28, 56, 68, 95, 170, 231, 245, 251, 269, 311, 329, 338, 361, 364, 427, 432, 433, 448, 482, 531, 540, 582, 624, 641, 671, 697, 698, 736, 749, 764, 773, 809, 819, 840, 855, 872, 873, 925, 948, 955, 983, 987, 994]"
overlap,21,days_216.59_237.22,18713224,20495435,8,OVL-C2109,dead-OVL-C2109,39,"[0, 6, 64, 78, 84, 118, 178, 228, 249, 293, 295, 312, 333, 339, 389, 409, 470, 471, 502, 519, 528, 534, 538, 547, 569, 585, 599, 605, 654, 693, 705, 710, 732, 752, 767, 789, 862, 976, 991]"
overlap,21,days_216.59_237.22,18713224,20495435,9,OVL-C2110,dead-OVL-C1807,34,"[4, 8, 12, 15, 82, 135, 273, 284, 292, 304, 362, 371, 383, 405, 422, 441, 456, 527, 549, 581, 584, 587, 594, 628, 680, 720, 731, 741, 848, 870, 887, 936, 942, 943]"
overlap,21,days_216.59_237.22,18713224,20495435,10,OVL-C2111,dead-OVL-C2013,29,"[58, 62, 91, 97, 113, 124, 250, 263, 307, 369, 438, 444, 485, 513, 535, 542, 551, 556, 646, 722, 763, 770, 818, 821, 823, 854, 886, 909, 927]"
overlap,21,days_216.59_237.22,18713224,20495435,11,OVL-C2112,dead-OVL-C0013,23,"[25, 41, 48, 73, 216, 318, 319, 321, 458, 481, 499, 558, 565, 618, 672, 679, 684, 704, 723, 758, 844, 918, 956]"
overlap,21,days_216.59_237.22,18713224,20495435,12,OVL-C2113,dead-OVL-C2113,22,"[40, 86, 152, 187, 198, 254, 272, 379, 398, 443, 450, 466, 488, 495, 568, 572, 596, 613, 662, 695, 712, 802]"
overlap,21,days_216.59_237.22,18713224,20495435,13,OVL-C2114,dead-OVL-C2008,18,"[147, 157, 171, 230, 277, 285, 347, 355, 577, 590, 686, 715, 748, 926, 931, 933, 966, 972]"
overlap,21,days_216.59_237.22,18713224,20495435,14,OVL-C2115,dead-OVL-C2115,4,"[114, 175, 275, 849]"
overlap,21,days_216.59_237.22,18713224,20495435,15,OVL-C2116,dead-OVL-C2116,3,"[18, 195, 896]"
overlap,21,days_216.59_237.22,18713224,20495435,16,OVL-C2117,dead-OVL-C2117,3,"[45, 66, 227]"
overlap,21,days_216.59_237.22,18713224,20495435,17,OVL-C2118,dead-OVL-C2118,3,"[60, 774, 947]"
overlap,22,days_226.90_247.53,19604329,21386541,0,OVL-C2201,dead-OVL-C2201,163,"[1, 5, 7, 13, 14, 16, 18, 19, 29, 42, 46, 50, 64, 69, 76, 96, 101, 102, 103, 105, 106, 107, 114, 118, 125, 131, 132, 139, 153, 154, 164, 173, 174, 175, 184, 192, 199, 201, 206, 208, 222, 223, 226, 236, 246, 270, 275, 283, 299, 303, 309, 310, 319, 322, 323, 327, 335, 337, 343, 365, 368, 377, 378, 380, 381, 382, 385, 386, 395, 399, 402, 418, 420, 423, 440, 442, 464, 468, 473, 477, 487, 491, 497, 505, 506, 508, 509, 510, 513, 514, 516, 524, 532, 537, 541, 553, 559, 576, 597, 603, 622, 634, 643, 644, 650, 652, 657, 663, 664, 670, 676, 682, 685, 688, 702, 710, 711, 719, 724, 729, 733, 735, 737, 738, 740, 745, 761, 780, 783, 788, 796, 801, 804, 808, 810, 815, 822, 828, 832, 837, 849, 850, 853, 866, 879, 881, 893, 898, 899, 921, 924, 928, 945, 950, 975, 977, 979, 980, 985, 996, 1001, 1002, 1004]"
overlap,22,days_226.90_247.53,19604329,21386541,1,OVL-C2202,c09,78,"[2, 30, 37, 52, 74, 77, 90, 104, 110, 111, 112, 113, 119, 126, 133, 138, 166, 168, 186, 204, 209, 232, 240, 256, 260, 266, 267, 294, 305, 313, 326, 332, 340, 356, 392, 416, 425, 435, 439, 447, 459, 465, 472, 478, 500, 517, 556, 557, 573, 574, 575, 585, 586, 602, 648, 674, 690, 699, 700, 730, 743, 762, 765, 782, 790, 803, 812, 814, 825, 868, 885, 908, 912, 936, 948, 949, 984, 997]"
overlap,22,days_226.90_247.53,19604329,21386541,2,OVL-C2203,dead-OVL-C2203,69,"[38, 61, 70, 91, 97, 115, 127, 149, 157, 176, 191, 220, 225, 233, 243, 248, 259, 277, 279, 281, 307, 320, 324, 334, 355, 393, 407, 413, 426, 474, 479, 490, 522, 534, 570, 591, 607, 613, 615, 635, 654, 671, 687, 692, 696, 708, 716, 718, 746, 752, 754, 763, 775, 779, 797, 830, 834, 843, 858, 884, 904, 907, 916, 935, 939, 944, 991, 995, 999]"
overlap,22,days_226.90_247.53,19604329,21386541,3,OVL-C2204,dead-OVL-C2204,67,"[0, 6, 32, 35, 78, 141, 143, 144, 167, 178, 181, 188, 189, 190, 207, 228, 241, 249, 274, 293, 295, 301, 312, 333, 339, 353, 373, 388, 409, 410, 421, 424, 453, 469, 470, 502, 511, 512, 519, 538, 547, 552, 569, 580, 596, 599, 605, 614, 638, 656, 669, 693, 705, 767, 777, 791, 795, 817, 851, 862, 920, 951, 957, 969, 976, 978, 988]"
overlap,22,days_226.90_247.53,19604329,21386541,4,OVL-C2205,dead-OVL-C2105,55,"[17, 24, 31, 67, 71, 92, 122, 136, 142, 160, 165, 169, 180, 195, 200, 280, 286, 288, 302, 316, 344, 349, 360, 372, 389, 404, 408, 414, 428, 445, 471, 493, 526, 530, 543, 561, 595, 629, 630, 631, 647, 658, 838, 846, 857, 883, 891, 915, 934, 952, 953, 954, 963, 971, 990]"
overlap,22,days_226.90_247.53,19604329,21386541,5,OVL-C2206,dead-OVL-C1807,47,"[4, 12, 15, 58, 135, 170, 230, 239, 284, 304, 330, 362, 371, 383, 405, 422, 438, 441, 456, 527, 528, 549, 581, 584, 587, 589, 594, 628, 637, 680, 697, 720, 731, 732, 739, 741, 759, 818, 848, 855, 867, 870, 887, 909, 922, 942, 943]"
overlap,22,days_226.90_247.53,19604329,21386541,6,OVL-C2207,dead-OVL-C2207,42,"[82, 83, 137, 161, 194, 197, 203, 229, 273, 292, 306, 315, 317, 341, 374, 400, 412, 483, 523, 546, 550, 571, 606, 616, 626, 659, 660, 673, 703, 736, 742, 769, 771, 784, 794, 798, 807, 841, 863, 900, 901, 993]"
overlap,22,days_226.90_247.53,19604329,21386541,7,OVL-C2208,dead-OVL-C2113,41,"[40, 53, 65, 72, 86, 151, 152, 159, 187, 193, 198, 214, 253, 254, 255, 272, 290, 379, 398, 443, 450, 466, 488, 495, 515, 544, 566, 568, 572, 612, 662, 678, 695, 712, 714, 776, 802, 835, 852, 865, 940]"
overlap,22,days_226.90_247.53,19604329,21386541,8,OVL-C2209,c05,39,"[28, 56, 68, 95, 231, 245, 251, 264, 311, 329, 338, 361, 364, 427, 432, 433, 461, 480, 482, 531, 540, 582, 624, 641, 698, 764, 773, 789, 809, 819, 840, 842, 872, 873, 925, 955, 983, 987, 994]"
overlap,22,days_226.90_247.53,19604329,21386541,9,OVL-C2210,dead-OVL-C2210,34,"[8, 11, 75, 98, 117, 120, 134, 150, 196, 235, 257, 268, 278, 291, 297, 401, 415, 429, 454, 592, 609, 617, 633, 681, 706, 707, 713, 772, 833, 880, 890, 910, 923, 1003]"
overlap,22,days_226.90_247.53,19604329,21386541,10,OVL-C2211,dead-OVL-C0013,27,"[25, 41, 48, 73, 185, 213, 216, 318, 321, 366, 434, 458, 499, 554, 558, 565, 600, 618, 672, 679, 684, 704, 723, 758, 844, 918, 956]"
overlap,22,days_226.90_247.53,19604329,21386541,11,OVL-C2212,dead-OVL-C2008,17,"[45, 66, 147, 171, 227, 285, 347, 577, 590, 686, 715, 748, 926, 931, 933, 966, 972]"
overlap,22,days_226.90_247.53,19604329,21386541,12,OVL-C2213,dead-OVL-C2013,17,"[62, 124, 250, 263, 369, 444, 485, 535, 542, 551, 646, 722, 770, 823, 854, 886, 927]"
overlap,22,days_226.90_247.53,19604329,21386541,13,OVL-C2214,dead-OVL-C2118,3,"[60, 774, 947]"
overlap,23,days_237.22_257.84,20495435,22277647,0,OVL-C2301,dead-OVL-C2301,85,"[32, 40, 60, 65, 83, 137, 159, 161, 191, 194, 197, 214, 221, 229, 233, 248, 254, 272, 277, 285, 290, 292, 306, 317, 334, 341, 355, 374, 379, 394, 398, 400, 412, 413, 450, 466, 471, 483, 488, 515, 546, 550, 566, 568, 571, 572, 589, 591, 607, 626, 660, 671, 678, 679, 687, 692, 695, 696, 703, 712, 736, 739, 742, 746, 752, 763, 769, 771, 775, 776, 784, 794, 802, 830, 834, 835, 841, 852, 863, 865, 900, 901, 935, 940, 995]"
overlap,23,days_237.22_257.84,20495435,22277647,1,OVL-C2302,c09,77,"[30, 37, 45, 52, 66, 74, 77, 80, 104, 110, 111, 112, 113, 126, 133, 166, 168, 186, 187, 202, 204, 209, 227, 232, 240, 256, 260, 264, 266, 267, 294, 313, 332, 340, 356, 392, 408, 416, 425, 435, 439, 447, 472, 478, 500, 517, 523, 556, 557, 573, 574, 575, 585, 586, 602, 648, 674, 690, 699, 721, 730, 743, 762, 765, 782, 803, 814, 817, 868, 885, 908, 912, 922, 936, 946, 949, 984]"
overlap,23,days_237.22_257.84,20495435,22277647,2,OVL-C2303,dead-OVL-C2201,76,"[5, 13, 14, 16, 29, 101, 103, 105, 131, 153, 173, 175, 184, 199, 208, 236, 246, 270, 275, 283, 308, 365, 377, 378, 382, 418, 423, 473, 491, 497, 506, 508, 510, 514, 516, 532, 537, 541, 576, 597, 644, 650, 657, 682, 702, 711, 719, 724, 729, 738, 745, 761, 773, 783, 796, 801, 804, 828, 837, 849, 850, 866, 881, 921, 924, 928, 943, 945, 950, 970, 975, 977, 979, 996, 1001, 1004]"
overlap,23,days_237.22_257.84,20495435,22277647,3,OVL-C2304,dead-OVL-C2210,66,"[7, 8, 11, 19, 53, 98, 107, 116, 117, 120, 134, 150, 151, 192, 193, 196, 226, 235, 253, 257, 268, 278, 291, 297, 327, 335, 381, 385, 401, 415, 429, 440, 454, 462, 464, 468, 495, 553, 592, 609, 617, 633, 664, 670, 681, 688, 707, 708, 713, 714, 737, 772, 807, 808, 810, 833, 880, 890, 898, 899, 916, 923, 948, 980, 985, 1003]"
overlap,23,days_237.22_257.84,20495435,22277647,4,OVL-C2305,dead-OVL-C2204,65,"[0, 6, 61, 71, 75, 78, 114, 118, 122, 127, 143, 144, 149, 157, 169, 176, 178, 189, 195, 201, 220, 228, 243, 249, 281, 293, 295, 333, 339, 372, 404, 409, 410, 470, 479, 502, 519, 522, 538, 544, 563, 569, 580, 595, 599, 605, 652, 654, 669, 693, 710, 716, 718, 754, 767, 777, 791, 858, 862, 867, 904, 934, 969, 976, 991]"
overlap,23,days_237.22_257.84,20495435,22277647,5,OVL-C2306,dead-OVL-C2306,55,"[2, 38, 42, 46, 50, 69, 70, 76, 90, 91, 96, 106, 119, 164, 206, 223, 299, 307, 322, 324, 337, 343, 368, 388, 399, 402, 420, 465, 474, 505, 509, 534, 548, 570, 613, 634, 638, 649, 659, 661, 663, 700, 706, 735, 740, 788, 790, 798, 812, 822, 853, 879, 889, 939, 993]"
overlap,23,days_237.22_257.84,20495435,22277647,6,OVL-C2307,dead-OVL-C2307,53,"[24, 35, 141, 167, 181, 188, 190, 207, 230, 239, 241, 274, 280, 286, 288, 301, 353, 360, 373, 414, 421, 424, 445, 469, 493, 511, 512, 526, 530, 547, 552, 561, 614, 629, 630, 631, 643, 656, 658, 685, 795, 824, 846, 847, 851, 891, 920, 951, 954, 957, 964, 978, 988]"
overlap,23,days_237.22_257.84,20495435,22277647,7,OVL-C2308,dead-OVL-C1807,48,"[4, 12, 58, 82, 115, 135, 170, 225, 259, 279, 304, 320, 330, 362, 371, 383, 393, 405, 407, 426, 438, 441, 490, 527, 528, 549, 581, 587, 594, 615, 628, 635, 637, 697, 720, 732, 759, 779, 818, 843, 855, 870, 884, 887, 907, 909, 942, 999]"
overlap,23,days_237.22_257.84,20495435,22277647,8,OVL-C2309,dead-OVL-C0013,41,"[1, 18, 25, 41, 48, 73, 125, 139, 216, 309, 310, 318, 319, 321, 366, 386, 434, 458, 477, 487, 499, 513, 558, 559, 565, 600, 603, 618, 622, 672, 676, 684, 704, 723, 758, 780, 832, 844, 918, 956, 1002]"
overlap,23,days_237.22_257.84,20495435,22277647,9,OVL-C2310,c05,37,"[28, 56, 68, 95, 231, 245, 251, 311, 329, 338, 361, 364, 427, 432, 433, 461, 480, 482, 531, 540, 582, 624, 641, 698, 764, 789, 809, 819, 840, 872, 873, 910, 925, 955, 983, 987, 994]"
overlap,23,days_237.22_257.84,20495435,22277647,10,OVL-C2311,dead-OVL-C2105,33,"[17, 31, 67, 92, 136, 142, 160, 165, 180, 185, 200, 213, 302, 316, 344, 349, 428, 543, 554, 612, 647, 727, 838, 857, 883, 915, 927, 952, 953, 963, 971, 990, 997]"
overlap,23,days_237.22_257.84,20495435,22277647,11,OVL-C2312,dead-OVL-C2013,15,"[62, 124, 250, 369, 444, 485, 535, 542, 551, 646, 691, 722, 823, 854, 886]"
overlap,23,days_237.22_257.84,20495435,22277647,12,OVL-C2313,dead-OVL-C2008,13,"[147, 171, 347, 577, 590, 686, 715, 748, 926, 931, 933, 966, 972]"
overlap,23,days_237.22_257.84,20495435,22277647,13,OVL-C2314,dead-OVL-C2314,6,"[15, 284, 422, 584, 680, 731]"
overlap,23,days_237.22_257.84,20495435,22277647,14,OVL-C2315,dead-OVL-C2315,4,"[86, 152, 443, 662]"
overlap,24,days_247.53_268.16,21386541,23168753,0,OVL-C2401,dead-OVL-C2301,90,"[4, 53, 72, 75, 82, 83, 116, 120, 135, 137, 151, 159, 170, 191, 193, 214, 220, 221, 229, 233, 248, 253, 290, 292, 304, 306, 326, 329, 334, 371, 394, 400, 405, 413, 433, 441, 456, 495, 546, 549, 550, 554, 566, 570, 571, 581, 587, 589, 594, 617, 628, 633, 651, 659, 671, 687, 692, 703, 706, 720, 739, 742, 746, 752, 769, 771, 772, 775, 776, 784, 798, 801, 807, 819, 830, 834, 835, 863, 865, 870, 900, 901, 910, 923, 935, 936, 940, 942, 948, 995]"
overlap,24,days_247.53_268.16,21386541,23168753,1,OVL-C2402,dead-OVL-C2306,86,"[1, 2, 18, 19, 38, 46, 50, 69, 70, 84, 96, 101, 102, 103, 106, 122, 125, 132, 139, 150, 164, 184, 206, 223, 246, 283, 299, 309, 310, 322, 323, 324, 337, 343, 346, 368, 388, 399, 402, 420, 423, 460, 465, 474, 477, 479, 483, 487, 505, 509, 510, 514, 534, 548, 559, 591, 603, 607, 612, 622, 625, 634, 638, 649, 661, 663, 676, 678, 696, 700, 740, 780, 788, 790, 812, 832, 842, 853, 879, 889, 890, 939, 943, 950, 969, 993]"
overlap,24,days_247.53_268.16,21386541,23168753,2,OVL-C2403,dead-OVL-C2204,79,"[0, 6, 16, 61, 71, 76, 78, 114, 118, 127, 149, 169, 178, 185, 189, 195, 201, 213, 225, 228, 236, 243, 249, 251, 281, 293, 295, 320, 333, 339, 365, 372, 377, 393, 404, 407, 409, 410, 464, 470, 482, 490, 502, 519, 522, 538, 569, 593, 595, 599, 605, 652, 654, 693, 705, 710, 711, 716, 718, 729, 732, 754, 767, 777, 779, 789, 843, 858, 862, 866, 867, 904, 905, 907, 916, 934, 976, 991, 1004]"
overlap,24,days_247.53_268.16,21386541,23168753,3,OVL-C2404,c09,61,"[30, 37, 45, 52, 66, 74, 77, 90, 104, 111, 115, 126, 133, 166, 168, 204, 209, 227, 232, 256, 260, 266, 294, 313, 332, 340, 356, 383, 416, 425, 435, 439, 447, 472, 500, 515, 523, 556, 557, 573, 575, 586, 602, 699, 721, 730, 743, 759, 762, 765, 782, 814, 817, 868, 885, 887, 908, 912, 949, 966, 984]"
overlap,24,days_247.53_268.16,21386541,23168753,4,OVL-C2405,dead-OVL-C2307,58,"[24, 35, 42, 65, 141, 160, 161, 167, 181, 188, 190, 194, 207, 239, 241, 274, 280, 288, 301, 353, 360, 373, 414, 421, 424, 445, 453, 469, 493, 512, 526, 530, 547, 552, 561, 614, 626, 629, 630, 631, 643, 656, 658, 681, 685, 795, 824, 841, 846, 851, 891, 920, 951, 954, 957, 964, 978, 988]"
overlap,24,days_247.53_268.16,21386541,23168753,5,OVL-C2406,dead-OVL-C2210,52,"[5, 7, 29, 98, 107, 117, 119, 134, 175, 192, 196, 208, 226, 257, 268, 275, 278, 291, 327, 335, 338, 361, 381, 401, 415, 429, 440, 454, 462, 468, 471, 537, 553, 592, 609, 664, 670, 688, 707, 713, 737, 808, 810, 833, 849, 880, 898, 899, 980, 985, 997, 1003]"
overlap,24,days_247.53_268.16,21386541,23168753,6,OVL-C2407,dead-OVL-C2105,41,"[17, 31, 67, 80, 92, 110, 112, 136, 142, 165, 186, 200, 202, 267, 302, 305, 316, 341, 344, 349, 392, 408, 428, 478, 517, 543, 647, 648, 674, 803, 838, 847, 857, 883, 915, 946, 952, 953, 963, 971, 990]"
overlap,24,days_247.53_268.16,21386541,23168753,7,OVL-C2408,dead-OVL-C2201,37,"[10, 13, 14, 173, 197, 199, 270, 382, 491, 506, 511, 516, 532, 541, 576, 644, 650, 657, 682, 702, 719, 724, 738, 745, 761, 783, 804, 828, 837, 850, 881, 921, 924, 928, 970, 979, 1001]"
overlap,24,days_247.53_268.16,21386541,23168753,8,OVL-C2409,dead-OVL-C0013,25,"[25, 41, 48, 73, 91, 216, 318, 319, 321, 386, 458, 499, 558, 565, 600, 618, 672, 679, 684, 704, 723, 758, 844, 918, 956]"
overlap,24,days_247.53_268.16,21386541,23168753,9,OVL-C2410,dead-OVL-C2410,24,"[26, 40, 60, 86, 152, 187, 254, 272, 362, 379, 398, 443, 450, 466, 488, 568, 572, 660, 662, 695, 712, 774, 802, 947]"
overlap,24,days_247.53_268.16,21386541,23168753,10,OVL-C2411,c05,23,"[56, 95, 231, 245, 264, 311, 427, 531, 540, 596, 624, 641, 697, 698, 736, 764, 840, 855, 873, 925, 955, 987, 994]"
overlap,24,days_247.53_268.16,21386541,23168753,11,OVL-C2412,dead-OVL-C2412,21,"[8, 15, 32, 143, 144, 284, 422, 527, 528, 544, 563, 580, 584, 585, 669, 680, 731, 741, 791, 796, 922]"
overlap,24,days_247.53_268.16,21386541,23168753,12,OVL-C2413,dead-OVL-C2008,21,"[58, 147, 157, 171, 230, 235, 277, 285, 308, 347, 355, 577, 590, 686, 715, 748, 909, 926, 931, 933, 972]"
overlap,24,days_247.53_268.16,21386541,23168753,13,OVL-C2414,dead-OVL-C2013,17,"[62, 113, 124, 250, 369, 444, 485, 513, 535, 542, 551, 646, 691, 722, 823, 854, 886]"
overlap,24,days_247.53_268.16,21386541,23168753,14,OVL-C2415,dead-OVL-C2415,13,"[28, 105, 153, 317, 364, 374, 418, 497, 582, 773, 809, 977, 996]"
overlap,25,days_257.84_278.47,22277647,24059859,0,OVL-C2501,dead-OVL-C2306,91,"[1, 18, 38, 46, 64, 69, 70, 84, 96, 102, 106, 125, 132, 139, 154, 159, 164, 174, 191, 206, 214, 223, 233, 248, 283, 290, 299, 307, 309, 310, 322, 324, 329, 334, 337, 343, 346, 368, 388, 395, 399, 402, 413, 420, 460, 477, 483, 487, 505, 509, 510, 534, 546, 550, 559, 591, 607, 612, 617, 622, 624, 634, 638, 649, 651, 663, 664, 665, 676, 687, 692, 700, 739, 740, 746, 752, 775, 776, 788, 830, 832, 834, 853, 879, 900, 910, 923, 935, 939, 940, 995]"
overlap,25,days_257.84_278.47,22277647,24059859,1,OVL-C2502,c09,66,"[30, 37, 74, 77, 94, 104, 110, 111, 112, 115, 126, 133, 138, 166, 168, 197, 209, 232, 235, 256, 260, 266, 294, 305, 313, 332, 340, 356, 392, 416, 425, 435, 439, 447, 472, 500, 539, 556, 557, 573, 574, 575, 586, 598, 602, 648, 674, 699, 721, 730, 743, 759, 762, 765, 782, 803, 814, 868, 880, 885, 908, 912, 946, 949, 966, 984]"
overlap,25,days_257.84_278.47,22277647,24059859,2,OVL-C2503,dead-OVL-C2503,62,"[26, 40, 58, 60, 62, 71, 72, 75, 113, 120, 124, 161, 169, 187, 195, 220, 250, 254, 257, 264, 272, 326, 362, 369, 372, 379, 383, 404, 444, 450, 466, 485, 488, 491, 495, 513, 522, 535, 542, 549, 551, 568, 572, 595, 596, 646, 695, 712, 722, 754, 801, 802, 823, 841, 854, 865, 886, 887, 909, 934, 947, 948]"
overlap,25,days_257.84_278.47,22277647,24059859,3,OVL-C2504,dead-OVL-C2307,56,"[24, 32, 35, 65, 141, 160, 167, 181, 188, 190, 207, 241, 274, 280, 288, 301, 353, 360, 373, 414, 421, 424, 445, 469, 493, 512, 526, 530, 547, 552, 561, 614, 625, 629, 630, 631, 643, 656, 658, 685, 772, 791, 795, 817, 846, 847, 851, 890, 891, 902, 920, 954, 957, 964, 978, 988]"
overlap,25,days_257.84_278.47,22277647,24059859,4,OVL-C2505,dead-OVL-C2505,55,"[4, 42, 82, 91, 135, 137, 147, 157, 170, 171, 194, 221, 230, 239, 277, 285, 292, 304, 308, 315, 323, 347, 355, 371, 389, 405, 441, 453, 456, 515, 528, 577, 580, 581, 585, 587, 590, 626, 628, 673, 681, 686, 715, 720, 748, 757, 870, 926, 931, 932, 933, 936, 942, 951, 972]"
overlap,25,days_257.84_278.47,22277647,24059859,5,OVL-C2506,dead-OVL-C2201,52,"[2, 10, 13, 14, 52, 119, 173, 192, 199, 226, 236, 270, 275, 320, 327, 335, 381, 382, 440, 465, 506, 516, 532, 537, 541, 576, 644, 650, 654, 657, 682, 688, 702, 719, 724, 737, 738, 745, 761, 783, 790, 804, 812, 828, 837, 850, 881, 921, 924, 928, 979, 1001]"
overlap,25,days_257.84_278.47,22277647,24059859,6,OVL-C2507,dead-OVL-C2210,42,"[5, 7, 29, 98, 107, 117, 134, 150, 151, 196, 201, 268, 278, 291, 380, 401, 415, 429, 454, 462, 468, 471, 473, 553, 566, 592, 609, 633, 670, 683, 706, 707, 713, 808, 810, 833, 898, 899, 922, 980, 997, 1003]"
overlap,25,days_257.84_278.47,22277647,24059859,7,OVL-C2508,c05,35,"[28, 56, 68, 95, 231, 245, 311, 338, 361, 364, 427, 432, 433, 480, 482, 497, 531, 540, 641, 660, 697, 698, 736, 764, 773, 809, 840, 849, 855, 872, 873, 925, 955, 987, 994]"
overlap,25,days_257.84_278.47,22277647,24059859,8,OVL-C2509,dead-OVL-C2509,35,"[76, 101, 103, 105, 122, 153, 175, 184, 189, 225, 246, 251, 317, 374, 378, 397, 410, 418, 423, 479, 514, 582, 671, 705, 777, 779, 780, 883, 943, 950, 969, 975, 977, 996, 1004]"
overlap,25,days_257.84_278.47,22277647,24059859,9,OVL-C2510,dead-OVL-C2510,32,"[8, 16, 19, 61, 114, 127, 149, 208, 243, 281, 293, 365, 377, 393, 407, 457, 464, 490, 593, 678, 696, 711, 716, 718, 729, 732, 843, 858, 866, 905, 907, 991]"
overlap,25,days_257.84_278.47,22277647,24059859,10,OVL-C2511,dead-OVL-C2511,27,"[11, 53, 83, 86, 152, 185, 193, 213, 229, 306, 400, 443, 544, 570, 659, 662, 677, 703, 742, 769, 771, 784, 819, 835, 863, 901, 993]"
overlap,25,days_257.84_278.47,22277647,24059859,11,OVL-C2512,dead-OVL-C2105,27,"[17, 31, 67, 90, 92, 136, 142, 165, 200, 267, 302, 316, 341, 344, 349, 428, 517, 543, 647, 838, 857, 915, 952, 953, 963, 971, 990]"
overlap,25,days_257.84_278.47,22277647,24059859,12,OVL-C2513,dead-OVL-C2513,26,"[0, 6, 78, 118, 178, 228, 249, 295, 333, 339, 409, 470, 502, 519, 538, 569, 589, 599, 605, 693, 710, 767, 789, 862, 867, 976]"
overlap,25,days_257.84_278.47,22277647,24059859,13,OVL-C2514,dead-OVL-C0013,25,"[25, 41, 48, 73, 216, 318, 319, 321, 386, 458, 481, 499, 558, 565, 600, 618, 672, 679, 684, 704, 723, 758, 844, 918, 956]"
overlap,25,days_257.84_278.47,22277647,24059859,14,OVL-C2515,dead-OVL-C2412,11,"[15, 143, 144, 284, 422, 527, 584, 680, 731, 741, 796]"
overlap,25,days_257.84_278.47,22277647,24059859,15,OVL-C2516,dead-OVL-C2516,3,"[45, 66, 227]"
overlap,26,days_268.16_288.78,23168753,24950965,0,OVL-C2601,dead-OVL-C2306,86,"[18, 38, 42, 46, 50, 64, 69, 70, 96, 102, 106, 125, 132, 139, 154, 157, 159, 164, 174, 191, 206, 214, 223, 233, 248, 290, 299, 307, 309, 310, 322, 323, 324, 329, 334, 337, 343, 368, 388, 395, 397, 413, 420, 466, 477, 505, 509, 510, 534, 546, 550, 559, 591, 607, 617, 622, 634, 638, 649, 651, 662, 663, 665, 671, 676, 687, 692, 712, 739, 746, 775, 776, 788, 832, 834, 841, 879, 896, 900, 910, 935, 939, 940, 975, 992, 1003]"
overlap,26,days_268.16_288.78,23168753,24950965,1,OVL-C2602,c09,83,"[2, 30, 37, 43, 52, 74, 77, 94, 104, 110, 111, 112, 119, 126, 133, 138, 147, 166, 168, 171, 209, 232, 236, 256, 260, 266, 283, 294, 305, 313, 332, 340, 347, 356, 362, 392, 416, 425, 435, 439, 447, 465, 472, 490, 491, 500, 515, 517, 539, 556, 557, 573, 574, 575, 586, 602, 648, 674, 700, 707, 721, 730, 743, 759, 762, 765, 768, 782, 790, 803, 812, 814, 868, 880, 885, 889, 908, 912, 933, 946, 949, 966, 984]"
overlap,26,days_268.16_288.78,23168753,24950965,2,OVL-C2603,dead-OVL-C2201,60,"[13, 14, 76, 103, 105, 122, 153, 173, 175, 189, 199, 251, 270, 365, 374, 377, 378, 396, 410, 418, 423, 437, 457, 487, 506, 514, 516, 541, 576, 644, 650, 654, 657, 682, 702, 719, 729, 738, 745, 761, 777, 780, 783, 828, 837, 850, 866, 881, 921, 924, 928, 943, 945, 950, 969, 977, 979, 996, 1001, 1004]"
overlap,26,days_268.16_288.78,23168753,24950965,3,OVL-C2604,dead-OVL-C2604,59,"[5, 7, 16, 19, 29, 61, 90, 101, 107, 114, 149, 192, 201, 208, 243, 246, 275, 293, 317, 320, 327, 335, 380, 381, 393, 407, 440, 464, 468, 473, 479, 532, 537, 553, 589, 652, 664, 670, 688, 711, 714, 716, 718, 724, 737, 752, 804, 808, 810, 843, 858, 867, 876, 898, 899, 980, 985, 991, 997]"
overlap,26,days_268.16_288.78,23168753,24950965,4,OVL-C2605,dead-OVL-C2105,42,"[17, 31, 67, 92, 98, 117, 134, 136, 142, 150, 165, 200, 257, 267, 268, 278, 291, 302, 316, 341, 344, 401, 415, 428, 429, 454, 471, 543, 566, 592, 609, 647, 683, 713, 833, 838, 857, 915, 922, 952, 963, 971]"
overlap,26,days_268.16_288.78,23168753,24950965,5,OVL-C2606,dead-OVL-C0013,42,"[25, 41, 48, 58, 73, 85, 91, 216, 221, 277, 285, 318, 319, 321, 355, 386, 438, 458, 481, 499, 558, 565, 577, 590, 618, 672, 673, 679, 684, 704, 715, 723, 748, 758, 818, 844, 909, 918, 926, 931, 956, 995]"
overlap,26,days_268.16_288.78,23168753,24950965,6,OVL-C2607,dead-OVL-C2607,41,"[11, 40, 53, 71, 72, 86, 120, 127, 152, 161, 169, 184, 187, 193, 205, 220, 225, 253, 272, 372, 404, 443, 544, 549, 572, 595, 633, 642, 660, 677, 734, 754, 772, 779, 802, 819, 865, 883, 923, 934, 983]"
overlap,26,days_268.16_288.78,23168753,24950965,7,OVL-C2608,c05,37,"[28, 56, 68, 95, 170, 231, 245, 264, 311, 338, 361, 364, 427, 432, 433, 480, 482, 531, 540, 582, 624, 641, 697, 698, 764, 773, 809, 830, 840, 849, 855, 872, 873, 925, 955, 987, 994]"
overlap,26,days_268.16_288.78,23168753,24950965,8,OVL-C2609,dead-OVL-C2609,34,"[35, 141, 167, 188, 207, 235, 239, 241, 301, 349, 373, 421, 424, 469, 512, 547, 552, 563, 585, 598, 614, 681, 795, 817, 847, 851, 951, 953, 954, 957, 964, 978, 988, 990]"
overlap,26,days_268.16_288.78,23168753,24950965,9,OVL-C2610,dead-OVL-C2610,33,"[4, 82, 83, 135, 229, 292, 304, 306, 315, 371, 383, 389, 405, 441, 528, 581, 587, 626, 628, 659, 703, 720, 742, 757, 769, 784, 863, 870, 887, 901, 932, 936, 942]"
overlap,26,days_268.16_288.78,23168753,24950965,10,OVL-C2611,dead-OVL-C2513,30,"[0, 6, 32, 65, 75, 78, 118, 178, 197, 228, 249, 295, 333, 339, 409, 470, 502, 519, 538, 569, 599, 605, 693, 710, 732, 767, 789, 791, 862, 976]"
overlap,26,days_268.16_288.78,23168753,24950965,11,OVL-C2612,dead-OVL-C2307,30,"[24, 160, 181, 190, 274, 280, 281, 288, 353, 360, 414, 445, 493, 526, 530, 561, 629, 630, 631, 643, 656, 658, 678, 685, 696, 846, 890, 891, 902, 920]"
overlap,26,days_268.16_288.78,23168753,24950965,12,OVL-C2613,dead-OVL-C2613,20,"[62, 113, 182, 185, 250, 369, 444, 483, 485, 513, 522, 535, 542, 551, 646, 722, 800, 823, 854, 886]"
overlap,26,days_268.16_288.78,23168753,24950965,13,OVL-C2614,dead-OVL-C2412,14,"[8, 15, 143, 196, 284, 422, 520, 527, 580, 584, 680, 731, 741, 796]"
overlap,26,days_268.16_288.78,23168753,24950965,14,OVL-C2615,dead-OVL-C2615,8,"[379, 450, 488, 495, 568, 695, 774, 947]"
overlap,26,days_268.16_288.78,23168753,24950965,15,OVL-C2616,dead-OVL-C2516,3,"[45, 66, 227]"
overlap,26,days_268.16_288.78,23168753,24950965,16,OVL-C2617,dead-OVL-C2617,3,"[180, 727, 829]"
overlap,27,days_278.47_299.10,24059859,25842071,0,OVL-C2701,dead-OVL-C2201,77,"[13, 14, 42, 53, 65, 76, 120, 122, 153, 173, 193, 199, 205, 251, 253, 278, 337, 338, 383, 389, 396, 397, 410, 418, 433, 437, 468, 495, 505, 506, 516, 528, 532, 541, 544, 576, 589, 597, 607, 617, 633, 641, 642, 644, 650, 654, 657, 660, 666, 671, 682, 702, 719, 732, 734, 738, 745, 761, 772, 777, 783, 828, 837, 850, 881, 910, 921, 923, 924, 928, 945, 969, 975, 979, 983, 996, 1001]"
overlap,27,days_278.47_299.10,24059859,25842071,1,OVL-C2702,c09,72,"[2, 30, 37, 43, 52, 74, 77, 104, 110, 111, 112, 119, 126, 133, 143, 166, 168, 209, 232, 235, 256, 260, 266, 283, 294, 305, 313, 332, 356, 362, 416, 425, 435, 439, 447, 465, 472, 490, 500, 515, 556, 557, 573, 575, 586, 598, 602, 648, 674, 700, 721, 730, 743, 759, 762, 765, 768, 782, 790, 803, 812, 814, 868, 880, 885, 889, 908, 912, 946, 948, 949, 984]"
overlap,27,days_278.47_299.10,24059859,25842071,2,OVL-C2703,dead-OVL-C2703,54,"[58, 62, 95, 113, 147, 151, 159, 171, 182, 185, 214, 230, 239, 250, 263, 277, 290, 347, 355, 369, 438, 444, 483, 485, 513, 535, 542, 551, 566, 577, 590, 646, 651, 681, 686, 707, 712, 715, 722, 748, 800, 807, 818, 823, 854, 909, 926, 931, 933, 940, 951, 966, 972, 995]"
overlap,27,days_278.47_299.10,24059859,25842071,3,OVL-C2704,dead-OVL-C2704,52,"[4, 32, 75, 82, 135, 137, 157, 191, 197, 223, 233, 248, 271, 273, 315, 326, 334, 371, 405, 413, 430, 501, 523, 534, 546, 550, 581, 591, 628, 665, 668, 687, 692, 703, 739, 740, 746, 757, 775, 776, 789, 798, 834, 870, 883, 890, 932, 935, 936, 942, 992, 994]"
overlap,27,days_278.47_299.10,24059859,25842071,4,OVL-C2705,dead-OVL-C2604,51,"[5, 16, 19, 29, 61, 90, 107, 127, 149, 192, 201, 208, 225, 243, 317, 320, 327, 335, 381, 388, 393, 407, 440, 441, 464, 479, 517, 522, 537, 553, 625, 643, 652, 664, 688, 708, 714, 716, 718, 737, 779, 808, 810, 843, 876, 898, 899, 904, 980, 985, 997]"
overlap,27,days_278.47_299.10,24059859,25842071,5,OVL-C2706,dead-OVL-C2706,40,"[18, 38, 50, 64, 96, 102, 106, 125, 132, 139, 154, 164, 174, 195, 206, 299, 309, 310, 322, 323, 368, 395, 402, 477, 509, 510, 559, 583, 622, 634, 638, 676, 706, 788, 832, 842, 879, 896, 939, 943]"
overlap,27,days_278.47_299.10,24059859,25842071,6,OVL-C2707,dead-OVL-C2105,38,"[17, 31, 67, 70, 98, 117, 136, 142, 165, 196, 200, 268, 291, 302, 316, 324, 341, 344, 392, 401, 415, 428, 429, 454, 543, 592, 609, 647, 683, 713, 833, 846, 857, 915, 952, 953, 963, 971]"
overlap,27,days_278.47_299.10,24059859,25842071,7,OVL-C2708,dead-OVL-C2513,33,"[0, 6, 78, 114, 118, 178, 181, 189, 228, 249, 270, 295, 312, 333, 339, 349, 409, 470, 502, 519, 538, 569, 599, 605, 670, 693, 696, 710, 767, 791, 862, 976, 991]"
overlap,27,days_278.47_299.10,24059859,25842071,8,OVL-C2709,dead-OVL-C2609,33,"[35, 141, 161, 167, 188, 190, 207, 241, 274, 281, 301, 373, 421, 424, 469, 491, 497, 512, 547, 552, 614, 656, 795, 817, 841, 851, 905, 920, 954, 957, 978, 988, 990]"
overlap,27,days_278.47_299.10,24059859,25842071,9,OVL-C2710,dead-OVL-C2710,28,"[46, 83, 86, 105, 150, 152, 229, 292, 306, 374, 400, 443, 471, 563, 585, 626, 659, 662, 677, 736, 742, 752, 769, 784, 835, 863, 901, 993]"
overlap,27,days_278.47_299.10,24059859,25842071,10,OVL-C2711,dead-OVL-C2307,27,"[24, 92, 160, 267, 280, 285, 288, 353, 360, 394, 414, 445, 493, 526, 530, 561, 571, 629, 630, 631, 658, 685, 809, 838, 858, 891, 900]"
overlap,27,days_278.47_299.10,24059859,25842071,11,OVL-C2712,c05,27,"[28, 56, 170, 231, 245, 311, 329, 364, 427, 432, 482, 531, 540, 582, 697, 698, 764, 773, 819, 840, 855, 873, 886, 925, 955, 987, 1003]"
overlap,27,days_278.47_299.10,24059859,25842071,12,OVL-C2713,dead-OVL-C2713,24,"[91, 101, 103, 175, 236, 246, 275, 293, 343, 377, 378, 423, 487, 514, 663, 711, 724, 780, 849, 866, 867, 950, 977, 1004]"
overlap,27,days_278.47_299.10,24059859,25842071,13,OVL-C2714,dead-OVL-C0013,23,"[25, 41, 48, 73, 85, 216, 318, 319, 321, 458, 499, 558, 565, 672, 679, 684, 704, 723, 758, 844, 918, 956, 1002]"
overlap,27,days_278.47_299.10,24059859,25842071,14,OVL-C2715,dead-OVL-C2715,21,"[40, 71, 169, 184, 187, 272, 372, 379, 404, 450, 466, 568, 572, 595, 596, 695, 754, 774, 802, 934, 947]"
overlap,27,days_278.47_299.10,24059859,25842071,15,OVL-C2716,dead-OVL-C2412,14,"[8, 15, 134, 257, 284, 422, 520, 527, 580, 587, 680, 717, 720, 731]"
overlap,27,days_278.47_299.10,24059859,25842071,16,OVL-C2717,dead-OVL-C2516,3,"[45, 66, 227]"
overlap,27,days_278.47_299.10,24059859,25842071,17,OVL-C2718,dead-OVL-C2617,3,"[180, 727, 829]"
overlap,28,days_288.78_309.41,24950965,26733176,0,OVL-C2801,dead-OVL-C2801,85,"[5, 13, 19, 29, 53, 65, 90, 107, 120, 127, 143, 151, 191, 192, 193, 201, 208, 220, 235, 236, 278, 281, 283, 293, 327, 335, 381, 389, 393, 407, 440, 464, 468, 491, 495, 516, 528, 532, 537, 553, 563, 580, 597, 617, 625, 627, 633, 643, 654, 660, 663, 664, 688, 714, 719, 736, 738, 752, 761, 772, 783, 796, 805, 808, 810, 843, 850, 865, 867, 881, 883, 890, 898, 899, 905, 921, 923, 928, 940, 970, 975, 979, 985, 997, 1004]"
overlap,28,days_288.78_309.41,24950965,26733176,1,OVL-C2802,c09,75,"[2, 30, 42, 45, 52, 66, 74, 77, 91, 104, 110, 112, 119, 126, 166, 168, 209, 225, 232, 256, 260, 266, 274, 294, 305, 313, 332, 340, 356, 416, 425, 435, 439, 447, 465, 472, 500, 509, 517, 556, 557, 573, 574, 575, 583, 586, 602, 648, 674, 700, 721, 730, 743, 759, 762, 765, 768, 782, 790, 803, 812, 814, 817, 841, 863, 868, 880, 885, 908, 912, 946, 948, 949, 966, 984]"
overlap,28,days_288.78_309.41,24950965,26733176,2,OVL-C2803,dead-OVL-C2704,66,"[4, 32, 75, 82, 111, 135, 137, 157, 161, 170, 197, 205, 211, 223, 233, 248, 271, 272, 273, 277, 285, 304, 315, 317, 326, 334, 371, 394, 405, 413, 430, 441, 501, 523, 534, 542, 546, 550, 571, 581, 591, 626, 628, 656, 665, 668, 671, 684, 687, 692, 739, 746, 757, 775, 776, 798, 834, 870, 900, 910, 920, 932, 935, 936, 942, 992]"
overlap,28,days_288.78_309.41,24950965,26733176,3,OVL-C2804,dead-OVL-C2804,55,"[16, 61, 101, 103, 114, 149, 153, 169, 175, 181, 184, 189, 243, 246, 249, 275, 323, 372, 377, 378, 404, 423, 457, 479, 510, 514, 572, 593, 595, 650, 666, 670, 682, 696, 708, 711, 716, 718, 724, 729, 732, 737, 745, 754, 779, 780, 801, 828, 830, 849, 866, 904, 950, 977, 980]"
overlap,28,days_288.78_309.41,24950965,26733176,4,OVL-C2805,c03,53,"[17, 24, 31, 67, 92, 122, 136, 141, 142, 160, 165, 185, 200, 267, 280, 288, 302, 316, 344, 349, 353, 360, 391, 392, 408, 414, 428, 445, 493, 526, 530, 543, 561, 629, 630, 631, 647, 658, 685, 833, 838, 846, 857, 858, 891, 892, 915, 952, 953, 957, 963, 971, 990]"
overlap,28,days_288.78_309.41,24950965,26733176,5,OVL-C2806,c05,42,"[28, 56, 68, 95, 196, 231, 245, 251, 264, 311, 329, 338, 361, 364, 427, 432, 433, 480, 482, 497, 531, 540, 582, 606, 607, 624, 641, 697, 698, 764, 773, 789, 809, 819, 840, 855, 872, 873, 925, 955, 987, 994]"
overlap,28,days_288.78_309.41,24950965,26733176,6,OVL-C2807,dead-OVL-C2706,42,"[38, 50, 64, 70, 84, 96, 102, 106, 125, 132, 139, 154, 164, 174, 206, 299, 309, 310, 322, 324, 343, 368, 388, 402, 420, 474, 477, 487, 559, 622, 634, 638, 649, 676, 706, 740, 788, 832, 842, 879, 939, 943]"
overlap,28,days_288.78_309.41,24950965,26733176,7,OVL-C2808,dead-OVL-C2703,33,"[40, 133, 138, 147, 159, 171, 214, 230, 239, 290, 347, 355, 362, 383, 515, 544, 552, 566, 577, 589, 590, 637, 686, 712, 715, 748, 807, 887, 926, 931, 933, 951, 972]"
overlap,28,days_288.78_309.41,24950965,26733176,8,OVL-C2809,dead-OVL-C2513,26,"[0, 6, 78, 118, 178, 228, 270, 295, 312, 333, 339, 409, 470, 502, 519, 538, 569, 599, 605, 693, 710, 767, 791, 862, 976, 991]"
overlap,28,days_288.78_309.41,24950965,26733176,9,OVL-C2810,dead-OVL-C0013,25,"[25, 41, 48, 73, 216, 318, 319, 321, 366, 434, 458, 481, 499, 558, 565, 618, 672, 679, 704, 723, 758, 844, 918, 956, 1002]"
overlap,28,days_288.78_309.41,24950965,26733176,10,OVL-C2811,dead-OVL-C2710,23,"[46, 83, 86, 134, 152, 194, 229, 292, 306, 374, 400, 443, 585, 659, 662, 677, 703, 742, 769, 784, 835, 901, 993]"
overlap,28,days_288.78_309.41,24950965,26733176,11,OVL-C2812,dead-OVL-C2812,20,"[10, 14, 76, 105, 173, 199, 410, 418, 471, 506, 541, 644, 657, 702, 777, 837, 924, 969, 996, 1001]"
overlap,28,days_288.78_309.41,24950965,26733176,12,OVL-C2813,dead-OVL-C2609,20,"[35, 167, 188, 190, 207, 241, 301, 373, 421, 424, 469, 512, 547, 614, 795, 847, 851, 954, 978, 988]"
overlap,28,days_288.78_309.41,24950965,26733176,13,OVL-C2814,dead-OVL-C2814,19,"[58, 98, 117, 150, 268, 291, 401, 415, 426, 429, 438, 454, 592, 609, 707, 713, 818, 909, 1003]"
overlap,28,days_288.78_309.41,24950965,26733176,14,OVL-C2815,dead-OVL-C2815,16,"[62, 113, 250, 263, 369, 444, 485, 513, 535, 551, 646, 722, 800, 823, 854, 886]"
overlap,28,days_288.78_309.41,24950965,26733176,15,OVL-C2816,dead-OVL-C2715,11,"[187, 337, 379, 450, 466, 568, 596, 695, 774, 802, 947]"
overlap,28,days_288.78_309.41,24950965,26733176,16,OVL-C2817,dead-OVL-C2412,9,"[8, 15, 284, 422, 587, 680, 717, 720, 731]"
overlap,29,days_299.10_319.73,25842071,27624282,0,OVL-C2901,dead-OVL-C2801,109,"[5, 10, 13, 14, 16, 29, 70, 76, 90, 101, 103, 105, 107, 118, 153, 175, 192, 199, 201, 208, 225, 236, 246, 270, 273, 275, 281, 327, 335, 343, 365, 377, 378, 381, 393, 397, 410, 418, 423, 437, 440, 442, 457, 464, 468, 471, 473, 491, 506, 510, 514, 532, 537, 541, 553, 572, 576, 597, 643, 644, 650, 654, 657, 663, 664, 670, 682, 688, 702, 719, 729, 732, 737, 738, 745, 761, 777, 779, 780, 783, 796, 801, 808, 810, 828, 837, 849, 850, 865, 866, 867, 881, 890, 898, 899, 921, 924, 945, 950, 969, 975, 977, 979, 980, 985, 996, 997, 1001, 1004]"
overlap,29,days_299.10_319.73,25842071,27624282,1,OVL-C2902,dead-OVL-C2902,85,"[8, 15, 64, 65, 75, 84, 116, 120, 127, 147, 151, 157, 159, 161, 171, 191, 196, 197, 198, 214, 220, 223, 230, 233, 248, 271, 277, 278, 283, 284, 285, 334, 347, 355, 394, 413, 422, 534, 544, 546, 550, 571, 577, 578, 584, 587, 590, 591, 609, 617, 627, 668, 669, 671, 680, 686, 687, 692, 715, 717, 720, 731, 739, 746, 748, 752, 772, 775, 776, 805, 807, 813, 834, 853, 900, 910, 923, 926, 931, 933, 935, 970, 972, 992, 995]"
overlap,29,days_299.10_319.73,25842071,27624282,2,OVL-C2903,c09,79,"[2, 30, 45, 52, 53, 66, 74, 77, 91, 104, 110, 111, 112, 119, 126, 133, 166, 168, 193, 209, 227, 232, 256, 260, 266, 267, 294, 305, 313, 326, 332, 340, 356, 416, 425, 435, 439, 447, 465, 472, 500, 516, 517, 556, 557, 573, 574, 575, 586, 602, 633, 648, 674, 700, 704, 721, 730, 743, 759, 762, 765, 782, 790, 803, 804, 812, 814, 868, 880, 885, 889, 908, 912, 918, 946, 948, 949, 966, 984]"
overlap,29,days_299.10_319.73,25842071,27624282,3,OVL-C2904,c11,65,"[0, 6, 32, 58, 61, 78, 114, 122, 143, 149, 169, 178, 184, 189, 228, 239, 243, 249, 255, 293, 295, 323, 333, 339, 372, 388, 398, 404, 409, 470, 479, 502, 519, 522, 538, 549, 563, 569, 593, 595, 599, 605, 607, 613, 634, 690, 693, 696, 706, 710, 711, 716, 718, 724, 754, 767, 791, 843, 862, 883, 904, 907, 909, 951, 991]"
overlap,29,days_299.10_319.73,25842071,27624282,4,OVL-C2905,c03,53,"[24, 35, 67, 141, 160, 167, 181, 188, 190, 207, 241, 274, 280, 288, 301, 344, 353, 360, 373, 391, 414, 421, 424, 445, 469, 493, 512, 526, 530, 547, 552, 561, 614, 629, 630, 631, 656, 658, 685, 795, 817, 841, 846, 847, 851, 858, 891, 920, 954, 957, 963, 978, 988]"
overlap,29,days_299.10_319.73,25842071,27624282,5,OVL-C2906,dead-OVL-C2906,49,"[40, 60, 83, 86, 137, 138, 152, 187, 194, 203, 205, 229, 272, 306, 337, 362, 374, 379, 383, 400, 443, 450, 466, 483, 488, 495, 505, 523, 533, 568, 580, 596, 637, 659, 662, 677, 695, 703, 712, 742, 769, 771, 784, 802, 835, 863, 887, 901, 993]"
overlap,29,days_299.10_319.73,25842071,27624282,6,OVL-C2907,c05,42,"[28, 56, 68, 95, 186, 226, 231, 245, 251, 264, 311, 329, 338, 361, 364, 427, 432, 433, 448, 480, 482, 497, 531, 540, 582, 606, 624, 641, 660, 698, 764, 773, 789, 809, 819, 840, 872, 873, 925, 955, 987, 994]"
overlap,29,days_299.10_319.73,25842071,27624282,7,OVL-C2908,dead-OVL-C2706,35,"[38, 42, 46, 50, 69, 96, 102, 106, 125, 139, 164, 299, 309, 310, 319, 322, 324, 346, 402, 420, 474, 477, 487, 509, 559, 622, 638, 649, 676, 740, 788, 832, 879, 939, 943]"
overlap,29,days_299.10_319.73,25842071,27624282,8,OVL-C2909,dead-OVL-C2909,29,"[17, 31, 92, 136, 142, 165, 173, 200, 302, 316, 341, 349, 392, 408, 428, 528, 543, 585, 636, 647, 838, 857, 892, 915, 952, 953, 971, 976, 990]"
overlap,29,days_299.10_319.73,25842071,27624282,9,OVL-C2910,dead-OVL-C0013,26,"[25, 41, 48, 73, 185, 216, 318, 321, 366, 386, 434, 458, 481, 499, 558, 565, 618, 672, 679, 684, 723, 758, 830, 833, 844, 956]"
overlap,29,days_299.10_319.73,25842071,27624282,10,OVL-C2911,dead-OVL-C2815,25,"[62, 113, 124, 235, 250, 263, 369, 407, 438, 444, 478, 485, 513, 535, 542, 551, 646, 722, 800, 818, 821, 823, 854, 886, 927]"
overlap,29,days_299.10_319.73,25842071,27624282,11,OVL-C2912,dead-OVL-C2912,23,"[4, 72, 82, 135, 170, 211, 292, 304, 315, 317, 348, 371, 405, 581, 626, 628, 697, 736, 757, 855, 870, 936, 942]"
overlap,29,days_299.10_319.73,25842071,27624282,12,OVL-C2913,dead-OVL-C2814,22,"[98, 117, 134, 150, 253, 268, 290, 291, 401, 415, 426, 429, 454, 462, 566, 589, 592, 683, 707, 713, 940, 1003]"
overlap,29,days_299.10_319.73,25842071,27624282,13,OVL-C2914,dead-OVL-C2914,4,"[180, 727, 829, 958]"
overlap,30,days_309.41_330.04,26733176,28515388,0,OVL-C3001,dead-OVL-C2801,79,"[5, 7, 13, 14, 16, 29, 76, 107, 118, 153, 173, 175, 189, 192, 199, 201, 236, 270, 275, 327, 335, 381, 396, 397, 410, 437, 440, 442, 464, 468, 473, 491, 506, 516, 532, 537, 541, 553, 576, 597, 643, 644, 650, 654, 657, 664, 670, 682, 688, 690, 702, 719, 737, 738, 745, 761, 777, 783, 796, 804, 808, 810, 828, 837, 849, 850, 881, 898, 899, 921, 923, 924, 941, 945, 969, 975, 979, 980, 985]"
overlap,30,days_309.41_330.04,26733176,28515388,1,OVL-C3002,c09,78,"[2, 30, 45, 52, 53, 66, 74, 77, 104, 110, 111, 112, 119, 126, 133, 166, 168, 176, 193, 209, 227, 232, 256, 260, 266, 267, 294, 305, 313, 318, 326, 332, 340, 356, 416, 425, 435, 439, 447, 465, 472, 500, 517, 556, 573, 574, 575, 586, 598, 602, 617, 633, 648, 674, 700, 704, 721, 730, 743, 756, 759, 762, 765, 782, 790, 803, 812, 868, 885, 889, 908, 912, 918, 946, 948, 949, 966, 984]"
overlap,30,days_309.41_330.04,26733176,28515388,2,OVL-C3003,dead-OVL-C2902,74,"[32, 65, 69, 116, 138, 147, 157, 159, 161, 171, 191, 205, 214, 220, 223, 230, 233, 235, 248, 255, 271, 277, 278, 283, 285, 292, 322, 334, 347, 355, 362, 383, 394, 398, 515, 534, 571, 577, 578, 587, 590, 649, 668, 671, 686, 687, 692, 705, 715, 720, 735, 739, 746, 763, 776, 787, 791, 801, 813, 822, 853, 879, 887, 890, 900, 926, 931, 933, 935, 940, 972, 992, 997, 1002]"
overlap,30,days_309.41_330.04,26733176,28515388,3,OVL-C3004,dead-OVL-C2909,50,"[17, 24, 31, 67, 92, 136, 142, 160, 165, 200, 280, 288, 302, 316, 341, 344, 349, 353, 360, 391, 392, 414, 428, 445, 493, 526, 530, 543, 561, 585, 629, 630, 631, 636, 645, 647, 658, 685, 695, 838, 846, 857, 891, 915, 952, 953, 963, 971, 976, 990]"
overlap,30,days_309.41_330.04,26733176,28515388,4,OVL-C3005,dead-OVL-C2906,50,"[61, 70, 83, 86, 90, 122, 127, 149, 152, 203, 229, 243, 272, 281, 306, 317, 374, 388, 400, 443, 461, 479, 483, 522, 533, 591, 607, 613, 626, 634, 659, 662, 677, 703, 716, 718, 724, 742, 754, 769, 771, 784, 835, 863, 865, 883, 901, 904, 910, 993]"
overlap,30,days_309.41_330.04,26733176,28515388,5,OVL-C3006,c05,42,"[28, 56, 68, 95, 186, 226, 231, 245, 251, 264, 311, 329, 338, 361, 364, 427, 432, 433, 448, 480, 482, 531, 540, 582, 606, 624, 641, 698, 764, 773, 775, 789, 809, 819, 840, 872, 873, 925, 955, 987, 994, 995]"
overlap,30,days_309.41_330.04,26733176,28515388,6,OVL-C3007,c11,38,"[0, 6, 19, 58, 78, 114, 178, 228, 239, 249, 273, 293, 295, 312, 323, 333, 339, 365, 409, 470, 502, 519, 538, 549, 557, 569, 599, 605, 693, 710, 711, 713, 732, 767, 862, 909, 951, 991]"
overlap,30,days_309.41_330.04,26733176,28515388,7,OVL-C3008,dead-OVL-C2706,33,"[38, 42, 46, 50, 84, 96, 106, 125, 132, 139, 164, 299, 309, 310, 324, 346, 399, 402, 420, 474, 477, 487, 509, 510, 559, 622, 638, 676, 740, 788, 832, 939, 943]"
overlap,30,days_309.41_330.04,26733176,28515388,8,OVL-C3009,c03,30,"[35, 141, 167, 181, 188, 190, 207, 241, 274, 301, 373, 421, 424, 469, 512, 547, 552, 614, 656, 795, 817, 841, 847, 851, 858, 920, 954, 957, 978, 988]"
overlap,30,days_309.41_330.04,26733176,28515388,9,OVL-C3010,dead-OVL-C2815,30,"[62, 113, 124, 225, 250, 369, 407, 438, 444, 471, 478, 485, 513, 528, 535, 542, 551, 646, 722, 752, 770, 779, 800, 818, 821, 823, 843, 854, 886, 907]"
overlap,30,days_309.41_330.04,26733176,28515388,10,OVL-C3011,dead-OVL-C0013,29,"[25, 41, 48, 73, 91, 185, 216, 319, 321, 366, 386, 458, 481, 499, 546, 550, 558, 565, 580, 618, 679, 684, 723, 758, 830, 833, 834, 844, 956]"
overlap,30,days_309.41_330.04,26733176,28515388,11,OVL-C3012,dead-OVL-C2814,26,"[75, 98, 117, 120, 134, 150, 151, 196, 197, 253, 268, 290, 291, 401, 415, 429, 454, 462, 566, 592, 609, 660, 683, 706, 772, 927]"
overlap,30,days_309.41_330.04,26733176,28515388,12,OVL-C3013,dead-OVL-C3013,26,"[101, 103, 105, 184, 206, 208, 246, 343, 377, 378, 418, 423, 457, 497, 514, 572, 663, 729, 780, 866, 867, 950, 977, 996, 1001, 1004]"
overlap,30,days_309.41_330.04,26733176,28515388,13,OVL-C3014,dead-OVL-C3014,24,"[8, 15, 143, 144, 169, 257, 284, 372, 404, 422, 527, 544, 563, 584, 595, 652, 669, 680, 696, 707, 717, 731, 741, 880]"
overlap,30,days_309.41_330.04,26733176,28515388,14,OVL-C3015,dead-OVL-C2912,23,"[4, 72, 82, 135, 137, 170, 211, 304, 315, 337, 348, 371, 405, 441, 505, 581, 628, 697, 736, 855, 870, 936, 942]"
overlap,30,days_309.41_330.04,26733176,28515388,15,OVL-C3016,dead-OVL-C3016,14,"[40, 60, 187, 198, 379, 450, 466, 488, 495, 568, 712, 774, 802, 947]"
overlap,30,days_309.41_330.04,26733176,28515388,16,OVL-C3017,dead-OVL-C2914,4,"[180, 727, 829, 958]"
overlap,31,days_319.73_340.35,27624282,29406494,0,OVL-C3101,c09,86,"[2, 30, 45, 52, 66, 74, 77, 104, 110, 111, 112, 119, 126, 128, 133, 161, 166, 168, 176, 197, 209, 232, 240, 256, 257, 260, 266, 267, 294, 305, 313, 318, 326, 332, 356, 392, 416, 425, 435, 439, 447, 465, 472, 500, 517, 556, 557, 573, 574, 575, 586, 598, 602, 648, 674, 699, 700, 704, 721, 730, 743, 756, 759, 762, 765, 782, 790, 803, 812, 814, 868, 869, 876, 885, 889, 908, 912, 918, 934, 936, 946, 948, 949, 961, 966, 984]"
overlap,31,days_319.73_340.35,27624282,29406494,1,OVL-C3102,dead-OVL-C2801,79,"[5, 7, 13, 14, 16, 29, 107, 114, 118, 158, 173, 175, 192, 199, 201, 226, 236, 262, 270, 275, 327, 335, 381, 396, 397, 437, 440, 442, 464, 468, 479, 487, 491, 506, 508, 516, 532, 537, 541, 553, 576, 597, 643, 644, 650, 654, 657, 664, 666, 670, 682, 688, 702, 719, 732, 737, 738, 745, 761, 783, 804, 808, 810, 828, 837, 849, 850, 881, 898, 899, 921, 924, 928, 941, 945, 975, 979, 980, 985]"
overlap,31,days_319.73_340.35,27624282,29406494,2,OVL-C3103,dead-OVL-C2706,77,"[8, 32, 38, 42, 46, 50, 69, 70, 84, 96, 101, 102, 103, 105, 106, 125, 132, 139, 144, 153, 164, 184, 206, 208, 246, 299, 308, 309, 310, 323, 324, 343, 346, 378, 388, 395, 399, 402, 418, 420, 423, 474, 477, 497, 509, 510, 514, 534, 544, 559, 580, 603, 622, 634, 638, 649, 676, 735, 740, 741, 780, 788, 791, 796, 815, 822, 832, 853, 879, 893, 939, 943, 950, 977, 996, 1001, 1004]"
overlap,31,days_319.73_340.35,27624282,29406494,3,OVL-C3104,c11,65,"[0, 6, 19, 58, 61, 78, 91, 122, 127, 149, 169, 178, 225, 228, 243, 249, 272, 293, 295, 312, 333, 339, 365, 372, 377, 393, 404, 407, 409, 438, 457, 461, 470, 478, 483, 502, 519, 522, 538, 569, 595, 599, 605, 613, 690, 693, 708, 710, 716, 718, 724, 729, 754, 767, 779, 818, 843, 862, 866, 883, 904, 907, 909, 976, 991]"
overlap,31,days_319.73_340.35,27624282,29406494,4,OVL-C3105,dead-OVL-C3105,65,"[39, 40, 53, 75, 98, 116, 117, 120, 134, 150, 151, 185, 187, 193, 196, 220, 235, 253, 254, 259, 268, 278, 290, 291, 322, 334, 398, 401, 415, 429, 450, 454, 471, 524, 546, 550, 562, 566, 572, 592, 593, 609, 617, 633, 671, 683, 687, 707, 712, 713, 715, 752, 772, 776, 798, 802, 833, 834, 865, 880, 923, 927, 997, 999, 1003]"
overlap,31,days_319.73_340.35,27624282,29406494,5,OVL-C3106,dead-OVL-C3106,58,"[4, 26, 82, 83, 86, 135, 137, 138, 152, 170, 205, 229, 283, 292, 304, 306, 315, 317, 337, 362, 371, 374, 383, 400, 405, 441, 443, 505, 528, 549, 581, 585, 589, 596, 626, 628, 645, 659, 662, 695, 697, 703, 742, 763, 771, 784, 807, 835, 855, 863, 867, 870, 887, 900, 901, 922, 942, 993]"
overlap,31,days_319.73_340.35,27624282,29406494,6,OVL-C3107,c05,57,"[28, 56, 68, 76, 95, 189, 194, 231, 239, 245, 251, 264, 273, 281, 311, 329, 338, 361, 364, 410, 427, 432, 433, 480, 482, 531, 540, 582, 606, 624, 641, 660, 663, 669, 698, 706, 711, 764, 769, 773, 775, 777, 789, 809, 819, 830, 840, 872, 873, 905, 925, 951, 955, 969, 983, 987, 994]"
overlap,31,days_319.73_340.35,27624282,29406494,7,OVL-C3108,c03,52,"[24, 35, 141, 160, 167, 181, 188, 190, 207, 241, 274, 280, 288, 301, 353, 360, 373, 391, 414, 421, 424, 445, 469, 484, 493, 512, 526, 530, 547, 552, 561, 614, 629, 630, 631, 647, 656, 658, 685, 795, 817, 841, 846, 847, 851, 858, 891, 920, 954, 957, 978, 988]"
overlap,31,days_319.73_340.35,27624282,29406494,8,OVL-C3109,dead-OVL-C2902,46,"[90, 147, 157, 159, 171, 191, 214, 221, 223, 230, 233, 248, 255, 271, 277, 285, 347, 355, 366, 515, 527, 577, 587, 590, 591, 607, 668, 686, 692, 705, 714, 720, 736, 746, 748, 787, 801, 813, 890, 910, 926, 931, 933, 935, 940, 972]"
overlap,31,days_319.73_340.35,27624282,29406494,9,OVL-C3110,dead-OVL-C2909,26,"[17, 31, 67, 92, 136, 142, 165, 200, 302, 316, 341, 344, 349, 428, 543, 563, 696, 739, 838, 857, 915, 952, 953, 963, 971, 990]"
overlap,31,days_319.73_340.35,27624282,29406494,10,OVL-C3111,dead-OVL-C0013,22,"[25, 41, 48, 73, 216, 319, 321, 386, 458, 481, 499, 558, 565, 618, 672, 679, 684, 723, 758, 844, 956, 1002]"
overlap,31,days_319.73_340.35,27624282,29406494,11,OVL-C3112,dead-OVL-C2815,21,"[62, 113, 124, 250, 369, 394, 444, 485, 513, 535, 542, 551, 646, 722, 770, 794, 800, 821, 823, 854, 886]"
overlap,31,days_319.73_340.35,27624282,29406494,12,OVL-C3113,dead-OVL-C3113,9,"[15, 143, 284, 422, 584, 652, 680, 717, 731]"
overlap,31,days_319.73_340.35,27624282,29406494,13,OVL-C3114,dead-OVL-C3016,7,"[198, 379, 488, 495, 568, 774, 947]"
overlap,31,days_319.73_340.35,27624282,29406494,14,OVL-C3115,dead-OVL-C2914,4,"[180, 727, 829, 958]"
overlap,32,days_330.04_350.67,28515388,30297600,0,OVL-C3201,dead-OVL-C2902,93,"[26, 32, 38, 40, 70, 90, 91, 102, 106, 143, 144, 147, 157, 159, 171, 187, 191, 205, 214, 221, 223, 229, 230, 233, 248, 254, 271, 272, 277, 285, 307, 309, 324, 347, 355, 366, 379, 394, 398, 450, 474, 488, 495, 510, 527, 534, 568, 571, 572, 577, 580, 587, 590, 591, 606, 607, 649, 659, 660, 668, 686, 692, 695, 712, 714, 715, 720, 736, 739, 742, 746, 748, 763, 769, 775, 776, 787, 791, 802, 813, 819, 834, 835, 841, 900, 920, 926, 931, 933, 935, 939, 940, 972]"
overlap,32,days_330.04_350.67,28515388,30297600,1,OVL-C3202,c09,78,"[2, 30, 52, 74, 77, 104, 110, 111, 112, 119, 126, 128, 133, 166, 168, 176, 197, 209, 232, 240, 256, 257, 260, 266, 267, 294, 305, 313, 318, 326, 332, 356, 380, 416, 425, 435, 439, 447, 465, 472, 500, 515, 517, 556, 557, 570, 573, 575, 586, 598, 602, 648, 674, 699, 700, 721, 730, 743, 759, 762, 765, 782, 790, 812, 814, 817, 868, 869, 885, 889, 908, 912, 936, 946, 949, 961, 966, 984]"
overlap,32,days_330.04_350.67,28515388,30297600,2,OVL-C3203,c11,75,"[0, 6, 19, 58, 61, 71, 78, 118, 149, 169, 178, 184, 189, 195, 225, 228, 243, 249, 281, 293, 295, 312, 320, 333, 339, 349, 365, 372, 377, 393, 404, 407, 409, 438, 457, 464, 470, 478, 483, 502, 519, 538, 569, 585, 593, 595, 597, 599, 605, 613, 616, 690, 693, 708, 710, 711, 716, 718, 724, 729, 732, 754, 767, 779, 818, 843, 862, 866, 883, 904, 905, 909, 934, 976, 991]"
overlap,32,days_330.04_350.67,28515388,30297600,3,OVL-C3204,dead-OVL-C2801,71,"[5, 7, 10, 13, 14, 16, 29, 76, 114, 122, 158, 173, 185, 192, 199, 226, 262, 270, 327, 335, 381, 410, 437, 442, 468, 491, 501, 506, 508, 516, 532, 541, 553, 576, 644, 650, 654, 657, 664, 666, 670, 682, 688, 702, 719, 738, 745, 761, 777, 783, 796, 804, 808, 810, 826, 828, 833, 837, 850, 881, 898, 899, 921, 924, 928, 945, 969, 979, 980, 985, 1001]"
overlap,32,days_330.04_350.67,28515388,30297600,4,OVL-C3205,dead-OVL-C2706,70,"[42, 46, 50, 69, 84, 96, 101, 103, 105, 125, 132, 139, 153, 161, 164, 194, 206, 208, 239, 246, 273, 299, 308, 310, 315, 323, 343, 346, 378, 388, 395, 399, 402, 418, 420, 423, 477, 487, 497, 509, 513, 514, 559, 603, 622, 634, 638, 651, 663, 669, 676, 681, 706, 735, 740, 780, 788, 815, 822, 832, 853, 879, 893, 907, 943, 950, 951, 977, 996, 1004]"
overlap,32,days_330.04_350.67,28515388,30297600,5,OVL-C3206,dead-OVL-C3105,61,"[39, 53, 65, 75, 98, 107, 116, 117, 120, 127, 134, 150, 151, 193, 196, 198, 201, 220, 235, 253, 259, 268, 278, 290, 291, 322, 334, 397, 401, 415, 429, 454, 462, 471, 524, 544, 549, 562, 566, 592, 609, 617, 633, 671, 683, 687, 707, 713, 752, 770, 772, 803, 865, 880, 890, 910, 923, 948, 975, 997, 1003]"
overlap,32,days_330.04_350.67,28515388,30297600,6,OVL-C3207,c03,52,"[8, 24, 35, 141, 160, 167, 181, 188, 190, 207, 241, 274, 280, 288, 301, 353, 360, 373, 391, 414, 421, 424, 431, 445, 469, 484, 493, 512, 526, 530, 547, 552, 561, 614, 629, 630, 631, 643, 656, 658, 685, 795, 846, 847, 851, 858, 891, 902, 954, 957, 978, 988]"
overlap,32,days_330.04_350.67,28515388,30297600,7,OVL-C3208,dead-OVL-C3106,45,"[4, 82, 83, 86, 135, 137, 138, 152, 283, 292, 304, 306, 317, 337, 362, 371, 374, 383, 400, 405, 441, 443, 505, 523, 528, 581, 589, 596, 626, 628, 645, 662, 703, 749, 771, 784, 798, 807, 863, 870, 887, 901, 922, 942, 993]"
overlap,32,days_330.04_350.67,28515388,30297600,8,OVL-C3209,c05,42,"[28, 56, 68, 95, 170, 231, 245, 251, 264, 311, 329, 338, 361, 364, 427, 432, 433, 480, 482, 531, 540, 582, 624, 641, 697, 698, 764, 773, 789, 809, 830, 840, 855, 867, 872, 873, 874, 925, 955, 983, 987, 994]"
overlap,32,days_330.04_350.67,28515388,30297600,9,OVL-C3210,dead-OVL-C2909,29,"[17, 31, 67, 92, 136, 142, 165, 200, 302, 316, 341, 344, 392, 428, 543, 563, 647, 696, 838, 857, 876, 892, 915, 952, 953, 963, 971, 990, 999]"
overlap,32,days_330.04_350.67,28515388,30297600,10,OVL-C3211,dead-OVL-C0013,24,"[25, 41, 48, 73, 216, 319, 321, 386, 458, 499, 558, 565, 600, 618, 672, 679, 684, 704, 723, 758, 844, 918, 956, 1002]"
overlap,32,days_330.04_350.67,28515388,30297600,11,OVL-C3212,dead-OVL-C2815,20,"[62, 113, 124, 186, 250, 369, 444, 485, 522, 535, 542, 546, 550, 551, 646, 722, 794, 800, 823, 854]"
overlap,32,days_330.04_350.67,28515388,30297600,12,OVL-C3213,dead-OVL-C3213,9,"[175, 236, 275, 440, 473, 479, 537, 737, 849]"
overlap,32,days_330.04_350.67,28515388,30297600,13,OVL-C3214,dead-OVL-C3113,6,"[15, 284, 422, 584, 680, 731]"
overlap,32,days_330.04_350.67,28515388,30297600,14,OVL-C3215,dead-OVL-C2914,4,"[180, 238, 727, 958]"
overlap,32,days_330.04_350.67,28515388,30297600,15,OVL-C3216,dead-OVL-C3216,3,"[45, 66, 227]"
overlap,33,days_340.35_360.98,29406494,31188706,0,OVL-C3301,dead-OVL-C3301,143,"[8, 32, 49, 53, 61, 65, 70, 72, 75, 82, 89, 91, 93, 114, 120, 127, 132, 137, 139, 143, 147, 150, 151, 159, 171, 184, 191, 193, 198, 213, 214, 220, 225, 229, 230, 233, 235, 243, 248, 253, 257, 259, 265, 278, 279, 281, 290, 296, 306, 320, 334, 355, 365, 366, 371, 374, 377, 388, 393, 400, 407, 426, 457, 462, 471, 483, 515, 523, 544, 549, 563, 566, 570, 577, 580, 581, 589, 590, 591, 593, 597, 607, 615, 617, 626, 633, 659, 660, 669, 686, 687, 692, 696, 701, 703, 708, 711, 714, 715, 716, 718, 724, 729, 732, 742, 748, 752, 754, 771, 772, 776, 779, 784, 791, 798, 807, 819, 823, 835, 842, 843, 865, 866, 876, 883, 884, 890, 900, 901, 904, 905, 910, 922, 923, 926, 931, 936, 940, 969, 972, 993, 997, 999]"
overlap,33,days_340.35_360.98,29406494,31188706,1,OVL-C3302,dead-OVL-C2706,79,"[4, 16, 38, 46, 50, 69, 84, 96, 102, 103, 105, 106, 125, 153, 161, 164, 206, 239, 273, 292, 299, 304, 309, 310, 317, 322, 323, 324, 337, 343, 346, 368, 378, 399, 402, 411, 418, 420, 438, 441, 456, 460, 474, 477, 479, 487, 497, 505, 509, 510, 514, 548, 559, 603, 622, 634, 638, 651, 663, 676, 681, 706, 735, 740, 769, 780, 788, 818, 832, 853, 879, 907, 939, 943, 950, 951, 977, 996, 1004]"
overlap,33,days_340.35_360.98,29406494,31188706,2,OVL-C3303,c09,75,"[2, 30, 52, 74, 77, 104, 111, 112, 118, 119, 126, 133, 166, 168, 176, 186, 197, 209, 232, 256, 260, 266, 267, 294, 305, 313, 326, 332, 340, 348, 356, 392, 416, 425, 435, 439, 447, 466, 472, 478, 500, 517, 556, 573, 575, 586, 602, 648, 674, 699, 700, 721, 730, 743, 759, 762, 765, 782, 790, 803, 812, 814, 817, 863, 868, 885, 887, 889, 908, 912, 946, 948, 949, 966, 984]"
overlap,33,days_340.35_360.98,29406494,31188706,3,OVL-C3304,dead-OVL-C3304,60,"[15, 42, 62, 113, 135, 138, 157, 185, 223, 250, 271, 277, 284, 285, 347, 362, 369, 383, 394, 422, 444, 485, 501, 513, 522, 527, 534, 535, 542, 546, 550, 551, 571, 584, 587, 613, 646, 649, 668, 680, 720, 722, 731, 739, 746, 770, 775, 800, 813, 830, 833, 834, 841, 854, 870, 886, 896, 920, 933, 935]"
overlap,33,days_340.35_360.98,29406494,31188706,4,OVL-C3305,c03,54,"[17, 31, 35, 67, 92, 136, 141, 142, 165, 167, 181, 188, 190, 200, 207, 241, 274, 301, 302, 316, 341, 344, 353, 373, 421, 424, 428, 431, 469, 511, 512, 543, 547, 552, 614, 647, 656, 795, 838, 847, 851, 857, 858, 892, 915, 952, 953, 954, 957, 963, 971, 978, 988, 990]"
overlap,33,days_340.35_360.98,29406494,31188706,5,OVL-C3306,dead-OVL-C2801,51,"[10, 13, 14, 76, 122, 158, 173, 192, 199, 226, 270, 327, 381, 382, 410, 437, 442, 506, 516, 532, 541, 553, 576, 644, 650, 654, 657, 670, 682, 688, 690, 702, 719, 738, 745, 761, 777, 783, 796, 804, 826, 828, 837, 850, 881, 921, 924, 928, 945, 979, 1001]"
overlap,33,days_340.35_360.98,29406494,31188706,6,OVL-C3307,c11,42,"[0, 6, 19, 29, 58, 78, 87, 90, 144, 178, 189, 205, 228, 249, 293, 295, 307, 314, 333, 339, 349, 409, 470, 502, 519, 528, 538, 569, 599, 605, 606, 616, 628, 693, 705, 710, 767, 787, 862, 909, 976, 991]"
overlap,33,days_340.35_360.98,29406494,31188706,7,OVL-C3308,c05,42,"[28, 56, 68, 83, 95, 170, 231, 245, 251, 311, 315, 329, 338, 361, 364, 427, 432, 433, 480, 482, 531, 540, 582, 624, 641, 697, 698, 764, 773, 789, 801, 809, 840, 855, 867, 872, 873, 874, 925, 955, 987, 994]"
overlap,33,days_340.35_360.98,29406494,31188706,8,OVL-C3309,dead-OVL-C3309,37,"[5, 7, 98, 107, 117, 134, 196, 201, 262, 264, 268, 289, 291, 335, 401, 413, 415, 429, 454, 464, 468, 473, 491, 592, 609, 643, 664, 707, 713, 808, 810, 880, 898, 899, 980, 985, 1003]"
overlap,33,days_340.35_360.98,29406494,31188706,9,OVL-C3310,dead-OVL-C3310,33,"[26, 40, 60, 71, 86, 149, 152, 169, 187, 195, 254, 272, 372, 379, 398, 404, 443, 450, 495, 568, 572, 585, 595, 662, 678, 695, 712, 774, 802, 822, 934, 942, 947]"
overlap,33,days_340.35_360.98,29406494,31188706,10,OVL-C3311,dead-OVL-C0013,26,"[25, 41, 48, 73, 85, 216, 318, 319, 321, 434, 458, 499, 558, 565, 600, 618, 672, 679, 684, 704, 723, 758, 844, 918, 956, 1002]"
overlap,33,days_340.35_360.98,29406494,31188706,11,OVL-C3312,dead-OVL-C3312,21,"[24, 160, 280, 288, 360, 391, 414, 445, 484, 493, 526, 530, 561, 629, 630, 631, 658, 685, 846, 891, 902]"
overlap,33,days_340.35_360.98,29406494,31188706,12,OVL-C3313,dead-OVL-C3213,12,"[101, 175, 208, 236, 246, 275, 380, 423, 440, 537, 737, 849]"
overlap,33,days_340.35_360.98,29406494,31188706,13,OVL-C3314,dead-OVL-C2914,4,"[180, 238, 727, 958]"
overlap,33,days_340.35_360.98,29406494,31188706,14,OVL-C3315,dead-OVL-C3216,3,"[45, 66, 227]"
overlap,33,days_340.35_360.98,29406494,31188706,15,OVL-C3316,dead-OVL-C3316,3,"[397, 671, 975]"
overlap,34,days_350.67_371.29,30297600,32079812,0,OVL-C3401,dead-OVL-C3301,109,"[4, 32, 49, 53, 65, 70, 72, 75, 84, 91, 93, 120, 127, 132, 147, 151, 159, 161, 171, 191, 193, 197, 213, 214, 220, 229, 230, 233, 235, 239, 243, 248, 253, 255, 257, 265, 273, 277, 285, 290, 304, 306, 307, 317, 320, 334, 347, 355, 366, 374, 388, 397, 441, 456, 471, 515, 523, 528, 534, 566, 570, 577, 590, 591, 607, 617, 626, 659, 660, 671, 679, 686, 687, 692, 703, 711, 714, 715, 742, 748, 752, 771, 772, 775, 776, 784, 787, 791, 798, 823, 835, 842, 843, 863, 865, 890, 900, 901, 910, 923, 926, 931, 933, 940, 951, 972, 975, 993, 997]"
overlap,34,days_350.67_371.29,30297600,32079812,1,OVL-C3402,c09,84,"[2, 30, 38, 52, 74, 77, 104, 111, 112, 113, 119, 126, 133, 157, 166, 168, 176, 186, 209, 232, 256, 260, 266, 267, 294, 305, 309, 313, 324, 332, 340, 348, 356, 392, 416, 425, 435, 439, 447, 459, 460, 461, 466, 472, 474, 478, 500, 517, 542, 573, 574, 575, 586, 602, 633, 648, 674, 699, 700, 721, 730, 743, 759, 762, 763, 765, 782, 790, 794, 803, 812, 814, 854, 868, 885, 889, 907, 908, 912, 946, 948, 949, 966, 984]"
overlap,34,days_350.67_371.29,30297600,32079812,2,OVL-C3403,dead-OVL-C2801,82,"[10, 13, 14, 46, 69, 76, 103, 105, 153, 164, 173, 192, 199, 270, 292, 310, 322, 327, 343, 368, 378, 381, 382, 399, 410, 411, 418, 437, 477, 479, 506, 514, 516, 525, 532, 541, 548, 576, 603, 638, 644, 650, 654, 657, 663, 666, 670, 682, 688, 690, 702, 706, 719, 735, 738, 745, 761, 769, 777, 779, 780, 783, 796, 804, 818, 828, 832, 837, 850, 879, 881, 921, 924, 928, 943, 945, 950, 977, 979, 996, 1001, 1004]"
overlap,34,days_350.67_371.29,30297600,32079812,3,OVL-C3404,c03,55,"[24, 35, 141, 160, 167, 181, 188, 190, 207, 241, 274, 280, 288, 301, 353, 360, 373, 391, 408, 414, 421, 424, 445, 469, 484, 493, 497, 512, 526, 530, 547, 552, 561, 614, 629, 630, 631, 656, 658, 685, 773, 795, 817, 841, 846, 847, 851, 858, 891, 894, 920, 954, 957, 978, 988]"
overlap,34,days_350.67_371.29,30297600,32079812,4,OVL-C3405,dead-OVL-C3405,53,"[16, 61, 71, 89, 101, 102, 114, 122, 149, 169, 175, 184, 195, 225, 246, 259, 275, 279, 281, 296, 372, 377, 393, 404, 407, 423, 426, 457, 483, 522, 546, 550, 593, 595, 615, 696, 701, 708, 716, 718, 724, 729, 737, 754, 849, 866, 883, 884, 904, 905, 934, 969, 999]"
overlap,34,days_350.67_371.29,30297600,32079812,5,OVL-C3406,dead-OVL-C3309,47,"[7, 29, 98, 107, 117, 134, 150, 196, 201, 208, 236, 262, 268, 278, 289, 291, 335, 380, 385, 401, 415, 429, 440, 454, 464, 468, 473, 537, 553, 562, 592, 609, 643, 664, 683, 707, 713, 808, 810, 867, 875, 880, 898, 899, 980, 985, 1003]"
overlap,34,days_350.67_371.29,30297600,32079812,6,OVL-C3407,dead-OVL-C3304,44,"[8, 15, 82, 135, 137, 138, 143, 223, 271, 284, 326, 362, 371, 383, 405, 413, 422, 462, 527, 544, 563, 580, 581, 584, 587, 589, 613, 628, 665, 668, 669, 680, 720, 731, 739, 746, 813, 833, 834, 870, 887, 896, 935, 936]"
overlap,34,days_350.67_371.29,30297600,32079812,7,OVL-C3408,c05,44,"[28, 56, 68, 83, 95, 170, 185, 231, 245, 251, 264, 311, 315, 329, 338, 361, 364, 427, 432, 433, 480, 482, 531, 540, 582, 624, 641, 697, 698, 764, 789, 801, 809, 819, 830, 840, 855, 872, 873, 874, 925, 955, 987, 994]"
overlap,34,days_350.67_371.29,30297600,32079812,8,OVL-C3409,c11,39,"[0, 5, 6, 19, 58, 78, 118, 178, 189, 228, 249, 293, 295, 312, 314, 333, 339, 349, 359, 365, 409, 442, 470, 491, 502, 519, 538, 569, 599, 605, 693, 705, 710, 732, 767, 862, 909, 976, 991]"
overlap,34,days_350.67_371.29,30297600,32079812,9,OVL-C3410,dead-OVL-C3410,29,"[17, 31, 67, 87, 90, 92, 136, 142, 165, 200, 283, 302, 316, 341, 344, 428, 511, 543, 554, 647, 649, 838, 857, 915, 952, 953, 963, 971, 990]"
overlap,34,days_350.67_371.29,30297600,32079812,10,OVL-C3411,dead-OVL-C3310,28,"[40, 60, 86, 152, 187, 198, 254, 272, 379, 398, 400, 443, 450, 488, 495, 568, 572, 585, 662, 673, 678, 695, 712, 774, 802, 807, 822, 947]"
overlap,34,days_350.67_371.29,30297600,32079812,11,OVL-C3412,dead-OVL-C3412,28,"[50, 64, 96, 106, 125, 139, 154, 206, 282, 299, 323, 337, 346, 402, 420, 487, 505, 509, 510, 559, 601, 622, 634, 676, 740, 788, 853, 939]"
overlap,34,days_350.67_371.29,30297600,32079812,12,OVL-C3413,dead-OVL-C0013,26,"[25, 41, 48, 73, 85, 216, 318, 319, 321, 386, 434, 458, 499, 558, 565, 600, 618, 672, 684, 704, 723, 758, 844, 918, 956, 1002]"
overlap,34,days_350.67_371.29,30297600,32079812,13,OVL-C3414,dead-OVL-C3414,13,"[62, 250, 369, 444, 485, 513, 535, 551, 646, 722, 770, 800, 886]"
overlap,34,days_350.67_371.29,30297600,32079812,14,OVL-C3415,dead-OVL-C3216,3,"[45, 66, 227]"
overlap,34,days_350.67_371.29,30297600,32079812,15,OVL-C3416,dead-OVL-C2914,3,"[180, 727, 958]"
overlap,35,days_360.98_381.61,31188706,32970918,0,OVL-C3501,dead-OVL-C2801,124,"[7, 10, 13, 14, 18, 32, 38, 42, 46, 49, 50, 64, 69, 76, 96, 103, 105, 106, 125, 132, 139, 153, 154, 164, 173, 192, 197, 199, 206, 248, 270, 282, 292, 299, 308, 309, 310, 322, 323, 324, 327, 337, 343, 346, 368, 376, 378, 381, 396, 399, 402, 410, 418, 420, 437, 460, 474, 477, 487, 501, 505, 506, 509, 510, 514, 516, 532, 541, 559, 576, 585, 601, 603, 622, 634, 643, 644, 649, 650, 654, 657, 663, 673, 676, 682, 702, 719, 735, 738, 740, 745, 761, 777, 780, 783, 788, 791, 796, 804, 810, 822, 828, 832, 836, 837, 841, 842, 850, 879, 881, 896, 916, 921, 924, 939, 943, 945, 950, 969, 977, 979, 996, 1001, 1004]"
overlap,35,days_360.98_381.61,31188706,32970918,1,OVL-C3502,dead-OVL-C3301,112,"[4, 39, 53, 75, 82, 83, 91, 120, 135, 137, 138, 151, 159, 161, 170, 191, 193, 194, 214, 223, 229, 233, 235, 239, 243, 253, 273, 278, 290, 304, 306, 307, 317, 326, 334, 362, 367, 371, 374, 383, 388, 400, 405, 413, 441, 456, 471, 476, 483, 515, 523, 525, 527, 528, 534, 566, 581, 587, 589, 591, 607, 609, 617, 626, 628, 633, 638, 659, 660, 665, 668, 671, 687, 692, 697, 703, 705, 706, 707, 714, 720, 742, 746, 752, 769, 771, 772, 775, 776, 784, 798, 813, 834, 835, 855, 860, 863, 865, 870, 875, 880, 887, 890, 901, 922, 923, 935, 936, 940, 951, 993, 997]"
overlap,35,days_360.98_381.61,31188706,32970918,2,OVL-C3503,c09,82,"[2, 30, 52, 74, 77, 104, 109, 111, 112, 119, 126, 133, 166, 168, 186, 209, 224, 232, 240, 256, 257, 260, 266, 267, 294, 305, 313, 332, 340, 356, 392, 416, 425, 435, 439, 447, 459, 461, 472, 478, 500, 517, 557, 567, 573, 574, 575, 586, 602, 648, 674, 699, 700, 721, 730, 743, 751, 759, 762, 763, 765, 782, 790, 794, 803, 812, 814, 818, 825, 854, 868, 869, 885, 888, 889, 908, 912, 946, 948, 949, 966, 984]"
overlap,35,days_360.98_381.61,31188706,32970918,3,OVL-C3504,dead-OVL-C3309,80,"[5, 11, 17, 29, 31, 67, 70, 90, 92, 98, 107, 116, 117, 118, 122, 134, 136, 142, 150, 165, 196, 200, 201, 208, 220, 226, 236, 262, 268, 283, 289, 291, 302, 316, 335, 344, 365, 380, 385, 401, 415, 426, 428, 429, 440, 454, 462, 464, 468, 473, 491, 537, 543, 553, 554, 562, 592, 647, 664, 670, 683, 688, 713, 732, 808, 833, 838, 857, 867, 898, 899, 915, 952, 953, 963, 971, 980, 985, 990, 1003]"
overlap,35,days_360.98_381.61,31188706,32970918,4,OVL-C3505,c03,59,"[24, 35, 141, 160, 167, 181, 188, 190, 207, 241, 274, 280, 281, 288, 301, 353, 360, 373, 391, 408, 414, 421, 424, 445, 465, 469, 484, 493, 497, 512, 526, 530, 547, 552, 561, 614, 629, 630, 631, 656, 658, 685, 750, 773, 795, 817, 846, 847, 851, 858, 891, 894, 905, 920, 954, 957, 978, 988, 989]"
overlap,35,days_360.98_381.61,31188706,32970918,5,OVL-C3506,dead-OVL-C3405,49,"[16, 19, 61, 89, 101, 102, 114, 123, 127, 149, 180, 184, 189, 225, 246, 259, 279, 296, 320, 377, 393, 407, 423, 442, 457, 479, 522, 615, 690, 696, 701, 708, 711, 716, 718, 724, 727, 779, 829, 843, 866, 876, 883, 884, 897, 904, 907, 958, 999]"
overlap,35,days_360.98_381.61,31188706,32970918,6,OVL-C3507,c05,46,"[28, 56, 68, 95, 175, 231, 245, 251, 264, 269, 275, 311, 329, 338, 361, 364, 427, 432, 433, 480, 482, 511, 531, 540, 582, 606, 624, 641, 666, 698, 737, 764, 789, 809, 819, 830, 840, 849, 872, 873, 874, 925, 928, 955, 987, 994]"
overlap,35,days_360.98_381.61,31188706,32970918,7,OVL-C3508,dead-OVL-C0013,45,"[25, 41, 48, 73, 147, 157, 171, 185, 216, 230, 255, 277, 285, 319, 321, 347, 355, 386, 434, 458, 499, 503, 558, 565, 577, 590, 600, 618, 672, 679, 684, 686, 704, 715, 723, 748, 758, 844, 918, 926, 931, 933, 956, 972, 1002]"
overlap,35,days_360.98_381.61,31188706,32970918,8,OVL-C3509,c11,33,"[0, 6, 58, 78, 99, 178, 228, 249, 293, 295, 312, 314, 333, 339, 349, 359, 409, 470, 502, 519, 538, 569, 599, 605, 693, 710, 767, 787, 862, 909, 929, 976, 991]"
overlap,35,days_360.98_381.61,31188706,32970918,9,OVL-C3510,dead-OVL-C3310,32,"[40, 60, 71, 86, 152, 169, 187, 195, 198, 254, 272, 318, 372, 379, 404, 443, 450, 466, 488, 546, 550, 568, 572, 595, 662, 678, 695, 712, 754, 802, 900, 934]"
overlap,35,days_360.98_381.61,31188706,32970918,10,OVL-C3511,dead-OVL-C3414,25,"[62, 113, 124, 163, 250, 369, 394, 444, 485, 513, 535, 542, 551, 556, 646, 722, 770, 799, 800, 821, 823, 886, 895, 913, 927]"
overlap,35,days_360.98_381.61,31188706,32970918,11,OVL-C3512,dead-OVL-C3512,14,"[8, 15, 143, 284, 422, 544, 563, 580, 584, 669, 680, 731, 739, 741]"
overlap,35,days_360.98_381.61,31188706,32970918,12,OVL-C3513,dead-OVL-C3216,3,"[45, 66, 227]"
overlap,36,days_371.29_391.92,32079812,33862024,0,OVL-C3601,dead-OVL-C2801,87,"[5, 7, 14, 29, 32, 76, 103, 105, 153, 173, 192, 197, 199, 208, 226, 236, 262, 270, 289, 292, 308, 327, 335, 378, 380, 381, 396, 410, 418, 437, 440, 468, 473, 483, 491, 506, 514, 516, 532, 537, 541, 553, 576, 603, 643, 644, 650, 654, 657, 664, 670, 671, 682, 688, 702, 719, 737, 738, 745, 761, 777, 780, 783, 791, 804, 808, 810, 815, 822, 828, 836, 837, 881, 898, 899, 916, 921, 924, 945, 950, 969, 977, 979, 980, 996, 1001, 1004]"
overlap,36,days_371.29_391.92,32079812,33862024,1,OVL-C3602,c09,86,"[2, 30, 45, 52, 66, 74, 77, 90, 104, 109, 111, 112, 116, 126, 133, 166, 168, 186, 209, 227, 232, 240, 256, 257, 260, 266, 267, 294, 305, 313, 324, 326, 332, 356, 392, 416, 425, 435, 438, 439, 447, 472, 478, 500, 556, 557, 567, 573, 574, 575, 586, 587, 602, 617, 648, 674, 699, 721, 730, 743, 751, 759, 762, 765, 782, 790, 803, 814, 818, 825, 850, 854, 868, 869, 885, 888, 889, 908, 912, 946, 948, 949, 966, 984, 998, 1000]"
overlap,36,days_371.29_391.92,32079812,33862024,2,OVL-C3603,dead-OVL-C3301,83,"[4, 82, 83, 86, 135, 152, 159, 161, 170, 191, 214, 220, 223, 233, 290, 304, 306, 307, 317, 329, 337, 362, 371, 374, 383, 400, 405, 441, 443, 466, 471, 505, 515, 523, 527, 528, 571, 581, 585, 589, 624, 626, 628, 659, 662, 665, 668, 692, 697, 703, 705, 720, 742, 746, 763, 769, 771, 775, 776, 784, 792, 798, 813, 819, 830, 834, 835, 855, 860, 863, 865, 867, 870, 887, 900, 901, 922, 935, 936, 940, 942, 993, 995]"
overlap,36,days_371.29_391.92,32079812,33862024,3,OVL-C3604,dead-OVL-C3309,77,"[11, 17, 31, 39, 53, 65, 67, 70, 75, 91, 92, 98, 107, 117, 120, 122, 134, 136, 142, 150, 151, 165, 193, 196, 198, 200, 201, 235, 253, 268, 278, 291, 302, 316, 344, 367, 401, 408, 413, 414, 415, 428, 429, 454, 462, 476, 488, 543, 566, 592, 609, 613, 633, 647, 660, 683, 707, 713, 714, 772, 833, 838, 857, 875, 880, 890, 915, 923, 944, 952, 953, 963, 971, 985, 990, 997, 1003]"
overlap,36,days_371.29_391.92,32079812,33862024,4,OVL-C3605,dead-OVL-C3405,76,"[40, 55, 60, 61, 71, 89, 101, 114, 123, 127, 149, 169, 175, 180, 184, 187, 189, 195, 225, 229, 243, 246, 259, 272, 275, 279, 296, 318, 320, 325, 334, 372, 377, 393, 398, 404, 407, 423, 426, 442, 450, 457, 479, 517, 522, 572, 591, 595, 607, 615, 678, 687, 690, 696, 701, 708, 711, 712, 716, 718, 724, 727, 754, 779, 802, 829, 843, 866, 876, 883, 884, 897, 904, 907, 934, 999]"
overlap,36,days_371.29_391.92,32079812,33862024,5,OVL-C3606,dead-OVL-C3606,63,"[13, 16, 38, 42, 46, 50, 64, 69, 84, 96, 102, 106, 125, 132, 139, 154, 164, 194, 206, 239, 273, 299, 309, 310, 322, 323, 343, 346, 368, 376, 388, 399, 402, 420, 474, 477, 487, 489, 509, 510, 534, 548, 559, 562, 601, 622, 634, 638, 649, 663, 676, 695, 706, 735, 740, 788, 807, 832, 853, 879, 939, 943, 951]"
overlap,36,days_371.29_391.92,32079812,33862024,6,OVL-C3607,c05,39,"[28, 56, 68, 95, 231, 245, 251, 264, 269, 311, 338, 361, 364, 427, 432, 433, 480, 482, 511, 531, 540, 582, 606, 641, 698, 764, 789, 801, 809, 840, 849, 872, 873, 874, 925, 928, 955, 987, 994]"
overlap,36,days_371.29_391.92,32079812,33862024,7,OVL-C3608,c11,38,"[0, 6, 19, 58, 78, 99, 118, 178, 224, 228, 249, 293, 295, 314, 333, 339, 349, 359, 365, 409, 464, 470, 502, 519, 538, 569, 599, 605, 693, 710, 732, 767, 787, 862, 909, 929, 976, 991]"
overlap,36,days_371.29_391.92,32079812,33862024,8,OVL-C3609,dead-OVL-C0013,36,"[18, 25, 41, 48, 49, 73, 119, 185, 216, 248, 319, 321, 386, 458, 465, 481, 499, 501, 503, 550, 558, 565, 618, 672, 679, 684, 700, 704, 723, 758, 812, 844, 896, 918, 956, 1002]"
overlap,36,days_371.29_391.92,32079812,33862024,9,OVL-C3610,c03,32,"[24, 160, 181, 190, 274, 280, 281, 288, 353, 360, 373, 391, 445, 484, 493, 497, 526, 530, 561, 629, 630, 631, 656, 658, 685, 750, 773, 841, 846, 891, 894, 920]"
overlap,36,days_371.29_391.92,32079812,33862024,10,OVL-C3611,dead-OVL-C3414,25,"[62, 113, 124, 138, 163, 250, 369, 394, 444, 485, 513, 535, 542, 551, 646, 722, 770, 799, 800, 821, 823, 886, 895, 913, 927]"
overlap,36,days_371.29_391.92,32079812,33862024,11,OVL-C3612,dead-OVL-C3612,24,"[35, 141, 167, 188, 207, 241, 301, 421, 424, 469, 512, 546, 547, 552, 614, 795, 817, 847, 851, 954, 957, 978, 988, 989]"
overlap,36,days_371.29_391.92,32079812,33862024,12,OVL-C3613,dead-OVL-C3613,22,"[93, 129, 147, 157, 171, 230, 255, 277, 285, 336, 347, 355, 577, 590, 686, 715, 748, 752, 926, 931, 933, 972]"
overlap,36,days_371.29_391.92,32079812,33862024,13,OVL-C3614,dead-OVL-C3512,17,"[8, 15, 143, 144, 284, 422, 544, 563, 580, 584, 669, 680, 731, 739, 741, 796, 797]"
overlap,36,days_371.29_391.92,32079812,33862024,14,OVL-C3615,dead-OVL-C3615,4,"[379, 568, 774, 947]"
overlap,37,days_381.61_402.24,32970918,34753129,0,OVL-C3701,dead-OVL-C3301,137,"[4, 16, 40, 47, 55, 60, 61, 71, 82, 83, 86, 89, 114, 122, 127, 135, 137, 149, 151, 152, 159, 161, 169, 170, 187, 191, 198, 214, 223, 229, 233, 243, 253, 264, 272, 290, 292, 304, 306, 325, 329, 337, 362, 365, 371, 372, 377, 383, 393, 394, 398, 400, 404, 405, 441, 443, 450, 456, 457, 466, 505, 515, 517, 522, 523, 527, 528, 546, 550, 568, 571, 572, 581, 585, 589, 591, 595, 607, 624, 628, 659, 662, 668, 678, 687, 692, 695, 696, 703, 708, 711, 712, 716, 718, 720, 724, 736, 742, 746, 754, 769, 771, 775, 776, 784, 792, 798, 802, 813, 819, 830, 834, 835, 841, 843, 860, 863, 865, 866, 867, 870, 883, 887, 900, 901, 907, 916, 920, 922, 934, 935, 936, 940, 942, 980, 993, 995]"
overlap,37,days_381.61_402.24,32970918,34753129,1,OVL-C3702,c09,88,"[2, 30, 52, 74, 77, 104, 109, 111, 112, 113, 119, 126, 133, 166, 168, 186, 197, 204, 209, 232, 240, 256, 257, 260, 266, 267, 294, 305, 307, 313, 324, 326, 332, 345, 356, 392, 416, 425, 426, 435, 438, 439, 447, 465, 472, 478, 479, 483, 500, 556, 570, 573, 574, 575, 586, 587, 602, 617, 648, 674, 700, 721, 730, 735, 743, 751, 759, 762, 765, 782, 790, 812, 814, 818, 868, 869, 885, 889, 896, 908, 910, 912, 946, 949, 966, 984, 998, 1000]"
overlap,37,days_381.61_402.24,32970918,34753129,2,OVL-C3703,dead-OVL-C2801,72,"[7, 13, 14, 32, 101, 105, 153, 173, 175, 180, 184, 199, 225, 235, 246, 248, 262, 270, 275, 327, 376, 396, 407, 410, 418, 419, 423, 437, 506, 516, 532, 541, 576, 618, 644, 650, 654, 657, 682, 702, 719, 727, 737, 738, 745, 760, 761, 777, 779, 783, 796, 804, 810, 815, 828, 829, 836, 837, 849, 850, 880, 881, 897, 921, 923, 924, 945, 958, 977, 979, 996, 1004]"
overlap,37,days_381.61_402.24,32970918,34753129,3,OVL-C3704,dead-OVL-C3309,61,"[11, 17, 31, 35, 67, 91, 92, 93, 136, 141, 142, 150, 165, 167, 185, 188, 200, 207, 241, 291, 302, 316, 344, 401, 408, 415, 421, 424, 428, 429, 454, 462, 469, 488, 501, 543, 552, 594, 614, 647, 660, 683, 752, 795, 817, 833, 838, 847, 851, 857, 915, 952, 953, 954, 957, 963, 971, 978, 988, 990, 1003]"
overlap,37,days_381.61_402.24,32970918,34753129,4,OVL-C3705,dead-OVL-C3606,55,"[38, 42, 46, 50, 69, 84, 102, 103, 106, 125, 139, 164, 206, 299, 310, 322, 323, 343, 346, 368, 378, 388, 399, 402, 420, 474, 477, 487, 489, 509, 510, 514, 534, 548, 559, 562, 601, 603, 622, 634, 638, 649, 663, 676, 706, 740, 780, 788, 822, 832, 853, 879, 939, 943, 950]"
overlap,37,days_381.61_402.24,32970918,34753129,5,OVL-C3706,dead-OVL-C3706,53,"[53, 62, 65, 70, 75, 76, 90, 120, 138, 163, 193, 196, 220, 226, 239, 250, 273, 334, 340, 369, 397, 444, 448, 471, 485, 512, 513, 535, 542, 551, 566, 609, 633, 646, 673, 714, 722, 770, 772, 799, 800, 803, 807, 823, 854, 886, 890, 895, 913, 944, 948, 951, 997]"
overlap,37,days_381.61_402.24,32970918,34753129,6,OVL-C3707,c11,46,"[0, 6, 19, 58, 78, 99, 118, 178, 189, 224, 228, 249, 293, 295, 314, 333, 339, 349, 379, 409, 455, 470, 502, 519, 538, 569, 599, 605, 643, 685, 693, 705, 710, 728, 732, 767, 787, 791, 862, 898, 909, 929, 969, 976, 991, 1001]"
overlap,37,days_381.61_402.24,32970918,34753129,7,OVL-C3708,c05,38,"[28, 56, 68, 95, 108, 231, 245, 251, 269, 311, 338, 361, 364, 427, 432, 433, 480, 482, 531, 540, 582, 641, 697, 698, 701, 764, 789, 801, 809, 840, 855, 872, 873, 874, 925, 955, 987, 994]"
overlap,37,days_381.61_402.24,32970918,34753129,8,OVL-C3709,c03,35,"[24, 160, 181, 190, 274, 280, 281, 288, 301, 353, 360, 373, 391, 414, 445, 484, 493, 497, 511, 526, 530, 547, 561, 629, 630, 631, 656, 658, 750, 773, 846, 858, 891, 894, 902]"
overlap,37,days_381.61_402.24,32970918,34753129,9,OVL-C3710,c10,32,"[5, 29, 98, 107, 117, 134, 192, 201, 208, 236, 268, 278, 289, 320, 335, 381, 464, 468, 491, 537, 553, 592, 652, 664, 670, 671, 688, 707, 713, 808, 899, 985]"
overlap,37,days_381.61_402.24,32970918,34753129,10,OVL-C3711,dead-OVL-C0013,27,"[25, 41, 48, 73, 216, 318, 319, 321, 386, 458, 481, 499, 503, 558, 565, 600, 626, 672, 679, 684, 704, 723, 758, 844, 918, 956, 1002]"
overlap,37,days_381.61_402.24,32970918,34753129,11,OVL-C3712,dead-OVL-C3613,20,"[129, 147, 157, 171, 230, 255, 277, 285, 336, 347, 355, 577, 590, 686, 715, 748, 926, 931, 933, 972]"
overlap,37,days_381.61_402.24,32970918,34753129,12,OVL-C3713,dead-OVL-C3512,18,"[8, 15, 143, 144, 284, 406, 422, 544, 563, 580, 584, 613, 669, 680, 731, 739, 741, 797]"
overlap,37,days_381.61_402.24,32970918,34753129,13,OVL-C3714,dead-OVL-C3714,3,"[45, 66, 227]"
overlap,38,days_391.92_412.55,33862024,35644235,0,OVL-C3801,dead-OVL-C3301,92,"[8, 40, 51, 55, 61, 83, 89, 90, 142, 143, 144, 157, 159, 161, 169, 185, 191, 194, 205, 214, 223, 233, 243, 248, 264, 272, 278, 290, 299, 306, 324, 329, 337, 343, 397, 399, 400, 443, 448, 450, 455, 462, 501, 502, 515, 517, 522, 527, 544, 546, 549, 550, 568, 591, 595, 607, 624, 659, 668, 669, 686, 687, 692, 695, 696, 708, 712, 714, 716, 718, 720, 742, 746, 775, 784, 798, 807, 813, 819, 833, 841, 851, 863, 865, 900, 915, 916, 923, 935, 940, 975, 997]"
overlap,38,days_391.92_412.55,33862024,35644235,1,OVL-C3802,c09,75,"[2, 30, 46, 52, 74, 77, 86, 104, 109, 111, 112, 119, 126, 133, 152, 166, 168, 204, 229, 232, 256, 260, 266, 267, 283, 294, 305, 310, 313, 317, 326, 356, 392, 416, 425, 435, 439, 447, 465, 472, 478, 556, 570, 571, 573, 575, 586, 598, 602, 648, 674, 706, 721, 730, 735, 743, 751, 762, 765, 782, 790, 812, 817, 835, 868, 885, 889, 908, 912, 943, 946, 949, 966, 984, 1000]"
overlap,38,days_391.92_412.55,33862024,35644235,2,OVL-C3803,dead-OVL-C3309,55,"[11, 31, 41, 42, 67, 73, 92, 98, 117, 122, 134, 165, 167, 193, 198, 200, 207, 241, 268, 273, 277, 291, 316, 344, 401, 415, 421, 424, 428, 429, 454, 488, 503, 543, 552, 592, 594, 614, 618, 633, 671, 707, 713, 723, 754, 795, 847, 883, 951, 952, 954, 963, 971, 988, 990]"
overlap,38,days_391.92_412.55,33862024,35644235,3,OVL-C3804,dead-OVL-C3706,55,"[50, 53, 62, 70, 75, 84, 91, 113, 120, 125, 127, 150, 163, 196, 206, 220, 239, 250, 257, 323, 334, 340, 369, 402, 444, 471, 485, 510, 513, 534, 535, 542, 551, 559, 566, 601, 622, 646, 660, 673, 676, 722, 739, 772, 776, 799, 800, 803, 823, 854, 886, 890, 895, 913, 948]"
overlap,38,days_391.92_412.55,33862024,35644235,4,OVL-C3805,dead-OVL-C2801,43,"[14, 32, 149, 173, 197, 199, 270, 372, 376, 404, 410, 497, 506, 541, 572, 576, 605, 643, 644, 650, 654, 657, 682, 685, 702, 719, 724, 728, 738, 745, 760, 761, 779, 783, 796, 828, 837, 850, 921, 924, 934, 979, 1001]"
overlap,38,days_391.92_412.55,33862024,35644235,5,OVL-C3806,c10,42,"[5, 7, 13, 29, 107, 118, 192, 201, 208, 236, 281, 289, 320, 327, 335, 345, 381, 393, 464, 468, 479, 491, 516, 532, 537, 553, 652, 664, 670, 688, 700, 804, 808, 810, 843, 881, 898, 899, 907, 969, 980, 985]"
overlap,38,days_391.92_412.55,33862024,35644235,6,OVL-C3807,c05,41,"[28, 56, 68, 72, 95, 108, 226, 231, 245, 251, 269, 311, 338, 361, 364, 427, 432, 433, 480, 482, 528, 531, 540, 582, 640, 641, 697, 698, 701, 764, 789, 809, 840, 867, 872, 873, 874, 925, 955, 987, 994]"
overlap,38,days_391.92_412.55,33862024,35644235,7,OVL-C3808,c03,39,"[24, 93, 141, 160, 181, 188, 190, 274, 280, 288, 353, 360, 373, 391, 414, 445, 469, 484, 493, 511, 526, 530, 561, 629, 630, 631, 656, 658, 750, 752, 773, 838, 846, 857, 858, 891, 902, 920, 978]"
overlap,38,days_391.92_412.55,33862024,35644235,8,OVL-C3809,c11,38,"[0, 6, 19, 58, 78, 99, 178, 184, 224, 228, 249, 293, 295, 314, 333, 339, 349, 379, 409, 470, 519, 538, 547, 569, 580, 599, 662, 693, 705, 710, 732, 767, 791, 862, 909, 929, 976, 991]"
overlap,38,days_391.92_412.55,33862024,35644235,9,OVL-C3810,dead-OVL-C3810,31,"[4, 35, 47, 82, 135, 137, 138, 170, 292, 304, 362, 371, 383, 405, 441, 456, 581, 589, 628, 703, 736, 769, 771, 855, 870, 871, 887, 910, 936, 937, 942]"
overlap,38,days_391.92_412.55,33862024,35644235,10,OVL-C3811,dead-OVL-C3811,30,"[38, 69, 96, 101, 103, 114, 164, 175, 246, 275, 315, 322, 346, 388, 420, 423, 440, 609, 634, 638, 663, 737, 740, 780, 788, 822, 832, 849, 879, 950]"
overlap,38,days_391.92_412.55,33862024,35644235,11,OVL-C3812,dead-OVL-C0013,22,"[25, 48, 216, 318, 319, 321, 458, 481, 499, 558, 565, 600, 626, 672, 679, 684, 704, 758, 844, 918, 956, 1002]"
overlap,38,days_391.92_412.55,33862024,35644235,12,OVL-C3813,dead-OVL-C3613,15,"[129, 147, 171, 285, 336, 347, 355, 577, 590, 715, 748, 926, 931, 933, 972]"
overlap,38,days_391.92_412.55,33862024,35644235,13,OVL-C3814,dead-OVL-C3814,14,"[16, 105, 153, 189, 418, 419, 473, 509, 514, 836, 896, 977, 996, 1004]"
overlap,38,days_391.92_412.55,33862024,35644235,14,OVL-C3815,dead-OVL-C3512,12,"[15, 284, 365, 377, 406, 422, 457, 584, 613, 680, 731, 866]"
overlap,38,days_391.92_412.55,33862024,35644235,15,OVL-C3816,dead-OVL-C3816,4,"[332, 500, 617, 814]"
overlap,38,days_391.92_412.55,33862024,35644235,16,OVL-C3817,dead-OVL-C3714,3,"[45, 66, 227]"
overlap,38,days_391.92_412.55,33862024,35644235,17,OVL-C3818,dead-OVL-C3818,3,"[180, 897, 958]"
overlap,39,days_402.24_422.86,34753129,36535341,0,OVL-C3901,c09,93,"[17, 30, 31, 61, 66, 74, 77, 86, 92, 101, 104, 109, 111, 112, 114, 126, 133, 142, 152, 157, 165, 166, 168, 207, 227, 229, 232, 235, 256, 260, 266, 267, 294, 305, 313, 316, 317, 344, 349, 356, 362, 373, 383, 392, 398, 416, 425, 428, 439, 450, 472, 478, 490, 517, 523, 556, 565, 570, 571, 575, 586, 598, 602, 648, 661, 674, 704, 718, 721, 730, 743, 751, 759, 762, 765, 782, 790, 803, 835, 854, 857, 868, 885, 908, 912, 915, 946, 948, 949, 953, 966, 974, 984]"
overlap,39,days_402.24_422.86,34753129,36535341,1,OVL-C3902,dead-OVL-C3706,55,"[15, 62, 70, 113, 120, 161, 163, 194, 214, 239, 250, 253, 257, 270, 272, 284, 290, 306, 367, 369, 390, 400, 443, 444, 485, 513, 535, 542, 551, 566, 584, 591, 646, 659, 680, 703, 707, 722, 742, 752, 771, 784, 799, 800, 807, 823, 863, 865, 886, 895, 900, 913, 923, 940, 951]"
overlap,39,days_402.24_422.86,34753129,36535341,2,OVL-C3903,dead-OVL-C3903,50,"[38, 50, 51, 53, 63, 65, 69, 96, 136, 143, 164, 200, 205, 223, 248, 273, 274, 310, 322, 343, 364, 388, 410, 420, 462, 527, 534, 549, 638, 649, 663, 668, 687, 692, 696, 720, 739, 740, 746, 776, 813, 832, 841, 866, 879, 890, 935, 943, 950, 997]"
overlap,39,days_402.24_422.86,34753129,36535341,3,OVL-C3904,c05,46,"[2, 28, 32, 56, 68, 72, 95, 159, 231, 245, 251, 283, 311, 329, 338, 361, 427, 432, 433, 482, 483, 528, 531, 540, 582, 624, 640, 641, 669, 698, 700, 764, 775, 809, 819, 833, 840, 849, 867, 872, 873, 874, 925, 955, 987, 994]"
overlap,39,days_402.24_422.86,34753129,36535341,4,OVL-C3905,c10,46,"[5, 13, 29, 107, 118, 127, 175, 192, 201, 208, 236, 275, 289, 320, 327, 335, 358, 365, 377, 381, 393, 440, 457, 464, 468, 516, 532, 537, 553, 643, 652, 664, 670, 688, 732, 737, 761, 804, 808, 810, 843, 898, 899, 907, 980, 985]"
overlap,39,days_402.24_422.86,34753129,36535341,5,OVL-C3906,c11,40,"[0, 6, 55, 78, 99, 149, 169, 178, 184, 228, 249, 281, 314, 333, 372, 404, 409, 470, 491, 502, 519, 538, 569, 580, 595, 599, 605, 693, 710, 716, 728, 767, 789, 791, 862, 929, 934, 969, 976, 991]"
overlap,39,days_402.24_422.86,34753129,36535341,6,OVL-C3907,c03,39,"[24, 35, 141, 151, 160, 167, 280, 288, 293, 353, 360, 391, 408, 414, 424, 469, 493, 526, 530, 547, 561, 607, 629, 630, 631, 647, 656, 658, 662, 750, 817, 838, 846, 851, 891, 920, 954, 978, 990]"
overlap,39,days_402.24_422.86,34753129,36535341,7,OVL-C3908,dead-OVL-C3908,37,"[11, 19, 40, 75, 90, 91, 98, 150, 193, 196, 198, 220, 233, 241, 278, 334, 401, 415, 422, 429, 454, 471, 522, 546, 550, 568, 609, 613, 633, 660, 671, 713, 731, 772, 798, 983, 993]"
overlap,39,days_402.24_422.86,34753129,36535341,8,OVL-C3909,dead-OVL-C2801,36,"[10, 14, 122, 134, 173, 197, 199, 264, 480, 484, 506, 541, 576, 601, 611, 644, 650, 654, 657, 682, 685, 686, 702, 719, 738, 745, 783, 796, 828, 837, 850, 881, 921, 924, 979, 1001]"
overlap,39,days_402.24_422.86,34753129,36535341,9,OVL-C3910,dead-OVL-C3810,19,"[4, 82, 135, 170, 292, 299, 371, 405, 581, 628, 712, 736, 855, 870, 871, 910, 936, 937, 942]"
overlap,39,days_402.24_422.86,34753129,36535341,10,OVL-C3911,dead-OVL-C3613,18,"[129, 147, 171, 230, 277, 285, 336, 347, 355, 458, 577, 590, 715, 748, 926, 931, 933, 972]"
overlap,39,days_402.24_422.86,34753129,36535341,11,OVL-C3912,dead-OVL-C3814,15,"[16, 105, 153, 181, 189, 308, 411, 418, 419, 473, 509, 724, 977, 996, 1004]"
overlap,39,days_402.24_422.86,34753129,36535341,12,OVL-C3913,dead-OVL-C0013,9,"[318, 321, 499, 558, 684, 758, 844, 918, 956]"
overlap,39,days_402.24_422.86,34753129,36535341,13,OVL-C3914,dead-OVL-C3816,4,"[332, 435, 500, 814]"
overlap,39,days_402.24_422.86,34753129,36535341,14,OVL-C3915,dead-OVL-C3915,3,"[41, 73, 723]"
overlap,40,days_412.55_433.18,35644235,37426447,0,OVL-C4001,dead-OVL-C4001,119,"[11, 26, 39, 40, 53, 60, 61, 63, 71, 75, 86, 90, 91, 114, 120, 124, 132, 139, 149, 150, 151, 159, 161, 169, 184, 187, 189, 191, 193, 196, 198, 205, 214, 220, 225, 235, 239, 243, 253, 254, 257, 270, 272, 273, 290, 293, 324, 334, 367, 372, 379, 404, 407, 443, 450, 453, 466, 471, 474, 476, 487, 488, 549, 566, 568, 572, 587, 595, 601, 609, 613, 617, 619, 633, 660, 662, 683, 687, 695, 706, 711, 712, 714, 716, 718, 736, 742, 752, 754, 763, 772, 776, 777, 779, 798, 807, 811, 833, 841, 843, 865, 866, 875, 876, 880, 883, 890, 893, 907, 910, 919, 923, 934, 940, 951, 962, 969, 983, 997]"
overlap,40,days_412.55_433.18,35644235,37426447,1,OVL-C4002,c10,87,"[5, 7, 10, 13, 14, 29, 107, 118, 158, 173, 175, 180, 182, 186, 192, 199, 201, 208, 226, 236, 242, 264, 289, 320, 325, 327, 335, 358, 381, 382, 393, 419, 437, 440, 464, 468, 473, 491, 506, 516, 532, 537, 541, 553, 576, 597, 611, 643, 644, 650, 652, 654, 657, 664, 670, 682, 688, 702, 719, 737, 738, 745, 749, 761, 783, 804, 808, 810, 828, 837, 839, 850, 856, 881, 897, 898, 899, 903, 905, 921, 924, 945, 979, 980, 982, 985, 1001]"
overlap,40,days_412.55_433.18,35644235,37426447,2,OVL-C4003,c09,67,"[2, 30, 45, 52, 66, 74, 77, 104, 109, 111, 112, 119, 126, 133, 166, 168, 232, 256, 260, 266, 267, 294, 305, 313, 356, 392, 398, 416, 425, 439, 465, 472, 478, 490, 517, 556, 570, 573, 575, 586, 602, 648, 674, 699, 700, 721, 730, 743, 751, 759, 762, 765, 782, 790, 803, 812, 867, 868, 885, 908, 912, 946, 948, 949, 966, 974, 984]"
overlap,40,days_412.55_433.18,35644235,37426447,3,OVL-C4004,c03,63,"[24, 32, 35, 67, 87, 141, 160, 167, 181, 188, 190, 197, 207, 241, 274, 280, 281, 288, 301, 353, 360, 373, 387, 391, 408, 414, 421, 424, 445, 451, 469, 484, 493, 512, 526, 530, 547, 552, 561, 614, 629, 630, 631, 656, 658, 685, 724, 750, 773, 791, 795, 817, 838, 846, 851, 891, 920, 954, 957, 963, 978, 988, 989]"
overlap,40,days_412.55_433.18,35644235,37426447,4,OVL-C4005,c01,59,"[16, 38, 42, 46, 50, 65, 69, 70, 84, 88, 96, 103, 106, 125, 164, 174, 206, 223, 299, 309, 310, 322, 323, 337, 343, 346, 368, 376, 378, 388, 399, 402, 420, 460, 505, 509, 510, 534, 548, 559, 591, 603, 622, 634, 638, 649, 663, 676, 735, 740, 768, 788, 822, 832, 853, 879, 906, 939, 943]"
overlap,40,days_412.55_433.18,35644235,37426447,5,OVL-C4006,c12,49,"[17, 31, 72, 92, 98, 117, 122, 134, 136, 142, 165, 194, 200, 224, 268, 278, 291, 297, 302, 316, 341, 344, 349, 397, 401, 415, 428, 429, 454, 543, 647, 651, 678, 681, 707, 713, 787, 802, 857, 888, 892, 915, 916, 952, 953, 971, 975, 990, 1003]"
overlap,40,days_412.55_433.18,35644235,37426447,6,OVL-C4007,c13,49,"[25, 41, 48, 73, 85, 129, 147, 157, 171, 176, 216, 230, 255, 277, 285, 318, 319, 321, 336, 347, 355, 366, 386, 458, 499, 503, 546, 550, 558, 565, 577, 590, 618, 672, 684, 686, 704, 715, 723, 748, 758, 844, 918, 926, 931, 933, 956, 972, 1000]"
overlap,40,days_412.55_433.18,35644235,37426447,7,OVL-C4008,c05,42,"[28, 56, 68, 95, 231, 245, 251, 269, 275, 311, 329, 338, 361, 364, 427, 432, 433, 438, 480, 482, 483, 531, 540, 582, 624, 627, 641, 698, 764, 789, 796, 809, 819, 840, 849, 872, 873, 874, 925, 955, 987, 994]"
overlap,40,days_412.55_433.18,35644235,37426447,8,OVL-C4009,c02,41,"[4, 54, 82, 83, 135, 137, 152, 155, 170, 292, 304, 306, 317, 371, 374, 390, 400, 405, 441, 456, 523, 581, 592, 594, 626, 628, 659, 697, 703, 771, 784, 830, 835, 848, 855, 863, 870, 901, 936, 942, 993]"
overlap,40,days_412.55_433.18,35644235,37426447,9,OVL-C4010,c11,38,"[0, 6, 55, 78, 99, 102, 130, 178, 195, 228, 249, 295, 312, 314, 333, 339, 365, 409, 470, 502, 519, 527, 538, 569, 579, 580, 599, 605, 693, 705, 710, 732, 767, 858, 862, 929, 976, 991]"
overlap,40,days_412.55_433.18,35644235,37426447,10,OVL-C4011,c14,27,"[62, 113, 163, 250, 332, 369, 435, 444, 485, 500, 513, 518, 535, 539, 542, 551, 646, 722, 770, 799, 800, 814, 823, 854, 886, 895, 913]"
overlap,40,days_412.55_433.18,35644235,37426447,11,OVL-C4012,dead-OVL-C4012,20,"[19, 58, 185, 233, 362, 383, 522, 528, 585, 589, 661, 668, 692, 720, 746, 813, 900, 909, 922, 935]"
overlap,40,days_412.55_433.18,35644235,37426447,12,OVL-C4013,dead-OVL-C3814,20,"[101, 105, 127, 153, 246, 308, 377, 411, 418, 423, 457, 514, 780, 861, 896, 928, 950, 977, 996, 1004]"
overlap,40,days_412.55_433.18,35644235,37426447,13,OVL-C4014,dead-OVL-C4014,14,"[8, 15, 143, 284, 422, 544, 563, 584, 669, 680, 731, 739, 741, 792]"
overlap,40,days_412.55_433.18,35644235,37426447,14,OVL-C4015,dead-OVL-C4015,10,"[76, 229, 248, 410, 607, 671, 696, 775, 834, 995]"
overlap,41,days_422.86_443.49,36535341,38317553,0,OVL-C4101,c10,77,"[13, 14, 76, 101, 105, 153, 158, 173, 180, 182, 186, 192, 199, 215, 242, 246, 270, 325, 327, 364, 365, 377, 378, 381, 382, 395, 410, 411, 418, 423, 437, 457, 473, 506, 514, 516, 532, 541, 576, 597, 611, 644, 650, 654, 657, 682, 702, 719, 727, 738, 745, 761, 780, 783, 804, 808, 828, 837, 839, 850, 856, 858, 881, 897, 903, 921, 924, 928, 945, 950, 977, 979, 982, 991, 996, 1001, 1004]"
overlap,41,days_422.86_443.49,36535341,38317553,1,OVL-C4102,c09,74,"[2, 30, 52, 74, 77, 104, 109, 112, 119, 126, 133, 166, 168, 232, 256, 260, 266, 267, 294, 305, 307, 313, 332, 356, 406, 416, 425, 435, 439, 447, 460, 465, 472, 478, 500, 517, 539, 556, 557, 570, 573, 575, 583, 586, 602, 638, 648, 699, 700, 721, 730, 744, 751, 759, 762, 765, 782, 790, 803, 812, 814, 867, 868, 871, 880, 885, 889, 912, 946, 948, 949, 966, 974, 984]"
overlap,41,days_422.86_443.49,36535341,38317553,2,OVL-C4103,c01,63,"[16, 38, 42, 46, 50, 69, 70, 84, 88, 96, 103, 106, 125, 139, 164, 174, 206, 223, 247, 282, 299, 309, 310, 322, 323, 324, 337, 343, 346, 368, 376, 388, 399, 402, 420, 474, 489, 505, 509, 510, 534, 548, 559, 591, 601, 603, 622, 634, 649, 663, 676, 735, 740, 768, 788, 822, 832, 853, 879, 893, 906, 939, 943]"
overlap,41,days_422.86_443.49,36535341,38317553,3,OVL-C4104,c03,61,"[24, 32, 35, 87, 141, 143, 160, 167, 181, 188, 190, 197, 207, 241, 274, 280, 281, 288, 301, 353, 360, 373, 387, 391, 408, 414, 421, 424, 445, 451, 469, 484, 493, 512, 526, 530, 547, 552, 561, 614, 629, 630, 631, 656, 658, 685, 750, 773, 791, 795, 817, 846, 851, 891, 905, 920, 954, 957, 978, 988, 989]"
overlap,41,days_422.86_443.49,36535341,38317553,4,OVL-C4105,dead-OVL-C4001,61,"[39, 53, 75, 91, 120, 124, 127, 132, 150, 151, 159, 191, 193, 196, 198, 214, 220, 229, 233, 235, 248, 253, 257, 290, 334, 367, 413, 471, 476, 566, 607, 609, 617, 633, 660, 683, 687, 692, 696, 711, 714, 749, 752, 763, 772, 775, 776, 798, 807, 811, 823, 834, 841, 865, 875, 890, 910, 923, 940, 962, 997]"
overlap,41,days_422.86_443.49,36535341,38317553,5,OVL-C4106,c02,53,"[4, 54, 82, 83, 135, 137, 155, 161, 170, 292, 300, 304, 306, 308, 317, 326, 371, 374, 390, 400, 405, 441, 456, 523, 580, 581, 592, 594, 626, 628, 659, 673, 697, 703, 742, 769, 771, 784, 830, 835, 848, 855, 860, 863, 864, 870, 901, 930, 936, 938, 942, 981, 993]"
overlap,41,days_422.86_443.49,36535341,38317553,6,OVL-C4107,c13,51,"[25, 41, 48, 73, 85, 129, 147, 157, 171, 176, 216, 255, 277, 285, 319, 321, 336, 347, 355, 366, 372, 386, 458, 499, 503, 546, 550, 558, 565, 577, 590, 618, 672, 679, 684, 686, 704, 715, 723, 743, 748, 758, 844, 918, 926, 931, 933, 956, 972, 1000, 1002]"
overlap,41,days_422.86_443.49,36535341,38317553,7,OVL-C4108,c12,49,"[11, 17, 31, 45, 66, 67, 72, 92, 122, 136, 142, 165, 194, 200, 224, 297, 302, 316, 341, 344, 349, 392, 397, 401, 415, 428, 429, 454, 543, 619, 647, 651, 674, 678, 681, 787, 838, 857, 888, 892, 915, 916, 952, 953, 963, 971, 975, 990, 1003]"
overlap,41,days_422.86_443.49,36535341,38317553,8,OVL-C4109,dead-OVL-C4109,47,"[5, 7, 29, 90, 98, 107, 114, 117, 134, 175, 201, 205, 208, 236, 268, 275, 278, 283, 289, 291, 320, 335, 380, 419, 440, 464, 468, 487, 491, 537, 553, 613, 643, 652, 664, 670, 671, 688, 707, 713, 737, 810, 898, 899, 980, 985, 995]"
overlap,41,days_422.86_443.49,36535341,38317553,9,OVL-C4110,c05,42,"[28, 56, 65, 68, 95, 226, 231, 245, 251, 264, 269, 311, 329, 338, 361, 427, 432, 433, 438, 480, 482, 531, 540, 582, 624, 627, 641, 698, 764, 789, 796, 809, 819, 840, 849, 872, 873, 874, 925, 955, 987, 994]"
overlap,41,days_422.86_443.49,36535341,38317553,10,OVL-C4111,c11,36,"[0, 6, 55, 78, 99, 102, 118, 130, 178, 195, 228, 249, 295, 312, 314, 333, 339, 359, 409, 470, 502, 527, 538, 569, 579, 599, 605, 693, 705, 710, 732, 767, 786, 862, 929, 976]"
overlap,41,days_422.86_443.49,36535341,38317553,11,OVL-C4112,dead-OVL-C4112,35,"[19, 61, 71, 169, 184, 189, 225, 239, 243, 273, 318, 393, 404, 407, 453, 479, 522, 549, 595, 706, 718, 724, 754, 779, 843, 861, 866, 883, 896, 904, 907, 919, 934, 951, 969]"
overlap,41,days_422.86_443.49,36535341,38317553,12,OVL-C4113,dead-OVL-C4113,27,"[26, 40, 60, 86, 149, 152, 187, 254, 272, 293, 379, 443, 450, 466, 488, 568, 572, 662, 695, 712, 716, 774, 777, 802, 876, 900, 947]"
overlap,41,days_422.86_443.49,36535341,38317553,13,OVL-C4114,c14,21,"[62, 113, 163, 250, 369, 444, 485, 513, 518, 535, 542, 551, 646, 722, 770, 799, 800, 854, 886, 895, 913]"
overlap,41,days_422.86_443.49,36535341,38317553,14,OVL-C4115,dead-OVL-C4012,19,"[58, 111, 185, 362, 383, 528, 585, 587, 589, 668, 720, 746, 813, 833, 887, 909, 922, 935, 937]"
overlap,41,days_422.86_443.49,36535341,38317553,15,OVL-C4116,dead-OVL-C4014,13,"[8, 15, 284, 422, 544, 563, 584, 669, 680, 731, 739, 741, 792]"
overlap,42,days_433.18_453.80,37426447,39208659,0,OVL-C4201,c01,135,"[16, 19, 38, 42, 46, 50, 55, 61, 69, 70, 71, 84, 88, 96, 101, 103, 106, 125, 132, 139, 149, 164, 169, 184, 189, 195, 206, 225, 229, 243, 246, 247, 273, 279, 281, 282, 296, 299, 309, 310, 322, 323, 324, 334, 337, 343, 346, 365, 372, 376, 377, 378, 388, 393, 395, 399, 402, 404, 407, 410, 419, 420, 423, 426, 457, 474, 477, 479, 487, 489, 491, 497, 505, 509, 510, 514, 517, 522, 534, 559, 562, 591, 595, 601, 603, 607, 615, 622, 634, 638, 649, 652, 654, 663, 676, 696, 701, 706, 708, 711, 716, 718, 724, 732, 733, 740, 754, 779, 780, 788, 832, 843, 858, 861, 866, 869, 879, 883, 884, 893, 896, 904, 906, 907, 919, 934, 939, 943, 950, 951, 969, 977, 991, 999, 1004]"
overlap,42,days_433.18_453.80,37426447,39208659,1,OVL-C4202,c09,104,"[2, 30, 45, 52, 66, 74, 77, 90, 104, 109, 111, 112, 119, 126, 133, 166, 168, 176, 194, 210, 218, 227, 232, 256, 260, 266, 267, 283, 294, 305, 307, 313, 326, 332, 356, 368, 406, 416, 425, 435, 439, 447, 460, 465, 472, 478, 486, 490, 496, 500, 523, 524, 548, 556, 557, 560, 570, 573, 575, 583, 586, 587, 602, 606, 613, 648, 699, 700, 721, 730, 735, 743, 744, 751, 759, 762, 765, 777, 782, 790, 798, 803, 812, 814, 841, 853, 867, 868, 871, 880, 885, 889, 890, 908, 912, 930, 938, 946, 948, 949, 962, 966, 974, 984]"
overlap,42,days_433.18_453.80,37426447,39208659,2,OVL-C4203,c10,80,"[5, 13, 14, 29, 105, 107, 114, 131, 134, 153, 173, 175, 180, 192, 199, 201, 208, 215, 236, 270, 275, 289, 320, 327, 335, 364, 381, 418, 437, 440, 464, 468, 506, 516, 532, 537, 541, 553, 576, 597, 611, 643, 644, 650, 657, 664, 670, 682, 688, 702, 719, 727, 737, 738, 745, 761, 774, 775, 783, 804, 808, 810, 828, 829, 837, 849, 850, 881, 897, 898, 899, 921, 924, 945, 958, 979, 980, 985, 996, 1001]"
overlap,42,days_433.18_453.80,37426447,39208659,3,OVL-C4204,c02,78,"[4, 40, 60, 72, 82, 83, 86, 135, 137, 138, 152, 161, 187, 203, 254, 272, 292, 300, 304, 306, 308, 362, 371, 374, 380, 383, 390, 394, 400, 405, 441, 443, 450, 466, 483, 528, 571, 572, 580, 581, 589, 626, 628, 659, 662, 668, 673, 684, 695, 703, 712, 720, 742, 746, 769, 771, 776, 784, 802, 807, 813, 834, 848, 860, 863, 864, 870, 887, 900, 901, 922, 935, 936, 937, 942, 947, 981, 993]"
overlap,42,days_433.18_453.80,37426447,39208659,4,OVL-C4205,dead-OVL-C4001,60,"[53, 65, 75, 91, 98, 117, 120, 127, 151, 159, 179, 185, 191, 193, 196, 197, 198, 214, 220, 223, 235, 239, 253, 268, 290, 291, 367, 397, 401, 413, 415, 429, 454, 501, 515, 546, 550, 566, 592, 609, 617, 633, 671, 687, 707, 713, 752, 763, 772, 811, 819, 823, 833, 865, 910, 923, 940, 975, 997, 1003]"
overlap,42,days_433.18_453.80,37426447,39208659,5,OVL-C4206,c05,50,"[28, 33, 56, 68, 95, 170, 226, 231, 233, 245, 251, 264, 269, 278, 293, 311, 329, 338, 361, 379, 427, 432, 433, 480, 482, 531, 540, 568, 582, 624, 641, 660, 692, 697, 698, 736, 764, 789, 796, 809, 835, 840, 855, 872, 873, 874, 925, 955, 987, 994]"
overlap,42,days_433.18_453.80,37426447,39208659,6,OVL-C4207,c13,47,"[25, 41, 48, 73, 85, 129, 147, 171, 216, 230, 257, 277, 285, 318, 319, 321, 336, 347, 355, 386, 458, 499, 503, 558, 565, 577, 590, 600, 618, 672, 679, 683, 686, 704, 715, 723, 748, 758, 844, 918, 926, 931, 933, 956, 972, 1000, 1002]"
overlap,42,days_433.18_453.80,37426447,39208659,7,OVL-C4208,c03,41,"[24, 87, 150, 157, 160, 181, 190, 205, 248, 274, 280, 288, 315, 353, 360, 373, 391, 392, 414, 445, 471, 484, 493, 526, 530, 561, 610, 629, 630, 631, 656, 658, 674, 685, 750, 773, 830, 846, 891, 902, 920]"
overlap,42,days_433.18_453.80,37426447,39208659,8,OVL-C4209,c11,36,"[0, 6, 58, 78, 99, 102, 118, 122, 178, 228, 249, 295, 314, 333, 339, 359, 409, 470, 502, 519, 527, 538, 569, 599, 605, 693, 705, 710, 749, 767, 786, 862, 878, 909, 929, 976]"
overlap,42,days_433.18_453.80,37426447,39208659,9,OVL-C4210,c12,29,"[17, 31, 32, 67, 92, 136, 142, 165, 200, 224, 302, 316, 344, 349, 351, 408, 428, 543, 647, 806, 838, 857, 888, 915, 952, 953, 963, 971, 990]"
overlap,42,days_433.18_453.80,37426447,39208659,10,OVL-C4211,dead-OVL-C4211,26,"[35, 141, 167, 188, 207, 241, 301, 387, 421, 424, 431, 451, 469, 512, 547, 552, 585, 614, 795, 817, 824, 851, 954, 957, 978, 988]"
overlap,42,days_433.18_453.80,37426447,39208659,11,OVL-C4212,c14,21,"[62, 113, 163, 250, 369, 444, 485, 513, 518, 535, 542, 551, 604, 646, 722, 799, 800, 854, 886, 895, 913]"
overlap,42,days_433.18_453.80,37426447,39208659,12,OVL-C4213,dead-OVL-C4014,13,"[8, 15, 143, 284, 422, 544, 563, 584, 669, 680, 731, 739, 741]"
overlap,43,days_443.49_464.12,38317553,40099765,0,OVL-C4301,c01,119,"[38, 46, 50, 55, 61, 69, 71, 84, 88, 89, 96, 101, 103, 106, 125, 127, 132, 139, 149, 153, 164, 169, 184, 195, 206, 225, 239, 246, 247, 273, 279, 281, 282, 296, 299, 309, 310, 322, 323, 324, 337, 343, 346, 365, 372, 376, 377, 378, 393, 398, 399, 402, 404, 407, 410, 419, 420, 423, 426, 457, 460, 474, 487, 505, 509, 510, 514, 522, 524, 559, 562, 595, 597, 601, 603, 615, 622, 634, 638, 649, 652, 663, 676, 701, 706, 708, 711, 716, 718, 724, 732, 733, 735, 754, 779, 780, 788, 832, 843, 853, 861, 866, 869, 879, 884, 893, 896, 904, 906, 907, 934, 939, 943, 950, 951, 969, 977, 999, 1004]"
overlap,43,days_443.49_464.12,38317553,40099765,1,OVL-C4302,c09,89,"[2, 30, 45, 52, 66, 74, 77, 100, 104, 111, 112, 119, 126, 133, 166, 168, 176, 210, 218, 227, 232, 256, 260, 266, 267, 294, 305, 313, 326, 328, 332, 356, 368, 392, 416, 425, 434, 435, 439, 447, 465, 472, 478, 486, 490, 496, 500, 517, 523, 548, 556, 560, 573, 575, 586, 602, 606, 612, 648, 674, 699, 700, 704, 721, 730, 743, 744, 751, 759, 762, 765, 768, 777, 782, 790, 803, 812, 814, 868, 885, 889, 908, 912, 946, 948, 949, 966, 974, 984]"
overlap,43,days_443.49_464.12,38317553,40099765,2,OVL-C4303,dead-OVL-C4001,86,"[8, 11, 15, 16, 32, 42, 53, 65, 70, 75, 90, 93, 120, 143, 144, 151, 159, 179, 191, 193, 196, 197, 198, 214, 220, 229, 233, 235, 243, 253, 278, 283, 284, 290, 334, 367, 388, 397, 422, 477, 489, 515, 534, 544, 546, 550, 563, 566, 580, 584, 591, 607, 609, 613, 617, 633, 661, 669, 671, 680, 687, 692, 696, 707, 731, 741, 749, 752, 763, 772, 776, 791, 834, 835, 841, 852, 865, 880, 890, 910, 923, 940, 975, 995, 997, 1003]"
overlap,43,days_443.49_464.12,38317553,40099765,3,OVL-C4304,c02,77,"[4, 40, 60, 72, 82, 83, 85, 86, 135, 137, 138, 152, 161, 185, 187, 203, 254, 272, 292, 300, 304, 306, 362, 371, 374, 379, 383, 390, 394, 400, 405, 441, 443, 450, 466, 488, 501, 528, 568, 571, 572, 581, 585, 589, 626, 628, 659, 660, 662, 668, 684, 695, 703, 712, 720, 742, 746, 769, 771, 784, 802, 813, 822, 833, 844, 863, 870, 887, 900, 901, 922, 935, 936, 937, 942, 947, 993]"
overlap,43,days_443.49_464.12,38317553,40099765,4,OVL-C4305,c03,64,"[24, 35, 87, 141, 157, 158, 160, 167, 181, 188, 190, 205, 207, 241, 248, 274, 280, 288, 301, 315, 353, 360, 373, 387, 391, 414, 421, 424, 431, 445, 451, 469, 484, 512, 526, 530, 547, 552, 561, 610, 614, 629, 630, 631, 656, 658, 685, 739, 740, 750, 773, 795, 817, 824, 830, 846, 851, 891, 902, 920, 954, 957, 978, 988]"
overlap,43,days_443.49_464.12,38317553,40099765,5,OVL-C4306,c06,54,"[5, 29, 91, 98, 107, 114, 117, 134, 150, 175, 192, 201, 208, 223, 236, 268, 275, 289, 291, 320, 327, 335, 341, 381, 385, 401, 415, 429, 440, 454, 464, 468, 473, 479, 491, 497, 532, 537, 553, 592, 643, 664, 670, 688, 713, 737, 808, 810, 811, 897, 898, 899, 980, 985]"
overlap,43,days_443.49_464.12,38317553,40099765,6,OVL-C4307,c05,54,"[19, 28, 33, 56, 68, 95, 170, 194, 231, 238, 245, 251, 264, 293, 311, 329, 338, 361, 364, 427, 432, 433, 455, 480, 482, 511, 531, 540, 582, 587, 624, 641, 678, 697, 698, 736, 764, 789, 796, 807, 809, 819, 836, 840, 849, 855, 872, 873, 874, 925, 955, 962, 987, 994]"
overlap,43,days_443.49_464.12,38317553,40099765,7,OVL-C4308,c13,45,"[25, 41, 48, 73, 129, 147, 171, 216, 230, 257, 277, 285, 318, 319, 321, 336, 347, 355, 386, 458, 499, 503, 558, 565, 577, 590, 600, 618, 672, 679, 683, 686, 715, 723, 748, 758, 918, 919, 926, 931, 933, 956, 972, 1000, 1002]"
overlap,43,days_443.49_464.12,38317553,40099765,8,OVL-C4309,c10,44,"[13, 14, 105, 131, 173, 189, 199, 226, 270, 308, 418, 437, 506, 516, 541, 576, 611, 644, 650, 654, 657, 682, 702, 719, 738, 745, 760, 761, 775, 783, 804, 828, 837, 850, 858, 881, 883, 921, 924, 945, 979, 991, 996, 1001]"
overlap,43,days_443.49_464.12,38317553,40099765,9,OVL-C4310,c11,35,"[0, 6, 58, 78, 99, 102, 118, 122, 178, 228, 249, 295, 314, 333, 339, 359, 409, 470, 502, 519, 527, 538, 569, 599, 605, 693, 705, 710, 767, 862, 867, 878, 909, 929, 976]"
overlap,43,days_443.49_464.12,38317553,40099765,10,OVL-C4311,c12,31,"[17, 31, 67, 92, 136, 142, 165, 200, 224, 302, 316, 344, 349, 351, 408, 428, 493, 543, 647, 806, 838, 857, 888, 892, 915, 917, 952, 953, 963, 971, 990]"
overlap,43,days_443.49_464.12,38317553,40099765,11,OVL-C4312,c14,26,"[62, 109, 113, 163, 250, 369, 389, 444, 471, 483, 485, 513, 518, 535, 542, 551, 604, 646, 722, 799, 800, 823, 854, 886, 895, 913]"
overlap,43,days_443.49_464.12,38317553,40099765,12,OVL-C4313,dead-OVL-C4313,4,"[180, 727, 829, 958]"
overlap,44,days_453.80_474.43,39208659,40990871,0,OVL-C4401,dead-OVL-C4001,86,"[11, 39, 53, 55, 65, 75, 90, 93, 120, 138, 151, 159, 185, 191, 193, 196, 198, 214, 220, 225, 226, 229, 233, 235, 239, 243, 253, 273, 278, 283, 290, 334, 362, 367, 377, 383, 386, 476, 483, 528, 566, 589, 591, 607, 609, 613, 617, 633, 649, 661, 668, 671, 687, 692, 696, 706, 720, 746, 749, 752, 763, 769, 770, 772, 775, 776, 813, 830, 833, 835, 841, 852, 865, 866, 875, 887, 890, 910, 923, 935, 939, 940, 951, 983, 995, 997]"
overlap,44,days_453.80_474.43,39208659,40990871,1,OVL-C4402,c09,77,"[3, 21, 30, 45, 52, 66, 74, 77, 100, 104, 111, 112, 126, 133, 166, 168, 232, 240, 250, 256, 260, 266, 267, 294, 305, 313, 332, 356, 392, 416, 425, 435, 439, 447, 459, 472, 478, 500, 517, 539, 556, 557, 573, 574, 575, 586, 598, 602, 648, 674, 677, 699, 717, 721, 730, 743, 744, 751, 759, 762, 765, 782, 803, 814, 867, 868, 885, 886, 889, 908, 912, 946, 948, 949, 966, 974, 984]"
overlap,44,days_453.80_474.43,39208659,40990871,2,OVL-C4403,c01,70,"[16, 38, 42, 46, 50, 64, 69, 70, 84, 88, 96, 102, 103, 106, 125, 132, 139, 153, 154, 164, 206, 247, 282, 299, 309, 310, 322, 323, 324, 337, 343, 346, 378, 388, 399, 402, 420, 460, 474, 477, 487, 489, 505, 509, 510, 514, 524, 534, 559, 562, 603, 622, 634, 638, 663, 676, 735, 777, 780, 788, 832, 853, 879, 893, 906, 943, 950, 969, 977, 1004]"
overlap,44,days_453.80_474.43,39208659,40990871,3,OVL-C4404,c03,65,"[24, 35, 141, 148, 158, 160, 167, 181, 188, 190, 241, 248, 274, 280, 288, 301, 353, 360, 373, 391, 394, 397, 408, 414, 431, 445, 451, 469, 484, 486, 493, 496, 507, 512, 526, 530, 547, 550, 552, 561, 571, 610, 614, 629, 630, 631, 656, 658, 685, 739, 740, 750, 773, 817, 824, 846, 851, 891, 902, 920, 954, 957, 975, 978, 988]"
overlap,44,days_453.80_474.43,39208659,40990871,4,OVL-C4405,c05,60,"[5, 28, 56, 68, 95, 114, 170, 175, 194, 231, 238, 245, 251, 264, 275, 281, 293, 311, 329, 338, 361, 364, 427, 432, 433, 440, 455, 480, 482, 491, 511, 531, 540, 582, 587, 624, 641, 678, 697, 698, 736, 737, 764, 771, 796, 798, 807, 809, 819, 836, 840, 849, 855, 872, 873, 874, 925, 955, 987, 994]"
overlap,44,days_453.80_474.43,39208659,40990871,5,OVL-C4406,c02,59,"[4, 40, 60, 82, 83, 86, 135, 137, 152, 161, 187, 254, 272, 292, 304, 306, 315, 371, 374, 379, 390, 400, 405, 441, 443, 450, 466, 488, 523, 533, 568, 572, 581, 585, 626, 628, 659, 662, 695, 703, 712, 725, 742, 774, 784, 802, 822, 863, 870, 900, 901, 922, 936, 937, 942, 945, 947, 965, 993]"
overlap,44,days_453.80_474.43,39208659,40990871,6,OVL-C4407,c06,53,"[29, 31, 67, 91, 98, 107, 117, 134, 165, 192, 201, 208, 236, 257, 268, 289, 291, 320, 327, 335, 341, 381, 385, 393, 401, 415, 429, 454, 464, 468, 473, 479, 532, 537, 553, 592, 643, 652, 664, 670, 688, 707, 713, 808, 810, 811, 880, 898, 899, 963, 980, 985, 1003]"
overlap,44,days_453.80_474.43,39208659,40990871,7,OVL-C4408,c10,41,"[13, 14, 105, 173, 199, 270, 308, 396, 410, 418, 437, 506, 516, 541, 576, 611, 644, 650, 654, 657, 682, 702, 719, 738, 745, 760, 761, 778, 783, 804, 828, 837, 850, 858, 881, 921, 924, 979, 991, 996, 1001]"
overlap,44,days_453.80_474.43,39208659,40990871,8,OVL-C4409,dead-OVL-C4409,38,"[61, 71, 89, 101, 118, 122, 127, 149, 169, 184, 189, 195, 223, 246, 365, 372, 398, 404, 407, 423, 497, 522, 546, 595, 597, 711, 716, 718, 724, 732, 754, 779, 843, 883, 904, 907, 916, 934]"
overlap,44,days_453.80_474.43,39208659,40990871,9,OVL-C4410,c11,34,"[0, 6, 19, 58, 78, 99, 130, 178, 228, 249, 295, 314, 333, 339, 359, 409, 470, 502, 519, 527, 538, 569, 599, 605, 693, 705, 710, 767, 789, 862, 878, 909, 929, 976]"
overlap,44,days_453.80_474.43,39208659,40990871,10,OVL-C4411,c12,31,"[17, 92, 136, 142, 200, 207, 224, 302, 316, 344, 349, 351, 387, 421, 424, 428, 543, 647, 795, 806, 838, 857, 888, 892, 915, 917, 952, 953, 962, 971, 990]"
overlap,44,days_453.80_474.43,39208659,40990871,11,OVL-C4412,c13,29,"[25, 41, 48, 73, 216, 318, 319, 321, 434, 458, 499, 503, 558, 565, 600, 601, 618, 672, 679, 684, 704, 723, 758, 844, 918, 919, 956, 1000, 1002]"
overlap,44,days_453.80_474.43,39208659,40990871,12,OVL-C4413,c14,24,"[62, 109, 113, 124, 163, 369, 389, 444, 485, 513, 518, 535, 542, 551, 604, 646, 683, 722, 799, 800, 823, 854, 895, 913]"
overlap,44,days_453.80_474.43,39208659,40990871,13,OVL-C4414,dead-OVL-C4414,20,"[129, 147, 150, 157, 171, 277, 285, 336, 347, 355, 471, 577, 590, 686, 715, 748, 926, 931, 933, 972]"
overlap,44,days_453.80_474.43,39208659,40990871,14,OVL-C4415,dead-OVL-C4415,19,"[2, 8, 32, 119, 143, 144, 197, 326, 328, 465, 544, 580, 669, 700, 741, 768, 790, 791, 812]"
overlap,44,days_453.80_474.43,39208659,40990871,15,OVL-C4416,dead-OVL-C4416,10,"[15, 284, 376, 422, 563, 584, 680, 731, 861, 896]"
overlap,44,days_453.80_474.43,39208659,40990871,16,OVL-C4417,dead-OVL-C4313,3,"[180, 727, 958]"
overlap,45,days_464.12_484.75,40099765,41881976,0,OVL-C4501,dead-OVL-C4001,98,"[39, 40, 53, 58, 65, 70, 72, 75, 86, 90, 120, 138, 151, 152, 159, 161, 186, 187, 191, 193, 196, 198, 205, 214, 220, 233, 235, 239, 243, 244, 253, 272, 290, 312, 334, 362, 367, 379, 383, 394, 443, 450, 476, 483, 528, 566, 568, 571, 572, 589, 591, 607, 609, 617, 625, 627, 633, 640, 651, 662, 668, 678, 687, 692, 695, 696, 712, 720, 742, 746, 752, 770, 772, 775, 776, 792, 802, 813, 830, 835, 841, 875, 880, 887, 890, 900, 909, 910, 922, 923, 935, 936, 940, 962, 965, 983, 993, 997]"
overlap,45,days_464.12_484.75,40099765,41881976,1,OVL-C4502,c01,90,"[38, 42, 46, 50, 64, 69, 84, 88, 96, 101, 102, 103, 105, 106, 114, 125, 132, 139, 153, 154, 164, 184, 206, 246, 247, 282, 299, 308, 309, 310, 320, 322, 323, 337, 343, 346, 368, 376, 378, 388, 399, 402, 407, 418, 420, 423, 460, 474, 477, 489, 505, 509, 510, 514, 534, 559, 562, 588, 601, 603, 622, 634, 638, 649, 663, 676, 724, 735, 754, 779, 780, 788, 822, 832, 836, 843, 853, 879, 883, 893, 906, 907, 919, 939, 943, 950, 969, 977, 996, 1004]"
overlap,45,days_464.12_484.75,40099765,41881976,2,OVL-C4503,c03,72,"[24, 35, 67, 141, 148, 160, 167, 181, 188, 190, 207, 229, 241, 267, 274, 280, 281, 288, 301, 353, 360, 373, 387, 391, 397, 414, 421, 424, 431, 445, 451, 469, 478, 484, 486, 493, 497, 512, 526, 530, 547, 552, 561, 585, 610, 614, 629, 630, 631, 656, 658, 671, 685, 750, 751, 773, 795, 817, 846, 851, 865, 891, 902, 905, 920, 954, 957, 963, 975, 978, 988, 995]"
overlap,45,days_464.12_484.75,40099765,41881976,3,OVL-C4504,c07,60,"[16, 55, 61, 71, 122, 127, 129, 147, 149, 150, 157, 169, 171, 189, 223, 225, 237, 248, 255, 273, 277, 285, 324, 336, 347, 355, 372, 377, 404, 410, 457, 459, 471, 517, 522, 546, 550, 577, 590, 595, 660, 681, 686, 706, 708, 711, 715, 716, 718, 748, 777, 866, 904, 916, 926, 931, 933, 934, 951, 972]"
overlap,45,days_464.12_484.75,40099765,41881976,4,OVL-C4505,c05,58,"[8, 28, 32, 56, 68, 95, 143, 144, 170, 197, 226, 231, 245, 251, 264, 293, 311, 329, 338, 361, 364, 427, 433, 480, 482, 511, 523, 531, 540, 544, 580, 582, 624, 626, 641, 669, 697, 698, 736, 739, 764, 771, 791, 796, 798, 809, 819, 840, 849, 855, 863, 872, 873, 874, 925, 955, 987, 994]"
overlap,45,days_464.12_484.75,40099765,41881976,5,OVL-C4506,c09,46,"[30, 52, 77, 104, 109, 111, 133, 168, 182, 232, 250, 256, 257, 260, 266, 313, 356, 416, 425, 439, 472, 521, 545, 556, 557, 574, 575, 598, 602, 648, 672, 699, 721, 730, 743, 744, 765, 790, 868, 886, 908, 912, 946, 948, 949, 966]"
overlap,45,days_464.12_484.75,40099765,41881976,6,OVL-C4507,c11,40,"[0, 2, 6, 19, 78, 99, 119, 130, 178, 228, 249, 295, 314, 333, 339, 359, 409, 465, 470, 502, 519, 527, 538, 569, 599, 605, 693, 700, 705, 710, 749, 767, 768, 786, 789, 812, 862, 878, 929, 976]"
overlap,45,days_464.12_484.75,40099765,41881976,7,OVL-C4508,c06,39,"[5, 29, 93, 107, 118, 175, 192, 201, 208, 236, 275, 289, 327, 335, 365, 380, 381, 393, 440, 464, 468, 479, 491, 532, 537, 553, 643, 652, 664, 670, 688, 732, 737, 808, 810, 898, 899, 980, 985]"
overlap,45,days_464.12_484.75,40099765,41881976,8,OVL-C4509,c10,38,"[13, 14, 158, 173, 199, 270, 382, 396, 437, 506, 516, 541, 576, 611, 644, 650, 654, 657, 682, 702, 719, 738, 745, 761, 778, 783, 804, 828, 837, 850, 858, 881, 921, 924, 945, 979, 991, 1001]"
overlap,45,days_464.12_484.75,40099765,41881976,9,OVL-C4510,c08,36,"[3, 21, 45, 66, 74, 112, 126, 166, 240, 294, 332, 392, 435, 447, 466, 500, 507, 515, 539, 573, 586, 674, 677, 717, 759, 762, 782, 803, 814, 825, 867, 869, 885, 889, 974, 984]"
overlap,45,days_464.12_484.75,40099765,41881976,10,OVL-C4511,c02,35,"[4, 60, 82, 83, 135, 137, 155, 292, 300, 304, 306, 317, 326, 371, 374, 390, 400, 405, 441, 488, 533, 581, 587, 628, 659, 703, 725, 769, 774, 784, 870, 901, 937, 942, 947]"
overlap,45,days_464.12_484.75,40099765,41881976,11,OVL-C4512,c13,27,"[25, 41, 48, 73, 216, 318, 319, 321, 386, 458, 499, 503, 558, 565, 600, 618, 679, 683, 684, 704, 723, 758, 844, 918, 956, 1000, 1002]"
overlap,45,days_464.12_484.75,40099765,41881976,12,OVL-C4513,c12,25,"[17, 92, 136, 142, 200, 224, 302, 316, 344, 349, 351, 428, 543, 647, 806, 838, 857, 888, 892, 915, 917, 952, 953, 971, 990]"
overlap,45,days_464.12_484.75,40099765,41881976,13,OVL-C4514,c14,22,"[62, 113, 124, 163, 263, 369, 444, 485, 513, 518, 535, 542, 551, 646, 722, 740, 799, 800, 823, 854, 895, 913]"
overlap,45,days_464.12_484.75,40099765,41881976,14,OVL-C4515,dead-OVL-C4515,19,"[31, 91, 98, 117, 134, 165, 185, 268, 278, 291, 401, 415, 429, 454, 707, 713, 811, 833, 1003]"
overlap,45,days_464.12_484.75,40099765,41881976,15,OVL-C4516,dead-OVL-C4416,9,"[15, 284, 422, 563, 584, 613, 680, 731, 896]"
overlap,46,days_474.43_495.06,40990871,42773082,0,OVL-C4601,c01,79,"[22, 38, 42, 46, 50, 64, 70, 84, 88, 96, 102, 103, 106, 125, 132, 139, 153, 154, 164, 206, 247, 299, 308, 309, 310, 322, 323, 324, 337, 343, 346, 368, 376, 378, 388, 399, 402, 411, 418, 420, 460, 474, 477, 487, 489, 505, 509, 510, 514, 534, 559, 562, 588, 591, 601, 603, 622, 634, 638, 649, 663, 676, 735, 740, 780, 788, 822, 832, 853, 879, 906, 919, 939, 943, 950, 969, 977, 996, 1004]"
overlap,46,days_474.43_495.06,40990871,42773082,1,OVL-C4602,dead-OVL-C4602,73,"[8, 32, 39, 53, 65, 75, 91, 120, 143, 144, 148, 151, 159, 181, 186, 190, 193, 196, 197, 203, 205, 213, 220, 235, 239, 253, 273, 274, 283, 290, 340, 367, 445, 476, 483, 486, 544, 557, 566, 580, 609, 617, 627, 633, 640, 656, 660, 669, 678, 681, 687, 706, 739, 763, 772, 787, 791, 792, 807, 836, 852, 865, 875, 880, 890, 893, 920, 923, 927, 951, 962, 970, 997]"
overlap,46,days_474.43_495.06,40990871,42773082,2,OVL-C4603,c02,62,"[4, 26, 40, 60, 72, 82, 83, 86, 105, 135, 137, 152, 155, 161, 170, 187, 198, 254, 272, 292, 293, 300, 306, 326, 371, 374, 379, 390, 400, 405, 443, 450, 466, 488, 523, 533, 568, 570, 572, 581, 587, 626, 628, 659, 662, 695, 697, 703, 712, 742, 771, 774, 784, 802, 855, 863, 870, 900, 901, 942, 947, 965]"
overlap,46,days_474.43_495.06,40990871,42773082,3,OVL-C4604,c09,60,"[2, 30, 43, 52, 77, 90, 104, 109, 119, 133, 168, 182, 218, 232, 244, 250, 256, 257, 260, 266, 313, 356, 384, 416, 425, 439, 465, 472, 521, 545, 556, 574, 575, 598, 602, 625, 648, 651, 672, 689, 699, 700, 721, 730, 743, 744, 765, 768, 790, 812, 845, 868, 886, 889, 908, 912, 946, 948, 949, 966]"
overlap,46,days_474.43_495.06,40990871,42773082,4,OVL-C4605,c07,50,"[16, 61, 71, 76, 89, 101, 114, 127, 149, 169, 184, 189, 195, 225, 237, 243, 246, 365, 372, 377, 404, 407, 410, 423, 457, 479, 522, 595, 597, 621, 654, 708, 711, 716, 718, 724, 732, 754, 777, 779, 841, 843, 858, 861, 866, 883, 904, 907, 934, 991]"
overlap,46,days_474.43_495.06,40990871,42773082,5,OVL-C4606,c05,46,"[28, 56, 68, 95, 175, 231, 245, 251, 264, 269, 275, 311, 329, 338, 361, 364, 380, 427, 433, 440, 448, 480, 482, 531, 540, 582, 624, 641, 698, 736, 737, 764, 796, 809, 819, 830, 840, 849, 872, 873, 874, 910, 925, 955, 987, 994]"
overlap,46,days_474.43_495.06,40990871,42773082,6,OVL-C4607,c06,41,"[5, 7, 29, 98, 107, 117, 118, 134, 192, 201, 208, 236, 262, 268, 270, 278, 289, 320, 327, 335, 381, 393, 464, 468, 491, 532, 537, 553, 643, 652, 664, 670, 688, 707, 713, 808, 810, 898, 899, 980, 985]"
overlap,46,days_474.43_495.06,40990871,42773082,7,OVL-C4608,c12,40,"[17, 31, 67, 92, 122, 136, 142, 165, 185, 200, 223, 224, 302, 316, 344, 349, 351, 401, 415, 428, 429, 454, 511, 543, 647, 683, 806, 811, 833, 838, 857, 888, 915, 917, 952, 953, 963, 971, 990, 1003]"
overlap,46,days_474.43_495.06,40990871,42773082,8,OVL-C4609,c08,40,"[45, 66, 74, 111, 112, 126, 166, 214, 240, 267, 294, 332, 334, 392, 435, 447, 478, 490, 500, 507, 515, 517, 573, 586, 674, 696, 751, 759, 762, 776, 782, 803, 814, 825, 869, 885, 940, 974, 983, 984]"
overlap,46,days_474.43_495.06,40990871,42773082,9,OVL-C4610,c11,35,"[0, 6, 19, 78, 99, 130, 178, 228, 249, 295, 314, 333, 339, 359, 409, 432, 442, 470, 502, 519, 527, 538, 569, 599, 605, 693, 705, 710, 767, 786, 789, 862, 878, 929, 976]"
overlap,46,days_474.43_495.06,40990871,42773082,10,OVL-C4611,c10,34,"[10, 13, 14, 173, 199, 226, 382, 437, 506, 516, 541, 576, 611, 644, 650, 657, 682, 702, 719, 738, 745, 761, 778, 783, 804, 828, 837, 850, 881, 921, 924, 945, 979, 1001]"
overlap,46,days_474.43_495.06,40990871,42773082,11,OVL-C4612,c03,34,"[21, 24, 160, 248, 280, 281, 288, 353, 360, 373, 391, 397, 414, 484, 493, 497, 526, 530, 561, 610, 629, 630, 631, 658, 671, 685, 750, 773, 846, 891, 902, 905, 975, 995]"
overlap,46,days_474.43_495.06,40990871,42773082,12,OVL-C4613,dead-OVL-C4613,32,"[58, 138, 150, 158, 191, 229, 233, 312, 383, 471, 528, 589, 607, 612, 637, 668, 692, 720, 746, 749, 752, 769, 775, 813, 816, 834, 835, 867, 887, 909, 922, 935]"
overlap,46,days_474.43_495.06,40990871,42773082,13,OVL-C4614,dead-OVL-C4614,25,"[3, 35, 141, 167, 188, 207, 241, 301, 387, 421, 424, 451, 469, 512, 547, 552, 585, 614, 795, 817, 851, 954, 957, 978, 988]"
overlap,46,days_474.43_495.06,40990871,42773082,14,OVL-C4615,c13,25,"[25, 41, 48, 73, 216, 318, 319, 321, 362, 386, 458, 499, 503, 558, 565, 618, 679, 684, 704, 723, 758, 844, 918, 956, 1000]"
overlap,46,days_474.43_495.06,40990871,42773082,15,OVL-C4616,c14,22,"[62, 113, 124, 163, 263, 369, 444, 485, 513, 518, 535, 542, 551, 646, 722, 799, 800, 823, 854, 895, 913, 936]"
overlap,46,days_474.43_495.06,40990871,42773082,16,OVL-C4617,dead-OVL-C4617,22,"[129, 147, 157, 171, 255, 277, 285, 336, 347, 355, 546, 550, 577, 590, 686, 715, 748, 896, 926, 931, 933, 972]"
overlap,46,days_474.43_495.06,40990871,42773082,17,OVL-C4618,dead-OVL-C4416,8,"[15, 284, 422, 563, 584, 613, 680, 731]"
overlap,46,days_474.43_495.06,40990871,42773082,18,OVL-C4619,dead-OVL-C4619,3,"[180, 727, 958]"
overlap,46,days_474.43_495.06,40990871,42773082,19,OVL-C4620,dead-OVL-C4620,3,"[304, 317, 441]"
overlap,47,days_484.75_505.37,41881976,43664188,0,OVL-C4701,c01,128,"[22, 38, 39, 42, 46, 50, 53, 64, 65, 69, 70, 75, 84, 88, 91, 96, 102, 103, 106, 120, 125, 132, 139, 150, 151, 154, 159, 161, 164, 191, 193, 196, 197, 203, 205, 206, 214, 220, 235, 242, 247, 253, 283, 290, 292, 299, 309, 310, 322, 323, 324, 326, 334, 337, 340, 343, 346, 367, 376, 378, 388, 399, 402, 420, 460, 471, 474, 476, 477, 483, 487, 489, 505, 509, 510, 514, 534, 557, 559, 562, 566, 591, 607, 609, 617, 622, 626, 633, 634, 638, 640, 649, 663, 676, 687, 701, 728, 740, 752, 763, 768, 772, 776, 780, 787, 788, 816, 822, 832, 836, 852, 853, 865, 875, 879, 890, 893, 906, 923, 927, 939, 940, 943, 950, 962, 970, 983, 997]"
overlap,47,days_484.75_505.37,41881976,43664188,1,OVL-C4702,c07,69,"[7, 16, 19, 32, 55, 61, 71, 76, 89, 101, 114, 127, 149, 153, 169, 184, 189, 195, 223, 225, 243, 246, 281, 315, 365, 372, 377, 393, 404, 407, 410, 411, 418, 423, 491, 497, 522, 593, 595, 621, 654, 708, 711, 716, 718, 724, 732, 754, 777, 779, 781, 786, 791, 841, 843, 858, 861, 866, 883, 896, 904, 905, 907, 934, 969, 977, 991, 996, 1004]"
overlap,47,days_484.75_505.37,41881976,43664188,2,OVL-C4703,c02,60,"[4, 26, 40, 60, 72, 82, 83, 86, 105, 135, 137, 152, 155, 170, 187, 198, 254, 272, 293, 300, 304, 306, 317, 371, 374, 379, 390, 400, 405, 441, 443, 450, 466, 488, 568, 572, 581, 585, 587, 628, 659, 662, 695, 697, 703, 712, 742, 784, 802, 855, 863, 870, 900, 901, 925, 937, 942, 947, 965, 981]"
overlap,47,days_484.75_505.37,41881976,43664188,3,OVL-C4704,c09,58,"[2, 30, 43, 52, 57, 77, 90, 104, 109, 119, 133, 168, 218, 232, 250, 256, 257, 260, 266, 313, 356, 384, 416, 425, 439, 465, 472, 521, 523, 545, 556, 575, 598, 602, 648, 665, 689, 699, 700, 721, 730, 743, 744, 765, 790, 812, 845, 868, 886, 889, 908, 912, 944, 946, 948, 949, 966, 1002]"
overlap,47,days_484.75_505.37,41881976,43664188,4,OVL-C4705,c06,56,"[5, 29, 31, 67, 93, 98, 107, 117, 118, 134, 165, 185, 192, 201, 208, 226, 236, 262, 268, 270, 278, 289, 291, 320, 335, 344, 381, 401, 415, 429, 440, 454, 464, 468, 537, 553, 639, 643, 652, 664, 670, 683, 688, 707, 713, 808, 810, 811, 833, 880, 898, 899, 963, 980, 985, 1003]"
overlap,47,days_484.75_505.37,41881976,43664188,5,OVL-C4706,c05,48,"[28, 56, 68, 95, 175, 231, 245, 251, 264, 269, 275, 311, 329, 338, 361, 364, 427, 432, 433, 448, 479, 480, 482, 531, 540, 582, 606, 624, 641, 698, 736, 737, 764, 789, 796, 798, 809, 819, 830, 840, 849, 872, 873, 874, 910, 955, 987, 994]"
overlap,47,days_484.75_505.37,41881976,43664188,6,OVL-C4707,c03,47,"[21, 24, 148, 160, 181, 190, 248, 274, 280, 288, 327, 353, 360, 373, 391, 394, 397, 414, 445, 484, 486, 493, 507, 526, 530, 546, 550, 561, 563, 571, 610, 629, 630, 631, 656, 658, 671, 685, 750, 773, 775, 846, 891, 902, 920, 975, 995]"
overlap,47,days_484.75_505.37,41881976,43664188,7,OVL-C4708,c10,35,"[10, 11, 13, 14, 131, 173, 199, 437, 506, 516, 532, 541, 576, 597, 611, 644, 650, 657, 682, 702, 719, 738, 745, 761, 783, 804, 828, 837, 850, 881, 921, 924, 945, 979, 1001]"
overlap,47,days_484.75_505.37,41881976,43664188,8,OVL-C4709,dead-OVL-C4617,32,"[8, 129, 143, 144, 147, 157, 171, 213, 230, 239, 273, 285, 336, 347, 355, 544, 577, 580, 590, 660, 669, 686, 706, 715, 739, 741, 748, 807, 926, 933, 951, 972]"
overlap,47,days_484.75_505.37,41881976,43664188,9,OVL-C4710,c08,31,"[45, 66, 74, 111, 112, 126, 166, 267, 294, 332, 392, 435, 447, 478, 490, 500, 517, 573, 586, 674, 696, 751, 759, 762, 782, 803, 814, 869, 885, 974, 984]"
overlap,47,days_484.75_505.37,41881976,43664188,10,OVL-C4711,c11,30,"[0, 6, 78, 99, 130, 178, 228, 249, 295, 314, 333, 339, 409, 442, 470, 502, 519, 527, 538, 569, 599, 605, 693, 705, 710, 767, 862, 878, 929, 976]"
overlap,47,days_484.75_505.37,41881976,43664188,11,OVL-C4712,c13,27,"[25, 41, 48, 73, 216, 318, 319, 321, 386, 458, 481, 499, 503, 558, 565, 601, 618, 679, 684, 704, 723, 758, 844, 918, 919, 956, 1000]"
overlap,47,days_484.75_505.37,41881976,43664188,12,OVL-C4713,dead-OVL-C4614,26,"[3, 35, 141, 167, 188, 207, 241, 301, 387, 421, 424, 451, 469, 512, 547, 552, 570, 614, 667, 795, 817, 851, 954, 957, 978, 988]"
overlap,47,days_484.75_505.37,41881976,43664188,13,OVL-C4714,dead-OVL-C4613,26,"[58, 138, 229, 233, 277, 362, 383, 528, 589, 612, 637, 668, 692, 720, 746, 749, 769, 771, 813, 834, 835, 887, 909, 922, 931, 935]"
overlap,47,days_484.75_505.37,41881976,43664188,14,OVL-C4715,c12,25,"[17, 92, 122, 136, 142, 200, 224, 302, 316, 341, 349, 351, 428, 511, 543, 647, 806, 838, 857, 888, 915, 952, 953, 971, 990]"
overlap,47,days_484.75_505.37,41881976,43664188,15,OVL-C4716,c14,20,"[62, 113, 163, 369, 444, 485, 513, 518, 535, 542, 551, 646, 722, 799, 800, 823, 854, 895, 913, 936]"
overlap,47,days_484.75_505.37,41881976,43664188,16,OVL-C4717,dead-OVL-C4416,7,"[15, 284, 422, 584, 613, 680, 731]"
overlap,47,days_484.75_505.37,41881976,43664188,17,OVL-C4718,dead-OVL-C4619,4,"[180, 727, 897, 958]"
overlap,48,days_495.06_515.69,42773082,44555294,0,OVL-C4801,c01,105,"[21, 39, 53, 65, 70, 72, 75, 76, 84, 90, 91, 120, 129, 147, 148, 150, 151, 159, 171, 181, 190, 191, 193, 196, 214, 220, 225, 230, 235, 239, 242, 247, 248, 253, 273, 274, 283, 285, 290, 299, 322, 324, 334, 336, 347, 355, 367, 388, 403, 451, 460, 471, 474, 476, 486, 515, 534, 546, 550, 554, 557, 566, 577, 590, 591, 600, 609, 613, 633, 640, 649, 656, 660, 675, 686, 687, 703, 706, 715, 748, 752, 768, 772, 841, 852, 853, 865, 875, 880, 890, 920, 923, 926, 927, 933, 939, 940, 941, 943, 944, 951, 962, 972, 983, 1002]"
overlap,48,days_495.06_515.69,42773082,44555294,1,OVL-C4802,c02,74,"[40, 60, 83, 86, 105, 137, 152, 155, 161, 187, 198, 203, 213, 229, 233, 254, 272, 277, 300, 306, 307, 318, 374, 379, 390, 394, 398, 400, 443, 450, 466, 488, 523, 527, 568, 571, 572, 606, 617, 626, 637, 659, 661, 662, 665, 668, 673, 684, 692, 695, 712, 720, 742, 746, 749, 769, 774, 775, 776, 784, 802, 813, 834, 835, 863, 900, 901, 914, 931, 935, 947, 965, 981, 993]"
overlap,48,days_495.06_515.69,42773082,44555294,2,OVL-C4803,c04,70,"[7, 22, 38, 42, 46, 50, 64, 69, 88, 96, 103, 106, 125, 132, 139, 153, 154, 164, 206, 292, 308, 309, 310, 323, 337, 343, 346, 378, 399, 402, 411, 418, 420, 438, 477, 478, 487, 497, 505, 509, 510, 514, 528, 559, 588, 603, 622, 634, 638, 663, 676, 701, 728, 735, 740, 773, 780, 788, 807, 818, 822, 832, 879, 893, 906, 950, 969, 977, 996, 997]"
overlap,48,days_495.06_515.69,42773082,44555294,3,OVL-C4804,c05,64,"[5, 28, 33, 56, 68, 82, 95, 135, 170, 175, 231, 245, 251, 264, 269, 275, 293, 311, 329, 338, 361, 364, 405, 427, 433, 462, 480, 482, 491, 531, 540, 581, 582, 587, 624, 628, 632, 641, 697, 698, 736, 737, 764, 789, 792, 796, 798, 809, 819, 830, 840, 849, 855, 870, 872, 873, 874, 910, 925, 937, 942, 955, 987, 994]"
overlap,48,days_495.06_515.69,42773082,44555294,4,OVL-C4805,c03,62,"[3, 24, 35, 141, 158, 160, 167, 188, 207, 241, 280, 288, 301, 326, 353, 360, 373, 387, 391, 397, 414, 421, 424, 431, 445, 469, 483, 484, 493, 507, 512, 526, 530, 547, 552, 561, 563, 570, 607, 610, 614, 629, 630, 631, 658, 667, 671, 696, 750, 795, 817, 846, 851, 858, 891, 902, 954, 957, 975, 978, 988, 995]"
overlap,48,days_495.06_515.69,42773082,44555294,5,OVL-C4806,c06,54,"[29, 93, 98, 107, 117, 118, 122, 134, 185, 192, 201, 208, 226, 236, 257, 262, 268, 278, 289, 291, 320, 327, 335, 381, 401, 415, 429, 440, 454, 464, 468, 479, 537, 553, 639, 643, 652, 664, 670, 685, 688, 690, 707, 713, 808, 810, 811, 833, 867, 898, 899, 980, 985, 1003]"
overlap,48,days_495.06_515.69,42773082,44555294,6,OVL-C4807,c07,53,"[16, 19, 55, 61, 71, 89, 101, 114, 127, 149, 169, 184, 189, 223, 243, 246, 281, 315, 340, 365, 372, 377, 393, 404, 407, 410, 423, 432, 522, 593, 595, 654, 708, 711, 716, 718, 724, 732, 754, 777, 779, 781, 786, 815, 843, 861, 866, 883, 905, 907, 934, 991, 1004]"
overlap,48,days_495.06_515.69,42773082,44555294,7,OVL-C4808,c09,48,"[2, 30, 43, 52, 57, 77, 104, 119, 133, 168, 177, 182, 232, 256, 260, 266, 313, 356, 416, 425, 439, 447, 465, 472, 521, 545, 556, 575, 602, 648, 699, 700, 721, 730, 743, 744, 765, 790, 803, 812, 868, 876, 908, 912, 946, 948, 949, 966]"
overlap,48,days_495.06_515.69,42773082,44555294,8,OVL-C4809,c10,38,"[11, 13, 14, 131, 173, 199, 270, 437, 448, 461, 506, 516, 532, 541, 576, 597, 611, 619, 644, 650, 657, 682, 702, 719, 738, 745, 761, 783, 804, 828, 837, 850, 881, 921, 924, 945, 979, 1001]"
overlap,48,days_495.06_515.69,42773082,44555294,9,OVL-C4810,c08,36,"[45, 58, 66, 74, 111, 112, 126, 157, 166, 267, 294, 332, 362, 383, 392, 435, 500, 517, 539, 573, 586, 589, 674, 751, 759, 762, 771, 782, 814, 825, 885, 887, 909, 922, 974, 984]"
overlap,48,days_495.06_515.69,42773082,44555294,10,OVL-C4811,c12,30,"[17, 31, 67, 92, 136, 142, 165, 200, 224, 302, 316, 341, 344, 349, 351, 408, 428, 543, 647, 806, 838, 857, 888, 915, 917, 952, 953, 963, 971, 990]"
overlap,48,days_495.06_515.69,42773082,44555294,11,OVL-C4812,c13,28,"[25, 41, 48, 73, 216, 319, 321, 376, 434, 458, 481, 499, 503, 558, 565, 601, 618, 672, 679, 704, 723, 758, 763, 844, 918, 919, 956, 1000]"
overlap,48,days_495.06_515.69,42773082,44555294,12,OVL-C4813,c11,27,"[0, 6, 78, 99, 130, 178, 228, 249, 295, 314, 333, 339, 409, 470, 502, 538, 569, 599, 605, 693, 705, 710, 767, 862, 878, 929, 976]"
overlap,48,days_495.06_515.69,42773082,44555294,13,OVL-C4814,c14,22,"[62, 109, 113, 163, 250, 369, 444, 485, 513, 518, 535, 542, 551, 646, 722, 799, 800, 823, 854, 886, 895, 913]"
overlap,48,days_495.06_515.69,42773082,44555294,14,OVL-C4815,c15,19,"[8, 15, 32, 143, 144, 197, 284, 422, 520, 544, 580, 584, 669, 680, 731, 739, 741, 791, 797]"
overlap,48,days_495.06_515.69,42773082,44555294,15,OVL-C4816,dead-OVL-C4816,9,"[4, 304, 317, 371, 441, 456, 585, 848, 860]"
overlap,48,days_495.06_515.69,42773082,44555294,16,OVL-C4817,dead-OVL-C4619,3,"[180, 897, 958]"
overlap,49,days_505.37_526.00,43664188,45446400,0,OVL-C4901,c01,96,"[22, 39, 53, 58, 65, 70, 72, 75, 76, 84, 89, 90, 91, 120, 151, 159, 191, 193, 196, 205, 214, 220, 230, 235, 239, 253, 257, 273, 283, 290, 292, 299, 322, 334, 343, 367, 388, 397, 438, 476, 478, 515, 528, 546, 550, 554, 557, 566, 589, 607, 609, 613, 626, 633, 640, 660, 663, 671, 675, 678, 687, 696, 701, 703, 752, 763, 768, 772, 775, 798, 807, 818, 830, 835, 841, 852, 853, 858, 865, 875, 880, 890, 909, 922, 923, 927, 931, 940, 941, 944, 951, 962, 975, 983, 995, 997]"
overlap,49,days_505.37_526.00,43664188,45446400,1,OVL-C4902,c02,86,"[4, 11, 40, 54, 60, 82, 86, 105, 137, 148, 152, 155, 161, 187, 198, 203, 213, 223, 229, 233, 254, 272, 277, 300, 304, 306, 307, 317, 371, 374, 379, 390, 394, 398, 400, 441, 443, 450, 456, 466, 488, 523, 527, 568, 571, 572, 591, 606, 617, 619, 628, 659, 661, 662, 665, 668, 673, 692, 695, 712, 720, 742, 746, 749, 769, 774, 776, 784, 802, 813, 827, 834, 848, 860, 863, 864, 870, 900, 901, 910, 914, 935, 937, 947, 965, 993]"
overlap,49,days_505.37_526.00,43664188,45446400,2,OVL-C4903,c03,66,"[21, 24, 31, 35, 67, 141, 158, 160, 165, 167, 181, 188, 190, 207, 241, 248, 274, 280, 288, 301, 326, 344, 353, 360, 373, 391, 414, 421, 424, 431, 445, 451, 469, 484, 486, 493, 507, 512, 526, 530, 547, 552, 561, 585, 610, 614, 629, 630, 631, 645, 656, 658, 750, 795, 817, 846, 851, 891, 902, 920, 954, 957, 963, 978, 988, 990]"
overlap,49,days_505.37_526.00,43664188,45446400,3,OVL-C4904,c04,65,"[38, 46, 50, 64, 69, 88, 96, 106, 125, 132, 135, 139, 153, 154, 164, 206, 247, 308, 309, 323, 324, 337, 346, 376, 378, 395, 399, 402, 418, 420, 460, 474, 477, 487, 505, 509, 510, 514, 534, 538, 559, 588, 601, 603, 622, 634, 638, 649, 676, 705, 706, 735, 780, 788, 822, 832, 879, 906, 919, 939, 943, 950, 977, 996, 1001]"
overlap,49,days_505.37_526.00,43664188,45446400,4,OVL-C4905,c05,58,"[28, 33, 56, 68, 83, 95, 131, 170, 175, 231, 242, 245, 251, 264, 269, 275, 293, 311, 329, 338, 361, 364, 427, 433, 462, 480, 482, 531, 540, 581, 582, 587, 624, 632, 641, 681, 686, 697, 698, 736, 737, 764, 771, 792, 796, 809, 819, 840, 849, 855, 872, 873, 874, 925, 942, 955, 987, 994]"
overlap,49,days_505.37_526.00,43664188,45446400,5,OVL-C4906,c06,56,"[29, 98, 107, 117, 118, 122, 134, 150, 185, 192, 201, 208, 226, 236, 268, 278, 289, 320, 327, 335, 380, 381, 401, 415, 429, 440, 454, 464, 468, 471, 479, 537, 553, 570, 592, 600, 643, 652, 664, 670, 685, 688, 690, 707, 713, 808, 810, 811, 833, 836, 867, 898, 899, 980, 985, 1003]"
overlap,49,days_505.37_526.00,43664188,45446400,6,OVL-C4907,c07,53,"[16, 19, 55, 61, 71, 101, 114, 127, 149, 169, 184, 189, 225, 243, 246, 281, 315, 365, 372, 377, 387, 393, 404, 410, 423, 432, 490, 522, 593, 595, 654, 667, 708, 711, 716, 718, 724, 732, 754, 777, 779, 781, 815, 843, 861, 866, 883, 905, 907, 934, 969, 991, 1004]"
overlap,49,days_505.37_526.00,43664188,45446400,7,OVL-C4908,c08,51,"[20, 42, 45, 66, 74, 103, 111, 112, 126, 147, 157, 166, 171, 267, 285, 294, 310, 332, 336, 347, 355, 362, 383, 392, 435, 459, 483, 500, 517, 539, 573, 577, 586, 590, 674, 715, 740, 748, 751, 759, 762, 782, 814, 825, 885, 887, 926, 933, 972, 974, 984]"
overlap,49,days_505.37_526.00,43664188,45446400,8,OVL-C4909,c09,49,"[2, 30, 43, 52, 77, 104, 109, 119, 133, 168, 177, 182, 232, 256, 260, 266, 305, 313, 356, 416, 425, 439, 465, 472, 521, 556, 575, 598, 602, 648, 699, 700, 721, 730, 743, 744, 765, 790, 803, 812, 868, 876, 908, 912, 936, 946, 948, 949, 966]"
overlap,49,days_505.37_526.00,43664188,45446400,9,OVL-C4910,c10,35,"[13, 14, 173, 199, 270, 396, 437, 448, 461, 506, 516, 532, 541, 576, 597, 611, 644, 650, 657, 682, 702, 719, 738, 745, 761, 783, 804, 828, 837, 850, 881, 921, 924, 945, 979]"
overlap,49,days_505.37_526.00,43664188,45446400,10,OVL-C4911,c11,29,"[0, 5, 6, 78, 99, 130, 178, 228, 249, 295, 314, 333, 339, 403, 409, 470, 491, 502, 569, 599, 605, 693, 710, 767, 789, 862, 878, 929, 976]"
overlap,49,days_505.37_526.00,43664188,45446400,11,OVL-C4912,c12,27,"[17, 92, 136, 142, 200, 224, 302, 316, 341, 349, 351, 408, 428, 497, 511, 543, 647, 773, 806, 838, 857, 888, 915, 917, 952, 953, 971]"
overlap,49,days_505.37_526.00,43664188,45446400,12,OVL-C4913,c13,26,"[25, 41, 48, 73, 216, 318, 319, 321, 434, 458, 499, 503, 558, 565, 618, 672, 679, 684, 704, 723, 758, 844, 918, 956, 1000, 1002]"
overlap,49,days_505.37_526.00,43664188,45446400,13,OVL-C4914,c14,22,"[62, 113, 163, 250, 369, 407, 444, 485, 513, 518, 535, 542, 551, 646, 722, 799, 800, 823, 854, 886, 895, 913]"
overlap,49,days_505.37_526.00,43664188,45446400,14,OVL-C4915,c15,19,"[8, 15, 32, 143, 144, 197, 284, 422, 520, 544, 563, 580, 584, 669, 680, 731, 739, 791, 797]"
