approach,user_id,identity_group,snapshot_index,snapshot_label,observation_id
overlap,23,c05,0,days_0_50,OVL-C0006
overlap,30,c05,0,days_0_50,OVL-C0006
overlap,52,c05,0,days_0_50,OVL-C0006
overlap,77,c05,0,days_0_50,OVL-C0006
overlap,104,c05,0,days_0_50,OVL-C0006
overlap,111,c05,0,days_0_50,OVL-C0006
overlap,112,c05,0,days_0_50,OVL-C0006
overlap,126,c05,0,days_0_50,OVL-C0006
overlap,133,c05,0,days_0_50,OVL-C0006
overlap,166,c05,0,days_0_50,OVL-C0006
overlap,168,c05,0,days_0_50,OVL-C0006
overlap,186,c05,0,days_0_50,OVL-C0006
overlap,209,c05,0,days_0_50,OVL-C0006
overlap,232,c05,0,days_0_50,OVL-C0006
overlap,240,c05,0,days_0_50,OVL-C0006
overlap,256,c05,0,days_0_50,OVL-C0006
overlap,260,c05,0,days_0_50,OVL-C0006
overlap,267,c05,0,days_0_50,OVL-C0006
overlap,276,c05,0,days_0_50,OVL-C0006
overlap,294,c05,0,days_0_50,OVL-C0006
overlap,305,c05,0,days_0_50,OVL-C0006
overlap,313,c05,0,days_0_50,OVL-C0006
overlap,356,c05,0,days_0_50,OVL-C0006
overlap,392,c05,0,days_0_50,OVL-C0006
overlap,416,c05,0,days_0_50,OVL-C0006
overlap,439,c05,0,days_0_50,OVL-C0006
overlap,447,c05,0,days_0_50,OVL-C0006
overlap,459,c05,0,days_0_50,OVL-C0006
overlap,472,c05,0,days_0_50,OVL-C0006
overlap,478,c05,0,days_0_50,OVL-C0006
overlap,479,c05,0,days_0_50,OVL-C0006
overlap,517,c05,0,days_0_50,OVL-C0006
overlap,556,c05,0,days_0_50,OVL-C0006
overlap,557,c05,0,days_0_50,OVL-C0006
overlap,564,c05,0,days_0_50,OVL-C0006
overlap,573,c05,0,days_0_50,OVL-C0006
overlap,574,c05,0,days_0_50,OVL-C0006
overlap,575,c05,0,days_0_50,OVL-C0006
overlap,586,c05,0,days_0_50,OVL-C0006
overlap,602,c05,0,days_0_50,OVL-C0006
overlap,648,c05,0,days_0_50,OVL-C0006
overlap,674,c05,0,days_0_50,OVL-C0006
overlap,694,c05,0,days_0_50,OVL-C0006
overlap,743,c05,0,days_0_50,OVL-C0006
overlap,759,c05,0,days_0_50,OVL-C0006
overlap,762,c05,0,days_0_50,OVL-C0006
overlap,765,c05,0,days_0_50,OVL-C0006
overlap,803,c05,0,days_0_50,OVL-C0006
overlap,845,c05,0,days_0_50,OVL-C0006
overlap,859,c05,0,days_0_50,OVL-C0006
overlap,868,c05,0,days_0_50,OVL-C0006
overlap,869,c05,0,days_0_50,OVL-C0006
overlap,885,c05,0,days_0_50,OVL-C0006
overlap,889,c05,0,days_0_50,OVL-C0006
overlap,912,c05,0,days_0_50,OVL-C0006
overlap,944,c05,0,days_0_50,OVL-C0006
overlap,984,c05,0,days_0_50,OVL-C0006
overlap,28,c08,0,days_0_50,OVL-C0009
overlap,34,c08,0,days_0_50,OVL-C0009
overlap,56,c08,0,days_0_50,OVL-C0009
overlap,68,c08,0,days_0_50,OVL-C0009
overlap,95,c08,0,days_0_50,OVL-C0009
overlap,176,c08,0,days_0_50,OVL-C0009
overlap,205,c08,0,days_0_50,OVL-C0009
overlap,231,c08,0,days_0_50,OVL-C0009
overlap,245,c08,0,days_0_50,OVL-C0009
overlap,251,c08,0,days_0_50,OVL-C0009
overlap,264,c08,0,days_0_50,OVL-C0009
overlap,269,c08,0,days_0_50,OVL-C0009
overlap,311,c08,0,days_0_50,OVL-C0009
overlap,329,c08,0,days_0_50,OVL-C0009
overlap,338,c08,0,days_0_50,OVL-C0009
overlap,350,c08,0,days_0_50,OVL-C0009
overlap,361,c08,0,days_0_50,OVL-C0009
overlap,364,c08,0,days_0_50,OVL-C0009
overlap,427,c08,0,days_0_50,OVL-C0009
overlap,432,c08,0,days_0_50,OVL-C0009
overlap,433,c08,0,days_0_50,OVL-C0009
overlap,511,c08,0,days_0_50,OVL-C0009
overlap,531,c08,0,days_0_50,OVL-C0009
overlap,540,c08,0,days_0_50,OVL-C0009
overlap,582,c08,0,days_0_50,OVL-C0009
overlap,588,c08,0,days_0_50,OVL-C0009
overlap,624,c08,0,days_0_50,OVL-C0009
overlap,641,c08,0,days_0_50,OVL-C0009
overlap,690,c08,0,days_0_50,OVL-C0009
overlap,697,c08,0,days_0_50,OVL-C0009
overlap,698,c08,0,days_0_50,OVL-C0009
overlap,734,c08,0,days_0_50,OVL-C0009
overlap,764,c08,0,days_0_50,OVL-C0009
overlap,773,c08,0,days_0_50,OVL-C0009
overlap,809,c08,0,days_0_50,OVL-C0009
overlap,819,c08,0,days_0_50,OVL-C0009
overlap,836,c08,0,days_0_50,OVL-C0009
overlap,840,c08,0,days_0_50,OVL-C0009
overlap,855,c08,0,days_0_50,OVL-C0009
overlap,872,c08,0,days_0_50,OVL-C0009
overlap,873,c08,0,days_0_50,OVL-C0009
overlap,925,c08,0,days_0_50,OVL-C0009
overlap,955,c08,0,days_0_50,OVL-C0009
overlap,960,c08,0,days_0_50,OVL-C0009
overlap,987,c08,0,days_0_50,OVL-C0009
overlap,994,c08,0,days_0_50,OVL-C0009
overlap,997,c08,0,days_0_50,OVL-C0009
overlap,25,c12,0,days_0_50,OVL-C0012
overlap,41,c12,0,days_0_50,OVL-C0012
overlap,44,c12,0,days_0_50,OVL-C0012
overlap,48,c12,0,days_0_50,OVL-C0012
overlap,73,c12,0,days_0_50,OVL-C0012
overlap,216,c12,0,days_0_50,OVL-C0012
overlap,318,c12,0,days_0_50,OVL-C0012
overlap,319,c12,0,days_0_50,OVL-C0012
overlap,321,c12,0,days_0_50,OVL-C0012
overlap,366,c12,0,days_0_50,OVL-C0012
overlap,386,c12,0,days_0_50,OVL-C0012
overlap,434,c12,0,days_0_50,OVL-C0012
overlap,458,c12,0,days_0_50,OVL-C0012
overlap,481,c12,0,days_0_50,OVL-C0012
overlap,499,c12,0,days_0_50,OVL-C0012
overlap,558,c12,0,days_0_50,OVL-C0012
overlap,565,c12,0,days_0_50,OVL-C0012
overlap,618,c12,0,days_0_50,OVL-C0012
overlap,672,c12,0,days_0_50,OVL-C0012
overlap,679,c12,0,days_0_50,OVL-C0012
overlap,684,c12,0,days_0_50,OVL-C0012
overlap,704,c12,0,days_0_50,OVL-C0012
overlap,723,c12,0,days_0_50,OVL-C0012
overlap,758,c12,0,days_0_50,OVL-C0012
overlap,844,c12,0,days_0_50,OVL-C0012
overlap,918,c12,0,days_0_50,OVL-C0012
overlap,956,c12,0,days_0_50,OVL-C0012
overlap,9,c05,1,days_25_75,OVL-C0107
overlap,23,c05,1,days_25_75,OVL-C0107
overlap,30,c05,1,days_25_75,OVL-C0107
overlap,52,c05,1,days_25_75,OVL-C0107
overlap,77,c05,1,days_25_75,OVL-C0107
overlap,104,c05,1,days_25_75,OVL-C0107
overlap,111,c05,1,days_25_75,OVL-C0107
overlap,112,c05,1,days_25_75,OVL-C0107
overlap,126,c05,1,days_25_75,OVL-C0107
overlap,133,c05,1,days_25_75,OVL-C0107
overlap,166,c05,1,days_25_75,OVL-C0107
overlap,168,c05,1,days_25_75,OVL-C0107
overlap,209,c05,1,days_25_75,OVL-C0107
overlap,232,c05,1,days_25_75,OVL-C0107
overlap,240,c05,1,days_25_75,OVL-C0107
overlap,256,c05,1,days_25_75,OVL-C0107
overlap,260,c05,1,days_25_75,OVL-C0107
overlap,267,c05,1,days_25_75,OVL-C0107
overlap,276,c05,1,days_25_75,OVL-C0107
overlap,294,c05,1,days_25_75,OVL-C0107
overlap,305,c05,1,days_25_75,OVL-C0107
overlap,313,c05,1,days_25_75,OVL-C0107
overlap,356,c05,1,days_25_75,OVL-C0107
overlap,392,c05,1,days_25_75,OVL-C0107
overlap,416,c05,1,days_25_75,OVL-C0107
overlap,439,c05,1,days_25_75,OVL-C0107
overlap,447,c05,1,days_25_75,OVL-C0107
overlap,459,c05,1,days_25_75,OVL-C0107
overlap,472,c05,1,days_25_75,OVL-C0107
overlap,517,c05,1,days_25_75,OVL-C0107
overlap,556,c05,1,days_25_75,OVL-C0107
overlap,557,c05,1,days_25_75,OVL-C0107
overlap,564,c05,1,days_25_75,OVL-C0107
overlap,573,c05,1,days_25_75,OVL-C0107
overlap,575,c05,1,days_25_75,OVL-C0107
overlap,586,c05,1,days_25_75,OVL-C0107
overlap,602,c05,1,days_25_75,OVL-C0107
overlap,648,c05,1,days_25_75,OVL-C0107
overlap,674,c05,1,days_25_75,OVL-C0107
overlap,743,c05,1,days_25_75,OVL-C0107
overlap,759,c05,1,days_25_75,OVL-C0107
overlap,762,c05,1,days_25_75,OVL-C0107
overlap,765,c05,1,days_25_75,OVL-C0107
overlap,803,c05,1,days_25_75,OVL-C0107
overlap,859,c05,1,days_25_75,OVL-C0107
overlap,868,c05,1,days_25_75,OVL-C0107
overlap,885,c05,1,days_25_75,OVL-C0107
overlap,889,c05,1,days_25_75,OVL-C0107
overlap,912,c05,1,days_25_75,OVL-C0107
overlap,944,c05,1,days_25_75,OVL-C0107
overlap,984,c05,1,days_25_75,OVL-C0107
overlap,24,c07,1,days_25_75,OVL-C0112
overlap,87,c07,1,days_25_75,OVL-C0112
overlap,160,c07,1,days_25_75,OVL-C0112
overlap,190,c07,1,days_25_75,OVL-C0112
overlap,202,c07,1,days_25_75,OVL-C0112
overlap,274,c07,1,days_25_75,OVL-C0112
overlap,280,c07,1,days_25_75,OVL-C0112
overlap,353,c07,1,days_25_75,OVL-C0112
overlap,360,c07,1,days_25_75,OVL-C0112
overlap,391,c07,1,days_25_75,OVL-C0112
overlap,408,c07,1,days_25_75,OVL-C0112
overlap,414,c07,1,days_25_75,OVL-C0112
overlap,493,c07,1,days_25_75,OVL-C0112
overlap,526,c07,1,days_25_75,OVL-C0112
overlap,530,c07,1,days_25_75,OVL-C0112
overlap,561,c07,1,days_25_75,OVL-C0112
overlap,629,c07,1,days_25_75,OVL-C0112
overlap,630,c07,1,days_25_75,OVL-C0112
overlap,631,c07,1,days_25_75,OVL-C0112
overlap,643,c07,1,days_25_75,OVL-C0112
overlap,656,c07,1,days_25_75,OVL-C0112
overlap,658,c07,1,days_25_75,OVL-C0112
overlap,685,c07,1,days_25_75,OVL-C0112
overlap,739,c07,1,days_25_75,OVL-C0112
overlap,846,c07,1,days_25_75,OVL-C0112
overlap,891,c07,1,days_25_75,OVL-C0112
overlap,894,c07,1,days_25_75,OVL-C0112
overlap,28,c08,1,days_25_75,OVL-C0109
overlap,34,c08,1,days_25_75,OVL-C0109
overlap,56,c08,1,days_25_75,OVL-C0109
overlap,68,c08,1,days_25_75,OVL-C0109
overlap,95,c08,1,days_25_75,OVL-C0109
overlap,170,c08,1,days_25_75,OVL-C0109
overlap,231,c08,1,days_25_75,OVL-C0109
overlap,245,c08,1,days_25_75,OVL-C0109
overlap,251,c08,1,days_25_75,OVL-C0109
overlap,264,c08,1,days_25_75,OVL-C0109
overlap,269,c08,1,days_25_75,OVL-C0109
overlap,311,c08,1,days_25_75,OVL-C0109
overlap,329,c08,1,days_25_75,OVL-C0109
overlap,338,c08,1,days_25_75,OVL-C0109
overlap,361,c08,1,days_25_75,OVL-C0109
overlap,364,c08,1,days_25_75,OVL-C0109
overlap,375,c08,1,days_25_75,OVL-C0109
overlap,427,c08,1,days_25_75,OVL-C0109
overlap,432,c08,1,days_25_75,OVL-C0109
overlap,433,c08,1,days_25_75,OVL-C0109
overlap,511,c08,1,days_25_75,OVL-C0109
overlap,531,c08,1,days_25_75,OVL-C0109
overlap,540,c08,1,days_25_75,OVL-C0109
overlap,582,c08,1,days_25_75,OVL-C0109
overlap,588,c08,1,days_25_75,OVL-C0109
overlap,624,c08,1,days_25_75,OVL-C0109
overlap,641,c08,1,days_25_75,OVL-C0109
overlap,690,c08,1,days_25_75,OVL-C0109
overlap,697,c08,1,days_25_75,OVL-C0109
overlap,698,c08,1,days_25_75,OVL-C0109
overlap,734,c08,1,days_25_75,OVL-C0109
overlap,764,c08,1,days_25_75,OVL-C0109
overlap,773,c08,1,days_25_75,OVL-C0109
overlap,809,c08,1,days_25_75,OVL-C0109
overlap,819,c08,1,days_25_75,OVL-C0109
overlap,836,c08,1,days_25_75,OVL-C0109
overlap,840,c08,1,days_25_75,OVL-C0109
overlap,855,c08,1,days_25_75,OVL-C0109
overlap,872,c08,1,days_25_75,OVL-C0109
overlap,873,c08,1,days_25_75,OVL-C0109
overlap,925,c08,1,days_25_75,OVL-C0109
overlap,955,c08,1,days_25_75,OVL-C0109
overlap,987,c08,1,days_25_75,OVL-C0109
overlap,994,c08,1,days_25_75,OVL-C0109
overlap,997,c08,1,days_25_75,OVL-C0109
overlap,25,c12,1,days_25_75,OVL-C0111
overlap,41,c12,1,days_25_75,OVL-C0111
overlap,44,c12,1,days_25_75,OVL-C0111
overlap,48,c12,1,days_25_75,OVL-C0111
overlap,73,c12,1,days_25_75,OVL-C0111
overlap,176,c12,1,days_25_75,OVL-C0111
overlap,216,c12,1,days_25_75,OVL-C0111
overlap,318,c12,1,days_25_75,OVL-C0111
overlap,319,c12,1,days_25_75,OVL-C0111
overlap,321,c12,1,days_25_75,OVL-C0111
overlap,366,c12,1,days_25_75,OVL-C0111
overlap,434,c12,1,days_25_75,OVL-C0111
overlap,458,c12,1,days_25_75,OVL-C0111
overlap,481,c12,1,days_25_75,OVL-C0111
overlap,499,c12,1,days_25_75,OVL-C0111
overlap,558,c12,1,days_25_75,OVL-C0111
overlap,565,c12,1,days_25_75,OVL-C0111
overlap,618,c12,1,days_25_75,OVL-C0111
overlap,672,c12,1,days_25_75,OVL-C0111
overlap,679,c12,1,days_25_75,OVL-C0111
overlap,684,c12,1,days_25_75,OVL-C0111
overlap,704,c12,1,days_25_75,OVL-C0111
overlap,723,c12,1,days_25_75,OVL-C0111
overlap,753,c12,1,days_25_75,OVL-C0111
overlap,758,c12,1,days_25_75,OVL-C0111
overlap,844,c12,1,days_25_75,OVL-C0111
overlap,887,c12,1,days_25_75,OVL-C0111
overlap,918,c12,1,days_25_75,OVL-C0111
overlap,956,c12,1,days_25_75,OVL-C0111
overlap,9,c05,2,days_50_100,OVL-C0206
overlap,30,c05,2,days_50_100,OVL-C0206
overlap,45,c05,2,days_50_100,OVL-C0206
overlap,52,c05,2,days_50_100,OVL-C0206
overlap,66,c05,2,days_50_100,OVL-C0206
overlap,74,c05,2,days_50_100,OVL-C0206
overlap,77,c05,2,days_50_100,OVL-C0206
overlap,104,c05,2,days_50_100,OVL-C0206
overlap,110,c05,2,days_50_100,OVL-C0206
overlap,111,c05,2,days_50_100,OVL-C0206
overlap,112,c05,2,days_50_100,OVL-C0206
overlap,126,c05,2,days_50_100,OVL-C0206
overlap,133,c05,2,days_50_100,OVL-C0206
overlap,161,c05,2,days_50_100,OVL-C0206
overlap,166,c05,2,days_50_100,OVL-C0206
overlap,168,c05,2,days_50_100,OVL-C0206
overlap,185,c05,2,days_50_100,OVL-C0206
overlap,209,c05,2,days_50_100,OVL-C0206
overlap,227,c05,2,days_50_100,OVL-C0206
overlap,232,c05,2,days_50_100,OVL-C0206
overlap,256,c05,2,days_50_100,OVL-C0206
overlap,260,c05,2,days_50_100,OVL-C0206
overlap,264,c05,2,days_50_100,OVL-C0206
overlap,267,c05,2,days_50_100,OVL-C0206
overlap,294,c05,2,days_50_100,OVL-C0206
overlap,305,c05,2,days_50_100,OVL-C0206
overlap,313,c05,2,days_50_100,OVL-C0206
overlap,332,c05,2,days_50_100,OVL-C0206
overlap,356,c05,2,days_50_100,OVL-C0206
overlap,375,c05,2,days_50_100,OVL-C0206
overlap,392,c05,2,days_50_100,OVL-C0206
overlap,416,c05,2,days_50_100,OVL-C0206
overlap,435,c05,2,days_50_100,OVL-C0206
overlap,439,c05,2,days_50_100,OVL-C0206
overlap,447,c05,2,days_50_100,OVL-C0206
overlap,459,c05,2,days_50_100,OVL-C0206
overlap,472,c05,2,days_50_100,OVL-C0206
overlap,475,c05,2,days_50_100,OVL-C0206
overlap,479,c05,2,days_50_100,OVL-C0206
overlap,500,c05,2,days_50_100,OVL-C0206
overlap,556,c05,2,days_50_100,OVL-C0206
overlap,557,c05,2,days_50_100,OVL-C0206
overlap,573,c05,2,days_50_100,OVL-C0206
overlap,575,c05,2,days_50_100,OVL-C0206
overlap,586,c05,2,days_50_100,OVL-C0206
overlap,602,c05,2,days_50_100,OVL-C0206
overlap,648,c05,2,days_50_100,OVL-C0206
overlap,655,c05,2,days_50_100,OVL-C0206
overlap,674,c05,2,days_50_100,OVL-C0206
overlap,699,c05,2,days_50_100,OVL-C0206
overlap,743,c05,2,days_50_100,OVL-C0206
overlap,759,c05,2,days_50_100,OVL-C0206
overlap,762,c05,2,days_50_100,OVL-C0206
overlap,765,c05,2,days_50_100,OVL-C0206
overlap,782,c05,2,days_50_100,OVL-C0206
overlap,803,c05,2,days_50_100,OVL-C0206
overlap,859,c05,2,days_50_100,OVL-C0206
overlap,868,c05,2,days_50_100,OVL-C0206
overlap,885,c05,2,days_50_100,OVL-C0206
overlap,889,c05,2,days_50_100,OVL-C0206
overlap,912,c05,2,days_50_100,OVL-C0206
overlap,944,c05,2,days_50_100,OVL-C0206
overlap,984,c05,2,days_50_100,OVL-C0206
overlap,986,c05,2,days_50_100,OVL-C0206
overlap,24,c07,2,days_50_100,OVL-C0213
overlap,87,c07,2,days_50_100,OVL-C0213
overlap,160,c07,2,days_50_100,OVL-C0213
overlap,181,c07,2,days_50_100,OVL-C0213
overlap,190,c07,2,days_50_100,OVL-C0213
overlap,202,c07,2,days_50_100,OVL-C0213
overlap,274,c07,2,days_50_100,OVL-C0213
overlap,280,c07,2,days_50_100,OVL-C0213
overlap,353,c07,2,days_50_100,OVL-C0213
overlap,360,c07,2,days_50_100,OVL-C0213
overlap,373,c07,2,days_50_100,OVL-C0213
overlap,391,c07,2,days_50_100,OVL-C0213
overlap,408,c07,2,days_50_100,OVL-C0213
overlap,414,c07,2,days_50_100,OVL-C0213
overlap,473,c07,2,days_50_100,OVL-C0213
overlap,493,c07,2,days_50_100,OVL-C0213
overlap,526,c07,2,days_50_100,OVL-C0213
overlap,530,c07,2,days_50_100,OVL-C0213
overlap,561,c07,2,days_50_100,OVL-C0213
overlap,629,c07,2,days_50_100,OVL-C0213
overlap,630,c07,2,days_50_100,OVL-C0213
overlap,631,c07,2,days_50_100,OVL-C0213
overlap,643,c07,2,days_50_100,OVL-C0213
overlap,656,c07,2,days_50_100,OVL-C0213
overlap,658,c07,2,days_50_100,OVL-C0213
overlap,685,c07,2,days_50_100,OVL-C0213
overlap,846,c07,2,days_50_100,OVL-C0213
overlap,891,c07,2,days_50_100,OVL-C0213
overlap,894,c07,2,days_50_100,OVL-C0213
overlap,920,c07,2,days_50_100,OVL-C0213
overlap,28,c08,2,days_50_100,OVL-C0209
overlap,56,c08,2,days_50_100,OVL-C0209
overlap,68,c08,2,days_50_100,OVL-C0209
overlap,95,c08,2,days_50_100,OVL-C0209
overlap,170,c08,2,days_50_100,OVL-C0209
overlap,176,c08,2,days_50_100,OVL-C0209
overlap,231,c08,2,days_50_100,OVL-C0209
overlap,242,c08,2,days_50_100,OVL-C0209
overlap,245,c08,2,days_50_100,OVL-C0209
overlap,251,c08,2,days_50_100,OVL-C0209
overlap,311,c08,2,days_50_100,OVL-C0209
overlap,329,c08,2,days_50_100,OVL-C0209
overlap,338,c08,2,days_50_100,OVL-C0209
overlap,361,c08,2,days_50_100,OVL-C0209
overlap,364,c08,2,days_50_100,OVL-C0209
overlap,427,c08,2,days_50_100,OVL-C0209
overlap,432,c08,2,days_50_100,OVL-C0209
overlap,433,c08,2,days_50_100,OVL-C0209
overlap,511,c08,2,days_50_100,OVL-C0209
overlap,531,c08,2,days_50_100,OVL-C0209
overlap,540,c08,2,days_50_100,OVL-C0209
overlap,582,c08,2,days_50_100,OVL-C0209
overlap,588,c08,2,days_50_100,OVL-C0209
overlap,624,c08,2,days_50_100,OVL-C0209
overlap,641,c08,2,days_50_100,OVL-C0209
overlap,697,c08,2,days_50_100,OVL-C0209
overlap,698,c08,2,days_50_100,OVL-C0209
overlap,736,c08,2,days_50_100,OVL-C0209
overlap,764,c08,2,days_50_100,OVL-C0209
overlap,773,c08,2,days_50_100,OVL-C0209
overlap,809,c08,2,days_50_100,OVL-C0209
overlap,840,c08,2,days_50_100,OVL-C0209
overlap,855,c08,2,days_50_100,OVL-C0209
overlap,872,c08,2,days_50_100,OVL-C0209
overlap,873,c08,2,days_50_100,OVL-C0209
overlap,887,c08,2,days_50_100,OVL-C0209
overlap,925,c08,2,days_50_100,OVL-C0209
overlap,955,c08,2,days_50_100,OVL-C0209
overlap,987,c08,2,days_50_100,OVL-C0209
overlap,994,c08,2,days_50_100,OVL-C0209
overlap,995,c08,2,days_50_100,OVL-C0209
overlap,25,c12,2,days_50_100,OVL-C0210
overlap,41,c12,2,days_50_100,OVL-C0210
overlap,48,c12,2,days_50_100,OVL-C0210
overlap,58,c12,2,days_50_100,OVL-C0210
overlap,73,c12,2,days_50_100,OVL-C0210
overlap,205,c12,2,days_50_100,OVL-C0210
overlap,216,c12,2,days_50_100,OVL-C0210
overlap,318,c12,2,days_50_100,OVL-C0210
overlap,319,c12,2,days_50_100,OVL-C0210
overlap,321,c12,2,days_50_100,OVL-C0210
overlap,362,c12,2,days_50_100,OVL-C0210
overlap,366,c12,2,days_50_100,OVL-C0210
overlap,383,c12,2,days_50_100,OVL-C0210
overlap,389,c12,2,days_50_100,OVL-C0210
overlap,434,c12,2,days_50_100,OVL-C0210
overlap,458,c12,2,days_50_100,OVL-C0210
overlap,481,c12,2,days_50_100,OVL-C0210
overlap,499,c12,2,days_50_100,OVL-C0210
overlap,528,c12,2,days_50_100,OVL-C0210
overlap,558,c12,2,days_50_100,OVL-C0210
overlap,565,c12,2,days_50_100,OVL-C0210
overlap,589,c12,2,days_50_100,OVL-C0210
overlap,618,c12,2,days_50_100,OVL-C0210
overlap,672,c12,2,days_50_100,OVL-C0210
overlap,679,c12,2,days_50_100,OVL-C0210
overlap,684,c12,2,days_50_100,OVL-C0210
overlap,704,c12,2,days_50_100,OVL-C0210
overlap,723,c12,2,days_50_100,OVL-C0210
overlap,753,c12,2,days_50_100,OVL-C0210
overlap,758,c12,2,days_50_100,OVL-C0210
overlap,763,c12,2,days_50_100,OVL-C0210
overlap,844,c12,2,days_50_100,OVL-C0210
overlap,909,c12,2,days_50_100,OVL-C0210
overlap,918,c12,2,days_50_100,OVL-C0210
overlap,922,c12,2,days_50_100,OVL-C0210
overlap,946,c12,2,days_50_100,OVL-C0210
overlap,956,c12,2,days_50_100,OVL-C0210
overlap,1002,c12,2,days_50_100,OVL-C0210
overlap,30,c05,3,days_75_125,OVL-C0302
overlap,45,c05,3,days_75_125,OVL-C0302
overlap,52,c05,3,days_75_125,OVL-C0302
overlap,58,c05,3,days_75_125,OVL-C0302
overlap,66,c05,3,days_75_125,OVL-C0302
overlap,74,c05,3,days_75_125,OVL-C0302
overlap,77,c05,3,days_75_125,OVL-C0302
overlap,104,c05,3,days_75_125,OVL-C0302
overlap,110,c05,3,days_75_125,OVL-C0302
overlap,111,c05,3,days_75_125,OVL-C0302
overlap,112,c05,3,days_75_125,OVL-C0302
overlap,126,c05,3,days_75_125,OVL-C0302
overlap,133,c05,3,days_75_125,OVL-C0302
overlap,157,c05,3,days_75_125,OVL-C0302
overlap,161,c05,3,days_75_125,OVL-C0302
overlap,166,c05,3,days_75_125,OVL-C0302
overlap,168,c05,3,days_75_125,OVL-C0302
overlap,186,c05,3,days_75_125,OVL-C0302
overlap,209,c05,3,days_75_125,OVL-C0302
overlap,227,c05,3,days_75_125,OVL-C0302
overlap,232,c05,3,days_75_125,OVL-C0302
overlap,256,c05,3,days_75_125,OVL-C0302
overlap,260,c05,3,days_75_125,OVL-C0302
overlap,267,c05,3,days_75_125,OVL-C0302
overlap,294,c05,3,days_75_125,OVL-C0302
overlap,305,c05,3,days_75_125,OVL-C0302
overlap,313,c05,3,days_75_125,OVL-C0302
overlap,318,c05,3,days_75_125,OVL-C0302
overlap,332,c05,3,days_75_125,OVL-C0302
overlap,356,c05,3,days_75_125,OVL-C0302
overlap,362,c05,3,days_75_125,OVL-C0302
overlap,383,c05,3,days_75_125,OVL-C0302
overlap,392,c05,3,days_75_125,OVL-C0302
overlap,416,c05,3,days_75_125,OVL-C0302
overlap,435,c05,3,days_75_125,OVL-C0302
overlap,439,c05,3,days_75_125,OVL-C0302
overlap,447,c05,3,days_75_125,OVL-C0302
overlap,448,c05,3,days_75_125,OVL-C0302
overlap,459,c05,3,days_75_125,OVL-C0302
overlap,472,c05,3,days_75_125,OVL-C0302
overlap,478,c05,3,days_75_125,OVL-C0302
overlap,479,c05,3,days_75_125,OVL-C0302
overlap,500,c05,3,days_75_125,OVL-C0302
overlap,517,c05,3,days_75_125,OVL-C0302
overlap,523,c05,3,days_75_125,OVL-C0302
overlap,528,c05,3,days_75_125,OVL-C0302
overlap,539,c05,3,days_75_125,OVL-C0302
overlap,549,c05,3,days_75_125,OVL-C0302
overlap,556,c05,3,days_75_125,OVL-C0302
overlap,557,c05,3,days_75_125,OVL-C0302
overlap,564,c05,3,days_75_125,OVL-C0302
overlap,573,c05,3,days_75_125,OVL-C0302
overlap,574,c05,3,days_75_125,OVL-C0302
overlap,575,c05,3,days_75_125,OVL-C0302
overlap,586,c05,3,days_75_125,OVL-C0302
overlap,589,c05,3,days_75_125,OVL-C0302
overlap,602,c05,3,days_75_125,OVL-C0302
overlap,648,c05,3,days_75_125,OVL-C0302
overlap,655,c05,3,days_75_125,OVL-C0302
overlap,674,c05,3,days_75_125,OVL-C0302
overlap,699,c05,3,days_75_125,OVL-C0302
overlap,743,c05,3,days_75_125,OVL-C0302
overlap,759,c05,3,days_75_125,OVL-C0302
overlap,762,c05,3,days_75_125,OVL-C0302
overlap,765,c05,3,days_75_125,OVL-C0302
overlap,782,c05,3,days_75_125,OVL-C0302
overlap,803,c05,3,days_75_125,OVL-C0302
overlap,868,c05,3,days_75_125,OVL-C0302
overlap,885,c05,3,days_75_125,OVL-C0302
overlap,887,c05,3,days_75_125,OVL-C0302
overlap,889,c05,3,days_75_125,OVL-C0302
overlap,908,c05,3,days_75_125,OVL-C0302
overlap,909,c05,3,days_75_125,OVL-C0302
overlap,912,c05,3,days_75_125,OVL-C0302
overlap,946,c05,3,days_75_125,OVL-C0302
overlap,948,c05,3,days_75_125,OVL-C0302
overlap,984,c05,3,days_75_125,OVL-C0302
overlap,986,c05,3,days_75_125,OVL-C0302
overlap,24,c07,3,days_75_125,OVL-C0312
overlap,160,c07,3,days_75_125,OVL-C0312
overlap,181,c07,3,days_75_125,OVL-C0312
overlap,190,c07,3,days_75_125,OVL-C0312
overlap,274,c07,3,days_75_125,OVL-C0312
overlap,280,c07,3,days_75_125,OVL-C0312
overlap,353,c07,3,days_75_125,OVL-C0312
overlap,360,c07,3,days_75_125,OVL-C0312
overlap,373,c07,3,days_75_125,OVL-C0312
overlap,391,c07,3,days_75_125,OVL-C0312
overlap,414,c07,3,days_75_125,OVL-C0312
overlap,445,c07,3,days_75_125,OVL-C0312
overlap,493,c07,3,days_75_125,OVL-C0312
overlap,526,c07,3,days_75_125,OVL-C0312
overlap,530,c07,3,days_75_125,OVL-C0312
overlap,561,c07,3,days_75_125,OVL-C0312
overlap,629,c07,3,days_75_125,OVL-C0312
overlap,630,c07,3,days_75_125,OVL-C0312
overlap,631,c07,3,days_75_125,OVL-C0312
overlap,643,c07,3,days_75_125,OVL-C0312
overlap,656,c07,3,days_75_125,OVL-C0312
overlap,658,c07,3,days_75_125,OVL-C0312
overlap,685,c07,3,days_75_125,OVL-C0312
overlap,846,c07,3,days_75_125,OVL-C0312
overlap,891,c07,3,days_75_125,OVL-C0312
overlap,920,c07,3,days_75_125,OVL-C0312
overlap,28,c08,3,days_75_125,OVL-C0308
overlap,34,c08,3,days_75_125,OVL-C0308
overlap,56,c08,3,days_75_125,OVL-C0308
overlap,68,c08,3,days_75_125,OVL-C0308
overlap,95,c08,3,days_75_125,OVL-C0308
overlap,176,c08,3,days_75_125,OVL-C0308
overlap,231,c08,3,days_75_125,OVL-C0308
overlap,242,c08,3,days_75_125,OVL-C0308
overlap,245,c08,3,days_75_125,OVL-C0308
overlap,251,c08,3,days_75_125,OVL-C0308
overlap,269,c08,3,days_75_125,OVL-C0308
overlap,311,c08,3,days_75_125,OVL-C0308
overlap,329,c08,3,days_75_125,OVL-C0308
overlap,338,c08,3,days_75_125,OVL-C0308
overlap,361,c08,3,days_75_125,OVL-C0308
overlap,364,c08,3,days_75_125,OVL-C0308
overlap,399,c08,3,days_75_125,OVL-C0308
overlap,427,c08,3,days_75_125,OVL-C0308
overlap,432,c08,3,days_75_125,OVL-C0308
overlap,433,c08,3,days_75_125,OVL-C0308
overlap,482,c08,3,days_75_125,OVL-C0308
overlap,511,c08,3,days_75_125,OVL-C0308
overlap,531,c08,3,days_75_125,OVL-C0308
overlap,540,c08,3,days_75_125,OVL-C0308
overlap,582,c08,3,days_75_125,OVL-C0308
overlap,588,c08,3,days_75_125,OVL-C0308
overlap,606,c08,3,days_75_125,OVL-C0308
overlap,624,c08,3,days_75_125,OVL-C0308
overlap,641,c08,3,days_75_125,OVL-C0308
overlap,697,c08,3,days_75_125,OVL-C0308
overlap,698,c08,3,days_75_125,OVL-C0308
overlap,736,c08,3,days_75_125,OVL-C0308
overlap,764,c08,3,days_75_125,OVL-C0308
overlap,773,c08,3,days_75_125,OVL-C0308
overlap,789,c08,3,days_75_125,OVL-C0308
overlap,809,c08,3,days_75_125,OVL-C0308
overlap,815,c08,3,days_75_125,OVL-C0308
overlap,819,c08,3,days_75_125,OVL-C0308
overlap,836,c08,3,days_75_125,OVL-C0308
overlap,840,c08,3,days_75_125,OVL-C0308
overlap,855,c08,3,days_75_125,OVL-C0308
overlap,872,c08,3,days_75_125,OVL-C0308
overlap,873,c08,3,days_75_125,OVL-C0308
overlap,925,c08,3,days_75_125,OVL-C0308
overlap,955,c08,3,days_75_125,OVL-C0308
overlap,987,c08,3,days_75_125,OVL-C0308
overlap,994,c08,3,days_75_125,OVL-C0308
overlap,995,c08,3,days_75_125,OVL-C0308
overlap,25,c12,3,days_75_125,OVL-C0313
overlap,41,c12,3,days_75_125,OVL-C0313
overlap,48,c12,3,days_75_125,OVL-C0313
overlap,73,c12,3,days_75_125,OVL-C0313
overlap,216,c12,3,days_75_125,OVL-C0313
overlap,319,c12,3,days_75_125,OVL-C0313
overlap,321,c12,3,days_75_125,OVL-C0313
overlap,434,c12,3,days_75_125,OVL-C0313
overlap,458,c12,3,days_75_125,OVL-C0313
overlap,481,c12,3,days_75_125,OVL-C0313
overlap,499,c12,3,days_75_125,OVL-C0313
overlap,558,c12,3,days_75_125,OVL-C0313
overlap,565,c12,3,days_75_125,OVL-C0313
overlap,600,c12,3,days_75_125,OVL-C0313
overlap,618,c12,3,days_75_125,OVL-C0313
overlap,672,c12,3,days_75_125,OVL-C0313
overlap,679,c12,3,days_75_125,OVL-C0313
overlap,684,c12,3,days_75_125,OVL-C0313
overlap,704,c12,3,days_75_125,OVL-C0313
overlap,723,c12,3,days_75_125,OVL-C0313
overlap,758,c12,3,days_75_125,OVL-C0313
overlap,844,c12,3,days_75_125,OVL-C0313
overlap,918,c12,3,days_75_125,OVL-C0313
overlap,956,c12,3,days_75_125,OVL-C0313
overlap,1002,c12,3,days_75_125,OVL-C0313
overlap,30,c05,4,days_100_150,OVL-C0406
overlap,45,c05,4,days_100_150,OVL-C0406
overlap,52,c05,4,days_100_150,OVL-C0406
overlap,66,c05,4,days_100_150,OVL-C0406
overlap,74,c05,4,days_100_150,OVL-C0406
overlap,77,c05,4,days_100_150,OVL-C0406
overlap,104,c05,4,days_100_150,OVL-C0406
overlap,110,c05,4,days_100_150,OVL-C0406
overlap,111,c05,4,days_100_150,OVL-C0406
overlap,112,c05,4,days_100_150,OVL-C0406
overlap,126,c05,4,days_100_150,OVL-C0406
overlap,133,c05,4,days_100_150,OVL-C0406
overlap,166,c05,4,days_100_150,OVL-C0406
overlap,168,c05,4,days_100_150,OVL-C0406
overlap,186,c05,4,days_100_150,OVL-C0406
overlap,209,c05,4,days_100_150,OVL-C0406
overlap,232,c05,4,days_100_150,OVL-C0406
overlap,256,c05,4,days_100_150,OVL-C0406
overlap,260,c05,4,days_100_150,OVL-C0406
overlap,266,c05,4,days_100_150,OVL-C0406
overlap,294,c05,4,days_100_150,OVL-C0406
overlap,305,c05,4,days_100_150,OVL-C0406
overlap,313,c05,4,days_100_150,OVL-C0406
overlap,318,c05,4,days_100_150,OVL-C0406
overlap,332,c05,4,days_100_150,OVL-C0406
overlap,356,c05,4,days_100_150,OVL-C0406
overlap,416,c05,4,days_100_150,OVL-C0406
overlap,435,c05,4,days_100_150,OVL-C0406
overlap,439,c05,4,days_100_150,OVL-C0406
overlap,447,c05,4,days_100_150,OVL-C0406
overlap,459,c05,4,days_100_150,OVL-C0406
overlap,472,c05,4,days_100_150,OVL-C0406
overlap,478,c05,4,days_100_150,OVL-C0406
overlap,500,c05,4,days_100_150,OVL-C0406
overlap,517,c05,4,days_100_150,OVL-C0406
overlap,523,c05,4,days_100_150,OVL-C0406
overlap,539,c05,4,days_100_150,OVL-C0406
overlap,556,c05,4,days_100_150,OVL-C0406
overlap,557,c05,4,days_100_150,OVL-C0406
overlap,564,c05,4,days_100_150,OVL-C0406
overlap,573,c05,4,days_100_150,OVL-C0406
overlap,574,c05,4,days_100_150,OVL-C0406
overlap,575,c05,4,days_100_150,OVL-C0406
overlap,586,c05,4,days_100_150,OVL-C0406
overlap,602,c05,4,days_100_150,OVL-C0406
overlap,648,c05,4,days_100_150,OVL-C0406
overlap,674,c05,4,days_100_150,OVL-C0406
overlap,699,c05,4,days_100_150,OVL-C0406
overlap,743,c05,4,days_100_150,OVL-C0406
overlap,759,c05,4,days_100_150,OVL-C0406
overlap,762,c05,4,days_100_150,OVL-C0406
overlap,765,c05,4,days_100_150,OVL-C0406
overlap,782,c05,4,days_100_150,OVL-C0406
overlap,803,c05,4,days_100_150,OVL-C0406
overlap,814,c05,4,days_100_150,OVL-C0406
overlap,868,c05,4,days_100_150,OVL-C0406
overlap,885,c05,4,days_100_150,OVL-C0406
overlap,908,c05,4,days_100_150,OVL-C0406
overlap,912,c05,4,days_100_150,OVL-C0406
overlap,949,c05,4,days_100_150,OVL-C0406
overlap,984,c05,4,days_100_150,OVL-C0406
overlap,17,c07,4,days_100_150,OVL-C0407
overlap,24,c07,4,days_100_150,OVL-C0407
overlap,67,c07,4,days_100_150,OVL-C0407
overlap,92,c07,4,days_100_150,OVL-C0407
overlap,122,c07,4,days_100_150,OVL-C0407
overlap,136,c07,4,days_100_150,OVL-C0407
overlap,142,c07,4,days_100_150,OVL-C0407
overlap,160,c07,4,days_100_150,OVL-C0407
overlap,181,c07,4,days_100_150,OVL-C0407
overlap,190,c07,4,days_100_150,OVL-C0407
overlap,200,c07,4,days_100_150,OVL-C0407
overlap,267,c07,4,days_100_150,OVL-C0407
overlap,274,c07,4,days_100_150,OVL-C0407
overlap,280,c07,4,days_100_150,OVL-C0407
overlap,302,c07,4,days_100_150,OVL-C0407
overlap,316,c07,4,days_100_150,OVL-C0407
overlap,344,c07,4,days_100_150,OVL-C0407
overlap,353,c07,4,days_100_150,OVL-C0407
overlap,360,c07,4,days_100_150,OVL-C0407
overlap,373,c07,4,days_100_150,OVL-C0407
overlap,391,c07,4,days_100_150,OVL-C0407
overlap,392,c07,4,days_100_150,OVL-C0407
overlap,408,c07,4,days_100_150,OVL-C0407
overlap,428,c07,4,days_100_150,OVL-C0407
overlap,445,c07,4,days_100_150,OVL-C0407
overlap,493,c07,4,days_100_150,OVL-C0407
overlap,526,c07,4,days_100_150,OVL-C0407
overlap,530,c07,4,days_100_150,OVL-C0407
overlap,543,c07,4,days_100_150,OVL-C0407
overlap,561,c07,4,days_100_150,OVL-C0407
overlap,629,c07,4,days_100_150,OVL-C0407
overlap,630,c07,4,days_100_150,OVL-C0407
overlap,631,c07,4,days_100_150,OVL-C0407
overlap,637,c07,4,days_100_150,OVL-C0407
overlap,643,c07,4,days_100_150,OVL-C0407
overlap,647,c07,4,days_100_150,OVL-C0407
overlap,656,c07,4,days_100_150,OVL-C0407
overlap,658,c07,4,days_100_150,OVL-C0407
overlap,685,c07,4,days_100_150,OVL-C0407
overlap,739,c07,4,days_100_150,OVL-C0407
overlap,838,c07,4,days_100_150,OVL-C0407
overlap,846,c07,4,days_100_150,OVL-C0407
overlap,857,c07,4,days_100_150,OVL-C0407
overlap,891,c07,4,days_100_150,OVL-C0407
overlap,915,c07,4,days_100_150,OVL-C0407
overlap,920,c07,4,days_100_150,OVL-C0407
overlap,944,c07,4,days_100_150,OVL-C0407
overlap,952,c07,4,days_100_150,OVL-C0407
overlap,953,c07,4,days_100_150,OVL-C0407
overlap,963,c07,4,days_100_150,OVL-C0407
overlap,971,c07,4,days_100_150,OVL-C0407
overlap,28,c08,4,days_100_150,OVL-C0408
overlap,56,c08,4,days_100_150,OVL-C0408
overlap,68,c08,4,days_100_150,OVL-C0408
overlap,95,c08,4,days_100_150,OVL-C0408
overlap,226,c08,4,days_100_150,OVL-C0408
overlap,231,c08,4,days_100_150,OVL-C0408
overlap,245,c08,4,days_100_150,OVL-C0408
overlap,251,c08,4,days_100_150,OVL-C0408
overlap,264,c08,4,days_100_150,OVL-C0408
overlap,269,c08,4,days_100_150,OVL-C0408
overlap,311,c08,4,days_100_150,OVL-C0408
overlap,329,c08,4,days_100_150,OVL-C0408
overlap,338,c08,4,days_100_150,OVL-C0408
overlap,361,c08,4,days_100_150,OVL-C0408
overlap,364,c08,4,days_100_150,OVL-C0408
overlap,399,c08,4,days_100_150,OVL-C0408
overlap,427,c08,4,days_100_150,OVL-C0408
overlap,432,c08,4,days_100_150,OVL-C0408
overlap,433,c08,4,days_100_150,OVL-C0408
overlap,482,c08,4,days_100_150,OVL-C0408
overlap,511,c08,4,days_100_150,OVL-C0408
overlap,531,c08,4,days_100_150,OVL-C0408
overlap,540,c08,4,days_100_150,OVL-C0408
overlap,582,c08,4,days_100_150,OVL-C0408
overlap,606,c08,4,days_100_150,OVL-C0408
overlap,624,c08,4,days_100_150,OVL-C0408
overlap,641,c08,4,days_100_150,OVL-C0408
overlap,697,c08,4,days_100_150,OVL-C0408
overlap,698,c08,4,days_100_150,OVL-C0408
overlap,736,c08,4,days_100_150,OVL-C0408
overlap,764,c08,4,days_100_150,OVL-C0408
overlap,773,c08,4,days_100_150,OVL-C0408
overlap,789,c08,4,days_100_150,OVL-C0408
overlap,809,c08,4,days_100_150,OVL-C0408
overlap,815,c08,4,days_100_150,OVL-C0408
overlap,819,c08,4,days_100_150,OVL-C0408
overlap,840,c08,4,days_100_150,OVL-C0408
overlap,855,c08,4,days_100_150,OVL-C0408
overlap,872,c08,4,days_100_150,OVL-C0408
overlap,873,c08,4,days_100_150,OVL-C0408
overlap,910,c08,4,days_100_150,OVL-C0408
overlap,925,c08,4,days_100_150,OVL-C0408
overlap,955,c08,4,days_100_150,OVL-C0408
overlap,987,c08,4,days_100_150,OVL-C0408
overlap,994,c08,4,days_100_150,OVL-C0408
overlap,25,c12,4,days_100_150,OVL-C0410
overlap,41,c12,4,days_100_150,OVL-C0410
overlap,48,c12,4,days_100_150,OVL-C0410
overlap,73,c12,4,days_100_150,OVL-C0410
overlap,85,c12,4,days_100_150,OVL-C0410
overlap,216,c12,4,days_100_150,OVL-C0410
overlap,319,c12,4,days_100_150,OVL-C0410
overlap,321,c12,4,days_100_150,OVL-C0410
overlap,386,c12,4,days_100_150,OVL-C0410
overlap,458,c12,4,days_100_150,OVL-C0410
overlap,481,c12,4,days_100_150,OVL-C0410
overlap,499,c12,4,days_100_150,OVL-C0410
overlap,558,c12,4,days_100_150,OVL-C0410
overlap,565,c12,4,days_100_150,OVL-C0410
overlap,600,c12,4,days_100_150,OVL-C0410
overlap,618,c12,4,days_100_150,OVL-C0410
overlap,672,c12,4,days_100_150,OVL-C0410
overlap,679,c12,4,days_100_150,OVL-C0410
overlap,684,c12,4,days_100_150,OVL-C0410
overlap,704,c12,4,days_100_150,OVL-C0410
overlap,723,c12,4,days_100_150,OVL-C0410
overlap,758,c12,4,days_100_150,OVL-C0410
overlap,844,c12,4,days_100_150,OVL-C0410
overlap,918,c12,4,days_100_150,OVL-C0410
overlap,956,c12,4,days_100_150,OVL-C0410
overlap,1002,c12,4,days_100_150,OVL-C0410
overlap,30,c05,5,days_125_175,OVL-C0504
overlap,52,c05,5,days_125_175,OVL-C0504
overlap,74,c05,5,days_125_175,OVL-C0504
overlap,77,c05,5,days_125_175,OVL-C0504
overlap,104,c05,5,days_125_175,OVL-C0504
overlap,111,c05,5,days_125_175,OVL-C0504
overlap,112,c05,5,days_125_175,OVL-C0504
overlap,126,c05,5,days_125_175,OVL-C0504
overlap,133,c05,5,days_125_175,OVL-C0504
overlap,166,c05,5,days_125_175,OVL-C0504
overlap,168,c05,5,days_125_175,OVL-C0504
overlap,182,c05,5,days_125_175,OVL-C0504
overlap,186,c05,5,days_125_175,OVL-C0504
overlap,204,c05,5,days_125_175,OVL-C0504
overlap,209,c05,5,days_125_175,OVL-C0504
overlap,232,c05,5,days_125_175,OVL-C0504
overlap,256,c05,5,days_125_175,OVL-C0504
overlap,260,c05,5,days_125_175,OVL-C0504
overlap,266,c05,5,days_125_175,OVL-C0504
overlap,267,c05,5,days_125_175,OVL-C0504
overlap,294,c05,5,days_125_175,OVL-C0504
overlap,305,c05,5,days_125_175,OVL-C0504
overlap,313,c05,5,days_125_175,OVL-C0504
overlap,318,c05,5,days_125_175,OVL-C0504
overlap,332,c05,5,days_125_175,OVL-C0504
overlap,356,c05,5,days_125_175,OVL-C0504
overlap,392,c05,5,days_125_175,OVL-C0504
overlap,416,c05,5,days_125_175,OVL-C0504
overlap,435,c05,5,days_125_175,OVL-C0504
overlap,439,c05,5,days_125_175,OVL-C0504
overlap,447,c05,5,days_125_175,OVL-C0504
overlap,449,c05,5,days_125_175,OVL-C0504
overlap,459,c05,5,days_125_175,OVL-C0504
overlap,472,c05,5,days_125_175,OVL-C0504
overlap,478,c05,5,days_125_175,OVL-C0504
overlap,500,c05,5,days_125_175,OVL-C0504
overlap,515,c05,5,days_125_175,OVL-C0504
overlap,517,c05,5,days_125_175,OVL-C0504
overlap,523,c05,5,days_125_175,OVL-C0504
overlap,556,c05,5,days_125_175,OVL-C0504
overlap,557,c05,5,days_125_175,OVL-C0504
overlap,573,c05,5,days_125_175,OVL-C0504
overlap,574,c05,5,days_125_175,OVL-C0504
overlap,575,c05,5,days_125_175,OVL-C0504
overlap,586,c05,5,days_125_175,OVL-C0504
overlap,602,c05,5,days_125_175,OVL-C0504
overlap,648,c05,5,days_125_175,OVL-C0504
overlap,674,c05,5,days_125_175,OVL-C0504
overlap,699,c05,5,days_125_175,OVL-C0504
overlap,730,c05,5,days_125_175,OVL-C0504
overlap,743,c05,5,days_125_175,OVL-C0504
overlap,759,c05,5,days_125_175,OVL-C0504
overlap,762,c05,5,days_125_175,OVL-C0504
overlap,765,c05,5,days_125_175,OVL-C0504
overlap,782,c05,5,days_125_175,OVL-C0504
overlap,794,c05,5,days_125_175,OVL-C0504
overlap,803,c05,5,days_125_175,OVL-C0504
overlap,814,c05,5,days_125_175,OVL-C0504
overlap,868,c05,5,days_125_175,OVL-C0504
overlap,869,c05,5,days_125_175,OVL-C0504
overlap,885,c05,5,days_125_175,OVL-C0504
overlap,889,c05,5,days_125_175,OVL-C0504
overlap,908,c05,5,days_125_175,OVL-C0504
overlap,912,c05,5,days_125_175,OVL-C0504
overlap,944,c05,5,days_125_175,OVL-C0504
overlap,948,c05,5,days_125_175,OVL-C0504
overlap,949,c05,5,days_125_175,OVL-C0504
overlap,984,c05,5,days_125_175,OVL-C0504
overlap,24,c07,5,days_125_175,OVL-C0506
overlap,35,c07,5,days_125_175,OVL-C0506
overlap,67,c07,5,days_125_175,OVL-C0506
overlap,87,c07,5,days_125_175,OVL-C0506
overlap,141,c07,5,days_125_175,OVL-C0506
overlap,160,c07,5,days_125_175,OVL-C0506
overlap,167,c07,5,days_125_175,OVL-C0506
overlap,181,c07,5,days_125_175,OVL-C0506
overlap,188,c07,5,days_125_175,OVL-C0506
overlap,190,c07,5,days_125_175,OVL-C0506
overlap,207,c07,5,days_125_175,OVL-C0506
overlap,241,c07,5,days_125_175,OVL-C0506
overlap,274,c07,5,days_125_175,OVL-C0506
overlap,280,c07,5,days_125_175,OVL-C0506
overlap,301,c07,5,days_125_175,OVL-C0506
overlap,353,c07,5,days_125_175,OVL-C0506
overlap,360,c07,5,days_125_175,OVL-C0506
overlap,373,c07,5,days_125_175,OVL-C0506
overlap,391,c07,5,days_125_175,OVL-C0506
overlap,408,c07,5,days_125_175,OVL-C0506
overlap,421,c07,5,days_125_175,OVL-C0506
overlap,424,c07,5,days_125_175,OVL-C0506
overlap,445,c07,5,days_125_175,OVL-C0506
overlap,461,c07,5,days_125_175,OVL-C0506
overlap,469,c07,5,days_125_175,OVL-C0506
overlap,493,c07,5,days_125_175,OVL-C0506
overlap,512,c07,5,days_125_175,OVL-C0506
overlap,526,c07,5,days_125_175,OVL-C0506
overlap,530,c07,5,days_125_175,OVL-C0506
overlap,547,c07,5,days_125_175,OVL-C0506
overlap,552,c07,5,days_125_175,OVL-C0506
overlap,561,c07,5,days_125_175,OVL-C0506
overlap,585,c07,5,days_125_175,OVL-C0506
overlap,614,c07,5,days_125_175,OVL-C0506
overlap,629,c07,5,days_125_175,OVL-C0506
overlap,630,c07,5,days_125_175,OVL-C0506
overlap,631,c07,5,days_125_175,OVL-C0506
overlap,645,c07,5,days_125_175,OVL-C0506
overlap,656,c07,5,days_125_175,OVL-C0506
overlap,658,c07,5,days_125_175,OVL-C0506
overlap,685,c07,5,days_125_175,OVL-C0506
overlap,709,c07,5,days_125_175,OVL-C0506
overlap,795,c07,5,days_125_175,OVL-C0506
overlap,817,c07,5,days_125_175,OVL-C0506
overlap,824,c07,5,days_125_175,OVL-C0506
overlap,846,c07,5,days_125_175,OVL-C0506
overlap,851,c07,5,days_125_175,OVL-C0506
overlap,858,c07,5,days_125_175,OVL-C0506
overlap,891,c07,5,days_125_175,OVL-C0506
overlap,920,c07,5,days_125_175,OVL-C0506
overlap,954,c07,5,days_125_175,OVL-C0506
overlap,957,c07,5,days_125_175,OVL-C0506
overlap,963,c07,5,days_125_175,OVL-C0506
overlap,978,c07,5,days_125_175,OVL-C0506
overlap,988,c07,5,days_125_175,OVL-C0506
overlap,28,c08,5,days_125_175,OVL-C0507
overlap,56,c08,5,days_125_175,OVL-C0507
overlap,68,c08,5,days_125_175,OVL-C0507
overlap,95,c08,5,days_125_175,OVL-C0507
overlap,170,c08,5,days_125_175,OVL-C0507
overlap,176,c08,5,days_125_175,OVL-C0507
overlap,231,c08,5,days_125_175,OVL-C0507
overlap,233,c08,5,days_125_175,OVL-C0507
overlap,245,c08,5,days_125_175,OVL-C0507
overlap,251,c08,5,days_125_175,OVL-C0507
overlap,264,c08,5,days_125_175,OVL-C0507
overlap,269,c08,5,days_125_175,OVL-C0507
overlap,311,c08,5,days_125_175,OVL-C0507
overlap,329,c08,5,days_125_175,OVL-C0507
overlap,330,c08,5,days_125_175,OVL-C0507
overlap,338,c08,5,days_125_175,OVL-C0507
overlap,361,c08,5,days_125_175,OVL-C0507
overlap,364,c08,5,days_125_175,OVL-C0507
overlap,405,c08,5,days_125_175,OVL-C0507
overlap,427,c08,5,days_125_175,OVL-C0507
overlap,432,c08,5,days_125_175,OVL-C0507
overlap,433,c08,5,days_125_175,OVL-C0507
overlap,448,c08,5,days_125_175,OVL-C0507
overlap,482,c08,5,days_125_175,OVL-C0507
overlap,511,c08,5,days_125_175,OVL-C0507
overlap,531,c08,5,days_125_175,OVL-C0507
overlap,540,c08,5,days_125_175,OVL-C0507
overlap,582,c08,5,days_125_175,OVL-C0507
overlap,588,c08,5,days_125_175,OVL-C0507
overlap,606,c08,5,days_125_175,OVL-C0507
overlap,624,c08,5,days_125_175,OVL-C0507
overlap,641,c08,5,days_125_175,OVL-C0507
overlap,692,c08,5,days_125_175,OVL-C0507
overlap,697,c08,5,days_125_175,OVL-C0507
overlap,698,c08,5,days_125_175,OVL-C0507
overlap,764,c08,5,days_125_175,OVL-C0507
overlap,769,c08,5,days_125_175,OVL-C0507
overlap,773,c08,5,days_125_175,OVL-C0507
overlap,789,c08,5,days_125_175,OVL-C0507
overlap,809,c08,5,days_125_175,OVL-C0507
overlap,819,c08,5,days_125_175,OVL-C0507
overlap,836,c08,5,days_125_175,OVL-C0507
overlap,840,c08,5,days_125_175,OVL-C0507
overlap,855,c08,5,days_125_175,OVL-C0507
overlap,872,c08,5,days_125_175,OVL-C0507
overlap,873,c08,5,days_125_175,OVL-C0507
overlap,910,c08,5,days_125_175,OVL-C0507
overlap,925,c08,5,days_125_175,OVL-C0507
overlap,955,c08,5,days_125_175,OVL-C0507
overlap,987,c08,5,days_125_175,OVL-C0507
overlap,994,c08,5,days_125_175,OVL-C0507
overlap,995,c08,5,days_125_175,OVL-C0507
overlap,25,c12,5,days_125_175,OVL-C0512
overlap,41,c12,5,days_125_175,OVL-C0512
overlap,48,c12,5,days_125_175,OVL-C0512
overlap,73,c12,5,days_125_175,OVL-C0512
overlap,85,c12,5,days_125_175,OVL-C0512
overlap,216,c12,5,days_125_175,OVL-C0512
overlap,319,c12,5,days_125_175,OVL-C0512
overlap,321,c12,5,days_125_175,OVL-C0512
overlap,386,c12,5,days_125_175,OVL-C0512
overlap,458,c12,5,days_125_175,OVL-C0512
overlap,481,c12,5,days_125_175,OVL-C0512
overlap,499,c12,5,days_125_175,OVL-C0512
overlap,558,c12,5,days_125_175,OVL-C0512
overlap,565,c12,5,days_125_175,OVL-C0512
overlap,600,c12,5,days_125_175,OVL-C0512
overlap,618,c12,5,days_125_175,OVL-C0512
overlap,672,c12,5,days_125_175,OVL-C0512
overlap,679,c12,5,days_125_175,OVL-C0512
overlap,684,c12,5,days_125_175,OVL-C0512
overlap,704,c12,5,days_125_175,OVL-C0512
overlap,723,c12,5,days_125_175,OVL-C0512
overlap,736,c12,5,days_125_175,OVL-C0512
overlap,758,c12,5,days_125_175,OVL-C0512
overlap,844,c12,5,days_125_175,OVL-C0512
overlap,918,c12,5,days_125_175,OVL-C0512
overlap,956,c12,5,days_125_175,OVL-C0512
overlap,1002,c12,5,days_125_175,OVL-C0512
overlap,30,c05,6,days_150_200,OVL-C0604
overlap,52,c05,6,days_150_200,OVL-C0604
overlap,74,c05,6,days_150_200,OVL-C0604
overlap,77,c05,6,days_150_200,OVL-C0604
overlap,104,c05,6,days_150_200,OVL-C0604
overlap,110,c05,6,days_150_200,OVL-C0604
overlap,111,c05,6,days_150_200,OVL-C0604
overlap,112,c05,6,days_150_200,OVL-C0604
overlap,126,c05,6,days_150_200,OVL-C0604
overlap,133,c05,6,days_150_200,OVL-C0604
overlap,166,c05,6,days_150_200,OVL-C0604
overlap,168,c05,6,days_150_200,OVL-C0604
overlap,182,c05,6,days_150_200,OVL-C0604
overlap,186,c05,6,days_150_200,OVL-C0604
overlap,204,c05,6,days_150_200,OVL-C0604
overlap,209,c05,6,days_150_200,OVL-C0604
overlap,232,c05,6,days_150_200,OVL-C0604
overlap,256,c05,6,days_150_200,OVL-C0604
overlap,260,c05,6,days_150_200,OVL-C0604
overlap,266,c05,6,days_150_200,OVL-C0604
overlap,267,c05,6,days_150_200,OVL-C0604
overlap,294,c05,6,days_150_200,OVL-C0604
overlap,305,c05,6,days_150_200,OVL-C0604
overlap,307,c05,6,days_150_200,OVL-C0604
overlap,313,c05,6,days_150_200,OVL-C0604
overlap,332,c05,6,days_150_200,OVL-C0604
overlap,356,c05,6,days_150_200,OVL-C0604
overlap,392,c05,6,days_150_200,OVL-C0604
overlap,416,c05,6,days_150_200,OVL-C0604
overlap,425,c05,6,days_150_200,OVL-C0604
overlap,435,c05,6,days_150_200,OVL-C0604
overlap,439,c05,6,days_150_200,OVL-C0604
overlap,447,c05,6,days_150_200,OVL-C0604
overlap,449,c05,6,days_150_200,OVL-C0604
overlap,459,c05,6,days_150_200,OVL-C0604
overlap,472,c05,6,days_150_200,OVL-C0604
overlap,478,c05,6,days_150_200,OVL-C0604
overlap,479,c05,6,days_150_200,OVL-C0604
overlap,500,c05,6,days_150_200,OVL-C0604
overlap,517,c05,6,days_150_200,OVL-C0604
overlap,539,c05,6,days_150_200,OVL-C0604
overlap,556,c05,6,days_150_200,OVL-C0604
overlap,557,c05,6,days_150_200,OVL-C0604
overlap,573,c05,6,days_150_200,OVL-C0604
overlap,574,c05,6,days_150_200,OVL-C0604
overlap,575,c05,6,days_150_200,OVL-C0604
overlap,586,c05,6,days_150_200,OVL-C0604
overlap,602,c05,6,days_150_200,OVL-C0604
overlap,648,c05,6,days_150_200,OVL-C0604
overlap,674,c05,6,days_150_200,OVL-C0604
overlap,699,c05,6,days_150_200,OVL-C0604
overlap,704,c05,6,days_150_200,OVL-C0604
overlap,730,c05,6,days_150_200,OVL-C0604
overlap,743,c05,6,days_150_200,OVL-C0604
overlap,759,c05,6,days_150_200,OVL-C0604
overlap,762,c05,6,days_150_200,OVL-C0604
overlap,765,c05,6,days_150_200,OVL-C0604
overlap,782,c05,6,days_150_200,OVL-C0604
overlap,794,c05,6,days_150_200,OVL-C0604
overlap,800,c05,6,days_150_200,OVL-C0604
overlap,803,c05,6,days_150_200,OVL-C0604
overlap,814,c05,6,days_150_200,OVL-C0604
overlap,868,c05,6,days_150_200,OVL-C0604
overlap,869,c05,6,days_150_200,OVL-C0604
overlap,885,c05,6,days_150_200,OVL-C0604
overlap,889,c05,6,days_150_200,OVL-C0604
overlap,908,c05,6,days_150_200,OVL-C0604
overlap,912,c05,6,days_150_200,OVL-C0604
overlap,948,c05,6,days_150_200,OVL-C0604
overlap,949,c05,6,days_150_200,OVL-C0604
overlap,984,c05,6,days_150_200,OVL-C0604
overlap,24,c07,6,days_150_200,OVL-C0606
overlap,35,c07,6,days_150_200,OVL-C0606
overlap,67,c07,6,days_150_200,OVL-C0606
overlap,87,c07,6,days_150_200,OVL-C0606
overlap,141,c07,6,days_150_200,OVL-C0606
overlap,160,c07,6,days_150_200,OVL-C0606
overlap,167,c07,6,days_150_200,OVL-C0606
overlap,181,c07,6,days_150_200,OVL-C0606
overlap,188,c07,6,days_150_200,OVL-C0606
overlap,190,c07,6,days_150_200,OVL-C0606
overlap,207,c07,6,days_150_200,OVL-C0606
overlap,241,c07,6,days_150_200,OVL-C0606
overlap,274,c07,6,days_150_200,OVL-C0606
overlap,280,c07,6,days_150_200,OVL-C0606
overlap,301,c07,6,days_150_200,OVL-C0606
overlap,344,c07,6,days_150_200,OVL-C0606
overlap,353,c07,6,days_150_200,OVL-C0606
overlap,360,c07,6,days_150_200,OVL-C0606
overlap,373,c07,6,days_150_200,OVL-C0606
overlap,391,c07,6,days_150_200,OVL-C0606
overlap,408,c07,6,days_150_200,OVL-C0606
overlap,421,c07,6,days_150_200,OVL-C0606
overlap,424,c07,6,days_150_200,OVL-C0606
overlap,445,c07,6,days_150_200,OVL-C0606
overlap,461,c07,6,days_150_200,OVL-C0606
overlap,469,c07,6,days_150_200,OVL-C0606
overlap,493,c07,6,days_150_200,OVL-C0606
overlap,512,c07,6,days_150_200,OVL-C0606
overlap,526,c07,6,days_150_200,OVL-C0606
overlap,530,c07,6,days_150_200,OVL-C0606
overlap,547,c07,6,days_150_200,OVL-C0606
overlap,552,c07,6,days_150_200,OVL-C0606
overlap,561,c07,6,days_150_200,OVL-C0606
overlap,614,c07,6,days_150_200,OVL-C0606
overlap,629,c07,6,days_150_200,OVL-C0606
overlap,630,c07,6,days_150_200,OVL-C0606
overlap,631,c07,6,days_150_200,OVL-C0606
overlap,645,c07,6,days_150_200,OVL-C0606
overlap,656,c07,6,days_150_200,OVL-C0606
overlap,658,c07,6,days_150_200,OVL-C0606
overlap,685,c07,6,days_150_200,OVL-C0606
overlap,709,c07,6,days_150_200,OVL-C0606
overlap,795,c07,6,days_150_200,OVL-C0606
overlap,817,c07,6,days_150_200,OVL-C0606
overlap,841,c07,6,days_150_200,OVL-C0606
overlap,846,c07,6,days_150_200,OVL-C0606
overlap,847,c07,6,days_150_200,OVL-C0606
overlap,851,c07,6,days_150_200,OVL-C0606
overlap,891,c07,6,days_150_200,OVL-C0606
overlap,920,c07,6,days_150_200,OVL-C0606
overlap,954,c07,6,days_150_200,OVL-C0606
overlap,957,c07,6,days_150_200,OVL-C0606
overlap,963,c07,6,days_150_200,OVL-C0606
overlap,978,c07,6,days_150_200,OVL-C0606
overlap,988,c07,6,days_150_200,OVL-C0606
overlap,28,c08,6,days_150_200,OVL-C0609
overlap,56,c08,6,days_150_200,OVL-C0609
overlap,68,c08,6,days_150_200,OVL-C0609
overlap,95,c08,6,days_150_200,OVL-C0609
overlap,175,c08,6,days_150_200,OVL-C0609
overlap,231,c08,6,days_150_200,OVL-C0609
overlap,245,c08,6,days_150_200,OVL-C0609
overlap,251,c08,6,days_150_200,OVL-C0609
overlap,264,c08,6,days_150_200,OVL-C0609
overlap,269,c08,6,days_150_200,OVL-C0609
overlap,275,c08,6,days_150_200,OVL-C0609
overlap,311,c08,6,days_150_200,OVL-C0609
overlap,329,c08,6,days_150_200,OVL-C0609
overlap,338,c08,6,days_150_200,OVL-C0609
overlap,361,c08,6,days_150_200,OVL-C0609
overlap,364,c08,6,days_150_200,OVL-C0609
overlap,380,c08,6,days_150_200,OVL-C0609
overlap,427,c08,6,days_150_200,OVL-C0609
overlap,432,c08,6,days_150_200,OVL-C0609
overlap,433,c08,6,days_150_200,OVL-C0609
overlap,440,c08,6,days_150_200,OVL-C0609
overlap,482,c08,6,days_150_200,OVL-C0609
overlap,511,c08,6,days_150_200,OVL-C0609
overlap,531,c08,6,days_150_200,OVL-C0609
overlap,540,c08,6,days_150_200,OVL-C0609
overlap,582,c08,6,days_150_200,OVL-C0609
overlap,606,c08,6,days_150_200,OVL-C0609
overlap,624,c08,6,days_150_200,OVL-C0609
overlap,641,c08,6,days_150_200,OVL-C0609
overlap,698,c08,6,days_150_200,OVL-C0609
overlap,737,c08,6,days_150_200,OVL-C0609
overlap,764,c08,6,days_150_200,OVL-C0609
overlap,773,c08,6,days_150_200,OVL-C0609
overlap,789,c08,6,days_150_200,OVL-C0609
overlap,809,c08,6,days_150_200,OVL-C0609
overlap,819,c08,6,days_150_200,OVL-C0609
overlap,840,c08,6,days_150_200,OVL-C0609
overlap,849,c08,6,days_150_200,OVL-C0609
overlap,863,c08,6,days_150_200,OVL-C0609
overlap,872,c08,6,days_150_200,OVL-C0609
overlap,873,c08,6,days_150_200,OVL-C0609
overlap,887,c08,6,days_150_200,OVL-C0609
overlap,910,c08,6,days_150_200,OVL-C0609
overlap,925,c08,6,days_150_200,OVL-C0609
overlap,955,c08,6,days_150_200,OVL-C0609
overlap,983,c08,6,days_150_200,OVL-C0609
overlap,987,c08,6,days_150_200,OVL-C0609
overlap,994,c08,6,days_150_200,OVL-C0609
overlap,25,c12,6,days_150_200,OVL-C0608
overlap,27,c12,6,days_150_200,OVL-C0608
overlap,41,c12,6,days_150_200,OVL-C0608
overlap,44,c12,6,days_150_200,OVL-C0608
overlap,48,c12,6,days_150_200,OVL-C0608
overlap,71,c12,6,days_150_200,OVL-C0608
overlap,73,c12,6,days_150_200,OVL-C0608
overlap,85,c12,6,days_150_200,OVL-C0608
overlap,147,c12,6,days_150_200,OVL-C0608
overlap,157,c12,6,days_150_200,OVL-C0608
overlap,171,c12,6,days_150_200,OVL-C0608
overlap,216,c12,6,days_150_200,OVL-C0608
overlap,230,c12,6,days_150_200,OVL-C0608
overlap,277,c12,6,days_150_200,OVL-C0608
overlap,285,c12,6,days_150_200,OVL-C0608
overlap,318,c12,6,days_150_200,OVL-C0608
overlap,319,c12,6,days_150_200,OVL-C0608
overlap,321,c12,6,days_150_200,OVL-C0608
overlap,347,c12,6,days_150_200,OVL-C0608
overlap,355,c12,6,days_150_200,OVL-C0608
overlap,386,c12,6,days_150_200,OVL-C0608
overlap,458,c12,6,days_150_200,OVL-C0608
overlap,481,c12,6,days_150_200,OVL-C0608
overlap,499,c12,6,days_150_200,OVL-C0608
overlap,558,c12,6,days_150_200,OVL-C0608
overlap,565,c12,6,days_150_200,OVL-C0608
overlap,577,c12,6,days_150_200,OVL-C0608
overlap,590,c12,6,days_150_200,OVL-C0608
overlap,600,c12,6,days_150_200,OVL-C0608
overlap,618,c12,6,days_150_200,OVL-C0608
overlap,672,c12,6,days_150_200,OVL-C0608
overlap,679,c12,6,days_150_200,OVL-C0608
overlap,684,c12,6,days_150_200,OVL-C0608
overlap,686,c12,6,days_150_200,OVL-C0608
overlap,715,c12,6,days_150_200,OVL-C0608
overlap,723,c12,6,days_150_200,OVL-C0608
overlap,736,c12,6,days_150_200,OVL-C0608
overlap,748,c12,6,days_150_200,OVL-C0608
overlap,758,c12,6,days_150_200,OVL-C0608
overlap,776,c12,6,days_150_200,OVL-C0608
overlap,844,c12,6,days_150_200,OVL-C0608
overlap,918,c12,6,days_150_200,OVL-C0608
overlap,926,c12,6,days_150_200,OVL-C0608
overlap,931,c12,6,days_150_200,OVL-C0608
overlap,933,c12,6,days_150_200,OVL-C0608
overlap,956,c12,6,days_150_200,OVL-C0608
overlap,966,c12,6,days_150_200,OVL-C0608
overlap,972,c12,6,days_150_200,OVL-C0608
overlap,2,c05,7,days_175_225,OVL-C0704
overlap,30,c05,7,days_175_225,OVL-C0704
overlap,37,c05,7,days_175_225,OVL-C0704
overlap,52,c05,7,days_175_225,OVL-C0704
overlap,74,c05,7,days_175_225,OVL-C0704
overlap,77,c05,7,days_175_225,OVL-C0704
overlap,104,c05,7,days_175_225,OVL-C0704
overlap,110,c05,7,days_175_225,OVL-C0704
overlap,111,c05,7,days_175_225,OVL-C0704
overlap,112,c05,7,days_175_225,OVL-C0704
overlap,119,c05,7,days_175_225,OVL-C0704
overlap,121,c05,7,days_175_225,OVL-C0704
overlap,126,c05,7,days_175_225,OVL-C0704
overlap,133,c05,7,days_175_225,OVL-C0704
overlap,166,c05,7,days_175_225,OVL-C0704
overlap,168,c05,7,days_175_225,OVL-C0704
overlap,182,c05,7,days_175_225,OVL-C0704
overlap,186,c05,7,days_175_225,OVL-C0704
overlap,204,c05,7,days_175_225,OVL-C0704
overlap,209,c05,7,days_175_225,OVL-C0704
overlap,215,c05,7,days_175_225,OVL-C0704
overlap,232,c05,7,days_175_225,OVL-C0704
overlap,240,c05,7,days_175_225,OVL-C0704
overlap,250,c05,7,days_175_225,OVL-C0704
overlap,256,c05,7,days_175_225,OVL-C0704
overlap,260,c05,7,days_175_225,OVL-C0704
overlap,266,c05,7,days_175_225,OVL-C0704
overlap,267,c05,7,days_175_225,OVL-C0704
overlap,287,c05,7,days_175_225,OVL-C0704
overlap,294,c05,7,days_175_225,OVL-C0704
overlap,305,c05,7,days_175_225,OVL-C0704
overlap,313,c05,7,days_175_225,OVL-C0704
overlap,332,c05,7,days_175_225,OVL-C0704
overlap,356,c05,7,days_175_225,OVL-C0704
overlap,392,c05,7,days_175_225,OVL-C0704
overlap,416,c05,7,days_175_225,OVL-C0704
overlap,425,c05,7,days_175_225,OVL-C0704
overlap,435,c05,7,days_175_225,OVL-C0704
overlap,439,c05,7,days_175_225,OVL-C0704
overlap,447,c05,7,days_175_225,OVL-C0704
overlap,459,c05,7,days_175_225,OVL-C0704
overlap,465,c05,7,days_175_225,OVL-C0704
overlap,472,c05,7,days_175_225,OVL-C0704
overlap,478,c05,7,days_175_225,OVL-C0704
overlap,479,c05,7,days_175_225,OVL-C0704
overlap,500,c05,7,days_175_225,OVL-C0704
overlap,515,c05,7,days_175_225,OVL-C0704
overlap,517,c05,7,days_175_225,OVL-C0704
overlap,539,c05,7,days_175_225,OVL-C0704
overlap,557,c05,7,days_175_225,OVL-C0704
overlap,573,c05,7,days_175_225,OVL-C0704
overlap,575,c05,7,days_175_225,OVL-C0704
overlap,586,c05,7,days_175_225,OVL-C0704
overlap,602,c05,7,days_175_225,OVL-C0704
overlap,648,c05,7,days_175_225,OVL-C0704
overlap,674,c05,7,days_175_225,OVL-C0704
overlap,677,c05,7,days_175_225,OVL-C0704
overlap,699,c05,7,days_175_225,OVL-C0704
overlap,700,c05,7,days_175_225,OVL-C0704
overlap,717,c05,7,days_175_225,OVL-C0704
overlap,730,c05,7,days_175_225,OVL-C0704
overlap,743,c05,7,days_175_225,OVL-C0704
overlap,759,c05,7,days_175_225,OVL-C0704
overlap,762,c05,7,days_175_225,OVL-C0704
overlap,765,c05,7,days_175_225,OVL-C0704
overlap,782,c05,7,days_175_225,OVL-C0704
overlap,790,c05,7,days_175_225,OVL-C0704
overlap,794,c05,7,days_175_225,OVL-C0704
overlap,800,c05,7,days_175_225,OVL-C0704
overlap,803,c05,7,days_175_225,OVL-C0704
overlap,812,c05,7,days_175_225,OVL-C0704
overlap,814,c05,7,days_175_225,OVL-C0704
overlap,825,c05,7,days_175_225,OVL-C0704
overlap,868,c05,7,days_175_225,OVL-C0704
overlap,869,c05,7,days_175_225,OVL-C0704
overlap,885,c05,7,days_175_225,OVL-C0704
overlap,886,c05,7,days_175_225,OVL-C0704
overlap,889,c05,7,days_175_225,OVL-C0704
overlap,908,c05,7,days_175_225,OVL-C0704
overlap,912,c05,7,days_175_225,OVL-C0704
overlap,948,c05,7,days_175_225,OVL-C0704
overlap,949,c05,7,days_175_225,OVL-C0704
overlap,984,c05,7,days_175_225,OVL-C0704
overlap,24,c07,7,days_175_225,OVL-C0707
overlap,35,c07,7,days_175_225,OVL-C0707
overlap,67,c07,7,days_175_225,OVL-C0707
overlap,87,c07,7,days_175_225,OVL-C0707
overlap,141,c07,7,days_175_225,OVL-C0707
overlap,160,c07,7,days_175_225,OVL-C0707
overlap,167,c07,7,days_175_225,OVL-C0707
overlap,181,c07,7,days_175_225,OVL-C0707
overlap,188,c07,7,days_175_225,OVL-C0707
overlap,190,c07,7,days_175_225,OVL-C0707
overlap,207,c07,7,days_175_225,OVL-C0707
overlap,241,c07,7,days_175_225,OVL-C0707
overlap,274,c07,7,days_175_225,OVL-C0707
overlap,280,c07,7,days_175_225,OVL-C0707
overlap,288,c07,7,days_175_225,OVL-C0707
overlap,301,c07,7,days_175_225,OVL-C0707
overlap,353,c07,7,days_175_225,OVL-C0707
overlap,360,c07,7,days_175_225,OVL-C0707
overlap,373,c07,7,days_175_225,OVL-C0707
overlap,408,c07,7,days_175_225,OVL-C0707
overlap,414,c07,7,days_175_225,OVL-C0707
overlap,421,c07,7,days_175_225,OVL-C0707
overlap,424,c07,7,days_175_225,OVL-C0707
overlap,445,c07,7,days_175_225,OVL-C0707
overlap,469,c07,7,days_175_225,OVL-C0707
overlap,493,c07,7,days_175_225,OVL-C0707
overlap,512,c07,7,days_175_225,OVL-C0707
overlap,526,c07,7,days_175_225,OVL-C0707
overlap,530,c07,7,days_175_225,OVL-C0707
overlap,547,c07,7,days_175_225,OVL-C0707
overlap,552,c07,7,days_175_225,OVL-C0707
overlap,561,c07,7,days_175_225,OVL-C0707
overlap,614,c07,7,days_175_225,OVL-C0707
overlap,629,c07,7,days_175_225,OVL-C0707
overlap,630,c07,7,days_175_225,OVL-C0707
overlap,631,c07,7,days_175_225,OVL-C0707
overlap,656,c07,7,days_175_225,OVL-C0707
overlap,658,c07,7,days_175_225,OVL-C0707
overlap,685,c07,7,days_175_225,OVL-C0707
overlap,739,c07,7,days_175_225,OVL-C0707
overlap,795,c07,7,days_175_225,OVL-C0707
overlap,817,c07,7,days_175_225,OVL-C0707
overlap,841,c07,7,days_175_225,OVL-C0707
overlap,846,c07,7,days_175_225,OVL-C0707
overlap,847,c07,7,days_175_225,OVL-C0707
overlap,851,c07,7,days_175_225,OVL-C0707
overlap,891,c07,7,days_175_225,OVL-C0707
overlap,920,c07,7,days_175_225,OVL-C0707
overlap,954,c07,7,days_175_225,OVL-C0707
overlap,957,c07,7,days_175_225,OVL-C0707
overlap,963,c07,7,days_175_225,OVL-C0707
overlap,978,c07,7,days_175_225,OVL-C0707
overlap,988,c07,7,days_175_225,OVL-C0707
overlap,28,c08,7,days_175_225,OVL-C0709
overlap,56,c08,7,days_175_225,OVL-C0709
overlap,68,c08,7,days_175_225,OVL-C0709
overlap,95,c08,7,days_175_225,OVL-C0709
overlap,131,c08,7,days_175_225,OVL-C0709
overlap,170,c08,7,days_175_225,OVL-C0709
overlap,176,c08,7,days_175_225,OVL-C0709
overlap,231,c08,7,days_175_225,OVL-C0709
overlap,245,c08,7,days_175_225,OVL-C0709
overlap,251,c08,7,days_175_225,OVL-C0709
overlap,269,c08,7,days_175_225,OVL-C0709
overlap,311,c08,7,days_175_225,OVL-C0709
overlap,329,c08,7,days_175_225,OVL-C0709
overlap,338,c08,7,days_175_225,OVL-C0709
overlap,361,c08,7,days_175_225,OVL-C0709
overlap,364,c08,7,days_175_225,OVL-C0709
overlap,427,c08,7,days_175_225,OVL-C0709
overlap,432,c08,7,days_175_225,OVL-C0709
overlap,433,c08,7,days_175_225,OVL-C0709
overlap,482,c08,7,days_175_225,OVL-C0709
overlap,531,c08,7,days_175_225,OVL-C0709
overlap,540,c08,7,days_175_225,OVL-C0709
overlap,582,c08,7,days_175_225,OVL-C0709
overlap,588,c08,7,days_175_225,OVL-C0709
overlap,624,c08,7,days_175_225,OVL-C0709
overlap,641,c08,7,days_175_225,OVL-C0709
overlap,671,c08,7,days_175_225,OVL-C0709
overlap,697,c08,7,days_175_225,OVL-C0709
overlap,698,c08,7,days_175_225,OVL-C0709
overlap,733,c08,7,days_175_225,OVL-C0709
overlap,764,c08,7,days_175_225,OVL-C0709
overlap,773,c08,7,days_175_225,OVL-C0709
overlap,789,c08,7,days_175_225,OVL-C0709
overlap,801,c08,7,days_175_225,OVL-C0709
overlap,809,c08,7,days_175_225,OVL-C0709
overlap,819,c08,7,days_175_225,OVL-C0709
overlap,836,c08,7,days_175_225,OVL-C0709
overlap,840,c08,7,days_175_225,OVL-C0709
overlap,855,c08,7,days_175_225,OVL-C0709
overlap,872,c08,7,days_175_225,OVL-C0709
overlap,873,c08,7,days_175_225,OVL-C0709
overlap,925,c08,7,days_175_225,OVL-C0709
overlap,955,c08,7,days_175_225,OVL-C0709
overlap,983,c08,7,days_175_225,OVL-C0709
overlap,987,c08,7,days_175_225,OVL-C0709
overlap,994,c08,7,days_175_225,OVL-C0709
overlap,995,c08,7,days_175_225,OVL-C0709
overlap,25,c12,7,days_175_225,OVL-C0708
overlap,41,c12,7,days_175_225,OVL-C0708
overlap,44,c12,7,days_175_225,OVL-C0708
overlap,45,c12,7,days_175_225,OVL-C0708
overlap,48,c12,7,days_175_225,OVL-C0708
overlap,66,c12,7,days_175_225,OVL-C0708
overlap,73,c12,7,days_175_225,OVL-C0708
overlap,147,c12,7,days_175_225,OVL-C0708
overlap,157,c12,7,days_175_225,OVL-C0708
overlap,171,c12,7,days_175_225,OVL-C0708
overlap,216,c12,7,days_175_225,OVL-C0708
overlap,227,c12,7,days_175_225,OVL-C0708
overlap,230,c12,7,days_175_225,OVL-C0708
overlap,277,c12,7,days_175_225,OVL-C0708
overlap,285,c12,7,days_175_225,OVL-C0708
overlap,318,c12,7,days_175_225,OVL-C0708
overlap,319,c12,7,days_175_225,OVL-C0708
overlap,321,c12,7,days_175_225,OVL-C0708
overlap,347,c12,7,days_175_225,OVL-C0708
overlap,355,c12,7,days_175_225,OVL-C0708
overlap,366,c12,7,days_175_225,OVL-C0708
overlap,386,c12,7,days_175_225,OVL-C0708
overlap,458,c12,7,days_175_225,OVL-C0708
overlap,481,c12,7,days_175_225,OVL-C0708
overlap,499,c12,7,days_175_225,OVL-C0708
overlap,558,c12,7,days_175_225,OVL-C0708
overlap,565,c12,7,days_175_225,OVL-C0708
overlap,577,c12,7,days_175_225,OVL-C0708
overlap,590,c12,7,days_175_225,OVL-C0708
overlap,600,c12,7,days_175_225,OVL-C0708
overlap,618,c12,7,days_175_225,OVL-C0708
overlap,672,c12,7,days_175_225,OVL-C0708
overlap,679,c12,7,days_175_225,OVL-C0708
overlap,684,c12,7,days_175_225,OVL-C0708
overlap,686,c12,7,days_175_225,OVL-C0708
overlap,704,c12,7,days_175_225,OVL-C0708
overlap,715,c12,7,days_175_225,OVL-C0708
overlap,723,c12,7,days_175_225,OVL-C0708
overlap,748,c12,7,days_175_225,OVL-C0708
overlap,758,c12,7,days_175_225,OVL-C0708
overlap,844,c12,7,days_175_225,OVL-C0708
overlap,918,c12,7,days_175_225,OVL-C0708
overlap,926,c12,7,days_175_225,OVL-C0708
overlap,931,c12,7,days_175_225,OVL-C0708
overlap,933,c12,7,days_175_225,OVL-C0708
overlap,956,c12,7,days_175_225,OVL-C0708
overlap,966,c12,7,days_175_225,OVL-C0708
overlap,972,c12,7,days_175_225,OVL-C0708
overlap,986,c12,7,days_175_225,OVL-C0708
overlap,2,c05,8,days_200_250,OVL-C0803
overlap,30,c05,8,days_200_250,OVL-C0803
overlap,37,c05,8,days_200_250,OVL-C0803
overlap,52,c05,8,days_200_250,OVL-C0803
overlap,74,c05,8,days_200_250,OVL-C0803
overlap,77,c05,8,days_200_250,OVL-C0803
overlap,104,c05,8,days_200_250,OVL-C0803
overlap,110,c05,8,days_200_250,OVL-C0803
overlap,111,c05,8,days_200_250,OVL-C0803
overlap,112,c05,8,days_200_250,OVL-C0803
overlap,119,c05,8,days_200_250,OVL-C0803
overlap,121,c05,8,days_200_250,OVL-C0803
overlap,126,c05,8,days_200_250,OVL-C0803
overlap,133,c05,8,days_200_250,OVL-C0803
overlap,166,c05,8,days_200_250,OVL-C0803
overlap,168,c05,8,days_200_250,OVL-C0803
overlap,182,c05,8,days_200_250,OVL-C0803
overlap,186,c05,8,days_200_250,OVL-C0803
overlap,204,c05,8,days_200_250,OVL-C0803
overlap,209,c05,8,days_200_250,OVL-C0803
overlap,232,c05,8,days_200_250,OVL-C0803
overlap,240,c05,8,days_200_250,OVL-C0803
overlap,256,c05,8,days_200_250,OVL-C0803
overlap,260,c05,8,days_200_250,OVL-C0803
overlap,266,c05,8,days_200_250,OVL-C0803
overlap,267,c05,8,days_200_250,OVL-C0803
overlap,287,c05,8,days_200_250,OVL-C0803
overlap,294,c05,8,days_200_250,OVL-C0803
overlap,305,c05,8,days_200_250,OVL-C0803
overlap,313,c05,8,days_200_250,OVL-C0803
overlap,326,c05,8,days_200_250,OVL-C0803
overlap,332,c05,8,days_200_250,OVL-C0803
overlap,340,c05,8,days_200_250,OVL-C0803
overlap,356,c05,8,days_200_250,OVL-C0803
overlap,392,c05,8,days_200_250,OVL-C0803
overlap,412,c05,8,days_200_250,OVL-C0803
overlap,416,c05,8,days_200_250,OVL-C0803
overlap,425,c05,8,days_200_250,OVL-C0803
overlap,435,c05,8,days_200_250,OVL-C0803
overlap,439,c05,8,days_200_250,OVL-C0803
overlap,447,c05,8,days_200_250,OVL-C0803
overlap,459,c05,8,days_200_250,OVL-C0803
overlap,465,c05,8,days_200_250,OVL-C0803
overlap,472,c05,8,days_200_250,OVL-C0803
overlap,478,c05,8,days_200_250,OVL-C0803
overlap,479,c05,8,days_200_250,OVL-C0803
overlap,500,c05,8,days_200_250,OVL-C0803
overlap,515,c05,8,days_200_250,OVL-C0803
overlap,517,c05,8,days_200_250,OVL-C0803
overlap,557,c05,8,days_200_250,OVL-C0803
overlap,573,c05,8,days_200_250,OVL-C0803
overlap,574,c05,8,days_200_250,OVL-C0803
overlap,575,c05,8,days_200_250,OVL-C0803
overlap,585,c05,8,days_200_250,OVL-C0803
overlap,586,c05,8,days_200_250,OVL-C0803
overlap,602,c05,8,days_200_250,OVL-C0803
overlap,648,c05,8,days_200_250,OVL-C0803
overlap,674,c05,8,days_200_250,OVL-C0803
overlap,677,c05,8,days_200_250,OVL-C0803
overlap,699,c05,8,days_200_250,OVL-C0803
overlap,700,c05,8,days_200_250,OVL-C0803
overlap,717,c05,8,days_200_250,OVL-C0803
overlap,730,c05,8,days_200_250,OVL-C0803
overlap,743,c05,8,days_200_250,OVL-C0803
overlap,759,c05,8,days_200_250,OVL-C0803
overlap,762,c05,8,days_200_250,OVL-C0803
overlap,765,c05,8,days_200_250,OVL-C0803
overlap,782,c05,8,days_200_250,OVL-C0803
overlap,790,c05,8,days_200_250,OVL-C0803
overlap,794,c05,8,days_200_250,OVL-C0803
overlap,803,c05,8,days_200_250,OVL-C0803
overlap,812,c05,8,days_200_250,OVL-C0803
overlap,814,c05,8,days_200_250,OVL-C0803
overlap,825,c05,8,days_200_250,OVL-C0803
overlap,845,c05,8,days_200_250,OVL-C0803
overlap,868,c05,8,days_200_250,OVL-C0803
overlap,885,c05,8,days_200_250,OVL-C0803
overlap,889,c05,8,days_200_250,OVL-C0803
overlap,908,c05,8,days_200_250,OVL-C0803
overlap,912,c05,8,days_200_250,OVL-C0803
overlap,948,c05,8,days_200_250,OVL-C0803
overlap,949,c05,8,days_200_250,OVL-C0803
overlap,984,c05,8,days_200_250,OVL-C0803
overlap,24,c07,8,days_200_250,OVL-C0807
overlap,35,c07,8,days_200_250,OVL-C0807
overlap,141,c07,8,days_200_250,OVL-C0807
overlap,160,c07,8,days_200_250,OVL-C0807
overlap,167,c07,8,days_200_250,OVL-C0807
overlap,181,c07,8,days_200_250,OVL-C0807
overlap,188,c07,8,days_200_250,OVL-C0807
overlap,190,c07,8,days_200_250,OVL-C0807
overlap,207,c07,8,days_200_250,OVL-C0807
overlap,241,c07,8,days_200_250,OVL-C0807
overlap,274,c07,8,days_200_250,OVL-C0807
overlap,280,c07,8,days_200_250,OVL-C0807
overlap,286,c07,8,days_200_250,OVL-C0807
overlap,288,c07,8,days_200_250,OVL-C0807
overlap,301,c07,8,days_200_250,OVL-C0807
overlap,353,c07,8,days_200_250,OVL-C0807
overlap,360,c07,8,days_200_250,OVL-C0807
overlap,373,c07,8,days_200_250,OVL-C0807
overlap,414,c07,8,days_200_250,OVL-C0807
overlap,421,c07,8,days_200_250,OVL-C0807
overlap,424,c07,8,days_200_250,OVL-C0807
overlap,445,c07,8,days_200_250,OVL-C0807
overlap,469,c07,8,days_200_250,OVL-C0807
overlap,493,c07,8,days_200_250,OVL-C0807
overlap,512,c07,8,days_200_250,OVL-C0807
overlap,526,c07,8,days_200_250,OVL-C0807
overlap,530,c07,8,days_200_250,OVL-C0807
overlap,547,c07,8,days_200_250,OVL-C0807
overlap,552,c07,8,days_200_250,OVL-C0807
overlap,561,c07,8,days_200_250,OVL-C0807
overlap,614,c07,8,days_200_250,OVL-C0807
overlap,629,c07,8,days_200_250,OVL-C0807
overlap,630,c07,8,days_200_250,OVL-C0807
overlap,631,c07,8,days_200_250,OVL-C0807
overlap,656,c07,8,days_200_250,OVL-C0807
overlap,658,c07,8,days_200_250,OVL-C0807
overlap,685,c07,8,days_200_250,OVL-C0807
overlap,795,c07,8,days_200_250,OVL-C0807
overlap,817,c07,8,days_200_250,OVL-C0807
overlap,838,c07,8,days_200_250,OVL-C0807
overlap,846,c07,8,days_200_250,OVL-C0807
overlap,847,c07,8,days_200_250,OVL-C0807
overlap,851,c07,8,days_200_250,OVL-C0807
overlap,891,c07,8,days_200_250,OVL-C0807
overlap,920,c07,8,days_200_250,OVL-C0807
overlap,954,c07,8,days_200_250,OVL-C0807
overlap,957,c07,8,days_200_250,OVL-C0807
overlap,978,c07,8,days_200_250,OVL-C0807
overlap,988,c07,8,days_200_250,OVL-C0807
overlap,28,c08,8,days_200_250,OVL-C0809
overlap,56,c08,8,days_200_250,OVL-C0809
overlap,68,c08,8,days_200_250,OVL-C0809
overlap,95,c08,8,days_200_250,OVL-C0809
overlap,231,c08,8,days_200_250,OVL-C0809
overlap,245,c08,8,days_200_250,OVL-C0809
overlap,251,c08,8,days_200_250,OVL-C0809
overlap,264,c08,8,days_200_250,OVL-C0809
overlap,269,c08,8,days_200_250,OVL-C0809
overlap,311,c08,8,days_200_250,OVL-C0809
overlap,329,c08,8,days_200_250,OVL-C0809
overlap,338,c08,8,days_200_250,OVL-C0809
overlap,361,c08,8,days_200_250,OVL-C0809
overlap,364,c08,8,days_200_250,OVL-C0809
overlap,427,c08,8,days_200_250,OVL-C0809
overlap,432,c08,8,days_200_250,OVL-C0809
overlap,433,c08,8,days_200_250,OVL-C0809
overlap,461,c08,8,days_200_250,OVL-C0809
overlap,480,c08,8,days_200_250,OVL-C0809
overlap,482,c08,8,days_200_250,OVL-C0809
overlap,511,c08,8,days_200_250,OVL-C0809
overlap,531,c08,8,days_200_250,OVL-C0809
overlap,540,c08,8,days_200_250,OVL-C0809
overlap,582,c08,8,days_200_250,OVL-C0809
overlap,588,c08,8,days_200_250,OVL-C0809
overlap,624,c08,8,days_200_250,OVL-C0809
overlap,641,c08,8,days_200_250,OVL-C0809
overlap,698,c08,8,days_200_250,OVL-C0809
overlap,733,c08,8,days_200_250,OVL-C0809
overlap,749,c08,8,days_200_250,OVL-C0809
overlap,764,c08,8,days_200_250,OVL-C0809
overlap,773,c08,8,days_200_250,OVL-C0809
overlap,789,c08,8,days_200_250,OVL-C0809
overlap,809,c08,8,days_200_250,OVL-C0809
overlap,819,c08,8,days_200_250,OVL-C0809
overlap,836,c08,8,days_200_250,OVL-C0809
overlap,840,c08,8,days_200_250,OVL-C0809
overlap,872,c08,8,days_200_250,OVL-C0809
overlap,873,c08,8,days_200_250,OVL-C0809
overlap,925,c08,8,days_200_250,OVL-C0809
overlap,955,c08,8,days_200_250,OVL-C0809
overlap,983,c08,8,days_200_250,OVL-C0809
overlap,987,c08,8,days_200_250,OVL-C0809
overlap,994,c08,8,days_200_250,OVL-C0809
overlap,25,c12,8,days_200_250,OVL-C0811
overlap,41,c12,8,days_200_250,OVL-C0811
overlap,48,c12,8,days_200_250,OVL-C0811
overlap,73,c12,8,days_200_250,OVL-C0811
overlap,216,c12,8,days_200_250,OVL-C0811
overlap,318,c12,8,days_200_250,OVL-C0811
overlap,319,c12,8,days_200_250,OVL-C0811
overlap,321,c12,8,days_200_250,OVL-C0811
overlap,386,c12,8,days_200_250,OVL-C0811
overlap,434,c12,8,days_200_250,OVL-C0811
overlap,458,c12,8,days_200_250,OVL-C0811
overlap,499,c12,8,days_200_250,OVL-C0811
overlap,558,c12,8,days_200_250,OVL-C0811
overlap,565,c12,8,days_200_250,OVL-C0811
overlap,600,c12,8,days_200_250,OVL-C0811
overlap,618,c12,8,days_200_250,OVL-C0811
overlap,672,c12,8,days_200_250,OVL-C0811
overlap,679,c12,8,days_200_250,OVL-C0811
overlap,684,c12,8,days_200_250,OVL-C0811
overlap,704,c12,8,days_200_250,OVL-C0811
overlap,723,c12,8,days_200_250,OVL-C0811
overlap,758,c12,8,days_200_250,OVL-C0811
overlap,844,c12,8,days_200_250,OVL-C0811
overlap,918,c12,8,days_200_250,OVL-C0811
overlap,956,c12,8,days_200_250,OVL-C0811
overlap,1002,c12,8,days_200_250,OVL-C0811
overlap,30,c05,9,days_225_275,OVL-C0903
overlap,37,c05,9,days_225_275,OVL-C0903
overlap,45,c05,9,days_225_275,OVL-C0903
overlap,52,c05,9,days_225_275,OVL-C0903
overlap,66,c05,9,days_225_275,OVL-C0903
overlap,74,c05,9,days_225_275,OVL-C0903
overlap,77,c05,9,days_225_275,OVL-C0903
overlap,80,c05,9,days_225_275,OVL-C0903
overlap,90,c05,9,days_225_275,OVL-C0903
overlap,94,c05,9,days_225_275,OVL-C0903
overlap,104,c05,9,days_225_275,OVL-C0903
overlap,110,c05,9,days_225_275,OVL-C0903
overlap,111,c05,9,days_225_275,OVL-C0903
overlap,112,c05,9,days_225_275,OVL-C0903
overlap,126,c05,9,days_225_275,OVL-C0903
overlap,133,c05,9,days_225_275,OVL-C0903
overlap,138,c05,9,days_225_275,OVL-C0903
overlap,166,c05,9,days_225_275,OVL-C0903
overlap,168,c05,9,days_225_275,OVL-C0903
overlap,186,c05,9,days_225_275,OVL-C0903
overlap,202,c05,9,days_225_275,OVL-C0903
overlap,204,c05,9,days_225_275,OVL-C0903
overlap,209,c05,9,days_225_275,OVL-C0903
overlap,227,c05,9,days_225_275,OVL-C0903
overlap,232,c05,9,days_225_275,OVL-C0903
overlap,240,c05,9,days_225_275,OVL-C0903
overlap,256,c05,9,days_225_275,OVL-C0903
overlap,260,c05,9,days_225_275,OVL-C0903
overlap,266,c05,9,days_225_275,OVL-C0903
overlap,267,c05,9,days_225_275,OVL-C0903
overlap,294,c05,9,days_225_275,OVL-C0903
overlap,305,c05,9,days_225_275,OVL-C0903
overlap,313,c05,9,days_225_275,OVL-C0903
overlap,332,c05,9,days_225_275,OVL-C0903
overlap,340,c05,9,days_225_275,OVL-C0903
overlap,356,c05,9,days_225_275,OVL-C0903
overlap,416,c05,9,days_225_275,OVL-C0903
overlap,425,c05,9,days_225_275,OVL-C0903
overlap,435,c05,9,days_225_275,OVL-C0903
overlap,439,c05,9,days_225_275,OVL-C0903
overlap,447,c05,9,days_225_275,OVL-C0903
overlap,459,c05,9,days_225_275,OVL-C0903
overlap,472,c05,9,days_225_275,OVL-C0903
overlap,478,c05,9,days_225_275,OVL-C0903
overlap,500,c05,9,days_225_275,OVL-C0903
overlap,517,c05,9,days_225_275,OVL-C0903
overlap,523,c05,9,days_225_275,OVL-C0903
overlap,539,c05,9,days_225_275,OVL-C0903
overlap,556,c05,9,days_225_275,OVL-C0903
overlap,557,c05,9,days_225_275,OVL-C0903
overlap,573,c05,9,days_225_275,OVL-C0903
overlap,574,c05,9,days_225_275,OVL-C0903
overlap,575,c05,9,days_225_275,OVL-C0903
overlap,585,c05,9,days_225_275,OVL-C0903
overlap,586,c05,9,days_225_275,OVL-C0903
overlap,602,c05,9,days_225_275,OVL-C0903
overlap,648,c05,9,days_225_275,OVL-C0903
overlap,674,c05,9,days_225_275,OVL-C0903
overlap,690,c05,9,days_225_275,OVL-C0903
overlap,699,c05,9,days_225_275,OVL-C0903
overlap,721,c05,9,days_225_275,OVL-C0903
overlap,730,c05,9,days_225_275,OVL-C0903
overlap,743,c05,9,days_225_275,OVL-C0903
overlap,759,c05,9,days_225_275,OVL-C0903
overlap,762,c05,9,days_225_275,OVL-C0903
overlap,765,c05,9,days_225_275,OVL-C0903
overlap,782,c05,9,days_225_275,OVL-C0903
overlap,803,c05,9,days_225_275,OVL-C0903
overlap,814,c05,9,days_225_275,OVL-C0903
overlap,825,c05,9,days_225_275,OVL-C0903
overlap,845,c05,9,days_225_275,OVL-C0903
overlap,868,c05,9,days_225_275,OVL-C0903
overlap,885,c05,9,days_225_275,OVL-C0903
overlap,908,c05,9,days_225_275,OVL-C0903
overlap,912,c05,9,days_225_275,OVL-C0903
overlap,946,c05,9,days_225_275,OVL-C0903
overlap,948,c05,9,days_225_275,OVL-C0903
overlap,949,c05,9,days_225_275,OVL-C0903
overlap,984,c05,9,days_225_275,OVL-C0903
overlap,24,c07,9,days_225_275,OVL-C0907
overlap,35,c07,9,days_225_275,OVL-C0907
overlap,141,c07,9,days_225_275,OVL-C0907
overlap,167,c07,9,days_225_275,OVL-C0907
overlap,181,c07,9,days_225_275,OVL-C0907
overlap,188,c07,9,days_225_275,OVL-C0907
overlap,190,c07,9,days_225_275,OVL-C0907
overlap,207,c07,9,days_225_275,OVL-C0907
overlap,239,c07,9,days_225_275,OVL-C0907
overlap,241,c07,9,days_225_275,OVL-C0907
overlap,274,c07,9,days_225_275,OVL-C0907
overlap,280,c07,9,days_225_275,OVL-C0907
overlap,286,c07,9,days_225_275,OVL-C0907
overlap,288,c07,9,days_225_275,OVL-C0907
overlap,301,c07,9,days_225_275,OVL-C0907
overlap,353,c07,9,days_225_275,OVL-C0907
overlap,360,c07,9,days_225_275,OVL-C0907
overlap,373,c07,9,days_225_275,OVL-C0907
overlap,414,c07,9,days_225_275,OVL-C0907
overlap,421,c07,9,days_225_275,OVL-C0907
overlap,424,c07,9,days_225_275,OVL-C0907
overlap,445,c07,9,days_225_275,OVL-C0907
overlap,453,c07,9,days_225_275,OVL-C0907
overlap,469,c07,9,days_225_275,OVL-C0907
overlap,493,c07,9,days_225_275,OVL-C0907
overlap,511,c07,9,days_225_275,OVL-C0907
overlap,512,c07,9,days_225_275,OVL-C0907
overlap,526,c07,9,days_225_275,OVL-C0907
overlap,530,c07,9,days_225_275,OVL-C0907
overlap,547,c07,9,days_225_275,OVL-C0907
overlap,552,c07,9,days_225_275,OVL-C0907
overlap,561,c07,9,days_225_275,OVL-C0907
overlap,614,c07,9,days_225_275,OVL-C0907
overlap,629,c07,9,days_225_275,OVL-C0907
overlap,630,c07,9,days_225_275,OVL-C0907
overlap,631,c07,9,days_225_275,OVL-C0907
overlap,643,c07,9,days_225_275,OVL-C0907
overlap,656,c07,9,days_225_275,OVL-C0907
overlap,658,c07,9,days_225_275,OVL-C0907
overlap,685,c07,9,days_225_275,OVL-C0907
overlap,795,c07,9,days_225_275,OVL-C0907
overlap,817,c07,9,days_225_275,OVL-C0907
overlap,824,c07,9,days_225_275,OVL-C0907
overlap,846,c07,9,days_225_275,OVL-C0907
overlap,847,c07,9,days_225_275,OVL-C0907
overlap,851,c07,9,days_225_275,OVL-C0907
overlap,891,c07,9,days_225_275,OVL-C0907
overlap,902,c07,9,days_225_275,OVL-C0907
overlap,920,c07,9,days_225_275,OVL-C0907
overlap,951,c07,9,days_225_275,OVL-C0907
overlap,954,c07,9,days_225_275,OVL-C0907
overlap,957,c07,9,days_225_275,OVL-C0907
overlap,964,c07,9,days_225_275,OVL-C0907
overlap,978,c07,9,days_225_275,OVL-C0907
overlap,988,c07,9,days_225_275,OVL-C0907
overlap,28,c08,9,days_225_275,OVL-C0909
overlap,56,c08,9,days_225_275,OVL-C0909
overlap,68,c08,9,days_225_275,OVL-C0909
overlap,95,c08,9,days_225_275,OVL-C0909
overlap,231,c08,9,days_225_275,OVL-C0909
overlap,245,c08,9,days_225_275,OVL-C0909
overlap,251,c08,9,days_225_275,OVL-C0909
overlap,264,c08,9,days_225_275,OVL-C0909
overlap,311,c08,9,days_225_275,OVL-C0909
overlap,338,c08,9,days_225_275,OVL-C0909
overlap,361,c08,9,days_225_275,OVL-C0909
overlap,364,c08,9,days_225_275,OVL-C0909
overlap,427,c08,9,days_225_275,OVL-C0909
overlap,432,c08,9,days_225_275,OVL-C0909
overlap,433,c08,9,days_225_275,OVL-C0909
overlap,448,c08,9,days_225_275,OVL-C0909
overlap,461,c08,9,days_225_275,OVL-C0909
overlap,480,c08,9,days_225_275,OVL-C0909
overlap,482,c08,9,days_225_275,OVL-C0909
overlap,531,c08,9,days_225_275,OVL-C0909
overlap,540,c08,9,days_225_275,OVL-C0909
overlap,582,c08,9,days_225_275,OVL-C0909
overlap,596,c08,9,days_225_275,OVL-C0909
overlap,641,c08,9,days_225_275,OVL-C0909
overlap,697,c08,9,days_225_275,OVL-C0909
overlap,698,c08,9,days_225_275,OVL-C0909
overlap,736,c08,9,days_225_275,OVL-C0909
overlap,749,c08,9,days_225_275,OVL-C0909
overlap,764,c08,9,days_225_275,OVL-C0909
overlap,773,c08,9,days_225_275,OVL-C0909
overlap,789,c08,9,days_225_275,OVL-C0909
overlap,809,c08,9,days_225_275,OVL-C0909
overlap,840,c08,9,days_225_275,OVL-C0909
overlap,855,c08,9,days_225_275,OVL-C0909
overlap,872,c08,9,days_225_275,OVL-C0909
overlap,873,c08,9,days_225_275,OVL-C0909
overlap,925,c08,9,days_225_275,OVL-C0909
overlap,955,c08,9,days_225_275,OVL-C0909
overlap,983,c08,9,days_225_275,OVL-C0909
overlap,987,c08,9,days_225_275,OVL-C0909
overlap,994,c08,9,days_225_275,OVL-C0909
overlap,25,c12,9,days_225_275,OVL-C0911
overlap,41,c12,9,days_225_275,OVL-C0911
overlap,48,c12,9,days_225_275,OVL-C0911
overlap,73,c12,9,days_225_275,OVL-C0911
overlap,216,c12,9,days_225_275,OVL-C0911
overlap,318,c12,9,days_225_275,OVL-C0911
overlap,319,c12,9,days_225_275,OVL-C0911
overlap,321,c12,9,days_225_275,OVL-C0911
overlap,366,c12,9,days_225_275,OVL-C0911
overlap,386,c12,9,days_225_275,OVL-C0911
overlap,434,c12,9,days_225_275,OVL-C0911
overlap,458,c12,9,days_225_275,OVL-C0911
overlap,481,c12,9,days_225_275,OVL-C0911
overlap,499,c12,9,days_225_275,OVL-C0911
overlap,558,c12,9,days_225_275,OVL-C0911
overlap,565,c12,9,days_225_275,OVL-C0911
overlap,600,c12,9,days_225_275,OVL-C0911
overlap,618,c12,9,days_225_275,OVL-C0911
overlap,672,c12,9,days_225_275,OVL-C0911
overlap,679,c12,9,days_225_275,OVL-C0911
overlap,684,c12,9,days_225_275,OVL-C0911
overlap,704,c12,9,days_225_275,OVL-C0911
overlap,723,c12,9,days_225_275,OVL-C0911
overlap,758,c12,9,days_225_275,OVL-C0911
overlap,844,c12,9,days_225_275,OVL-C0911
overlap,918,c12,9,days_225_275,OVL-C0911
overlap,956,c12,9,days_225_275,OVL-C0911
overlap,1002,c12,9,days_225_275,OVL-C0911
overlap,4,c02,10,days_250_300,OVL-C1008
overlap,82,c02,10,days_250_300,OVL-C1008
overlap,83,c02,10,days_250_300,OVL-C1008
overlap,86,c02,10,days_250_300,OVL-C1008
overlap,135,c02,10,days_250_300,OVL-C1008
overlap,137,c02,10,days_250_300,OVL-C1008
overlap,152,c02,10,days_250_300,OVL-C1008
overlap,170,c02,10,days_250_300,OVL-C1008
overlap,229,c02,10,days_250_300,OVL-C1008
overlap,273,c02,10,days_250_300,OVL-C1008
overlap,292,c02,10,days_250_300,OVL-C1008
overlap,304,c02,10,days_250_300,OVL-C1008
overlap,306,c02,10,days_250_300,OVL-C1008
overlap,315,c02,10,days_250_300,OVL-C1008
overlap,371,c02,10,days_250_300,OVL-C1008
overlap,400,c02,10,days_250_300,OVL-C1008
overlap,405,c02,10,days_250_300,OVL-C1008
overlap,441,c02,10,days_250_300,OVL-C1008
overlap,443,c02,10,days_250_300,OVL-C1008
overlap,456,c02,10,days_250_300,OVL-C1008
overlap,523,c02,10,days_250_300,OVL-C1008
overlap,570,c02,10,days_250_300,OVL-C1008
overlap,581,c02,10,days_250_300,OVL-C1008
overlap,587,c02,10,days_250_300,OVL-C1008
overlap,626,c02,10,days_250_300,OVL-C1008
overlap,628,c02,10,days_250_300,OVL-C1008
overlap,659,c02,10,days_250_300,OVL-C1008
overlap,677,c02,10,days_250_300,OVL-C1008
overlap,703,c02,10,days_250_300,OVL-C1008
overlap,720,c02,10,days_250_300,OVL-C1008
overlap,742,c02,10,days_250_300,OVL-C1008
overlap,757,c02,10,days_250_300,OVL-C1008
overlap,769,c02,10,days_250_300,OVL-C1008
overlap,771,c02,10,days_250_300,OVL-C1008
overlap,784,c02,10,days_250_300,OVL-C1008
overlap,835,c02,10,days_250_300,OVL-C1008
overlap,863,c02,10,days_250_300,OVL-C1008
overlap,870,c02,10,days_250_300,OVL-C1008
overlap,901,c02,10,days_250_300,OVL-C1008
overlap,932,c02,10,days_250_300,OVL-C1008
overlap,936,c02,10,days_250_300,OVL-C1008
overlap,942,c02,10,days_250_300,OVL-C1008
overlap,993,c02,10,days_250_300,OVL-C1008
overlap,2,c05,10,days_250_300,OVL-C1003
overlap,30,c05,10,days_250_300,OVL-C1003
overlap,37,c05,10,days_250_300,OVL-C1003
overlap,43,c05,10,days_250_300,OVL-C1003
overlap,45,c05,10,days_250_300,OVL-C1003
overlap,52,c05,10,days_250_300,OVL-C1003
overlap,66,c05,10,days_250_300,OVL-C1003
overlap,74,c05,10,days_250_300,OVL-C1003
overlap,77,c05,10,days_250_300,OVL-C1003
overlap,94,c05,10,days_250_300,OVL-C1003
overlap,104,c05,10,days_250_300,OVL-C1003
overlap,110,c05,10,days_250_300,OVL-C1003
overlap,111,c05,10,days_250_300,OVL-C1003
overlap,115,c05,10,days_250_300,OVL-C1003
overlap,119,c05,10,days_250_300,OVL-C1003
overlap,126,c05,10,days_250_300,OVL-C1003
overlap,133,c05,10,days_250_300,OVL-C1003
overlap,138,c05,10,days_250_300,OVL-C1003
overlap,166,c05,10,days_250_300,OVL-C1003
overlap,168,c05,10,days_250_300,OVL-C1003
overlap,209,c05,10,days_250_300,OVL-C1003
overlap,227,c05,10,days_250_300,OVL-C1003
overlap,232,c05,10,days_250_300,OVL-C1003
overlap,256,c05,10,days_250_300,OVL-C1003
overlap,260,c05,10,days_250_300,OVL-C1003
overlap,266,c05,10,days_250_300,OVL-C1003
overlap,294,c05,10,days_250_300,OVL-C1003
overlap,305,c05,10,days_250_300,OVL-C1003
overlap,313,c05,10,days_250_300,OVL-C1003
overlap,332,c05,10,days_250_300,OVL-C1003
overlap,340,c05,10,days_250_300,OVL-C1003
overlap,356,c05,10,days_250_300,OVL-C1003
overlap,416,c05,10,days_250_300,OVL-C1003
overlap,425,c05,10,days_250_300,OVL-C1003
overlap,435,c05,10,days_250_300,OVL-C1003
overlap,439,c05,10,days_250_300,OVL-C1003
overlap,447,c05,10,days_250_300,OVL-C1003
overlap,465,c05,10,days_250_300,OVL-C1003
overlap,472,c05,10,days_250_300,OVL-C1003
overlap,500,c05,10,days_250_300,OVL-C1003
overlap,515,c05,10,days_250_300,OVL-C1003
overlap,539,c05,10,days_250_300,OVL-C1003
overlap,556,c05,10,days_250_300,OVL-C1003
overlap,557,c05,10,days_250_300,OVL-C1003
overlap,573,c05,10,days_250_300,OVL-C1003
overlap,574,c05,10,days_250_300,OVL-C1003
overlap,575,c05,10,days_250_300,OVL-C1003
overlap,586,c05,10,days_250_300,OVL-C1003
overlap,602,c05,10,days_250_300,OVL-C1003
overlap,648,c05,10,days_250_300,OVL-C1003
overlap,661,c05,10,days_250_300,OVL-C1003
overlap,674,c05,10,days_250_300,OVL-C1003
overlap,699,c05,10,days_250_300,OVL-C1003
overlap,700,c05,10,days_250_300,OVL-C1003
overlap,721,c05,10,days_250_300,OVL-C1003
overlap,730,c05,10,days_250_300,OVL-C1003
overlap,743,c05,10,days_250_300,OVL-C1003
overlap,759,c05,10,days_250_300,OVL-C1003
overlap,762,c05,10,days_250_300,OVL-C1003
overlap,765,c05,10,days_250_300,OVL-C1003
overlap,768,c05,10,days_250_300,OVL-C1003
overlap,782,c05,10,days_250_300,OVL-C1003
overlap,790,c05,10,days_250_300,OVL-C1003
overlap,812,c05,10,days_250_300,OVL-C1003
overlap,814,c05,10,days_250_300,OVL-C1003
overlap,868,c05,10,days_250_300,OVL-C1003
overlap,885,c05,10,days_250_300,OVL-C1003
overlap,889,c05,10,days_250_300,OVL-C1003
overlap,908,c05,10,days_250_300,OVL-C1003
overlap,912,c05,10,days_250_300,OVL-C1003
overlap,946,c05,10,days_250_300,OVL-C1003
overlap,948,c05,10,days_250_300,OVL-C1003
overlap,949,c05,10,days_250_300,OVL-C1003
overlap,966,c05,10,days_250_300,OVL-C1003
overlap,984,c05,10,days_250_300,OVL-C1003
overlap,24,c07,10,days_250_300,OVL-C1005
overlap,35,c07,10,days_250_300,OVL-C1005
overlap,42,c07,10,days_250_300,OVL-C1005
overlap,95,c07,10,days_250_300,OVL-C1005
overlap,141,c07,10,days_250_300,OVL-C1005
overlap,160,c07,10,days_250_300,OVL-C1005
overlap,167,c07,10,days_250_300,OVL-C1005
overlap,181,c07,10,days_250_300,OVL-C1005
overlap,188,c07,10,days_250_300,OVL-C1005
overlap,190,c07,10,days_250_300,OVL-C1005
overlap,194,c07,10,days_250_300,OVL-C1005
overlap,207,c07,10,days_250_300,OVL-C1005
overlap,235,c07,10,days_250_300,OVL-C1005
overlap,239,c07,10,days_250_300,OVL-C1005
overlap,241,c07,10,days_250_300,OVL-C1005
overlap,274,c07,10,days_250_300,OVL-C1005
overlap,280,c07,10,days_250_300,OVL-C1005
overlap,288,c07,10,days_250_300,OVL-C1005
overlap,301,c07,10,days_250_300,OVL-C1005
overlap,353,c07,10,days_250_300,OVL-C1005
overlap,360,c07,10,days_250_300,OVL-C1005
overlap,373,c07,10,days_250_300,OVL-C1005
overlap,414,c07,10,days_250_300,OVL-C1005
overlap,421,c07,10,days_250_300,OVL-C1005
overlap,424,c07,10,days_250_300,OVL-C1005
overlap,445,c07,10,days_250_300,OVL-C1005
overlap,453,c07,10,days_250_300,OVL-C1005
overlap,469,c07,10,days_250_300,OVL-C1005
overlap,493,c07,10,days_250_300,OVL-C1005
overlap,512,c07,10,days_250_300,OVL-C1005
overlap,526,c07,10,days_250_300,OVL-C1005
overlap,530,c07,10,days_250_300,OVL-C1005
overlap,547,c07,10,days_250_300,OVL-C1005
overlap,552,c07,10,days_250_300,OVL-C1005
overlap,561,c07,10,days_250_300,OVL-C1005
overlap,598,c07,10,days_250_300,OVL-C1005
overlap,614,c07,10,days_250_300,OVL-C1005
overlap,629,c07,10,days_250_300,OVL-C1005
overlap,630,c07,10,days_250_300,OVL-C1005
overlap,631,c07,10,days_250_300,OVL-C1005
overlap,643,c07,10,days_250_300,OVL-C1005
overlap,656,c07,10,days_250_300,OVL-C1005
overlap,658,c07,10,days_250_300,OVL-C1005
overlap,678,c07,10,days_250_300,OVL-C1005
overlap,681,c07,10,days_250_300,OVL-C1005
overlap,685,c07,10,days_250_300,OVL-C1005
overlap,696,c07,10,days_250_300,OVL-C1005
overlap,795,c07,10,days_250_300,OVL-C1005
overlap,817,c07,10,days_250_300,OVL-C1005
overlap,824,c07,10,days_250_300,OVL-C1005
overlap,841,c07,10,days_250_300,OVL-C1005
overlap,846,c07,10,days_250_300,OVL-C1005
overlap,847,c07,10,days_250_300,OVL-C1005
overlap,851,c07,10,days_250_300,OVL-C1005
overlap,891,c07,10,days_250_300,OVL-C1005
overlap,902,c07,10,days_250_300,OVL-C1005
overlap,920,c07,10,days_250_300,OVL-C1005
overlap,951,c07,10,days_250_300,OVL-C1005
overlap,954,c07,10,days_250_300,OVL-C1005
overlap,957,c07,10,days_250_300,OVL-C1005
overlap,964,c07,10,days_250_300,OVL-C1005
overlap,978,c07,10,days_250_300,OVL-C1005
overlap,988,c07,10,days_250_300,OVL-C1005
overlap,28,c08,10,days_250_300,OVL-C1009
overlap,56,c08,10,days_250_300,OVL-C1009
overlap,68,c08,10,days_250_300,OVL-C1009
overlap,231,c08,10,days_250_300,OVL-C1009
overlap,245,c08,10,days_250_300,OVL-C1009
overlap,264,c08,10,days_250_300,OVL-C1009
overlap,311,c08,10,days_250_300,OVL-C1009
overlap,338,c08,10,days_250_300,OVL-C1009
overlap,361,c08,10,days_250_300,OVL-C1009
overlap,364,c08,10,days_250_300,OVL-C1009
overlap,427,c08,10,days_250_300,OVL-C1009
overlap,432,c08,10,days_250_300,OVL-C1009
overlap,433,c08,10,days_250_300,OVL-C1009
overlap,480,c08,10,days_250_300,OVL-C1009
overlap,482,c08,10,days_250_300,OVL-C1009
overlap,497,c08,10,days_250_300,OVL-C1009
overlap,531,c08,10,days_250_300,OVL-C1009
overlap,540,c08,10,days_250_300,OVL-C1009
overlap,582,c08,10,days_250_300,OVL-C1009
overlap,624,c08,10,days_250_300,OVL-C1009
overlap,641,c08,10,days_250_300,OVL-C1009
overlap,697,c08,10,days_250_300,OVL-C1009
overlap,698,c08,10,days_250_300,OVL-C1009
overlap,736,c08,10,days_250_300,OVL-C1009
overlap,764,c08,10,days_250_300,OVL-C1009
overlap,773,c08,10,days_250_300,OVL-C1009
overlap,809,c08,10,days_250_300,OVL-C1009
overlap,830,c08,10,days_250_300,OVL-C1009
overlap,840,c08,10,days_250_300,OVL-C1009
overlap,855,c08,10,days_250_300,OVL-C1009
overlap,872,c08,10,days_250_300,OVL-C1009
overlap,873,c08,10,days_250_300,OVL-C1009
overlap,925,c08,10,days_250_300,OVL-C1009
overlap,955,c08,10,days_250_300,OVL-C1009
overlap,987,c08,10,days_250_300,OVL-C1009
overlap,994,c08,10,days_250_300,OVL-C1009
overlap,25,c12,10,days_250_300,OVL-C1012
overlap,41,c12,10,days_250_300,OVL-C1012
overlap,48,c12,10,days_250_300,OVL-C1012
overlap,73,c12,10,days_250_300,OVL-C1012
overlap,85,c12,10,days_250_300,OVL-C1012
overlap,91,c12,10,days_250_300,OVL-C1012
overlap,216,c12,10,days_250_300,OVL-C1012
overlap,318,c12,10,days_250_300,OVL-C1012
overlap,319,c12,10,days_250_300,OVL-C1012
overlap,321,c12,10,days_250_300,OVL-C1012
overlap,386,c12,10,days_250_300,OVL-C1012
overlap,458,c12,10,days_250_300,OVL-C1012
overlap,481,c12,10,days_250_300,OVL-C1012
overlap,499,c12,10,days_250_300,OVL-C1012
overlap,558,c12,10,days_250_300,OVL-C1012
overlap,565,c12,10,days_250_300,OVL-C1012
overlap,600,c12,10,days_250_300,OVL-C1012
overlap,618,c12,10,days_250_300,OVL-C1012
overlap,672,c12,10,days_250_300,OVL-C1012
overlap,673,c12,10,days_250_300,OVL-C1012
overlap,679,c12,10,days_250_300,OVL-C1012
overlap,684,c12,10,days_250_300,OVL-C1012
overlap,704,c12,10,days_250_300,OVL-C1012
overlap,723,c12,10,days_250_300,OVL-C1012
overlap,758,c12,10,days_250_300,OVL-C1012
overlap,844,c12,10,days_250_300,OVL-C1012
overlap,918,c12,10,days_250_300,OVL-C1012
overlap,956,c12,10,days_250_300,OVL-C1012
overlap,1002,c12,10,days_250_300,OVL-C1012
overlap,4,c02,11,days_275_325,OVL-C1106
overlap,46,c02,11,days_275_325,OVL-C1106
overlap,72,c02,11,days_275_325,OVL-C1106
overlap,82,c02,11,days_275_325,OVL-C1106
overlap,83,c02,11,days_275_325,OVL-C1106
overlap,86,c02,11,days_275_325,OVL-C1106
overlap,135,c02,11,days_275_325,OVL-C1106
overlap,137,c02,11,days_275_325,OVL-C1106
overlap,152,c02,11,days_275_325,OVL-C1106
overlap,170,c02,11,days_275_325,OVL-C1106
overlap,194,c02,11,days_275_325,OVL-C1106
overlap,203,c02,11,days_275_325,OVL-C1106
overlap,211,c02,11,days_275_325,OVL-C1106
overlap,229,c02,11,days_275_325,OVL-C1106
overlap,292,c02,11,days_275_325,OVL-C1106
overlap,304,c02,11,days_275_325,OVL-C1106
overlap,306,c02,11,days_275_325,OVL-C1106
overlap,315,c02,11,days_275_325,OVL-C1106
overlap,317,c02,11,days_275_325,OVL-C1106
overlap,348,c02,11,days_275_325,OVL-C1106
overlap,371,c02,11,days_275_325,OVL-C1106
overlap,374,c02,11,days_275_325,OVL-C1106
overlap,400,c02,11,days_275_325,OVL-C1106
overlap,405,c02,11,days_275_325,OVL-C1106
overlap,441,c02,11,days_275_325,OVL-C1106
overlap,443,c02,11,days_275_325,OVL-C1106
overlap,483,c02,11,days_275_325,OVL-C1106
overlap,523,c02,11,days_275_325,OVL-C1106
overlap,533,c02,11,days_275_325,OVL-C1106
overlap,581,c02,11,days_275_325,OVL-C1106
overlap,626,c02,11,days_275_325,OVL-C1106
overlap,628,c02,11,days_275_325,OVL-C1106
overlap,659,c02,11,days_275_325,OVL-C1106
overlap,662,c02,11,days_275_325,OVL-C1106
overlap,677,c02,11,days_275_325,OVL-C1106
overlap,697,c02,11,days_275_325,OVL-C1106
overlap,703,c02,11,days_275_325,OVL-C1106
overlap,736,c02,11,days_275_325,OVL-C1106
overlap,742,c02,11,days_275_325,OVL-C1106
overlap,757,c02,11,days_275_325,OVL-C1106
overlap,769,c02,11,days_275_325,OVL-C1106
overlap,771,c02,11,days_275_325,OVL-C1106
overlap,784,c02,11,days_275_325,OVL-C1106
overlap,835,c02,11,days_275_325,OVL-C1106
overlap,855,c02,11,days_275_325,OVL-C1106
overlap,863,c02,11,days_275_325,OVL-C1106
overlap,870,c02,11,days_275_325,OVL-C1106
overlap,901,c02,11,days_275_325,OVL-C1106
overlap,932,c02,11,days_275_325,OVL-C1106
overlap,936,c02,11,days_275_325,OVL-C1106
overlap,942,c02,11,days_275_325,OVL-C1106
overlap,993,c02,11,days_275_325,OVL-C1106
overlap,2,c05,11,days_275_325,OVL-C1103
overlap,30,c05,11,days_275_325,OVL-C1103
overlap,37,c05,11,days_275_325,OVL-C1103
overlap,43,c05,11,days_275_325,OVL-C1103
overlap,45,c05,11,days_275_325,OVL-C1103
overlap,52,c05,11,days_275_325,OVL-C1103
overlap,66,c05,11,days_275_325,OVL-C1103
overlap,74,c05,11,days_275_325,OVL-C1103
overlap,77,c05,11,days_275_325,OVL-C1103
overlap,91,c05,11,days_275_325,OVL-C1103
overlap,104,c05,11,days_275_325,OVL-C1103
overlap,110,c05,11,days_275_325,OVL-C1103
overlap,111,c05,11,days_275_325,OVL-C1103
overlap,112,c05,11,days_275_325,OVL-C1103
overlap,119,c05,11,days_275_325,OVL-C1103
overlap,126,c05,11,days_275_325,OVL-C1103
overlap,133,c05,11,days_275_325,OVL-C1103
overlap,166,c05,11,days_275_325,OVL-C1103
overlap,168,c05,11,days_275_325,OVL-C1103
overlap,176,c05,11,days_275_325,OVL-C1103
overlap,209,c05,11,days_275_325,OVL-C1103
overlap,227,c05,11,days_275_325,OVL-C1103
overlap,232,c05,11,days_275_325,OVL-C1103
overlap,235,c05,11,days_275_325,OVL-C1103
overlap,256,c05,11,days_275_325,OVL-C1103
overlap,260,c05,11,days_275_325,OVL-C1103
overlap,266,c05,11,days_275_325,OVL-C1103
overlap,294,c05,11,days_275_325,OVL-C1103
overlap,305,c05,11,days_275_325,OVL-C1103
overlap,313,c05,11,days_275_325,OVL-C1103
overlap,318,c05,11,days_275_325,OVL-C1103
overlap,326,c05,11,days_275_325,OVL-C1103
overlap,332,c05,11,days_275_325,OVL-C1103
overlap,340,c05,11,days_275_325,OVL-C1103
overlap,356,c05,11,days_275_325,OVL-C1103
overlap,416,c05,11,days_275_325,OVL-C1103
overlap,425,c05,11,days_275_325,OVL-C1103
overlap,435,c05,11,days_275_325,OVL-C1103
overlap,439,c05,11,days_275_325,OVL-C1103
overlap,447,c05,11,days_275_325,OVL-C1103
overlap,465,c05,11,days_275_325,OVL-C1103
overlap,472,c05,11,days_275_325,OVL-C1103
overlap,490,c05,11,days_275_325,OVL-C1103
overlap,500,c05,11,days_275_325,OVL-C1103
overlap,517,c05,11,days_275_325,OVL-C1103
overlap,556,c05,11,days_275_325,OVL-C1103
overlap,557,c05,11,days_275_325,OVL-C1103
overlap,573,c05,11,days_275_325,OVL-C1103
overlap,574,c05,11,days_275_325,OVL-C1103
overlap,575,c05,11,days_275_325,OVL-C1103
overlap,586,c05,11,days_275_325,OVL-C1103
overlap,598,c05,11,days_275_325,OVL-C1103
overlap,602,c05,11,days_275_325,OVL-C1103
overlap,648,c05,11,days_275_325,OVL-C1103
overlap,674,c05,11,days_275_325,OVL-C1103
overlap,700,c05,11,days_275_325,OVL-C1103
overlap,721,c05,11,days_275_325,OVL-C1103
overlap,730,c05,11,days_275_325,OVL-C1103
overlap,743,c05,11,days_275_325,OVL-C1103
overlap,759,c05,11,days_275_325,OVL-C1103
overlap,762,c05,11,days_275_325,OVL-C1103
overlap,765,c05,11,days_275_325,OVL-C1103
overlap,768,c05,11,days_275_325,OVL-C1103
overlap,782,c05,11,days_275_325,OVL-C1103
overlap,790,c05,11,days_275_325,OVL-C1103
overlap,803,c05,11,days_275_325,OVL-C1103
overlap,812,c05,11,days_275_325,OVL-C1103
overlap,814,c05,11,days_275_325,OVL-C1103
overlap,868,c05,11,days_275_325,OVL-C1103
overlap,880,c05,11,days_275_325,OVL-C1103
overlap,885,c05,11,days_275_325,OVL-C1103
overlap,889,c05,11,days_275_325,OVL-C1103
overlap,908,c05,11,days_275_325,OVL-C1103
overlap,912,c05,11,days_275_325,OVL-C1103
overlap,946,c05,11,days_275_325,OVL-C1103
overlap,948,c05,11,days_275_325,OVL-C1103
overlap,949,c05,11,days_275_325,OVL-C1103
overlap,966,c05,11,days_275_325,OVL-C1103
overlap,984,c05,11,days_275_325,OVL-C1103
overlap,35,c07,11,days_275_325,OVL-C1110
overlap,141,c07,11,days_275_325,OVL-C1110
overlap,167,c07,11,days_275_325,OVL-C1110
overlap,181,c07,11,days_275_325,OVL-C1110
overlap,188,c07,11,days_275_325,OVL-C1110
overlap,190,c07,11,days_275_325,OVL-C1110
overlap,207,c07,11,days_275_325,OVL-C1110
overlap,241,c07,11,days_275_325,OVL-C1110
overlap,274,c07,11,days_275_325,OVL-C1110
overlap,281,c07,11,days_275_325,OVL-C1110
overlap,301,c07,11,days_275_325,OVL-C1110
overlap,373,c07,11,days_275_325,OVL-C1110
overlap,421,c07,11,days_275_325,OVL-C1110
overlap,424,c07,11,days_275_325,OVL-C1110
overlap,469,c07,11,days_275_325,OVL-C1110
overlap,512,c07,11,days_275_325,OVL-C1110
overlap,547,c07,11,days_275_325,OVL-C1110
overlap,552,c07,11,days_275_325,OVL-C1110
overlap,614,c07,11,days_275_325,OVL-C1110
overlap,656,c07,11,days_275_325,OVL-C1110
overlap,795,c07,11,days_275_325,OVL-C1110
overlap,817,c07,11,days_275_325,OVL-C1110
overlap,841,c07,11,days_275_325,OVL-C1110
overlap,847,c07,11,days_275_325,OVL-C1110
overlap,851,c07,11,days_275_325,OVL-C1110
overlap,905,c07,11,days_275_325,OVL-C1110
overlap,920,c07,11,days_275_325,OVL-C1110
overlap,954,c07,11,days_275_325,OVL-C1110
overlap,957,c07,11,days_275_325,OVL-C1110
overlap,978,c07,11,days_275_325,OVL-C1110
overlap,988,c07,11,days_275_325,OVL-C1110
overlap,28,c08,11,days_275_325,OVL-C1109
overlap,56,c08,11,days_275_325,OVL-C1109
overlap,68,c08,11,days_275_325,OVL-C1109
overlap,95,c08,11,days_275_325,OVL-C1109
overlap,186,c08,11,days_275_325,OVL-C1109
overlap,226,c08,11,days_275_325,OVL-C1109
overlap,231,c08,11,days_275_325,OVL-C1109
overlap,245,c08,11,days_275_325,OVL-C1109
overlap,251,c08,11,days_275_325,OVL-C1109
overlap,264,c08,11,days_275_325,OVL-C1109
overlap,311,c08,11,days_275_325,OVL-C1109
overlap,329,c08,11,days_275_325,OVL-C1109
overlap,338,c08,11,days_275_325,OVL-C1109
overlap,361,c08,11,days_275_325,OVL-C1109
overlap,364,c08,11,days_275_325,OVL-C1109
overlap,427,c08,11,days_275_325,OVL-C1109
overlap,432,c08,11,days_275_325,OVL-C1109
overlap,433,c08,11,days_275_325,OVL-C1109
overlap,448,c08,11,days_275_325,OVL-C1109
overlap,480,c08,11,days_275_325,OVL-C1109
overlap,482,c08,11,days_275_325,OVL-C1109
overlap,497,c08,11,days_275_325,OVL-C1109
overlap,531,c08,11,days_275_325,OVL-C1109
overlap,540,c08,11,days_275_325,OVL-C1109
overlap,582,c08,11,days_275_325,OVL-C1109
overlap,606,c08,11,days_275_325,OVL-C1109
overlap,624,c08,11,days_275_325,OVL-C1109
overlap,641,c08,11,days_275_325,OVL-C1109
overlap,698,c08,11,days_275_325,OVL-C1109
overlap,764,c08,11,days_275_325,OVL-C1109
overlap,773,c08,11,days_275_325,OVL-C1109
overlap,789,c08,11,days_275_325,OVL-C1109
overlap,809,c08,11,days_275_325,OVL-C1109
overlap,819,c08,11,days_275_325,OVL-C1109
overlap,840,c08,11,days_275_325,OVL-C1109
overlap,872,c08,11,days_275_325,OVL-C1109
overlap,873,c08,11,days_275_325,OVL-C1109
overlap,925,c08,11,days_275_325,OVL-C1109
overlap,955,c08,11,days_275_325,OVL-C1109
overlap,987,c08,11,days_275_325,OVL-C1109
overlap,994,c08,11,days_275_325,OVL-C1109
overlap,25,c12,11,days_275_325,OVL-C1111
overlap,41,c12,11,days_275_325,OVL-C1111
overlap,48,c12,11,days_275_325,OVL-C1111
overlap,73,c12,11,days_275_325,OVL-C1111
overlap,85,c12,11,days_275_325,OVL-C1111
overlap,216,c12,11,days_275_325,OVL-C1111
overlap,319,c12,11,days_275_325,OVL-C1111
overlap,321,c12,11,days_275_325,OVL-C1111
overlap,366,c12,11,days_275_325,OVL-C1111
overlap,386,c12,11,days_275_325,OVL-C1111
overlap,434,c12,11,days_275_325,OVL-C1111
overlap,458,c12,11,days_275_325,OVL-C1111
overlap,481,c12,11,days_275_325,OVL-C1111
overlap,499,c12,11,days_275_325,OVL-C1111
overlap,558,c12,11,days_275_325,OVL-C1111
overlap,565,c12,11,days_275_325,OVL-C1111
overlap,618,c12,11,days_275_325,OVL-C1111
overlap,672,c12,11,days_275_325,OVL-C1111
overlap,679,c12,11,days_275_325,OVL-C1111
overlap,684,c12,11,days_275_325,OVL-C1111
overlap,704,c12,11,days_275_325,OVL-C1111
overlap,723,c12,11,days_275_325,OVL-C1111
overlap,758,c12,11,days_275_325,OVL-C1111
overlap,844,c12,11,days_275_325,OVL-C1111
overlap,918,c12,11,days_275_325,OVL-C1111
overlap,956,c12,11,days_275_325,OVL-C1111
overlap,1002,c12,11,days_275_325,OVL-C1111
overlap,4,c02,12,days_300_350,OVL-C1205
overlap,72,c02,12,days_300_350,OVL-C1205
overlap,82,c02,12,days_300_350,OVL-C1205
overlap,83,c02,12,days_300_350,OVL-C1205
overlap,86,c02,12,days_300_350,OVL-C1205
overlap,90,c02,12,days_300_350,OVL-C1205
overlap,135,c02,12,days_300_350,OVL-C1205
overlap,137,c02,12,days_300_350,OVL-C1205
overlap,138,c02,12,days_300_350,OVL-C1205
overlap,152,c02,12,days_300_350,OVL-C1205
overlap,170,c02,12,days_300_350,OVL-C1205
overlap,203,c02,12,days_300_350,OVL-C1205
overlap,205,c02,12,days_300_350,OVL-C1205
overlap,211,c02,12,days_300_350,OVL-C1205
overlap,229,c02,12,days_300_350,OVL-C1205
overlap,272,c02,12,days_300_350,OVL-C1205
overlap,292,c02,12,days_300_350,OVL-C1205
overlap,304,c02,12,days_300_350,OVL-C1205
overlap,306,c02,12,days_300_350,OVL-C1205
overlap,307,c02,12,days_300_350,OVL-C1205
overlap,315,c02,12,days_300_350,OVL-C1205
overlap,317,c02,12,days_300_350,OVL-C1205
overlap,337,c02,12,days_300_350,OVL-C1205
overlap,348,c02,12,days_300_350,OVL-C1205
overlap,362,c02,12,days_300_350,OVL-C1205
overlap,371,c02,12,days_300_350,OVL-C1205
overlap,374,c02,12,days_300_350,OVL-C1205
overlap,383,c02,12,days_300_350,OVL-C1205
overlap,400,c02,12,days_300_350,OVL-C1205
overlap,405,c02,12,days_300_350,OVL-C1205
overlap,441,c02,12,days_300_350,OVL-C1205
overlap,443,c02,12,days_300_350,OVL-C1205
overlap,483,c02,12,days_300_350,OVL-C1205
overlap,505,c02,12,days_300_350,OVL-C1205
overlap,523,c02,12,days_300_350,OVL-C1205
overlap,533,c02,12,days_300_350,OVL-C1205
overlap,581,c02,12,days_300_350,OVL-C1205
overlap,626,c02,12,days_300_350,OVL-C1205
overlap,628,c02,12,days_300_350,OVL-C1205
overlap,637,c02,12,days_300_350,OVL-C1205
overlap,645,c02,12,days_300_350,OVL-C1205
overlap,659,c02,12,days_300_350,OVL-C1205
overlap,662,c02,12,days_300_350,OVL-C1205
overlap,677,c02,12,days_300_350,OVL-C1205
overlap,697,c02,12,days_300_350,OVL-C1205
overlap,703,c02,12,days_300_350,OVL-C1205
overlap,714,c02,12,days_300_350,OVL-C1205
overlap,736,c02,12,days_300_350,OVL-C1205
overlap,742,c02,12,days_300_350,OVL-C1205
overlap,749,c02,12,days_300_350,OVL-C1205
overlap,757,c02,12,days_300_350,OVL-C1205
overlap,763,c02,12,days_300_350,OVL-C1205
overlap,769,c02,12,days_300_350,OVL-C1205
overlap,771,c02,12,days_300_350,OVL-C1205
overlap,784,c02,12,days_300_350,OVL-C1205
overlap,807,c02,12,days_300_350,OVL-C1205
overlap,835,c02,12,days_300_350,OVL-C1205
overlap,855,c02,12,days_300_350,OVL-C1205
overlap,863,c02,12,days_300_350,OVL-C1205
overlap,865,c02,12,days_300_350,OVL-C1205
overlap,870,c02,12,days_300_350,OVL-C1205
overlap,887,c02,12,days_300_350,OVL-C1205
overlap,900,c02,12,days_300_350,OVL-C1205
overlap,901,c02,12,days_300_350,OVL-C1205
overlap,936,c02,12,days_300_350,OVL-C1205
overlap,942,c02,12,days_300_350,OVL-C1205
overlap,993,c02,12,days_300_350,OVL-C1205
overlap,997,c02,12,days_300_350,OVL-C1205
overlap,2,c05,12,days_300_350,OVL-C1202
overlap,30,c05,12,days_300_350,OVL-C1202
overlap,45,c05,12,days_300_350,OVL-C1202
overlap,52,c05,12,days_300_350,OVL-C1202
overlap,66,c05,12,days_300_350,OVL-C1202
overlap,74,c05,12,days_300_350,OVL-C1202
overlap,77,c05,12,days_300_350,OVL-C1202
overlap,104,c05,12,days_300_350,OVL-C1202
overlap,110,c05,12,days_300_350,OVL-C1202
overlap,111,c05,12,days_300_350,OVL-C1202
overlap,112,c05,12,days_300_350,OVL-C1202
overlap,119,c05,12,days_300_350,OVL-C1202
overlap,126,c05,12,days_300_350,OVL-C1202
overlap,128,c05,12,days_300_350,OVL-C1202
overlap,133,c05,12,days_300_350,OVL-C1202
overlap,166,c05,12,days_300_350,OVL-C1202
overlap,168,c05,12,days_300_350,OVL-C1202
overlap,176,c05,12,days_300_350,OVL-C1202
overlap,197,c05,12,days_300_350,OVL-C1202
overlap,209,c05,12,days_300_350,OVL-C1202
overlap,227,c05,12,days_300_350,OVL-C1202
overlap,232,c05,12,days_300_350,OVL-C1202
overlap,240,c05,12,days_300_350,OVL-C1202
overlap,256,c05,12,days_300_350,OVL-C1202
overlap,257,c05,12,days_300_350,OVL-C1202
overlap,260,c05,12,days_300_350,OVL-C1202
overlap,266,c05,12,days_300_350,OVL-C1202
overlap,267,c05,12,days_300_350,OVL-C1202
overlap,294,c05,12,days_300_350,OVL-C1202
overlap,305,c05,12,days_300_350,OVL-C1202
overlap,313,c05,12,days_300_350,OVL-C1202
overlap,318,c05,12,days_300_350,OVL-C1202
overlap,326,c05,12,days_300_350,OVL-C1202
overlap,332,c05,12,days_300_350,OVL-C1202
overlap,340,c05,12,days_300_350,OVL-C1202
overlap,356,c05,12,days_300_350,OVL-C1202
overlap,380,c05,12,days_300_350,OVL-C1202
overlap,416,c05,12,days_300_350,OVL-C1202
overlap,425,c05,12,days_300_350,OVL-C1202
overlap,435,c05,12,days_300_350,OVL-C1202
overlap,439,c05,12,days_300_350,OVL-C1202
overlap,447,c05,12,days_300_350,OVL-C1202
overlap,465,c05,12,days_300_350,OVL-C1202
overlap,472,c05,12,days_300_350,OVL-C1202
overlap,500,c05,12,days_300_350,OVL-C1202
overlap,517,c05,12,days_300_350,OVL-C1202
overlap,556,c05,12,days_300_350,OVL-C1202
overlap,557,c05,12,days_300_350,OVL-C1202
overlap,570,c05,12,days_300_350,OVL-C1202
overlap,573,c05,12,days_300_350,OVL-C1202
overlap,574,c05,12,days_300_350,OVL-C1202
overlap,575,c05,12,days_300_350,OVL-C1202
overlap,586,c05,12,days_300_350,OVL-C1202
overlap,598,c05,12,days_300_350,OVL-C1202
overlap,602,c05,12,days_300_350,OVL-C1202
overlap,648,c05,12,days_300_350,OVL-C1202
overlap,674,c05,12,days_300_350,OVL-C1202
overlap,699,c05,12,days_300_350,OVL-C1202
overlap,700,c05,12,days_300_350,OVL-C1202
overlap,704,c05,12,days_300_350,OVL-C1202
overlap,721,c05,12,days_300_350,OVL-C1202
overlap,730,c05,12,days_300_350,OVL-C1202
overlap,743,c05,12,days_300_350,OVL-C1202
overlap,756,c05,12,days_300_350,OVL-C1202
overlap,759,c05,12,days_300_350,OVL-C1202
overlap,762,c05,12,days_300_350,OVL-C1202
overlap,765,c05,12,days_300_350,OVL-C1202
overlap,782,c05,12,days_300_350,OVL-C1202
overlap,790,c05,12,days_300_350,OVL-C1202
overlap,803,c05,12,days_300_350,OVL-C1202
overlap,812,c05,12,days_300_350,OVL-C1202
overlap,814,c05,12,days_300_350,OVL-C1202
overlap,817,c05,12,days_300_350,OVL-C1202
overlap,868,c05,12,days_300_350,OVL-C1202
overlap,869,c05,12,days_300_350,OVL-C1202
overlap,885,c05,12,days_300_350,OVL-C1202
overlap,889,c05,12,days_300_350,OVL-C1202
overlap,908,c05,12,days_300_350,OVL-C1202
overlap,912,c05,12,days_300_350,OVL-C1202
overlap,946,c05,12,days_300_350,OVL-C1202
overlap,948,c05,12,days_300_350,OVL-C1202
overlap,949,c05,12,days_300_350,OVL-C1202
overlap,961,c05,12,days_300_350,OVL-C1202
overlap,966,c05,12,days_300_350,OVL-C1202
overlap,984,c05,12,days_300_350,OVL-C1202
overlap,24,c07,12,days_300_350,OVL-C1208
overlap,35,c07,12,days_300_350,OVL-C1208
overlap,141,c07,12,days_300_350,OVL-C1208
overlap,160,c07,12,days_300_350,OVL-C1208
overlap,167,c07,12,days_300_350,OVL-C1208
overlap,181,c07,12,days_300_350,OVL-C1208
overlap,188,c07,12,days_300_350,OVL-C1208
overlap,190,c07,12,days_300_350,OVL-C1208
overlap,207,c07,12,days_300_350,OVL-C1208
overlap,241,c07,12,days_300_350,OVL-C1208
overlap,274,c07,12,days_300_350,OVL-C1208
overlap,280,c07,12,days_300_350,OVL-C1208
overlap,288,c07,12,days_300_350,OVL-C1208
overlap,301,c07,12,days_300_350,OVL-C1208
overlap,353,c07,12,days_300_350,OVL-C1208
overlap,360,c07,12,days_300_350,OVL-C1208
overlap,373,c07,12,days_300_350,OVL-C1208
overlap,391,c07,12,days_300_350,OVL-C1208
overlap,414,c07,12,days_300_350,OVL-C1208
overlap,421,c07,12,days_300_350,OVL-C1208
overlap,424,c07,12,days_300_350,OVL-C1208
overlap,431,c07,12,days_300_350,OVL-C1208
overlap,445,c07,12,days_300_350,OVL-C1208
overlap,469,c07,12,days_300_350,OVL-C1208
overlap,484,c07,12,days_300_350,OVL-C1208
overlap,493,c07,12,days_300_350,OVL-C1208
overlap,512,c07,12,days_300_350,OVL-C1208
overlap,526,c07,12,days_300_350,OVL-C1208
overlap,530,c07,12,days_300_350,OVL-C1208
overlap,547,c07,12,days_300_350,OVL-C1208
overlap,552,c07,12,days_300_350,OVL-C1208
overlap,561,c07,12,days_300_350,OVL-C1208
overlap,614,c07,12,days_300_350,OVL-C1208
overlap,629,c07,12,days_300_350,OVL-C1208
overlap,630,c07,12,days_300_350,OVL-C1208
overlap,631,c07,12,days_300_350,OVL-C1208
overlap,656,c07,12,days_300_350,OVL-C1208
overlap,658,c07,12,days_300_350,OVL-C1208
overlap,685,c07,12,days_300_350,OVL-C1208
overlap,795,c07,12,days_300_350,OVL-C1208
overlap,841,c07,12,days_300_350,OVL-C1208
overlap,847,c07,12,days_300_350,OVL-C1208
overlap,851,c07,12,days_300_350,OVL-C1208
overlap,858,c07,12,days_300_350,OVL-C1208
overlap,891,c07,12,days_300_350,OVL-C1208
overlap,902,c07,12,days_300_350,OVL-C1208
overlap,920,c07,12,days_300_350,OVL-C1208
overlap,954,c07,12,days_300_350,OVL-C1208
overlap,957,c07,12,days_300_350,OVL-C1208
overlap,978,c07,12,days_300_350,OVL-C1208
overlap,988,c07,12,days_300_350,OVL-C1208
overlap,28,c08,12,days_300_350,OVL-C1209
overlap,56,c08,12,days_300_350,OVL-C1209
overlap,68,c08,12,days_300_350,OVL-C1209
overlap,95,c08,12,days_300_350,OVL-C1209
overlap,231,c08,12,days_300_350,OVL-C1209
overlap,245,c08,12,days_300_350,OVL-C1209
overlap,251,c08,12,days_300_350,OVL-C1209
overlap,264,c08,12,days_300_350,OVL-C1209
overlap,311,c08,12,days_300_350,OVL-C1209
overlap,329,c08,12,days_300_350,OVL-C1209
overlap,338,c08,12,days_300_350,OVL-C1209
overlap,361,c08,12,days_300_350,OVL-C1209
overlap,364,c08,12,days_300_350,OVL-C1209
overlap,427,c08,12,days_300_350,OVL-C1209
overlap,432,c08,12,days_300_350,OVL-C1209
overlap,433,c08,12,days_300_350,OVL-C1209
overlap,448,c08,12,days_300_350,OVL-C1209
overlap,480,c08,12,days_300_350,OVL-C1209
overlap,482,c08,12,days_300_350,OVL-C1209
overlap,531,c08,12,days_300_350,OVL-C1209
overlap,540,c08,12,days_300_350,OVL-C1209
overlap,582,c08,12,days_300_350,OVL-C1209
overlap,606,c08,12,days_300_350,OVL-C1209
overlap,624,c08,12,days_300_350,OVL-C1209
overlap,641,c08,12,days_300_350,OVL-C1209
overlap,660,c08,12,days_300_350,OVL-C1209
overlap,698,c08,12,days_300_350,OVL-C1209
overlap,764,c08,12,days_300_350,OVL-C1209
overlap,773,c08,12,days_300_350,OVL-C1209
overlap,789,c08,12,days_300_350,OVL-C1209
overlap,809,c08,12,days_300_350,OVL-C1209
overlap,819,c08,12,days_300_350,OVL-C1209
overlap,830,c08,12,days_300_350,OVL-C1209
overlap,840,c08,12,days_300_350,OVL-C1209
overlap,867,c08,12,days_300_350,OVL-C1209
overlap,872,c08,12,days_300_350,OVL-C1209
overlap,873,c08,12,days_300_350,OVL-C1209
overlap,874,c08,12,days_300_350,OVL-C1209
overlap,925,c08,12,days_300_350,OVL-C1209
overlap,955,c08,12,days_300_350,OVL-C1209
overlap,983,c08,12,days_300_350,OVL-C1209
overlap,987,c08,12,days_300_350,OVL-C1209
overlap,994,c08,12,days_300_350,OVL-C1209
overlap,25,c12,12,days_300_350,OVL-C1211
overlap,41,c12,12,days_300_350,OVL-C1211
overlap,48,c12,12,days_300_350,OVL-C1211
overlap,73,c12,12,days_300_350,OVL-C1211
overlap,185,c12,12,days_300_350,OVL-C1211
overlap,216,c12,12,days_300_350,OVL-C1211
overlap,319,c12,12,days_300_350,OVL-C1211
overlap,321,c12,12,days_300_350,OVL-C1211
overlap,386,c12,12,days_300_350,OVL-C1211
overlap,434,c12,12,days_300_350,OVL-C1211
overlap,458,c12,12,days_300_350,OVL-C1211
overlap,481,c12,12,days_300_350,OVL-C1211
overlap,499,c12,12,days_300_350,OVL-C1211
overlap,501,c12,12,days_300_350,OVL-C1211
overlap,558,c12,12,days_300_350,OVL-C1211
overlap,565,c12,12,days_300_350,OVL-C1211
overlap,600,c12,12,days_300_350,OVL-C1211
overlap,618,c12,12,days_300_350,OVL-C1211
overlap,672,c12,12,days_300_350,OVL-C1211
overlap,679,c12,12,days_300_350,OVL-C1211
overlap,684,c12,12,days_300_350,OVL-C1211
overlap,723,c12,12,days_300_350,OVL-C1211
overlap,758,c12,12,days_300_350,OVL-C1211
overlap,833,c12,12,days_300_350,OVL-C1211
overlap,844,c12,12,days_300_350,OVL-C1211
overlap,918,c12,12,days_300_350,OVL-C1211
overlap,956,c12,12,days_300_350,OVL-C1211
overlap,1002,c12,12,days_300_350,OVL-C1211
overlap,4,c02,13,days_325_375,OVL-C1301
overlap,82,c02,13,days_325_375,OVL-C1301
overlap,83,c02,13,days_325_375,OVL-C1301
overlap,135,c02,13,days_325_375,OVL-C1301
overlap,137,c02,13,days_325_375,OVL-C1301
overlap,138,c02,13,days_325_375,OVL-C1301
overlap,147,c02,13,days_325_375,OVL-C1301
overlap,157,c02,13,days_325_375,OVL-C1301
overlap,159,c02,13,days_325_375,OVL-C1301
overlap,170,c02,13,days_325_375,OVL-C1301
overlap,171,c02,13,days_325_375,OVL-C1301
overlap,191,c02,13,days_325_375,OVL-C1301
overlap,205,c02,13,days_325_375,OVL-C1301
overlap,213,c02,13,days_325_375,OVL-C1301
overlap,214,c02,13,days_325_375,OVL-C1301
overlap,221,c02,13,days_325_375,OVL-C1301
overlap,223,c02,13,days_325_375,OVL-C1301
overlap,229,c02,13,days_325_375,OVL-C1301
overlap,230,c02,13,days_325_375,OVL-C1301
overlap,233,c02,13,days_325_375,OVL-C1301
overlap,255,c02,13,days_325_375,OVL-C1301
overlap,271,c02,13,days_325_375,OVL-C1301
overlap,277,c02,13,days_325_375,OVL-C1301
overlap,285,c02,13,days_325_375,OVL-C1301
overlap,290,c02,13,days_325_375,OVL-C1301
overlap,304,c02,13,days_325_375,OVL-C1301
overlap,306,c02,13,days_325_375,OVL-C1301
overlap,307,c02,13,days_325_375,OVL-C1301
overlap,317,c02,13,days_325_375,OVL-C1301
overlap,337,c02,13,days_325_375,OVL-C1301
overlap,347,c02,13,days_325_375,OVL-C1301
overlap,355,c02,13,days_325_375,OVL-C1301
overlap,362,c02,13,days_325_375,OVL-C1301
overlap,366,c02,13,days_325_375,OVL-C1301
overlap,371,c02,13,days_325_375,OVL-C1301
overlap,374,c02,13,days_325_375,OVL-C1301
overlap,383,c02,13,days_325_375,OVL-C1301
overlap,394,c02,13,days_325_375,OVL-C1301
overlap,400,c02,13,days_325_375,OVL-C1301
overlap,405,c02,13,days_325_375,OVL-C1301
overlap,413,c02,13,days_325_375,OVL-C1301
overlap,441,c02,13,days_325_375,OVL-C1301
overlap,456,c02,13,days_325_375,OVL-C1301
overlap,505,c02,13,days_325_375,OVL-C1301
overlap,515,c02,13,days_325_375,OVL-C1301
overlap,522,c02,13,days_325_375,OVL-C1301
overlap,523,c02,13,days_325_375,OVL-C1301
overlap,525,c02,13,days_325_375,OVL-C1301
overlap,527,c02,13,days_325_375,OVL-C1301
overlap,546,c02,13,days_325_375,OVL-C1301
overlap,549,c02,13,days_325_375,OVL-C1301
overlap,550,c02,13,days_325_375,OVL-C1301
overlap,570,c02,13,days_325_375,OVL-C1301
overlap,571,c02,13,days_325_375,OVL-C1301
overlap,577,c02,13,days_325_375,OVL-C1301
overlap,581,c02,13,days_325_375,OVL-C1301
overlap,587,c02,13,days_325_375,OVL-C1301
overlap,590,c02,13,days_325_375,OVL-C1301
overlap,596,c02,13,days_325_375,OVL-C1301
overlap,626,c02,13,days_325_375,OVL-C1301
overlap,628,c02,13,days_325_375,OVL-C1301
overlap,645,c02,13,days_325_375,OVL-C1301
overlap,659,c02,13,days_325_375,OVL-C1301
overlap,665,c02,13,days_325_375,OVL-C1301
overlap,668,c02,13,days_325_375,OVL-C1301
overlap,686,c02,13,days_325_375,OVL-C1301
overlap,692,c02,13,days_325_375,OVL-C1301
overlap,697,c02,13,days_325_375,OVL-C1301
overlap,703,c02,13,days_325_375,OVL-C1301
overlap,715,c02,13,days_325_375,OVL-C1301
overlap,720,c02,13,days_325_375,OVL-C1301
overlap,736,c02,13,days_325_375,OVL-C1301
overlap,739,c02,13,days_325_375,OVL-C1301
overlap,742,c02,13,days_325_375,OVL-C1301
overlap,746,c02,13,days_325_375,OVL-C1301
overlap,748,c02,13,days_325_375,OVL-C1301
overlap,749,c02,13,days_325_375,OVL-C1301
overlap,769,c02,13,days_325_375,OVL-C1301
overlap,771,c02,13,days_325_375,OVL-C1301
overlap,775,c02,13,days_325_375,OVL-C1301
overlap,784,c02,13,days_325_375,OVL-C1301
overlap,787,c02,13,days_325_375,OVL-C1301
overlap,798,c02,13,days_325_375,OVL-C1301
overlap,807,c02,13,days_325_375,OVL-C1301
overlap,813,c02,13,days_325_375,OVL-C1301
overlap,834,c02,13,days_325_375,OVL-C1301
overlap,835,c02,13,days_325_375,OVL-C1301
overlap,855,c02,13,days_325_375,OVL-C1301
overlap,863,c02,13,days_325_375,OVL-C1301
overlap,870,c02,13,days_325_375,OVL-C1301
overlap,887,c02,13,days_325_375,OVL-C1301
overlap,900,c02,13,days_325_375,OVL-C1301
overlap,901,c02,13,days_325_375,OVL-C1301
overlap,926,c02,13,days_325_375,OVL-C1301
overlap,931,c02,13,days_325_375,OVL-C1301
overlap,933,c02,13,days_325_375,OVL-C1301
overlap,935,c02,13,days_325_375,OVL-C1301
overlap,940,c02,13,days_325_375,OVL-C1301
overlap,942,c02,13,days_325_375,OVL-C1301
overlap,972,c02,13,days_325_375,OVL-C1301
overlap,993,c02,13,days_325_375,OVL-C1301
overlap,2,c05,13,days_325_375,OVL-C1303
overlap,30,c05,13,days_325_375,OVL-C1303
overlap,52,c05,13,days_325_375,OVL-C1303
overlap,74,c05,13,days_325_375,OVL-C1303
overlap,77,c05,13,days_325_375,OVL-C1303
overlap,104,c05,13,days_325_375,OVL-C1303
overlap,110,c05,13,days_325_375,OVL-C1303
overlap,111,c05,13,days_325_375,OVL-C1303
overlap,112,c05,13,days_325_375,OVL-C1303
overlap,119,c05,13,days_325_375,OVL-C1303
overlap,126,c05,13,days_325_375,OVL-C1303
overlap,128,c05,13,days_325_375,OVL-C1303
overlap,133,c05,13,days_325_375,OVL-C1303
overlap,166,c05,13,days_325_375,OVL-C1303
overlap,168,c05,13,days_325_375,OVL-C1303
overlap,176,c05,13,days_325_375,OVL-C1303
overlap,186,c05,13,days_325_375,OVL-C1303
overlap,209,c05,13,days_325_375,OVL-C1303
overlap,232,c05,13,days_325_375,OVL-C1303
overlap,240,c05,13,days_325_375,OVL-C1303
overlap,256,c05,13,days_325_375,OVL-C1303
overlap,260,c05,13,days_325_375,OVL-C1303
overlap,266,c05,13,days_325_375,OVL-C1303
overlap,267,c05,13,days_325_375,OVL-C1303
overlap,294,c05,13,days_325_375,OVL-C1303
overlap,305,c05,13,days_325_375,OVL-C1303
overlap,313,c05,13,days_325_375,OVL-C1303
overlap,326,c05,13,days_325_375,OVL-C1303
overlap,332,c05,13,days_325_375,OVL-C1303
overlap,340,c05,13,days_325_375,OVL-C1303
overlap,348,c05,13,days_325_375,OVL-C1303
overlap,356,c05,13,days_325_375,OVL-C1303
overlap,392,c05,13,days_325_375,OVL-C1303
overlap,416,c05,13,days_325_375,OVL-C1303
overlap,425,c05,13,days_325_375,OVL-C1303
overlap,435,c05,13,days_325_375,OVL-C1303
overlap,438,c05,13,days_325_375,OVL-C1303
overlap,439,c05,13,days_325_375,OVL-C1303
overlap,447,c05,13,days_325_375,OVL-C1303
overlap,459,c05,13,days_325_375,OVL-C1303
overlap,461,c05,13,days_325_375,OVL-C1303
overlap,466,c05,13,days_325_375,OVL-C1303
overlap,472,c05,13,days_325_375,OVL-C1303
overlap,478,c05,13,days_325_375,OVL-C1303
overlap,500,c05,13,days_325_375,OVL-C1303
overlap,517,c05,13,days_325_375,OVL-C1303
overlap,556,c05,13,days_325_375,OVL-C1303
overlap,557,c05,13,days_325_375,OVL-C1303
overlap,573,c05,13,days_325_375,OVL-C1303
overlap,574,c05,13,days_325_375,OVL-C1303
overlap,575,c05,13,days_325_375,OVL-C1303
overlap,586,c05,13,days_325_375,OVL-C1303
overlap,598,c05,13,days_325_375,OVL-C1303
overlap,602,c05,13,days_325_375,OVL-C1303
overlap,648,c05,13,days_325_375,OVL-C1303
overlap,674,c05,13,days_325_375,OVL-C1303
overlap,699,c05,13,days_325_375,OVL-C1303
overlap,700,c05,13,days_325_375,OVL-C1303
overlap,721,c05,13,days_325_375,OVL-C1303
overlap,730,c05,13,days_325_375,OVL-C1303
overlap,743,c05,13,days_325_375,OVL-C1303
overlap,756,c05,13,days_325_375,OVL-C1303
overlap,759,c05,13,days_325_375,OVL-C1303
overlap,762,c05,13,days_325_375,OVL-C1303
overlap,763,c05,13,days_325_375,OVL-C1303
overlap,765,c05,13,days_325_375,OVL-C1303
overlap,782,c05,13,days_325_375,OVL-C1303
overlap,790,c05,13,days_325_375,OVL-C1303
overlap,794,c05,13,days_325_375,OVL-C1303
overlap,803,c05,13,days_325_375,OVL-C1303
overlap,812,c05,13,days_325_375,OVL-C1303
overlap,814,c05,13,days_325_375,OVL-C1303
overlap,818,c05,13,days_325_375,OVL-C1303
overlap,854,c05,13,days_325_375,OVL-C1303
overlap,868,c05,13,days_325_375,OVL-C1303
overlap,869,c05,13,days_325_375,OVL-C1303
overlap,885,c05,13,days_325_375,OVL-C1303
overlap,888,c05,13,days_325_375,OVL-C1303
overlap,889,c05,13,days_325_375,OVL-C1303
overlap,908,c05,13,days_325_375,OVL-C1303
overlap,912,c05,13,days_325_375,OVL-C1303
overlap,936,c05,13,days_325_375,OVL-C1303
overlap,946,c05,13,days_325_375,OVL-C1303
overlap,948,c05,13,days_325_375,OVL-C1303
overlap,949,c05,13,days_325_375,OVL-C1303
overlap,961,c05,13,days_325_375,OVL-C1303
overlap,966,c05,13,days_325_375,OVL-C1303
overlap,984,c05,13,days_325_375,OVL-C1303
overlap,24,c07,13,days_325_375,OVL-C1307
overlap,35,c07,13,days_325_375,OVL-C1307
overlap,141,c07,13,days_325_375,OVL-C1307
overlap,160,c07,13,days_325_375,OVL-C1307
overlap,167,c07,13,days_325_375,OVL-C1307
overlap,181,c07,13,days_325_375,OVL-C1307
overlap,188,c07,13,days_325_375,OVL-C1307
overlap,190,c07,13,days_325_375,OVL-C1307
overlap,207,c07,13,days_325_375,OVL-C1307
overlap,241,c07,13,days_325_375,OVL-C1307
overlap,274,c07,13,days_325_375,OVL-C1307
overlap,280,c07,13,days_325_375,OVL-C1307
overlap,288,c07,13,days_325_375,OVL-C1307
overlap,301,c07,13,days_325_375,OVL-C1307
overlap,353,c07,13,days_325_375,OVL-C1307
overlap,360,c07,13,days_325_375,OVL-C1307
overlap,373,c07,13,days_325_375,OVL-C1307
overlap,391,c07,13,days_325_375,OVL-C1307
overlap,408,c07,13,days_325_375,OVL-C1307
overlap,414,c07,13,days_325_375,OVL-C1307
overlap,421,c07,13,days_325_375,OVL-C1307
overlap,424,c07,13,days_325_375,OVL-C1307
overlap,431,c07,13,days_325_375,OVL-C1307
overlap,445,c07,13,days_325_375,OVL-C1307
overlap,469,c07,13,days_325_375,OVL-C1307
overlap,484,c07,13,days_325_375,OVL-C1307
overlap,493,c07,13,days_325_375,OVL-C1307
overlap,512,c07,13,days_325_375,OVL-C1307
overlap,526,c07,13,days_325_375,OVL-C1307
overlap,530,c07,13,days_325_375,OVL-C1307
overlap,547,c07,13,days_325_375,OVL-C1307
overlap,552,c07,13,days_325_375,OVL-C1307
overlap,561,c07,13,days_325_375,OVL-C1307
overlap,614,c07,13,days_325_375,OVL-C1307
overlap,629,c07,13,days_325_375,OVL-C1307
overlap,630,c07,13,days_325_375,OVL-C1307
overlap,631,c07,13,days_325_375,OVL-C1307
overlap,656,c07,13,days_325_375,OVL-C1307
overlap,658,c07,13,days_325_375,OVL-C1307
overlap,685,c07,13,days_325_375,OVL-C1307
overlap,750,c07,13,days_325_375,OVL-C1307
overlap,773,c07,13,days_325_375,OVL-C1307
overlap,795,c07,13,days_325_375,OVL-C1307
overlap,817,c07,13,days_325_375,OVL-C1307
overlap,841,c07,13,days_325_375,OVL-C1307
overlap,846,c07,13,days_325_375,OVL-C1307
overlap,847,c07,13,days_325_375,OVL-C1307
overlap,851,c07,13,days_325_375,OVL-C1307
overlap,858,c07,13,days_325_375,OVL-C1307
overlap,891,c07,13,days_325_375,OVL-C1307
overlap,894,c07,13,days_325_375,OVL-C1307
overlap,902,c07,13,days_325_375,OVL-C1307
overlap,920,c07,13,days_325_375,OVL-C1307
overlap,954,c07,13,days_325_375,OVL-C1307
overlap,957,c07,13,days_325_375,OVL-C1307
overlap,978,c07,13,days_325_375,OVL-C1307
overlap,988,c07,13,days_325_375,OVL-C1307
overlap,989,c07,13,days_325_375,OVL-C1307
overlap,28,c08,13,days_325_375,OVL-C1308
overlap,56,c08,13,days_325_375,OVL-C1308
overlap,68,c08,13,days_325_375,OVL-C1308
overlap,95,c08,13,days_325_375,OVL-C1308
overlap,185,c08,13,days_325_375,OVL-C1308
overlap,231,c08,13,days_325_375,OVL-C1308
overlap,245,c08,13,days_325_375,OVL-C1308
overlap,251,c08,13,days_325_375,OVL-C1308
overlap,264,c08,13,days_325_375,OVL-C1308
overlap,311,c08,13,days_325_375,OVL-C1308
overlap,329,c08,13,days_325_375,OVL-C1308
overlap,338,c08,13,days_325_375,OVL-C1308
overlap,361,c08,13,days_325_375,OVL-C1308
overlap,364,c08,13,days_325_375,OVL-C1308
overlap,385,c08,13,days_325_375,OVL-C1308
overlap,427,c08,13,days_325_375,OVL-C1308
overlap,432,c08,13,days_325_375,OVL-C1308
overlap,433,c08,13,days_325_375,OVL-C1308
overlap,480,c08,13,days_325_375,OVL-C1308
overlap,482,c08,13,days_325_375,OVL-C1308
overlap,501,c08,13,days_325_375,OVL-C1308
overlap,531,c08,13,days_325_375,OVL-C1308
overlap,540,c08,13,days_325_375,OVL-C1308
overlap,582,c08,13,days_325_375,OVL-C1308
overlap,606,c08,13,days_325_375,OVL-C1308
overlap,624,c08,13,days_325_375,OVL-C1308
overlap,641,c08,13,days_325_375,OVL-C1308
overlap,698,c08,13,days_325_375,OVL-C1308
overlap,764,c08,13,days_325_375,OVL-C1308
overlap,789,c08,13,days_325_375,OVL-C1308
overlap,801,c08,13,days_325_375,OVL-C1308
overlap,809,c08,13,days_325_375,OVL-C1308
overlap,819,c08,13,days_325_375,OVL-C1308
overlap,830,c08,13,days_325_375,OVL-C1308
overlap,840,c08,13,days_325_375,OVL-C1308
overlap,867,c08,13,days_325_375,OVL-C1308
overlap,872,c08,13,days_325_375,OVL-C1308
overlap,873,c08,13,days_325_375,OVL-C1308
overlap,874,c08,13,days_325_375,OVL-C1308
overlap,925,c08,13,days_325_375,OVL-C1308
overlap,955,c08,13,days_325_375,OVL-C1308
overlap,983,c08,13,days_325_375,OVL-C1308
overlap,987,c08,13,days_325_375,OVL-C1308
overlap,994,c08,13,days_325_375,OVL-C1308
overlap,25,c12,13,days_325_375,OVL-C1309
overlap,41,c12,13,days_325_375,OVL-C1309
overlap,48,c12,13,days_325_375,OVL-C1309
overlap,73,c12,13,days_325_375,OVL-C1309
overlap,85,c12,13,days_325_375,OVL-C1309
overlap,216,c12,13,days_325_375,OVL-C1309
overlap,318,c12,13,days_325_375,OVL-C1309
overlap,319,c12,13,days_325_375,OVL-C1309
overlap,321,c12,13,days_325_375,OVL-C1309
overlap,386,c12,13,days_325_375,OVL-C1309
overlap,434,c12,13,days_325_375,OVL-C1309
overlap,458,c12,13,days_325_375,OVL-C1309
overlap,465,c12,13,days_325_375,OVL-C1309
overlap,481,c12,13,days_325_375,OVL-C1309
overlap,499,c12,13,days_325_375,OVL-C1309
overlap,558,c12,13,days_325_375,OVL-C1309
overlap,565,c12,13,days_325_375,OVL-C1309
overlap,600,c12,13,days_325_375,OVL-C1309
overlap,618,c12,13,days_325_375,OVL-C1309
overlap,672,c12,13,days_325_375,OVL-C1309
overlap,679,c12,13,days_325_375,OVL-C1309
overlap,684,c12,13,days_325_375,OVL-C1309
overlap,704,c12,13,days_325_375,OVL-C1309
overlap,723,c12,13,days_325_375,OVL-C1309
overlap,758,c12,13,days_325_375,OVL-C1309
overlap,844,c12,13,days_325_375,OVL-C1309
overlap,918,c12,13,days_325_375,OVL-C1309
overlap,956,c12,13,days_325_375,OVL-C1309
overlap,1002,c12,13,days_325_375,OVL-C1309
overlap,4,c02,14,days_350_400,OVL-C1401
overlap,40,c02,14,days_350_400,OVL-C1401
overlap,47,c02,14,days_350_400,OVL-C1401
overlap,60,c02,14,days_350_400,OVL-C1401
overlap,82,c02,14,days_350_400,OVL-C1401
overlap,83,c02,14,days_350_400,OVL-C1401
overlap,86,c02,14,days_350_400,OVL-C1401
overlap,135,c02,14,days_350_400,OVL-C1401
overlap,137,c02,14,days_350_400,OVL-C1401
overlap,138,c02,14,days_350_400,OVL-C1401
overlap,152,c02,14,days_350_400,OVL-C1401
overlap,159,c02,14,days_350_400,OVL-C1401
overlap,161,c02,14,days_350_400,OVL-C1401
overlap,170,c02,14,days_350_400,OVL-C1401
overlap,187,c02,14,days_350_400,OVL-C1401
overlap,191,c02,14,days_350_400,OVL-C1401
overlap,198,c02,14,days_350_400,OVL-C1401
overlap,213,c02,14,days_350_400,OVL-C1401
overlap,214,c02,14,days_350_400,OVL-C1401
overlap,223,c02,14,days_350_400,OVL-C1401
overlap,229,c02,14,days_350_400,OVL-C1401
overlap,233,c02,14,days_350_400,OVL-C1401
overlap,254,c02,14,days_350_400,OVL-C1401
overlap,271,c02,14,days_350_400,OVL-C1401
overlap,272,c02,14,days_350_400,OVL-C1401
overlap,290,c02,14,days_350_400,OVL-C1401
overlap,304,c02,14,days_350_400,OVL-C1401
overlap,306,c02,14,days_350_400,OVL-C1401
overlap,307,c02,14,days_350_400,OVL-C1401
overlap,317,c02,14,days_350_400,OVL-C1401
overlap,337,c02,14,days_350_400,OVL-C1401
overlap,362,c02,14,days_350_400,OVL-C1401
overlap,371,c02,14,days_350_400,OVL-C1401
overlap,374,c02,14,days_350_400,OVL-C1401
overlap,379,c02,14,days_350_400,OVL-C1401
overlap,383,c02,14,days_350_400,OVL-C1401
overlap,394,c02,14,days_350_400,OVL-C1401
overlap,398,c02,14,days_350_400,OVL-C1401
overlap,400,c02,14,days_350_400,OVL-C1401
overlap,405,c02,14,days_350_400,OVL-C1401
overlap,413,c02,14,days_350_400,OVL-C1401
overlap,441,c02,14,days_350_400,OVL-C1401
overlap,443,c02,14,days_350_400,OVL-C1401
overlap,450,c02,14,days_350_400,OVL-C1401
overlap,456,c02,14,days_350_400,OVL-C1401
overlap,466,c02,14,days_350_400,OVL-C1401
overlap,488,c02,14,days_350_400,OVL-C1401
overlap,495,c02,14,days_350_400,OVL-C1401
overlap,505,c02,14,days_350_400,OVL-C1401
overlap,515,c02,14,days_350_400,OVL-C1401
overlap,523,c02,14,days_350_400,OVL-C1401
overlap,525,c02,14,days_350_400,OVL-C1401
overlap,527,c02,14,days_350_400,OVL-C1401
overlap,568,c02,14,days_350_400,OVL-C1401
overlap,571,c02,14,days_350_400,OVL-C1401
overlap,572,c02,14,days_350_400,OVL-C1401
overlap,581,c02,14,days_350_400,OVL-C1401
overlap,585,c02,14,days_350_400,OVL-C1401
overlap,587,c02,14,days_350_400,OVL-C1401
overlap,589,c02,14,days_350_400,OVL-C1401
overlap,626,c02,14,days_350_400,OVL-C1401
overlap,628,c02,14,days_350_400,OVL-C1401
overlap,659,c02,14,days_350_400,OVL-C1401
overlap,662,c02,14,days_350_400,OVL-C1401
overlap,665,c02,14,days_350_400,OVL-C1401
overlap,668,c02,14,days_350_400,OVL-C1401
overlap,678,c02,14,days_350_400,OVL-C1401
overlap,692,c02,14,days_350_400,OVL-C1401
overlap,695,c02,14,days_350_400,OVL-C1401
overlap,703,c02,14,days_350_400,OVL-C1401
overlap,712,c02,14,days_350_400,OVL-C1401
overlap,720,c02,14,days_350_400,OVL-C1401
overlap,736,c02,14,days_350_400,OVL-C1401
overlap,742,c02,14,days_350_400,OVL-C1401
overlap,746,c02,14,days_350_400,OVL-C1401
overlap,769,c02,14,days_350_400,OVL-C1401
overlap,771,c02,14,days_350_400,OVL-C1401
overlap,775,c02,14,days_350_400,OVL-C1401
overlap,776,c02,14,days_350_400,OVL-C1401
overlap,784,c02,14,days_350_400,OVL-C1401
overlap,792,c02,14,days_350_400,OVL-C1401
overlap,798,c02,14,days_350_400,OVL-C1401
overlap,802,c02,14,days_350_400,OVL-C1401
overlap,813,c02,14,days_350_400,OVL-C1401
overlap,834,c02,14,days_350_400,OVL-C1401
overlap,835,c02,14,days_350_400,OVL-C1401
overlap,860,c02,14,days_350_400,OVL-C1401
overlap,863,c02,14,days_350_400,OVL-C1401
overlap,865,c02,14,days_350_400,OVL-C1401
overlap,870,c02,14,days_350_400,OVL-C1401
overlap,887,c02,14,days_350_400,OVL-C1401
overlap,900,c02,14,days_350_400,OVL-C1401
overlap,901,c02,14,days_350_400,OVL-C1401
overlap,935,c02,14,days_350_400,OVL-C1401
overlap,936,c02,14,days_350_400,OVL-C1401
overlap,940,c02,14,days_350_400,OVL-C1401
overlap,942,c02,14,days_350_400,OVL-C1401
overlap,993,c02,14,days_350_400,OVL-C1401
overlap,995,c02,14,days_350_400,OVL-C1401
overlap,5,c04,14,days_350_400,OVL-C1407
overlap,11,c04,14,days_350_400,OVL-C1407
overlap,29,c04,14,days_350_400,OVL-C1407
overlap,98,c04,14,days_350_400,OVL-C1407
overlap,107,c04,14,days_350_400,OVL-C1407
overlap,117,c04,14,days_350_400,OVL-C1407
overlap,134,c04,14,days_350_400,OVL-C1407
overlap,150,c04,14,days_350_400,OVL-C1407
overlap,192,c04,14,days_350_400,OVL-C1407
overlap,196,c04,14,days_350_400,OVL-C1407
overlap,201,c04,14,days_350_400,OVL-C1407
overlap,208,c04,14,days_350_400,OVL-C1407
overlap,226,c04,14,days_350_400,OVL-C1407
overlap,236,c04,14,days_350_400,OVL-C1407
overlap,262,c04,14,days_350_400,OVL-C1407
overlap,268,c04,14,days_350_400,OVL-C1407
overlap,278,c04,14,days_350_400,OVL-C1407
overlap,289,c04,14,days_350_400,OVL-C1407
overlap,291,c04,14,days_350_400,OVL-C1407
overlap,320,c04,14,days_350_400,OVL-C1407
overlap,335,c04,14,days_350_400,OVL-C1407
overlap,380,c04,14,days_350_400,OVL-C1407
overlap,381,c04,14,days_350_400,OVL-C1407
overlap,401,c04,14,days_350_400,OVL-C1407
overlap,415,c04,14,days_350_400,OVL-C1407
overlap,426,c04,14,days_350_400,OVL-C1407
overlap,429,c04,14,days_350_400,OVL-C1407
overlap,440,c04,14,days_350_400,OVL-C1407
overlap,454,c04,14,days_350_400,OVL-C1407
overlap,462,c04,14,days_350_400,OVL-C1407
overlap,464,c04,14,days_350_400,OVL-C1407
overlap,468,c04,14,days_350_400,OVL-C1407
overlap,473,c04,14,days_350_400,OVL-C1407
overlap,491,c04,14,days_350_400,OVL-C1407
overlap,537,c04,14,days_350_400,OVL-C1407
overlap,553,c04,14,days_350_400,OVL-C1407
overlap,592,c04,14,days_350_400,OVL-C1407
overlap,594,c04,14,days_350_400,OVL-C1407
overlap,652,c04,14,days_350_400,OVL-C1407
overlap,664,c04,14,days_350_400,OVL-C1407
overlap,670,c04,14,days_350_400,OVL-C1407
overlap,683,c04,14,days_350_400,OVL-C1407
overlap,688,c04,14,days_350_400,OVL-C1407
overlap,707,c04,14,days_350_400,OVL-C1407
overlap,713,c04,14,days_350_400,OVL-C1407
overlap,808,c04,14,days_350_400,OVL-C1407
overlap,833,c04,14,days_350_400,OVL-C1407
overlap,880,c04,14,days_350_400,OVL-C1407
overlap,898,c04,14,days_350_400,OVL-C1407
overlap,899,c04,14,days_350_400,OVL-C1407
overlap,980,c04,14,days_350_400,OVL-C1407
overlap,985,c04,14,days_350_400,OVL-C1407
overlap,1003,c04,14,days_350_400,OVL-C1407
overlap,2,c05,14,days_350_400,OVL-C1402
overlap,30,c05,14,days_350_400,OVL-C1402
overlap,45,c05,14,days_350_400,OVL-C1402
overlap,52,c05,14,days_350_400,OVL-C1402
overlap,66,c05,14,days_350_400,OVL-C1402
overlap,74,c05,14,days_350_400,OVL-C1402
overlap,77,c05,14,days_350_400,OVL-C1402
overlap,104,c05,14,days_350_400,OVL-C1402
overlap,109,c05,14,days_350_400,OVL-C1402
overlap,111,c05,14,days_350_400,OVL-C1402
overlap,112,c05,14,days_350_400,OVL-C1402
overlap,119,c05,14,days_350_400,OVL-C1402
overlap,126,c05,14,days_350_400,OVL-C1402
overlap,133,c05,14,days_350_400,OVL-C1402
overlap,166,c05,14,days_350_400,OVL-C1402
overlap,168,c05,14,days_350_400,OVL-C1402
overlap,176,c05,14,days_350_400,OVL-C1402
overlap,186,c05,14,days_350_400,OVL-C1402
overlap,204,c05,14,days_350_400,OVL-C1402
overlap,209,c05,14,days_350_400,OVL-C1402
overlap,227,c05,14,days_350_400,OVL-C1402
overlap,232,c05,14,days_350_400,OVL-C1402
overlap,240,c05,14,days_350_400,OVL-C1402
overlap,256,c05,14,days_350_400,OVL-C1402
overlap,260,c05,14,days_350_400,OVL-C1402
overlap,266,c05,14,days_350_400,OVL-C1402
overlap,267,c05,14,days_350_400,OVL-C1402
overlap,294,c05,14,days_350_400,OVL-C1402
overlap,305,c05,14,days_350_400,OVL-C1402
overlap,313,c05,14,days_350_400,OVL-C1402
overlap,326,c05,14,days_350_400,OVL-C1402
overlap,332,c05,14,days_350_400,OVL-C1402
overlap,348,c05,14,days_350_400,OVL-C1402
overlap,356,c05,14,days_350_400,OVL-C1402
overlap,392,c05,14,days_350_400,OVL-C1402
overlap,416,c05,14,days_350_400,OVL-C1402
overlap,425,c05,14,days_350_400,OVL-C1402
overlap,435,c05,14,days_350_400,OVL-C1402
overlap,438,c05,14,days_350_400,OVL-C1402
overlap,439,c05,14,days_350_400,OVL-C1402
overlap,447,c05,14,days_350_400,OVL-C1402
overlap,465,c05,14,days_350_400,OVL-C1402
overlap,472,c05,14,days_350_400,OVL-C1402
overlap,478,c05,14,days_350_400,OVL-C1402
overlap,500,c05,14,days_350_400,OVL-C1402
overlap,517,c05,14,days_350_400,OVL-C1402
overlap,556,c05,14,days_350_400,OVL-C1402
overlap,557,c05,14,days_350_400,OVL-C1402
overlap,567,c05,14,days_350_400,OVL-C1402
overlap,570,c05,14,days_350_400,OVL-C1402
overlap,573,c05,14,days_350_400,OVL-C1402
overlap,574,c05,14,days_350_400,OVL-C1402
overlap,575,c05,14,days_350_400,OVL-C1402
overlap,586,c05,14,days_350_400,OVL-C1402
overlap,602,c05,14,days_350_400,OVL-C1402
overlap,648,c05,14,days_350_400,OVL-C1402
overlap,674,c05,14,days_350_400,OVL-C1402
overlap,699,c05,14,days_350_400,OVL-C1402
overlap,700,c05,14,days_350_400,OVL-C1402
overlap,721,c05,14,days_350_400,OVL-C1402
overlap,730,c05,14,days_350_400,OVL-C1402
overlap,743,c05,14,days_350_400,OVL-C1402
overlap,751,c05,14,days_350_400,OVL-C1402
overlap,759,c05,14,days_350_400,OVL-C1402
overlap,762,c05,14,days_350_400,OVL-C1402
overlap,765,c05,14,days_350_400,OVL-C1402
overlap,782,c05,14,days_350_400,OVL-C1402
overlap,790,c05,14,days_350_400,OVL-C1402
overlap,812,c05,14,days_350_400,OVL-C1402
overlap,814,c05,14,days_350_400,OVL-C1402
overlap,818,c05,14,days_350_400,OVL-C1402
overlap,825,c05,14,days_350_400,OVL-C1402
overlap,868,c05,14,days_350_400,OVL-C1402
overlap,869,c05,14,days_350_400,OVL-C1402
overlap,885,c05,14,days_350_400,OVL-C1402
overlap,888,c05,14,days_350_400,OVL-C1402
overlap,889,c05,14,days_350_400,OVL-C1402
overlap,908,c05,14,days_350_400,OVL-C1402
overlap,912,c05,14,days_350_400,OVL-C1402
overlap,946,c05,14,days_350_400,OVL-C1402
overlap,949,c05,14,days_350_400,OVL-C1402
overlap,966,c05,14,days_350_400,OVL-C1402
overlap,984,c05,14,days_350_400,OVL-C1402
overlap,998,c05,14,days_350_400,OVL-C1402
overlap,1000,c05,14,days_350_400,OVL-C1402
overlap,24,c07,14,days_350_400,OVL-C1406
overlap,35,c07,14,days_350_400,OVL-C1406
overlap,141,c07,14,days_350_400,OVL-C1406
overlap,160,c07,14,days_350_400,OVL-C1406
overlap,167,c07,14,days_350_400,OVL-C1406
overlap,181,c07,14,days_350_400,OVL-C1406
overlap,188,c07,14,days_350_400,OVL-C1406
overlap,190,c07,14,days_350_400,OVL-C1406
overlap,207,c07,14,days_350_400,OVL-C1406
overlap,241,c07,14,days_350_400,OVL-C1406
overlap,274,c07,14,days_350_400,OVL-C1406
overlap,280,c07,14,days_350_400,OVL-C1406
overlap,281,c07,14,days_350_400,OVL-C1406
overlap,288,c07,14,days_350_400,OVL-C1406
overlap,301,c07,14,days_350_400,OVL-C1406
overlap,353,c07,14,days_350_400,OVL-C1406
overlap,360,c07,14,days_350_400,OVL-C1406
overlap,373,c07,14,days_350_400,OVL-C1406
overlap,391,c07,14,days_350_400,OVL-C1406
overlap,408,c07,14,days_350_400,OVL-C1406
overlap,414,c07,14,days_350_400,OVL-C1406
overlap,421,c07,14,days_350_400,OVL-C1406
overlap,424,c07,14,days_350_400,OVL-C1406
overlap,445,c07,14,days_350_400,OVL-C1406
overlap,469,c07,14,days_350_400,OVL-C1406
overlap,484,c07,14,days_350_400,OVL-C1406
overlap,493,c07,14,days_350_400,OVL-C1406
overlap,497,c07,14,days_350_400,OVL-C1406
overlap,512,c07,14,days_350_400,OVL-C1406
overlap,526,c07,14,days_350_400,OVL-C1406
overlap,530,c07,14,days_350_400,OVL-C1406
overlap,547,c07,14,days_350_400,OVL-C1406
overlap,552,c07,14,days_350_400,OVL-C1406
overlap,561,c07,14,days_350_400,OVL-C1406
overlap,614,c07,14,days_350_400,OVL-C1406
overlap,629,c07,14,days_350_400,OVL-C1406
overlap,630,c07,14,days_350_400,OVL-C1406
overlap,631,c07,14,days_350_400,OVL-C1406
overlap,643,c07,14,days_350_400,OVL-C1406
overlap,656,c07,14,days_350_400,OVL-C1406
overlap,658,c07,14,days_350_400,OVL-C1406
overlap,685,c07,14,days_350_400,OVL-C1406
overlap,750,c07,14,days_350_400,OVL-C1406
overlap,773,c07,14,days_350_400,OVL-C1406
overlap,795,c07,14,days_350_400,OVL-C1406
overlap,817,c07,14,days_350_400,OVL-C1406
overlap,846,c07,14,days_350_400,OVL-C1406
overlap,847,c07,14,days_350_400,OVL-C1406
overlap,851,c07,14,days_350_400,OVL-C1406
overlap,858,c07,14,days_350_400,OVL-C1406
overlap,891,c07,14,days_350_400,OVL-C1406
overlap,894,c07,14,days_350_400,OVL-C1406
overlap,902,c07,14,days_350_400,OVL-C1406
overlap,905,c07,14,days_350_400,OVL-C1406
overlap,920,c07,14,days_350_400,OVL-C1406
overlap,954,c07,14,days_350_400,OVL-C1406
overlap,957,c07,14,days_350_400,OVL-C1406
overlap,978,c07,14,days_350_400,OVL-C1406
overlap,988,c07,14,days_350_400,OVL-C1406
overlap,989,c07,14,days_350_400,OVL-C1406
overlap,28,c08,14,days_350_400,OVL-C1410
overlap,56,c08,14,days_350_400,OVL-C1410
overlap,68,c08,14,days_350_400,OVL-C1410
overlap,95,c08,14,days_350_400,OVL-C1410
overlap,185,c08,14,days_350_400,OVL-C1410
overlap,231,c08,14,days_350_400,OVL-C1410
overlap,245,c08,14,days_350_400,OVL-C1410
overlap,251,c08,14,days_350_400,OVL-C1410
overlap,264,c08,14,days_350_400,OVL-C1410
overlap,269,c08,14,days_350_400,OVL-C1410
overlap,311,c08,14,days_350_400,OVL-C1410
overlap,315,c08,14,days_350_400,OVL-C1410
overlap,329,c08,14,days_350_400,OVL-C1410
overlap,338,c08,14,days_350_400,OVL-C1410
overlap,361,c08,14,days_350_400,OVL-C1410
overlap,364,c08,14,days_350_400,OVL-C1410
overlap,427,c08,14,days_350_400,OVL-C1410
overlap,432,c08,14,days_350_400,OVL-C1410
overlap,433,c08,14,days_350_400,OVL-C1410
overlap,480,c08,14,days_350_400,OVL-C1410
overlap,482,c08,14,days_350_400,OVL-C1410
overlap,531,c08,14,days_350_400,OVL-C1410
overlap,540,c08,14,days_350_400,OVL-C1410
overlap,582,c08,14,days_350_400,OVL-C1410
overlap,606,c08,14,days_350_400,OVL-C1410
overlap,624,c08,14,days_350_400,OVL-C1410
overlap,641,c08,14,days_350_400,OVL-C1410
overlap,666,c08,14,days_350_400,OVL-C1410
overlap,697,c08,14,days_350_400,OVL-C1410
overlap,698,c08,14,days_350_400,OVL-C1410
overlap,764,c08,14,days_350_400,OVL-C1410
overlap,789,c08,14,days_350_400,OVL-C1410
overlap,801,c08,14,days_350_400,OVL-C1410
overlap,809,c08,14,days_350_400,OVL-C1410
overlap,819,c08,14,days_350_400,OVL-C1410
overlap,830,c08,14,days_350_400,OVL-C1410
overlap,840,c08,14,days_350_400,OVL-C1410
overlap,855,c08,14,days_350_400,OVL-C1410
overlap,872,c08,14,days_350_400,OVL-C1410
overlap,873,c08,14,days_350_400,OVL-C1410
overlap,874,c08,14,days_350_400,OVL-C1410
overlap,925,c08,14,days_350_400,OVL-C1410
overlap,928,c08,14,days_350_400,OVL-C1410
overlap,955,c08,14,days_350_400,OVL-C1410
overlap,987,c08,14,days_350_400,OVL-C1410
overlap,994,c08,14,days_350_400,OVL-C1410
overlap,0,c10,14,days_350_400,OVL-C1411
overlap,6,c10,14,days_350_400,OVL-C1411
overlap,19,c10,14,days_350_400,OVL-C1411
overlap,58,c10,14,days_350_400,OVL-C1411
overlap,78,c10,14,days_350_400,OVL-C1411
overlap,99,c10,14,days_350_400,OVL-C1411
overlap,118,c10,14,days_350_400,OVL-C1411
overlap,178,c10,14,days_350_400,OVL-C1411
overlap,189,c10,14,days_350_400,OVL-C1411
overlap,224,c10,14,days_350_400,OVL-C1411
overlap,228,c10,14,days_350_400,OVL-C1411
overlap,249,c10,14,days_350_400,OVL-C1411
overlap,293,c10,14,days_350_400,OVL-C1411
overlap,295,c10,14,days_350_400,OVL-C1411
overlap,312,c10,14,days_350_400,OVL-C1411
overlap,314,c10,14,days_350_400,OVL-C1411
overlap,333,c10,14,days_350_400,OVL-C1411
overlap,339,c10,14,days_350_400,OVL-C1411
overlap,349,c10,14,days_350_400,OVL-C1411
overlap,359,c10,14,days_350_400,OVL-C1411
overlap,365,c10,14,days_350_400,OVL-C1411
overlap,409,c10,14,days_350_400,OVL-C1411
overlap,442,c10,14,days_350_400,OVL-C1411
overlap,455,c10,14,days_350_400,OVL-C1411
overlap,470,c10,14,days_350_400,OVL-C1411
overlap,502,c10,14,days_350_400,OVL-C1411
overlap,519,c10,14,days_350_400,OVL-C1411
overlap,538,c10,14,days_350_400,OVL-C1411
overlap,569,c10,14,days_350_400,OVL-C1411
overlap,599,c10,14,days_350_400,OVL-C1411
overlap,605,c10,14,days_350_400,OVL-C1411
overlap,616,c10,14,days_350_400,OVL-C1411
overlap,690,c10,14,days_350_400,OVL-C1411
overlap,693,c10,14,days_350_400,OVL-C1411
overlap,705,c10,14,days_350_400,OVL-C1411
overlap,710,c10,14,days_350_400,OVL-C1411
overlap,732,c10,14,days_350_400,OVL-C1411
overlap,767,c10,14,days_350_400,OVL-C1411
overlap,787,c10,14,days_350_400,OVL-C1411
overlap,862,c10,14,days_350_400,OVL-C1411
overlap,909,c10,14,days_350_400,OVL-C1411
overlap,929,c10,14,days_350_400,OVL-C1411
overlap,976,c10,14,days_350_400,OVL-C1411
overlap,991,c10,14,days_350_400,OVL-C1411
overlap,25,c12,14,days_350_400,OVL-C1408
overlap,41,c12,14,days_350_400,OVL-C1408
overlap,48,c12,14,days_350_400,OVL-C1408
overlap,73,c12,14,days_350_400,OVL-C1408
overlap,85,c12,14,days_350_400,OVL-C1408
overlap,129,c12,14,days_350_400,OVL-C1408
overlap,147,c12,14,days_350_400,OVL-C1408
overlap,157,c12,14,days_350_400,OVL-C1408
overlap,171,c12,14,days_350_400,OVL-C1408
overlap,216,c12,14,days_350_400,OVL-C1408
overlap,230,c12,14,days_350_400,OVL-C1408
overlap,255,c12,14,days_350_400,OVL-C1408
overlap,277,c12,14,days_350_400,OVL-C1408
overlap,285,c12,14,days_350_400,OVL-C1408
overlap,318,c12,14,days_350_400,OVL-C1408
overlap,319,c12,14,days_350_400,OVL-C1408
overlap,321,c12,14,days_350_400,OVL-C1408
overlap,336,c12,14,days_350_400,OVL-C1408
overlap,347,c12,14,days_350_400,OVL-C1408
overlap,355,c12,14,days_350_400,OVL-C1408
overlap,366,c12,14,days_350_400,OVL-C1408
overlap,386,c12,14,days_350_400,OVL-C1408
overlap,434,c12,14,days_350_400,OVL-C1408
overlap,458,c12,14,days_350_400,OVL-C1408
overlap,481,c12,14,days_350_400,OVL-C1408
overlap,499,c12,14,days_350_400,OVL-C1408
overlap,503,c12,14,days_350_400,OVL-C1408
overlap,558,c12,14,days_350_400,OVL-C1408
overlap,565,c12,14,days_350_400,OVL-C1408
overlap,577,c12,14,days_350_400,OVL-C1408
overlap,590,c12,14,days_350_400,OVL-C1408
overlap,600,c12,14,days_350_400,OVL-C1408
overlap,618,c12,14,days_350_400,OVL-C1408
overlap,672,c12,14,days_350_400,OVL-C1408
overlap,679,c12,14,days_350_400,OVL-C1408
overlap,684,c12,14,days_350_400,OVL-C1408
overlap,686,c12,14,days_350_400,OVL-C1408
overlap,704,c12,14,days_350_400,OVL-C1408
overlap,715,c12,14,days_350_400,OVL-C1408
overlap,723,c12,14,days_350_400,OVL-C1408
overlap,748,c12,14,days_350_400,OVL-C1408
overlap,758,c12,14,days_350_400,OVL-C1408
overlap,844,c12,14,days_350_400,OVL-C1408
overlap,918,c12,14,days_350_400,OVL-C1408
overlap,926,c12,14,days_350_400,OVL-C1408
overlap,931,c12,14,days_350_400,OVL-C1408
overlap,933,c12,14,days_350_400,OVL-C1408
overlap,956,c12,14,days_350_400,OVL-C1408
overlap,972,c12,14,days_350_400,OVL-C1408
overlap,1002,c12,14,days_350_400,OVL-C1408
overlap,4,c02,15,days_375_425,OVL-C1501
overlap,11,c02,15,days_375_425,OVL-C1501
overlap,39,c02,15,days_375_425,OVL-C1501
overlap,40,c02,15,days_375_425,OVL-C1501
overlap,47,c02,15,days_375_425,OVL-C1501
overlap,49,c02,15,days_375_425,OVL-C1501
overlap,51,c02,15,days_375_425,OVL-C1501
overlap,53,c02,15,days_375_425,OVL-C1501
overlap,55,c02,15,days_375_425,OVL-C1501
overlap,60,c02,15,days_375_425,OVL-C1501
overlap,61,c02,15,days_375_425,OVL-C1501
overlap,63,c02,15,days_375_425,OVL-C1501
overlap,71,c02,15,days_375_425,OVL-C1501
overlap,75,c02,15,days_375_425,OVL-C1501
overlap,76,c02,15,days_375_425,OVL-C1501
overlap,82,c02,15,days_375_425,OVL-C1501
overlap,83,c02,15,days_375_425,OVL-C1501
overlap,86,c02,15,days_375_425,OVL-C1501
overlap,89,c02,15,days_375_425,OVL-C1501
overlap,90,c02,15,days_375_425,OVL-C1501
overlap,91,c02,15,days_375_425,OVL-C1501
overlap,114,c02,15,days_375_425,OVL-C1501
overlap,116,c02,15,days_375_425,OVL-C1501
overlap,127,c02,15,days_375_425,OVL-C1501
overlap,135,c02,15,days_375_425,OVL-C1501
overlap,137,c02,15,days_375_425,OVL-C1501
overlap,149,c02,15,days_375_425,OVL-C1501
overlap,150,c02,15,days_375_425,OVL-C1501
overlap,151,c02,15,days_375_425,OVL-C1501
overlap,152,c02,15,days_375_425,OVL-C1501
overlap,159,c02,15,days_375_425,OVL-C1501
overlap,161,c02,15,days_375_425,OVL-C1501
overlap,169,c02,15,days_375_425,OVL-C1501
overlap,170,c02,15,days_375_425,OVL-C1501
overlap,185,c02,15,days_375_425,OVL-C1501
overlap,187,c02,15,days_375_425,OVL-C1501
overlap,191,c02,15,days_375_425,OVL-C1501
overlap,193,c02,15,days_375_425,OVL-C1501
overlap,195,c02,15,days_375_425,OVL-C1501
overlap,205,c02,15,days_375_425,OVL-C1501
overlap,214,c02,15,days_375_425,OVL-C1501
overlap,220,c02,15,days_375_425,OVL-C1501
overlap,223,c02,15,days_375_425,OVL-C1501
overlap,226,c02,15,days_375_425,OVL-C1501
overlap,229,c02,15,days_375_425,OVL-C1501
overlap,233,c02,15,days_375_425,OVL-C1501
overlap,235,c02,15,days_375_425,OVL-C1501
overlap,243,c02,15,days_375_425,OVL-C1501
overlap,248,c02,15,days_375_425,OVL-C1501
overlap,253,c02,15,days_375_425,OVL-C1501
overlap,272,c02,15,days_375_425,OVL-C1501
overlap,290,c02,15,days_375_425,OVL-C1501
overlap,292,c02,15,days_375_425,OVL-C1501
overlap,304,c02,15,days_375_425,OVL-C1501
overlap,306,c02,15,days_375_425,OVL-C1501
overlap,307,c02,15,days_375_425,OVL-C1501
overlap,317,c02,15,days_375_425,OVL-C1501
overlap,325,c02,15,days_375_425,OVL-C1501
overlap,326,c02,15,days_375_425,OVL-C1501
overlap,334,c02,15,days_375_425,OVL-C1501
overlap,337,c02,15,days_375_425,OVL-C1501
overlap,340,c02,15,days_375_425,OVL-C1501
overlap,362,c02,15,days_375_425,OVL-C1501
overlap,367,c02,15,days_375_425,OVL-C1501
overlap,371,c02,15,days_375_425,OVL-C1501
overlap,372,c02,15,days_375_425,OVL-C1501
overlap,374,c02,15,days_375_425,OVL-C1501
overlap,379,c02,15,days_375_425,OVL-C1501
overlap,383,c02,15,days_375_425,OVL-C1501
overlap,390,c02,15,days_375_425,OVL-C1501
overlap,394,c02,15,days_375_425,OVL-C1501
overlap,397,c02,15,days_375_425,OVL-C1501
overlap,400,c02,15,days_375_425,OVL-C1501
overlap,404,c02,15,days_375_425,OVL-C1501
overlap,405,c02,15,days_375_425,OVL-C1501
overlap,441,c02,15,days_375_425,OVL-C1501
overlap,443,c02,15,days_375_425,OVL-C1501
overlap,448,c02,15,days_375_425,OVL-C1501
overlap,450,c02,15,days_375_425,OVL-C1501
overlap,456,c02,15,days_375_425,OVL-C1501
overlap,466,c02,15,days_375_425,OVL-C1501
overlap,471,c02,15,days_375_425,OVL-C1501
overlap,476,c02,15,days_375_425,OVL-C1501
overlap,501,c02,15,days_375_425,OVL-C1501
overlap,505,c02,15,days_375_425,OVL-C1501
overlap,515,c02,15,days_375_425,OVL-C1501
overlap,517,c02,15,days_375_425,OVL-C1501
overlap,522,c02,15,days_375_425,OVL-C1501
overlap,523,c02,15,days_375_425,OVL-C1501
overlap,528,c02,15,days_375_425,OVL-C1501
overlap,546,c02,15,days_375_425,OVL-C1501
overlap,550,c02,15,days_375_425,OVL-C1501
overlap,566,c02,15,days_375_425,OVL-C1501
overlap,568,c02,15,days_375_425,OVL-C1501
overlap,571,c02,15,days_375_425,OVL-C1501
overlap,572,c02,15,days_375_425,OVL-C1501
overlap,581,c02,15,days_375_425,OVL-C1501
overlap,585,c02,15,days_375_425,OVL-C1501
overlap,587,c02,15,days_375_425,OVL-C1501
overlap,589,c02,15,days_375_425,OVL-C1501
overlap,591,c02,15,days_375_425,OVL-C1501
overlap,595,c02,15,days_375_425,OVL-C1501
overlap,607,c02,15,days_375_425,OVL-C1501
overlap,609,c02,15,days_375_425,OVL-C1501
overlap,613,c02,15,days_375_425,OVL-C1501
overlap,617,c02,15,days_375_425,OVL-C1501
overlap,628,c02,15,days_375_425,OVL-C1501
overlap,633,c02,15,days_375_425,OVL-C1501
overlap,640,c02,15,days_375_425,OVL-C1501
overlap,659,c02,15,days_375_425,OVL-C1501
overlap,661,c02,15,days_375_425,OVL-C1501
overlap,662,c02,15,days_375_425,OVL-C1501
overlap,665,c02,15,days_375_425,OVL-C1501
overlap,668,c02,15,days_375_425,OVL-C1501
overlap,671,c02,15,days_375_425,OVL-C1501
overlap,673,c02,15,days_375_425,OVL-C1501
overlap,678,c02,15,days_375_425,OVL-C1501
overlap,687,c02,15,days_375_425,OVL-C1501
overlap,692,c02,15,days_375_425,OVL-C1501
overlap,695,c02,15,days_375_425,OVL-C1501
overlap,696,c02,15,days_375_425,OVL-C1501
overlap,703,c02,15,days_375_425,OVL-C1501
overlap,705,c02,15,days_375_425,OVL-C1501
overlap,711,c02,15,days_375_425,OVL-C1501
overlap,712,c02,15,days_375_425,OVL-C1501
overlap,714,c02,15,days_375_425,OVL-C1501
overlap,716,c02,15,days_375_425,OVL-C1501
overlap,718,c02,15,days_375_425,OVL-C1501
overlap,720,c02,15,days_375_425,OVL-C1501
overlap,724,c02,15,days_375_425,OVL-C1501
overlap,736,c02,15,days_375_425,OVL-C1501
overlap,742,c02,15,days_375_425,OVL-C1501
overlap,746,c02,15,days_375_425,OVL-C1501
overlap,754,c02,15,days_375_425,OVL-C1501
overlap,763,c02,15,days_375_425,OVL-C1501
overlap,769,c02,15,days_375_425,OVL-C1501
overlap,770,c02,15,days_375_425,OVL-C1501
overlap,771,c02,15,days_375_425,OVL-C1501
overlap,772,c02,15,days_375_425,OVL-C1501
overlap,776,c02,15,days_375_425,OVL-C1501
overlap,784,c02,15,days_375_425,OVL-C1501
overlap,792,c02,15,days_375_425,OVL-C1501
overlap,802,c02,15,days_375_425,OVL-C1501
overlap,811,c02,15,days_375_425,OVL-C1501
overlap,813,c02,15,days_375_425,OVL-C1501
overlap,830,c02,15,days_375_425,OVL-C1501
overlap,834,c02,15,days_375_425,OVL-C1501
overlap,835,c02,15,days_375_425,OVL-C1501
overlap,841,c02,15,days_375_425,OVL-C1501
overlap,860,c02,15,days_375_425,OVL-C1501
overlap,863,c02,15,days_375_425,OVL-C1501
overlap,865,c02,15,days_375_425,OVL-C1501
overlap,867,c02,15,days_375_425,OVL-C1501
overlap,870,c02,15,days_375_425,OVL-C1501
overlap,871,c02,15,days_375_425,OVL-C1501
overlap,875,c02,15,days_375_425,OVL-C1501
overlap,880,c02,15,days_375_425,OVL-C1501
overlap,883,c02,15,days_375_425,OVL-C1501
overlap,887,c02,15,days_375_425,OVL-C1501
overlap,890,c02,15,days_375_425,OVL-C1501
overlap,900,c02,15,days_375_425,OVL-C1501
overlap,901,c02,15,days_375_425,OVL-C1501
overlap,910,c02,15,days_375_425,OVL-C1501
overlap,919,c02,15,days_375_425,OVL-C1501
overlap,922,c02,15,days_375_425,OVL-C1501
overlap,923,c02,15,days_375_425,OVL-C1501
overlap,934,c02,15,days_375_425,OVL-C1501
overlap,935,c02,15,days_375_425,OVL-C1501
overlap,936,c02,15,days_375_425,OVL-C1501
overlap,937,c02,15,days_375_425,OVL-C1501
overlap,940,c02,15,days_375_425,OVL-C1501
overlap,942,c02,15,days_375_425,OVL-C1501
overlap,944,c02,15,days_375_425,OVL-C1501
overlap,962,c02,15,days_375_425,OVL-C1501
overlap,975,c02,15,days_375_425,OVL-C1501
overlap,983,c02,15,days_375_425,OVL-C1501
overlap,993,c02,15,days_375_425,OVL-C1501
overlap,995,c02,15,days_375_425,OVL-C1501
overlap,997,c02,15,days_375_425,OVL-C1501
overlap,5,c04,15,days_375_425,OVL-C1503
overlap,7,c04,15,days_375_425,OVL-C1503
overlap,29,c04,15,days_375_425,OVL-C1503
overlap,72,c04,15,days_375_425,OVL-C1503
overlap,101,c04,15,days_375_425,OVL-C1503
overlap,107,c04,15,days_375_425,OVL-C1503
overlap,108,c04,15,days_375_425,OVL-C1503
overlap,118,c04,15,days_375_425,OVL-C1503
overlap,175,c04,15,days_375_425,OVL-C1503
overlap,180,c04,15,days_375_425,OVL-C1503
overlap,184,c04,15,days_375_425,OVL-C1503
overlap,192,c04,15,days_375_425,OVL-C1503
overlap,201,c04,15,days_375_425,OVL-C1503
overlap,208,c04,15,days_375_425,OVL-C1503
overlap,225,c04,15,days_375_425,OVL-C1503
overlap,236,c04,15,days_375_425,OVL-C1503
overlap,246,c04,15,days_375_425,OVL-C1503
overlap,259,c04,15,days_375_425,OVL-C1503
overlap,262,c04,15,days_375_425,OVL-C1503
overlap,275,c04,15,days_375_425,OVL-C1503
overlap,279,c04,15,days_375_425,OVL-C1503
overlap,289,c04,15,days_375_425,OVL-C1503
overlap,296,c04,15,days_375_425,OVL-C1503
overlap,315,c04,15,days_375_425,OVL-C1503
overlap,320,c04,15,days_375_425,OVL-C1503
overlap,327,c04,15,days_375_425,OVL-C1503
overlap,335,c04,15,days_375_425,OVL-C1503
overlap,358,c04,15,days_375_425,OVL-C1503
overlap,365,c04,15,days_375_425,OVL-C1503
overlap,377,c04,15,days_375_425,OVL-C1503
overlap,381,c04,15,days_375_425,OVL-C1503
overlap,393,c04,15,days_375_425,OVL-C1503
overlap,407,c04,15,days_375_425,OVL-C1503
overlap,423,c04,15,days_375_425,OVL-C1503
overlap,426,c04,15,days_375_425,OVL-C1503
overlap,440,c04,15,days_375_425,OVL-C1503
overlap,457,c04,15,days_375_425,OVL-C1503
overlap,464,c04,15,days_375_425,OVL-C1503
overlap,468,c04,15,days_375_425,OVL-C1503
overlap,491,c04,15,days_375_425,OVL-C1503
overlap,537,c04,15,days_375_425,OVL-C1503
overlap,549,c04,15,days_375_425,OVL-C1503
overlap,553,c04,15,days_375_425,OVL-C1503
overlap,615,c04,15,days_375_425,OVL-C1503
overlap,652,c04,15,days_375_425,OVL-C1503
overlap,664,c04,15,days_375_425,OVL-C1503
overlap,670,c04,15,days_375_425,OVL-C1503
overlap,688,c04,15,days_375_425,OVL-C1503
overlap,701,c04,15,days_375_425,OVL-C1503
overlap,708,c04,15,days_375_425,OVL-C1503
overlap,727,c04,15,days_375_425,OVL-C1503
overlap,737,c04,15,days_375_425,OVL-C1503
overlap,779,c04,15,days_375_425,OVL-C1503
overlap,808,c04,15,days_375_425,OVL-C1503
overlap,810,c04,15,days_375_425,OVL-C1503
overlap,829,c04,15,days_375_425,OVL-C1503
overlap,843,c04,15,days_375_425,OVL-C1503
overlap,866,c04,15,days_375_425,OVL-C1503
overlap,876,c04,15,days_375_425,OVL-C1503
overlap,884,c04,15,days_375_425,OVL-C1503
overlap,897,c04,15,days_375_425,OVL-C1503
overlap,898,c04,15,days_375_425,OVL-C1503
overlap,899,c04,15,days_375_425,OVL-C1503
overlap,907,c04,15,days_375_425,OVL-C1503
overlap,958,c04,15,days_375_425,OVL-C1503
overlap,980,c04,15,days_375_425,OVL-C1503
overlap,985,c04,15,days_375_425,OVL-C1503
overlap,999,c04,15,days_375_425,OVL-C1503
overlap,2,c05,15,days_375_425,OVL-C1502
overlap,30,c05,15,days_375_425,OVL-C1502
overlap,45,c05,15,days_375_425,OVL-C1502
overlap,52,c05,15,days_375_425,OVL-C1502
overlap,66,c05,15,days_375_425,OVL-C1502
overlap,74,c05,15,days_375_425,OVL-C1502
overlap,77,c05,15,days_375_425,OVL-C1502
overlap,104,c05,15,days_375_425,OVL-C1502
overlap,109,c05,15,days_375_425,OVL-C1502
overlap,111,c05,15,days_375_425,OVL-C1502
overlap,112,c05,15,days_375_425,OVL-C1502
overlap,119,c05,15,days_375_425,OVL-C1502
overlap,120,c05,15,days_375_425,OVL-C1502
overlap,126,c05,15,days_375_425,OVL-C1502
overlap,133,c05,15,days_375_425,OVL-C1502
overlap,166,c05,15,days_375_425,OVL-C1502
overlap,168,c05,15,days_375_425,OVL-C1502
overlap,186,c05,15,days_375_425,OVL-C1502
overlap,196,c05,15,days_375_425,OVL-C1502
overlap,198,c05,15,days_375_425,OVL-C1502
overlap,204,c05,15,days_375_425,OVL-C1502
overlap,209,c05,15,days_375_425,OVL-C1502
overlap,227,c05,15,days_375_425,OVL-C1502
overlap,232,c05,15,days_375_425,OVL-C1502
overlap,240,c05,15,days_375_425,OVL-C1502
overlap,256,c05,15,days_375_425,OVL-C1502
overlap,257,c05,15,days_375_425,OVL-C1502
overlap,260,c05,15,days_375_425,OVL-C1502
overlap,266,c05,15,days_375_425,OVL-C1502
overlap,267,c05,15,days_375_425,OVL-C1502
overlap,283,c05,15,days_375_425,OVL-C1502
overlap,294,c05,15,days_375_425,OVL-C1502
overlap,305,c05,15,days_375_425,OVL-C1502
overlap,313,c05,15,days_375_425,OVL-C1502
overlap,332,c05,15,days_375_425,OVL-C1502
overlap,345,c05,15,days_375_425,OVL-C1502
overlap,356,c05,15,days_375_425,OVL-C1502
overlap,392,c05,15,days_375_425,OVL-C1502
overlap,398,c05,15,days_375_425,OVL-C1502
overlap,416,c05,15,days_375_425,OVL-C1502
overlap,425,c05,15,days_375_425,OVL-C1502
overlap,435,c05,15,days_375_425,OVL-C1502
overlap,438,c05,15,days_375_425,OVL-C1502
overlap,439,c05,15,days_375_425,OVL-C1502
overlap,447,c05,15,days_375_425,OVL-C1502
overlap,465,c05,15,days_375_425,OVL-C1502
overlap,472,c05,15,days_375_425,OVL-C1502
overlap,478,c05,15,days_375_425,OVL-C1502
overlap,479,c05,15,days_375_425,OVL-C1502
overlap,483,c05,15,days_375_425,OVL-C1502
overlap,488,c05,15,days_375_425,OVL-C1502
overlap,490,c05,15,days_375_425,OVL-C1502
overlap,500,c05,15,days_375_425,OVL-C1502
overlap,556,c05,15,days_375_425,OVL-C1502
overlap,567,c05,15,days_375_425,OVL-C1502
overlap,570,c05,15,days_375_425,OVL-C1502
overlap,573,c05,15,days_375_425,OVL-C1502
overlap,574,c05,15,days_375_425,OVL-C1502
overlap,575,c05,15,days_375_425,OVL-C1502
overlap,586,c05,15,days_375_425,OVL-C1502
overlap,598,c05,15,days_375_425,OVL-C1502
overlap,602,c05,15,days_375_425,OVL-C1502
overlap,648,c05,15,days_375_425,OVL-C1502
overlap,660,c05,15,days_375_425,OVL-C1502
overlap,674,c05,15,days_375_425,OVL-C1502
overlap,699,c05,15,days_375_425,OVL-C1502
overlap,700,c05,15,days_375_425,OVL-C1502
overlap,721,c05,15,days_375_425,OVL-C1502
overlap,730,c05,15,days_375_425,OVL-C1502
overlap,735,c05,15,days_375_425,OVL-C1502
overlap,743,c05,15,days_375_425,OVL-C1502
overlap,751,c05,15,days_375_425,OVL-C1502
overlap,759,c05,15,days_375_425,OVL-C1502
overlap,762,c05,15,days_375_425,OVL-C1502
overlap,765,c05,15,days_375_425,OVL-C1502
overlap,782,c05,15,days_375_425,OVL-C1502
overlap,790,c05,15,days_375_425,OVL-C1502
overlap,803,c05,15,days_375_425,OVL-C1502
overlap,812,c05,15,days_375_425,OVL-C1502
overlap,814,c05,15,days_375_425,OVL-C1502
overlap,818,c05,15,days_375_425,OVL-C1502
overlap,825,c05,15,days_375_425,OVL-C1502
overlap,868,c05,15,days_375_425,OVL-C1502
overlap,869,c05,15,days_375_425,OVL-C1502
overlap,885,c05,15,days_375_425,OVL-C1502
overlap,889,c05,15,days_375_425,OVL-C1502
overlap,896,c05,15,days_375_425,OVL-C1502
overlap,908,c05,15,days_375_425,OVL-C1502
overlap,912,c05,15,days_375_425,OVL-C1502
overlap,946,c05,15,days_375_425,OVL-C1502
overlap,948,c05,15,days_375_425,OVL-C1502
overlap,949,c05,15,days_375_425,OVL-C1502
overlap,966,c05,15,days_375_425,OVL-C1502
overlap,974,c05,15,days_375_425,OVL-C1502
overlap,984,c05,15,days_375_425,OVL-C1502
overlap,998,c05,15,days_375_425,OVL-C1502
overlap,1000,c05,15,days_375_425,OVL-C1502
overlap,24,c07,15,days_375_425,OVL-C1506
overlap,35,c07,15,days_375_425,OVL-C1506
overlap,141,c07,15,days_375_425,OVL-C1506
overlap,160,c07,15,days_375_425,OVL-C1506
overlap,167,c07,15,days_375_425,OVL-C1506
overlap,181,c07,15,days_375_425,OVL-C1506
overlap,188,c07,15,days_375_425,OVL-C1506
overlap,190,c07,15,days_375_425,OVL-C1506
overlap,207,c07,15,days_375_425,OVL-C1506
overlap,241,c07,15,days_375_425,OVL-C1506
overlap,274,c07,15,days_375_425,OVL-C1506
overlap,280,c07,15,days_375_425,OVL-C1506
overlap,281,c07,15,days_375_425,OVL-C1506
overlap,288,c07,15,days_375_425,OVL-C1506
overlap,301,c07,15,days_375_425,OVL-C1506
overlap,353,c07,15,days_375_425,OVL-C1506
overlap,360,c07,15,days_375_425,OVL-C1506
overlap,373,c07,15,days_375_425,OVL-C1506
overlap,387,c07,15,days_375_425,OVL-C1506
overlap,391,c07,15,days_375_425,OVL-C1506
overlap,408,c07,15,days_375_425,OVL-C1506
overlap,414,c07,15,days_375_425,OVL-C1506
overlap,421,c07,15,days_375_425,OVL-C1506
overlap,424,c07,15,days_375_425,OVL-C1506
overlap,445,c07,15,days_375_425,OVL-C1506
overlap,469,c07,15,days_375_425,OVL-C1506
overlap,484,c07,15,days_375_425,OVL-C1506
overlap,493,c07,15,days_375_425,OVL-C1506
overlap,497,c07,15,days_375_425,OVL-C1506
overlap,511,c07,15,days_375_425,OVL-C1506
overlap,512,c07,15,days_375_425,OVL-C1506
overlap,526,c07,15,days_375_425,OVL-C1506
overlap,530,c07,15,days_375_425,OVL-C1506
overlap,547,c07,15,days_375_425,OVL-C1506
overlap,552,c07,15,days_375_425,OVL-C1506
overlap,561,c07,15,days_375_425,OVL-C1506
overlap,614,c07,15,days_375_425,OVL-C1506
overlap,629,c07,15,days_375_425,OVL-C1506
overlap,630,c07,15,days_375_425,OVL-C1506
overlap,631,c07,15,days_375_425,OVL-C1506
overlap,656,c07,15,days_375_425,OVL-C1506
overlap,658,c07,15,days_375_425,OVL-C1506
overlap,750,c07,15,days_375_425,OVL-C1506
overlap,773,c07,15,days_375_425,OVL-C1506
overlap,795,c07,15,days_375_425,OVL-C1506
overlap,817,c07,15,days_375_425,OVL-C1506
overlap,846,c07,15,days_375_425,OVL-C1506
overlap,847,c07,15,days_375_425,OVL-C1506
overlap,851,c07,15,days_375_425,OVL-C1506
overlap,891,c07,15,days_375_425,OVL-C1506
overlap,894,c07,15,days_375_425,OVL-C1506
overlap,902,c07,15,days_375_425,OVL-C1506
overlap,905,c07,15,days_375_425,OVL-C1506
overlap,920,c07,15,days_375_425,OVL-C1506
overlap,954,c07,15,days_375_425,OVL-C1506
overlap,957,c07,15,days_375_425,OVL-C1506
overlap,978,c07,15,days_375_425,OVL-C1506
overlap,988,c07,15,days_375_425,OVL-C1506
overlap,28,c08,15,days_375_425,OVL-C1508
overlap,56,c08,15,days_375_425,OVL-C1508
overlap,68,c08,15,days_375_425,OVL-C1508
overlap,95,c08,15,days_375_425,OVL-C1508
overlap,231,c08,15,days_375_425,OVL-C1508
overlap,245,c08,15,days_375_425,OVL-C1508
overlap,251,c08,15,days_375_425,OVL-C1508
overlap,264,c08,15,days_375_425,OVL-C1508
overlap,269,c08,15,days_375_425,OVL-C1508
overlap,311,c08,15,days_375_425,OVL-C1508
overlap,329,c08,15,days_375_425,OVL-C1508
overlap,338,c08,15,days_375_425,OVL-C1508
overlap,361,c08,15,days_375_425,OVL-C1508
overlap,364,c08,15,days_375_425,OVL-C1508
overlap,427,c08,15,days_375_425,OVL-C1508
overlap,432,c08,15,days_375_425,OVL-C1508
overlap,433,c08,15,days_375_425,OVL-C1508
overlap,480,c08,15,days_375_425,OVL-C1508
overlap,482,c08,15,days_375_425,OVL-C1508
overlap,531,c08,15,days_375_425,OVL-C1508
overlap,540,c08,15,days_375_425,OVL-C1508
overlap,582,c08,15,days_375_425,OVL-C1508
overlap,606,c08,15,days_375_425,OVL-C1508
overlap,624,c08,15,days_375_425,OVL-C1508
overlap,641,c08,15,days_375_425,OVL-C1508
overlap,697,c08,15,days_375_425,OVL-C1508
overlap,698,c08,15,days_375_425,OVL-C1508
overlap,764,c08,15,days_375_425,OVL-C1508
overlap,775,c08,15,days_375_425,OVL-C1508
overlap,789,c08,15,days_375_425,OVL-C1508
overlap,798,c08,15,days_375_425,OVL-C1508
overlap,801,c08,15,days_375_425,OVL-C1508
overlap,809,c08,15,days_375_425,OVL-C1508
overlap,819,c08,15,days_375_425,OVL-C1508
overlap,840,c08,15,days_375_425,OVL-C1508
overlap,849,c08,15,days_375_425,OVL-C1508
overlap,855,c08,15,days_375_425,OVL-C1508
overlap,872,c08,15,days_375_425,OVL-C1508
overlap,873,c08,15,days_375_425,OVL-C1508
overlap,874,c08,15,days_375_425,OVL-C1508
overlap,925,c08,15,days_375_425,OVL-C1508
overlap,955,c08,15,days_375_425,OVL-C1508
overlap,987,c08,15,days_375_425,OVL-C1508
overlap,994,c08,15,days_375_425,OVL-C1508
overlap,0,c10,15,days_375_425,OVL-C1509
overlap,6,c10,15,days_375_425,OVL-C1509
overlap,19,c10,15,days_375_425,OVL-C1509
overlap,58,c10,15,days_375_425,OVL-C1509
overlap,78,c10,15,days_375_425,OVL-C1509
overlap,99,c10,15,days_375_425,OVL-C1509
overlap,130,c10,15,days_375_425,OVL-C1509
overlap,178,c10,15,days_375_425,OVL-C1509
overlap,224,c10,15,days_375_425,OVL-C1509
overlap,228,c10,15,days_375_425,OVL-C1509
overlap,249,c10,15,days_375_425,OVL-C1509
overlap,293,c10,15,days_375_425,OVL-C1509
overlap,295,c10,15,days_375_425,OVL-C1509
overlap,314,c10,15,days_375_425,OVL-C1509
overlap,333,c10,15,days_375_425,OVL-C1509
overlap,339,c10,15,days_375_425,OVL-C1509
overlap,349,c10,15,days_375_425,OVL-C1509
overlap,359,c10,15,days_375_425,OVL-C1509
overlap,409,c10,15,days_375_425,OVL-C1509
overlap,455,c10,15,days_375_425,OVL-C1509
overlap,470,c10,15,days_375_425,OVL-C1509
overlap,502,c10,15,days_375_425,OVL-C1509
overlap,519,c10,15,days_375_425,OVL-C1509
overlap,527,c10,15,days_375_425,OVL-C1509
overlap,538,c10,15,days_375_425,OVL-C1509
overlap,569,c10,15,days_375_425,OVL-C1509
overlap,599,c10,15,days_375_425,OVL-C1509
overlap,605,c10,15,days_375_425,OVL-C1509
overlap,693,c10,15,days_375_425,OVL-C1509
overlap,710,c10,15,days_375_425,OVL-C1509
overlap,728,c10,15,days_375_425,OVL-C1509
overlap,732,c10,15,days_375_425,OVL-C1509
overlap,767,c10,15,days_375_425,OVL-C1509
overlap,787,c10,15,days_375_425,OVL-C1509
overlap,858,c10,15,days_375_425,OVL-C1509
overlap,862,c10,15,days_375_425,OVL-C1509
overlap,909,c10,15,days_375_425,OVL-C1509
overlap,929,c10,15,days_375_425,OVL-C1509
overlap,976,c10,15,days_375_425,OVL-C1509
overlap,991,c10,15,days_375_425,OVL-C1509
overlap,25,c12,15,days_375_425,OVL-C1510
overlap,41,c12,15,days_375_425,OVL-C1510
overlap,48,c12,15,days_375_425,OVL-C1510
overlap,73,c12,15,days_375_425,OVL-C1510
overlap,216,c12,15,days_375_425,OVL-C1510
overlap,318,c12,15,days_375_425,OVL-C1510
overlap,319,c12,15,days_375_425,OVL-C1510
overlap,321,c12,15,days_375_425,OVL-C1510
overlap,386,c12,15,days_375_425,OVL-C1510
overlap,458,c12,15,days_375_425,OVL-C1510
overlap,481,c12,15,days_375_425,OVL-C1510
overlap,499,c12,15,days_375_425,OVL-C1510
overlap,503,c12,15,days_375_425,OVL-C1510
overlap,558,c12,15,days_375_425,OVL-C1510
overlap,565,c12,15,days_375_425,OVL-C1510
overlap,600,c12,15,days_375_425,OVL-C1510
overlap,626,c12,15,days_375_425,OVL-C1510
overlap,672,c12,15,days_375_425,OVL-C1510
overlap,679,c12,15,days_375_425,OVL-C1510
overlap,684,c12,15,days_375_425,OVL-C1510
overlap,704,c12,15,days_375_425,OVL-C1510
overlap,723,c12,15,days_375_425,OVL-C1510
overlap,758,c12,15,days_375_425,OVL-C1510
overlap,844,c12,15,days_375_425,OVL-C1510
overlap,918,c12,15,days_375_425,OVL-C1510
overlap,956,c12,15,days_375_425,OVL-C1510
overlap,1002,c12,15,days_375_425,OVL-C1510
overlap,62,c14,15,days_375_425,OVL-C1511
overlap,113,c14,15,days_375_425,OVL-C1511
overlap,138,c14,15,days_375_425,OVL-C1511
overlap,163,c14,15,days_375_425,OVL-C1511
overlap,239,c14,15,days_375_425,OVL-C1511
overlap,250,c14,15,days_375_425,OVL-C1511
overlap,369,c14,15,days_375_425,OVL-C1511
overlap,444,c14,15,days_375_425,OVL-C1511
overlap,485,c14,15,days_375_425,OVL-C1511
overlap,513,c14,15,days_375_425,OVL-C1511
overlap,535,c14,15,days_375_425,OVL-C1511
overlap,542,c14,15,days_375_425,OVL-C1511
overlap,551,c14,15,days_375_425,OVL-C1511
overlap,646,c14,15,days_375_425,OVL-C1511
overlap,722,c14,15,days_375_425,OVL-C1511
overlap,799,c14,15,days_375_425,OVL-C1511
overlap,800,c14,15,days_375_425,OVL-C1511
overlap,823,c14,15,days_375_425,OVL-C1511
overlap,854,c14,15,days_375_425,OVL-C1511
overlap,886,c14,15,days_375_425,OVL-C1511
overlap,895,c14,15,days_375_425,OVL-C1511
overlap,913,c14,15,days_375_425,OVL-C1511
overlap,11,c01,16,days_400_450,OVL-C1602
overlap,33,c01,16,days_400_450,OVL-C1602
overlap,39,c01,16,days_400_450,OVL-C1602
overlap,53,c01,16,days_400_450,OVL-C1602
overlap,63,c01,16,days_400_450,OVL-C1602
overlap,65,c01,16,days_400_450,OVL-C1602
overlap,75,c01,16,days_400_450,OVL-C1602
overlap,90,c01,16,days_400_450,OVL-C1602
overlap,91,c01,16,days_400_450,OVL-C1602
overlap,93,c01,16,days_400_450,OVL-C1602
overlap,98,c01,16,days_400_450,OVL-C1602
overlap,117,c01,16,days_400_450,OVL-C1602
overlap,120,c01,16,days_400_450,OVL-C1602
overlap,124,c01,16,days_400_450,OVL-C1602
overlap,134,c01,16,days_400_450,OVL-C1602
overlap,150,c01,16,days_400_450,OVL-C1602
overlap,151,c01,16,days_400_450,OVL-C1602
overlap,159,c01,16,days_400_450,OVL-C1602
overlap,179,c01,16,days_400_450,OVL-C1602
overlap,185,c01,16,days_400_450,OVL-C1602
overlap,186,c01,16,days_400_450,OVL-C1602
overlap,191,c01,16,days_400_450,OVL-C1602
overlap,193,c01,16,days_400_450,OVL-C1602
overlap,196,c01,16,days_400_450,OVL-C1602
overlap,197,c01,16,days_400_450,OVL-C1602
overlap,198,c01,16,days_400_450,OVL-C1602
overlap,205,c01,16,days_400_450,OVL-C1602
overlap,214,c01,16,days_400_450,OVL-C1602
overlap,220,c01,16,days_400_450,OVL-C1602
overlap,225,c01,16,days_400_450,OVL-C1602
overlap,229,c01,16,days_400_450,OVL-C1602
overlap,233,c01,16,days_400_450,OVL-C1602
overlap,235,c01,16,days_400_450,OVL-C1602
overlap,239,c01,16,days_400_450,OVL-C1602
overlap,248,c01,16,days_400_450,OVL-C1602
overlap,253,c01,16,days_400_450,OVL-C1602
overlap,257,c01,16,days_400_450,OVL-C1602
overlap,268,c01,16,days_400_450,OVL-C1602
overlap,273,c01,16,days_400_450,OVL-C1602
overlap,278,c01,16,days_400_450,OVL-C1602
overlap,283,c01,16,days_400_450,OVL-C1602
overlap,290,c01,16,days_400_450,OVL-C1602
overlap,291,c01,16,days_400_450,OVL-C1602
overlap,297,c01,16,days_400_450,OVL-C1602
overlap,325,c01,16,days_400_450,OVL-C1602
overlap,326,c01,16,days_400_450,OVL-C1602
overlap,334,c01,16,days_400_450,OVL-C1602
overlap,364,c01,16,days_400_450,OVL-C1602
overlap,367,c01,16,days_400_450,OVL-C1602
overlap,397,c01,16,days_400_450,OVL-C1602
overlap,401,c01,16,days_400_450,OVL-C1602
overlap,413,c01,16,days_400_450,OVL-C1602
overlap,415,c01,16,days_400_450,OVL-C1602
overlap,429,c01,16,days_400_450,OVL-C1602
overlap,454,c01,16,days_400_450,OVL-C1602
overlap,462,c01,16,days_400_450,OVL-C1602
overlap,471,c01,16,days_400_450,OVL-C1602
overlap,476,c01,16,days_400_450,OVL-C1602
overlap,515,c01,16,days_400_450,OVL-C1602
overlap,566,c01,16,days_400_450,OVL-C1602
overlap,591,c01,16,days_400_450,OVL-C1602
overlap,607,c01,16,days_400_450,OVL-C1602
overlap,609,c01,16,days_400_450,OVL-C1602
overlap,613,c01,16,days_400_450,OVL-C1602
overlap,617,c01,16,days_400_450,OVL-C1602
overlap,619,c01,16,days_400_450,OVL-C1602
overlap,633,c01,16,days_400_450,OVL-C1602
overlap,660,c01,16,days_400_450,OVL-C1602
overlap,671,c01,16,days_400_450,OVL-C1602
overlap,681,c01,16,days_400_450,OVL-C1602
overlap,683,c01,16,days_400_450,OVL-C1602
overlap,687,c01,16,days_400_450,OVL-C1602
overlap,692,c01,16,days_400_450,OVL-C1602
overlap,696,c01,16,days_400_450,OVL-C1602
overlap,706,c01,16,days_400_450,OVL-C1602
overlap,707,c01,16,days_400_450,OVL-C1602
overlap,711,c01,16,days_400_450,OVL-C1602
overlap,713,c01,16,days_400_450,OVL-C1602
overlap,714,c01,16,days_400_450,OVL-C1602
overlap,752,c01,16,days_400_450,OVL-C1602
overlap,763,c01,16,days_400_450,OVL-C1602
overlap,772,c01,16,days_400_450,OVL-C1602
overlap,798,c01,16,days_400_450,OVL-C1602
overlap,807,c01,16,days_400_450,OVL-C1602
overlap,811,c01,16,days_400_450,OVL-C1602
overlap,833,c01,16,days_400_450,OVL-C1602
overlap,834,c01,16,days_400_450,OVL-C1602
overlap,835,c01,16,days_400_450,OVL-C1602
overlap,865,c01,16,days_400_450,OVL-C1602
overlap,875,c01,16,days_400_450,OVL-C1602
overlap,883,c01,16,days_400_450,OVL-C1602
overlap,890,c01,16,days_400_450,OVL-C1602
overlap,910,c01,16,days_400_450,OVL-C1602
overlap,916,c01,16,days_400_450,OVL-C1602
overlap,923,c01,16,days_400_450,OVL-C1602
overlap,930,c01,16,days_400_450,OVL-C1602
overlap,938,c01,16,days_400_450,OVL-C1602
overlap,940,c01,16,days_400_450,OVL-C1602
overlap,951,c01,16,days_400_450,OVL-C1602
overlap,962,c01,16,days_400_450,OVL-C1602
overlap,975,c01,16,days_400_450,OVL-C1602
overlap,983,c01,16,days_400_450,OVL-C1602
overlap,995,c01,16,days_400_450,OVL-C1602
overlap,997,c01,16,days_400_450,OVL-C1602
overlap,1003,c01,16,days_400_450,OVL-C1602
overlap,4,c02,16,days_400_450,OVL-C1604
overlap,26,c02,16,days_400_450,OVL-C1604
overlap,40,c02,16,days_400_450,OVL-C1604
overlap,51,c02,16,days_400_450,OVL-C1604
overlap,54,c02,16,days_400_450,OVL-C1604
overlap,58,c02,16,days_400_450,OVL-C1604
overlap,60,c02,16,days_400_450,OVL-C1604
overlap,72,c02,16,days_400_450,OVL-C1604
overlap,82,c02,16,days_400_450,OVL-C1604
overlap,83,c02,16,days_400_450,OVL-C1604
overlap,86,c02,16,days_400_450,OVL-C1604
overlap,111,c02,16,days_400_450,OVL-C1604
overlap,135,c02,16,days_400_450,OVL-C1604
overlap,137,c02,16,days_400_450,OVL-C1604
overlap,138,c02,16,days_400_450,OVL-C1604
overlap,152,c02,16,days_400_450,OVL-C1604
overlap,155,c02,16,days_400_450,OVL-C1604
overlap,161,c02,16,days_400_450,OVL-C1604
overlap,170,c02,16,days_400_450,OVL-C1604
overlap,187,c02,16,days_400_450,OVL-C1604
overlap,203,c02,16,days_400_450,OVL-C1604
overlap,254,c02,16,days_400_450,OVL-C1604
overlap,272,c02,16,days_400_450,OVL-C1604
overlap,292,c02,16,days_400_450,OVL-C1604
overlap,293,c02,16,days_400_450,OVL-C1604
overlap,300,c02,16,days_400_450,OVL-C1604
overlap,304,c02,16,days_400_450,OVL-C1604
overlap,306,c02,16,days_400_450,OVL-C1604
overlap,317,c02,16,days_400_450,OVL-C1604
overlap,362,c02,16,days_400_450,OVL-C1604
overlap,371,c02,16,days_400_450,OVL-C1604
overlap,374,c02,16,days_400_450,OVL-C1604
overlap,379,c02,16,days_400_450,OVL-C1604
overlap,383,c02,16,days_400_450,OVL-C1604
overlap,390,c02,16,days_400_450,OVL-C1604
overlap,394,c02,16,days_400_450,OVL-C1604
overlap,400,c02,16,days_400_450,OVL-C1604
overlap,405,c02,16,days_400_450,OVL-C1604
overlap,441,c02,16,days_400_450,OVL-C1604
overlap,443,c02,16,days_400_450,OVL-C1604
overlap,450,c02,16,days_400_450,OVL-C1604
overlap,456,c02,16,days_400_450,OVL-C1604
overlap,466,c02,16,days_400_450,OVL-C1604
overlap,488,c02,16,days_400_450,OVL-C1604
overlap,523,c02,16,days_400_450,OVL-C1604
overlap,528,c02,16,days_400_450,OVL-C1604
overlap,568,c02,16,days_400_450,OVL-C1604
overlap,571,c02,16,days_400_450,OVL-C1604
overlap,572,c02,16,days_400_450,OVL-C1604
overlap,580,c02,16,days_400_450,OVL-C1604
overlap,581,c02,16,days_400_450,OVL-C1604
overlap,587,c02,16,days_400_450,OVL-C1604
overlap,589,c02,16,days_400_450,OVL-C1604
overlap,592,c02,16,days_400_450,OVL-C1604
overlap,594,c02,16,days_400_450,OVL-C1604
overlap,626,c02,16,days_400_450,OVL-C1604
overlap,628,c02,16,days_400_450,OVL-C1604
overlap,640,c02,16,days_400_450,OVL-C1604
overlap,659,c02,16,days_400_450,OVL-C1604
overlap,661,c02,16,days_400_450,OVL-C1604
overlap,662,c02,16,days_400_450,OVL-C1604
overlap,668,c02,16,days_400_450,OVL-C1604
overlap,695,c02,16,days_400_450,OVL-C1604
overlap,697,c02,16,days_400_450,OVL-C1604
overlap,703,c02,16,days_400_450,OVL-C1604
overlap,712,c02,16,days_400_450,OVL-C1604
overlap,720,c02,16,days_400_450,OVL-C1604
overlap,742,c02,16,days_400_450,OVL-C1604
overlap,746,c02,16,days_400_450,OVL-C1604
overlap,769,c02,16,days_400_450,OVL-C1604
overlap,771,c02,16,days_400_450,OVL-C1604
overlap,776,c02,16,days_400_450,OVL-C1604
overlap,784,c02,16,days_400_450,OVL-C1604
overlap,802,c02,16,days_400_450,OVL-C1604
overlap,813,c02,16,days_400_450,OVL-C1604
overlap,830,c02,16,days_400_450,OVL-C1604
overlap,841,c02,16,days_400_450,OVL-C1604
overlap,848,c02,16,days_400_450,OVL-C1604
overlap,855,c02,16,days_400_450,OVL-C1604
overlap,860,c02,16,days_400_450,OVL-C1604
overlap,863,c02,16,days_400_450,OVL-C1604
overlap,864,c02,16,days_400_450,OVL-C1604
overlap,870,c02,16,days_400_450,OVL-C1604
overlap,871,c02,16,days_400_450,OVL-C1604
overlap,887,c02,16,days_400_450,OVL-C1604
overlap,900,c02,16,days_400_450,OVL-C1604
overlap,901,c02,16,days_400_450,OVL-C1604
overlap,909,c02,16,days_400_450,OVL-C1604
overlap,922,c02,16,days_400_450,OVL-C1604
overlap,935,c02,16,days_400_450,OVL-C1604
overlap,936,c02,16,days_400_450,OVL-C1604
overlap,937,c02,16,days_400_450,OVL-C1604
overlap,942,c02,16,days_400_450,OVL-C1604
overlap,981,c02,16,days_400_450,OVL-C1604
overlap,993,c02,16,days_400_450,OVL-C1604
overlap,16,c03,16,days_400_450,OVL-C1601
overlap,19,c03,16,days_400_450,OVL-C1601
overlap,38,c03,16,days_400_450,OVL-C1601
overlap,42,c03,16,days_400_450,OVL-C1601
overlap,46,c03,16,days_400_450,OVL-C1601
overlap,50,c03,16,days_400_450,OVL-C1601
overlap,55,c03,16,days_400_450,OVL-C1601
overlap,61,c03,16,days_400_450,OVL-C1601
overlap,69,c03,16,days_400_450,OVL-C1601
overlap,70,c03,16,days_400_450,OVL-C1601
overlap,71,c03,16,days_400_450,OVL-C1601
overlap,76,c03,16,days_400_450,OVL-C1601
overlap,84,c03,16,days_400_450,OVL-C1601
overlap,88,c03,16,days_400_450,OVL-C1601
overlap,96,c03,16,days_400_450,OVL-C1601
overlap,101,c03,16,days_400_450,OVL-C1601
overlap,103,c03,16,days_400_450,OVL-C1601
overlap,105,c03,16,days_400_450,OVL-C1601
overlap,106,c03,16,days_400_450,OVL-C1601
overlap,125,c03,16,days_400_450,OVL-C1601
overlap,127,c03,16,days_400_450,OVL-C1601
overlap,132,c03,16,days_400_450,OVL-C1601
overlap,139,c03,16,days_400_450,OVL-C1601
overlap,149,c03,16,days_400_450,OVL-C1601
overlap,153,c03,16,days_400_450,OVL-C1601
overlap,164,c03,16,days_400_450,OVL-C1601
overlap,169,c03,16,days_400_450,OVL-C1601
overlap,174,c03,16,days_400_450,OVL-C1601
overlap,184,c03,16,days_400_450,OVL-C1601
overlap,189,c03,16,days_400_450,OVL-C1601
overlap,195,c03,16,days_400_450,OVL-C1601
overlap,206,c03,16,days_400_450,OVL-C1601
overlap,223,c03,16,days_400_450,OVL-C1601
overlap,243,c03,16,days_400_450,OVL-C1601
overlap,246,c03,16,days_400_450,OVL-C1601
overlap,247,c03,16,days_400_450,OVL-C1601
overlap,282,c03,16,days_400_450,OVL-C1601
overlap,299,c03,16,days_400_450,OVL-C1601
overlap,308,c03,16,days_400_450,OVL-C1601
overlap,309,c03,16,days_400_450,OVL-C1601
overlap,310,c03,16,days_400_450,OVL-C1601
overlap,315,c03,16,days_400_450,OVL-C1601
overlap,318,c03,16,days_400_450,OVL-C1601
overlap,322,c03,16,days_400_450,OVL-C1601
overlap,323,c03,16,days_400_450,OVL-C1601
overlap,324,c03,16,days_400_450,OVL-C1601
overlap,337,c03,16,days_400_450,OVL-C1601
overlap,343,c03,16,days_400_450,OVL-C1601
overlap,346,c03,16,days_400_450,OVL-C1601
overlap,368,c03,16,days_400_450,OVL-C1601
overlap,372,c03,16,days_400_450,OVL-C1601
overlap,376,c03,16,days_400_450,OVL-C1601
overlap,377,c03,16,days_400_450,OVL-C1601
overlap,378,c03,16,days_400_450,OVL-C1601
overlap,388,c03,16,days_400_450,OVL-C1601
overlap,395,c03,16,days_400_450,OVL-C1601
overlap,399,c03,16,days_400_450,OVL-C1601
overlap,402,c03,16,days_400_450,OVL-C1601
overlap,404,c03,16,days_400_450,OVL-C1601
overlap,410,c03,16,days_400_450,OVL-C1601
overlap,411,c03,16,days_400_450,OVL-C1601
overlap,418,c03,16,days_400_450,OVL-C1601
overlap,419,c03,16,days_400_450,OVL-C1601
overlap,420,c03,16,days_400_450,OVL-C1601
overlap,423,c03,16,days_400_450,OVL-C1601
overlap,453,c03,16,days_400_450,OVL-C1601
overlap,457,c03,16,days_400_450,OVL-C1601
overlap,473,c03,16,days_400_450,OVL-C1601
overlap,474,c03,16,days_400_450,OVL-C1601
overlap,479,c03,16,days_400_450,OVL-C1601
overlap,487,c03,16,days_400_450,OVL-C1601
overlap,489,c03,16,days_400_450,OVL-C1601
overlap,497,c03,16,days_400_450,OVL-C1601
overlap,505,c03,16,days_400_450,OVL-C1601
overlap,509,c03,16,days_400_450,OVL-C1601
overlap,510,c03,16,days_400_450,OVL-C1601
overlap,514,c03,16,days_400_450,OVL-C1601
overlap,522,c03,16,days_400_450,OVL-C1601
overlap,534,c03,16,days_400_450,OVL-C1601
overlap,548,c03,16,days_400_450,OVL-C1601
overlap,549,c03,16,days_400_450,OVL-C1601
overlap,559,c03,16,days_400_450,OVL-C1601
overlap,579,c03,16,days_400_450,OVL-C1601
overlap,595,c03,16,days_400_450,OVL-C1601
overlap,601,c03,16,days_400_450,OVL-C1601
overlap,603,c03,16,days_400_450,OVL-C1601
overlap,622,c03,16,days_400_450,OVL-C1601
overlap,634,c03,16,days_400_450,OVL-C1601
overlap,649,c03,16,days_400_450,OVL-C1601
overlap,663,c03,16,days_400_450,OVL-C1601
overlap,673,c03,16,days_400_450,OVL-C1601
overlap,676,c03,16,days_400_450,OVL-C1601
overlap,716,c03,16,days_400_450,OVL-C1601
overlap,718,c03,16,days_400_450,OVL-C1601
overlap,724,c03,16,days_400_450,OVL-C1601
overlap,735,c03,16,days_400_450,OVL-C1601
overlap,740,c03,16,days_400_450,OVL-C1601
overlap,754,c03,16,days_400_450,OVL-C1601
overlap,768,c03,16,days_400_450,OVL-C1601
overlap,777,c03,16,days_400_450,OVL-C1601
overlap,780,c03,16,days_400_450,OVL-C1601
overlap,788,c03,16,days_400_450,OVL-C1601
overlap,822,c03,16,days_400_450,OVL-C1601
overlap,832,c03,16,days_400_450,OVL-C1601
overlap,853,c03,16,days_400_450,OVL-C1601
overlap,861,c03,16,days_400_450,OVL-C1601
overlap,866,c03,16,days_400_450,OVL-C1601
overlap,869,c03,16,days_400_450,OVL-C1601
overlap,876,c03,16,days_400_450,OVL-C1601
overlap,879,c03,16,days_400_450,OVL-C1601
overlap,893,c03,16,days_400_450,OVL-C1601
overlap,896,c03,16,days_400_450,OVL-C1601
overlap,904,c03,16,days_400_450,OVL-C1601
overlap,906,c03,16,days_400_450,OVL-C1601
overlap,919,c03,16,days_400_450,OVL-C1601
overlap,928,c03,16,days_400_450,OVL-C1601
overlap,934,c03,16,days_400_450,OVL-C1601
overlap,939,c03,16,days_400_450,OVL-C1601
overlap,943,c03,16,days_400_450,OVL-C1601
overlap,950,c03,16,days_400_450,OVL-C1601
overlap,969,c03,16,days_400_450,OVL-C1601
overlap,977,c03,16,days_400_450,OVL-C1601
overlap,996,c03,16,days_400_450,OVL-C1601
overlap,1004,c03,16,days_400_450,OVL-C1601
overlap,5,c04,16,days_400_450,OVL-C1603
overlap,7,c04,16,days_400_450,OVL-C1603
overlap,10,c04,16,days_400_450,OVL-C1603
overlap,13,c04,16,days_400_450,OVL-C1603
overlap,14,c04,16,days_400_450,OVL-C1603
overlap,29,c04,16,days_400_450,OVL-C1603
overlap,107,c04,16,days_400_450,OVL-C1603
overlap,114,c04,16,days_400_450,OVL-C1603
overlap,131,c04,16,days_400_450,OVL-C1603
overlap,158,c04,16,days_400_450,OVL-C1603
overlap,173,c04,16,days_400_450,OVL-C1603
overlap,175,c04,16,days_400_450,OVL-C1603
overlap,180,c04,16,days_400_450,OVL-C1603
overlap,182,c04,16,days_400_450,OVL-C1603
overlap,192,c04,16,days_400_450,OVL-C1603
overlap,199,c04,16,days_400_450,OVL-C1603
overlap,201,c04,16,days_400_450,OVL-C1603
overlap,208,c04,16,days_400_450,OVL-C1603
overlap,215,c04,16,days_400_450,OVL-C1603
overlap,236,c04,16,days_400_450,OVL-C1603
overlap,242,c04,16,days_400_450,OVL-C1603
overlap,270,c04,16,days_400_450,OVL-C1603
overlap,275,c04,16,days_400_450,OVL-C1603
overlap,289,c04,16,days_400_450,OVL-C1603
overlap,320,c04,16,days_400_450,OVL-C1603
overlap,327,c04,16,days_400_450,OVL-C1603
overlap,335,c04,16,days_400_450,OVL-C1603
overlap,358,c04,16,days_400_450,OVL-C1603
overlap,380,c04,16,days_400_450,OVL-C1603
overlap,381,c04,16,days_400_450,OVL-C1603
overlap,382,c04,16,days_400_450,OVL-C1603
overlap,393,c04,16,days_400_450,OVL-C1603
overlap,407,c04,16,days_400_450,OVL-C1603
overlap,437,c04,16,days_400_450,OVL-C1603
overlap,440,c04,16,days_400_450,OVL-C1603
overlap,464,c04,16,days_400_450,OVL-C1603
overlap,468,c04,16,days_400_450,OVL-C1603
overlap,491,c04,16,days_400_450,OVL-C1603
overlap,506,c04,16,days_400_450,OVL-C1603
overlap,516,c04,16,days_400_450,OVL-C1603
overlap,532,c04,16,days_400_450,OVL-C1603
overlap,537,c04,16,days_400_450,OVL-C1603
overlap,541,c04,16,days_400_450,OVL-C1603
overlap,553,c04,16,days_400_450,OVL-C1603
overlap,576,c04,16,days_400_450,OVL-C1603
overlap,597,c04,16,days_400_450,OVL-C1603
overlap,611,c04,16,days_400_450,OVL-C1603
overlap,643,c04,16,days_400_450,OVL-C1603
overlap,644,c04,16,days_400_450,OVL-C1603
overlap,650,c04,16,days_400_450,OVL-C1603
overlap,652,c04,16,days_400_450,OVL-C1603
overlap,654,c04,16,days_400_450,OVL-C1603
overlap,657,c04,16,days_400_450,OVL-C1603
overlap,664,c04,16,days_400_450,OVL-C1603
overlap,670,c04,16,days_400_450,OVL-C1603
overlap,682,c04,16,days_400_450,OVL-C1603
overlap,688,c04,16,days_400_450,OVL-C1603
overlap,702,c04,16,days_400_450,OVL-C1603
overlap,719,c04,16,days_400_450,OVL-C1603
overlap,727,c04,16,days_400_450,OVL-C1603
overlap,737,c04,16,days_400_450,OVL-C1603
overlap,738,c04,16,days_400_450,OVL-C1603
overlap,745,c04,16,days_400_450,OVL-C1603
overlap,760,c04,16,days_400_450,OVL-C1603
overlap,761,c04,16,days_400_450,OVL-C1603
overlap,775,c04,16,days_400_450,OVL-C1603
overlap,779,c04,16,days_400_450,OVL-C1603
overlap,783,c04,16,days_400_450,OVL-C1603
overlap,804,c04,16,days_400_450,OVL-C1603
overlap,808,c04,16,days_400_450,OVL-C1603
overlap,810,c04,16,days_400_450,OVL-C1603
overlap,828,c04,16,days_400_450,OVL-C1603
overlap,829,c04,16,days_400_450,OVL-C1603
overlap,837,c04,16,days_400_450,OVL-C1603
overlap,839,c04,16,days_400_450,OVL-C1603
overlap,843,c04,16,days_400_450,OVL-C1603
overlap,850,c04,16,days_400_450,OVL-C1603
overlap,856,c04,16,days_400_450,OVL-C1603
overlap,858,c04,16,days_400_450,OVL-C1603
overlap,881,c04,16,days_400_450,OVL-C1603
overlap,897,c04,16,days_400_450,OVL-C1603
overlap,898,c04,16,days_400_450,OVL-C1603
overlap,899,c04,16,days_400_450,OVL-C1603
overlap,903,c04,16,days_400_450,OVL-C1603
overlap,905,c04,16,days_400_450,OVL-C1603
overlap,907,c04,16,days_400_450,OVL-C1603
overlap,921,c04,16,days_400_450,OVL-C1603
overlap,924,c04,16,days_400_450,OVL-C1603
overlap,945,c04,16,days_400_450,OVL-C1603
overlap,958,c04,16,days_400_450,OVL-C1603
overlap,979,c04,16,days_400_450,OVL-C1603
overlap,980,c04,16,days_400_450,OVL-C1603
overlap,982,c04,16,days_400_450,OVL-C1603
overlap,985,c04,16,days_400_450,OVL-C1603
overlap,991,c04,16,days_400_450,OVL-C1603
overlap,1001,c04,16,days_400_450,OVL-C1603
overlap,2,c05,16,days_400_450,OVL-C1606
overlap,30,c05,16,days_400_450,OVL-C1606
overlap,45,c05,16,days_400_450,OVL-C1606
overlap,52,c05,16,days_400_450,OVL-C1606
overlap,66,c05,16,days_400_450,OVL-C1606
overlap,74,c05,16,days_400_450,OVL-C1606
overlap,77,c05,16,days_400_450,OVL-C1606
overlap,104,c05,16,days_400_450,OVL-C1606
overlap,109,c05,16,days_400_450,OVL-C1606
overlap,112,c05,16,days_400_450,OVL-C1606
overlap,119,c05,16,days_400_450,OVL-C1606
overlap,126,c05,16,days_400_450,OVL-C1606
overlap,133,c05,16,days_400_450,OVL-C1606
overlap,166,c05,16,days_400_450,OVL-C1606
overlap,168,c05,16,days_400_450,OVL-C1606
overlap,210,c05,16,days_400_450,OVL-C1606
overlap,218,c05,16,days_400_450,OVL-C1606
overlap,227,c05,16,days_400_450,OVL-C1606
overlap,232,c05,16,days_400_450,OVL-C1606
overlap,256,c05,16,days_400_450,OVL-C1606
overlap,260,c05,16,days_400_450,OVL-C1606
overlap,266,c05,16,days_400_450,OVL-C1606
overlap,267,c05,16,days_400_450,OVL-C1606
overlap,294,c05,16,days_400_450,OVL-C1606
overlap,305,c05,16,days_400_450,OVL-C1606
overlap,307,c05,16,days_400_450,OVL-C1606
overlap,313,c05,16,days_400_450,OVL-C1606
overlap,332,c05,16,days_400_450,OVL-C1606
overlap,356,c05,16,days_400_450,OVL-C1606
overlap,392,c05,16,days_400_450,OVL-C1606
overlap,398,c05,16,days_400_450,OVL-C1606
overlap,406,c05,16,days_400_450,OVL-C1606
overlap,416,c05,16,days_400_450,OVL-C1606
overlap,425,c05,16,days_400_450,OVL-C1606
overlap,435,c05,16,days_400_450,OVL-C1606
overlap,439,c05,16,days_400_450,OVL-C1606
overlap,447,c05,16,days_400_450,OVL-C1606
overlap,460,c05,16,days_400_450,OVL-C1606
overlap,465,c05,16,days_400_450,OVL-C1606
overlap,472,c05,16,days_400_450,OVL-C1606
overlap,478,c05,16,days_400_450,OVL-C1606
overlap,490,c05,16,days_400_450,OVL-C1606
overlap,496,c05,16,days_400_450,OVL-C1606
overlap,500,c05,16,days_400_450,OVL-C1606
overlap,517,c05,16,days_400_450,OVL-C1606
overlap,524,c05,16,days_400_450,OVL-C1606
overlap,539,c05,16,days_400_450,OVL-C1606
overlap,556,c05,16,days_400_450,OVL-C1606
overlap,557,c05,16,days_400_450,OVL-C1606
overlap,560,c05,16,days_400_450,OVL-C1606
overlap,562,c05,16,days_400_450,OVL-C1606
overlap,570,c05,16,days_400_450,OVL-C1606
overlap,573,c05,16,days_400_450,OVL-C1606
overlap,575,c05,16,days_400_450,OVL-C1606
overlap,583,c05,16,days_400_450,OVL-C1606
overlap,586,c05,16,days_400_450,OVL-C1606
overlap,598,c05,16,days_400_450,OVL-C1606
overlap,602,c05,16,days_400_450,OVL-C1606
overlap,606,c05,16,days_400_450,OVL-C1606
overlap,638,c05,16,days_400_450,OVL-C1606
overlap,648,c05,16,days_400_450,OVL-C1606
overlap,674,c05,16,days_400_450,OVL-C1606
overlap,699,c05,16,days_400_450,OVL-C1606
overlap,700,c05,16,days_400_450,OVL-C1606
overlap,721,c05,16,days_400_450,OVL-C1606
overlap,730,c05,16,days_400_450,OVL-C1606
overlap,743,c05,16,days_400_450,OVL-C1606
overlap,744,c05,16,days_400_450,OVL-C1606
overlap,751,c05,16,days_400_450,OVL-C1606
overlap,759,c05,16,days_400_450,OVL-C1606
overlap,762,c05,16,days_400_450,OVL-C1606
overlap,765,c05,16,days_400_450,OVL-C1606
overlap,782,c05,16,days_400_450,OVL-C1606
overlap,790,c05,16,days_400_450,OVL-C1606
overlap,803,c05,16,days_400_450,OVL-C1606
overlap,812,c05,16,days_400_450,OVL-C1606
overlap,814,c05,16,days_400_450,OVL-C1606
overlap,867,c05,16,days_400_450,OVL-C1606
overlap,868,c05,16,days_400_450,OVL-C1606
overlap,880,c05,16,days_400_450,OVL-C1606
overlap,885,c05,16,days_400_450,OVL-C1606
overlap,889,c05,16,days_400_450,OVL-C1606
overlap,908,c05,16,days_400_450,OVL-C1606
overlap,912,c05,16,days_400_450,OVL-C1606
overlap,946,c05,16,days_400_450,OVL-C1606
overlap,948,c05,16,days_400_450,OVL-C1606
overlap,949,c05,16,days_400_450,OVL-C1606
overlap,966,c05,16,days_400_450,OVL-C1606
overlap,974,c05,16,days_400_450,OVL-C1606
overlap,984,c05,16,days_400_450,OVL-C1606
overlap,17,c07,16,days_400_450,OVL-C1605
overlap,24,c07,16,days_400_450,OVL-C1605
overlap,31,c07,16,days_400_450,OVL-C1605
overlap,32,c07,16,days_400_450,OVL-C1605
overlap,35,c07,16,days_400_450,OVL-C1605
overlap,67,c07,16,days_400_450,OVL-C1605
overlap,87,c07,16,days_400_450,OVL-C1605
overlap,92,c07,16,days_400_450,OVL-C1605
overlap,122,c07,16,days_400_450,OVL-C1605
overlap,136,c07,16,days_400_450,OVL-C1605
overlap,141,c07,16,days_400_450,OVL-C1605
overlap,142,c07,16,days_400_450,OVL-C1605
overlap,160,c07,16,days_400_450,OVL-C1605
overlap,165,c07,16,days_400_450,OVL-C1605
overlap,167,c07,16,days_400_450,OVL-C1605
overlap,181,c07,16,days_400_450,OVL-C1605
overlap,188,c07,16,days_400_450,OVL-C1605
overlap,190,c07,16,days_400_450,OVL-C1605
overlap,194,c07,16,days_400_450,OVL-C1605
overlap,200,c07,16,days_400_450,OVL-C1605
overlap,207,c07,16,days_400_450,OVL-C1605
overlap,224,c07,16,days_400_450,OVL-C1605
overlap,241,c07,16,days_400_450,OVL-C1605
overlap,274,c07,16,days_400_450,OVL-C1605
overlap,280,c07,16,days_400_450,OVL-C1605
overlap,281,c07,16,days_400_450,OVL-C1605
overlap,288,c07,16,days_400_450,OVL-C1605
overlap,301,c07,16,days_400_450,OVL-C1605
overlap,302,c07,16,days_400_450,OVL-C1605
overlap,316,c07,16,days_400_450,OVL-C1605
overlap,341,c07,16,days_400_450,OVL-C1605
overlap,344,c07,16,days_400_450,OVL-C1605
overlap,349,c07,16,days_400_450,OVL-C1605
overlap,351,c07,16,days_400_450,OVL-C1605
overlap,353,c07,16,days_400_450,OVL-C1605
overlap,360,c07,16,days_400_450,OVL-C1605
overlap,373,c07,16,days_400_450,OVL-C1605
overlap,387,c07,16,days_400_450,OVL-C1605
overlap,391,c07,16,days_400_450,OVL-C1605
overlap,408,c07,16,days_400_450,OVL-C1605
overlap,414,c07,16,days_400_450,OVL-C1605
overlap,421,c07,16,days_400_450,OVL-C1605
overlap,424,c07,16,days_400_450,OVL-C1605
overlap,428,c07,16,days_400_450,OVL-C1605
overlap,431,c07,16,days_400_450,OVL-C1605
overlap,445,c07,16,days_400_450,OVL-C1605
overlap,451,c07,16,days_400_450,OVL-C1605
overlap,469,c07,16,days_400_450,OVL-C1605
overlap,484,c07,16,days_400_450,OVL-C1605
overlap,493,c07,16,days_400_450,OVL-C1605
overlap,512,c07,16,days_400_450,OVL-C1605
overlap,526,c07,16,days_400_450,OVL-C1605
overlap,530,c07,16,days_400_450,OVL-C1605
overlap,543,c07,16,days_400_450,OVL-C1605
overlap,547,c07,16,days_400_450,OVL-C1605
overlap,552,c07,16,days_400_450,OVL-C1605
overlap,561,c07,16,days_400_450,OVL-C1605
overlap,585,c07,16,days_400_450,OVL-C1605
overlap,610,c07,16,days_400_450,OVL-C1605
overlap,614,c07,16,days_400_450,OVL-C1605
overlap,629,c07,16,days_400_450,OVL-C1605
overlap,630,c07,16,days_400_450,OVL-C1605
overlap,631,c07,16,days_400_450,OVL-C1605
overlap,647,c07,16,days_400_450,OVL-C1605
overlap,651,c07,16,days_400_450,OVL-C1605
overlap,656,c07,16,days_400_450,OVL-C1605
overlap,658,c07,16,days_400_450,OVL-C1605
overlap,678,c07,16,days_400_450,OVL-C1605
overlap,685,c07,16,days_400_450,OVL-C1605
overlap,750,c07,16,days_400_450,OVL-C1605
overlap,773,c07,16,days_400_450,OVL-C1605
overlap,787,c07,16,days_400_450,OVL-C1605
overlap,795,c07,16,days_400_450,OVL-C1605
overlap,817,c07,16,days_400_450,OVL-C1605
overlap,824,c07,16,days_400_450,OVL-C1605
overlap,838,c07,16,days_400_450,OVL-C1605
overlap,846,c07,16,days_400_450,OVL-C1605
overlap,851,c07,16,days_400_450,OVL-C1605
overlap,857,c07,16,days_400_450,OVL-C1605
overlap,888,c07,16,days_400_450,OVL-C1605
overlap,891,c07,16,days_400_450,OVL-C1605
overlap,892,c07,16,days_400_450,OVL-C1605
overlap,915,c07,16,days_400_450,OVL-C1605
overlap,920,c07,16,days_400_450,OVL-C1605
overlap,952,c07,16,days_400_450,OVL-C1605
overlap,953,c07,16,days_400_450,OVL-C1605
overlap,954,c07,16,days_400_450,OVL-C1605
overlap,957,c07,16,days_400_450,OVL-C1605
overlap,963,c07,16,days_400_450,OVL-C1605
overlap,971,c07,16,days_400_450,OVL-C1605
overlap,978,c07,16,days_400_450,OVL-C1605
overlap,988,c07,16,days_400_450,OVL-C1605
overlap,989,c07,16,days_400_450,OVL-C1605
overlap,990,c07,16,days_400_450,OVL-C1605
overlap,28,c08,16,days_400_450,OVL-C1608
overlap,56,c08,16,days_400_450,OVL-C1608
overlap,68,c08,16,days_400_450,OVL-C1608
overlap,95,c08,16,days_400_450,OVL-C1608
overlap,226,c08,16,days_400_450,OVL-C1608
overlap,231,c08,16,days_400_450,OVL-C1608
overlap,245,c08,16,days_400_450,OVL-C1608
overlap,251,c08,16,days_400_450,OVL-C1608
overlap,264,c08,16,days_400_450,OVL-C1608
overlap,269,c08,16,days_400_450,OVL-C1608
overlap,311,c08,16,days_400_450,OVL-C1608
overlap,329,c08,16,days_400_450,OVL-C1608
overlap,338,c08,16,days_400_450,OVL-C1608
overlap,361,c08,16,days_400_450,OVL-C1608
overlap,427,c08,16,days_400_450,OVL-C1608
overlap,432,c08,16,days_400_450,OVL-C1608
overlap,433,c08,16,days_400_450,OVL-C1608
overlap,438,c08,16,days_400_450,OVL-C1608
overlap,480,c08,16,days_400_450,OVL-C1608
overlap,482,c08,16,days_400_450,OVL-C1608
overlap,483,c08,16,days_400_450,OVL-C1608
overlap,531,c08,16,days_400_450,OVL-C1608
overlap,540,c08,16,days_400_450,OVL-C1608
overlap,582,c08,16,days_400_450,OVL-C1608
overlap,624,c08,16,days_400_450,OVL-C1608
overlap,627,c08,16,days_400_450,OVL-C1608
overlap,641,c08,16,days_400_450,OVL-C1608
overlap,698,c08,16,days_400_450,OVL-C1608
overlap,701,c08,16,days_400_450,OVL-C1608
overlap,733,c08,16,days_400_450,OVL-C1608
overlap,736,c08,16,days_400_450,OVL-C1608
overlap,764,c08,16,days_400_450,OVL-C1608
overlap,789,c08,16,days_400_450,OVL-C1608
overlap,796,c08,16,days_400_450,OVL-C1608
overlap,809,c08,16,days_400_450,OVL-C1608
overlap,819,c08,16,days_400_450,OVL-C1608
overlap,840,c08,16,days_400_450,OVL-C1608
overlap,849,c08,16,days_400_450,OVL-C1608
overlap,872,c08,16,days_400_450,OVL-C1608
overlap,873,c08,16,days_400_450,OVL-C1608
overlap,874,c08,16,days_400_450,OVL-C1608
overlap,925,c08,16,days_400_450,OVL-C1608
overlap,955,c08,16,days_400_450,OVL-C1608
overlap,987,c08,16,days_400_450,OVL-C1608
overlap,994,c08,16,days_400_450,OVL-C1608
overlap,0,c10,16,days_400_450,OVL-C1609
overlap,6,c10,16,days_400_450,OVL-C1609
overlap,78,c10,16,days_400_450,OVL-C1609
overlap,99,c10,16,days_400_450,OVL-C1609
overlap,102,c10,16,days_400_450,OVL-C1609
overlap,118,c10,16,days_400_450,OVL-C1609
overlap,130,c10,16,days_400_450,OVL-C1609
overlap,178,c10,16,days_400_450,OVL-C1609
overlap,228,c10,16,days_400_450,OVL-C1609
overlap,249,c10,16,days_400_450,OVL-C1609
overlap,295,c10,16,days_400_450,OVL-C1609
overlap,312,c10,16,days_400_450,OVL-C1609
overlap,314,c10,16,days_400_450,OVL-C1609
overlap,333,c10,16,days_400_450,OVL-C1609
overlap,339,c10,16,days_400_450,OVL-C1609
overlap,359,c10,16,days_400_450,OVL-C1609
overlap,365,c10,16,days_400_450,OVL-C1609
overlap,409,c10,16,days_400_450,OVL-C1609
overlap,470,c10,16,days_400_450,OVL-C1609
overlap,502,c10,16,days_400_450,OVL-C1609
overlap,519,c10,16,days_400_450,OVL-C1609
overlap,527,c10,16,days_400_450,OVL-C1609
overlap,538,c10,16,days_400_450,OVL-C1609
overlap,569,c10,16,days_400_450,OVL-C1609
overlap,599,c10,16,days_400_450,OVL-C1609
overlap,605,c10,16,days_400_450,OVL-C1609
overlap,693,c10,16,days_400_450,OVL-C1609
overlap,705,c10,16,days_400_450,OVL-C1609
overlap,710,c10,16,days_400_450,OVL-C1609
overlap,728,c10,16,days_400_450,OVL-C1609
overlap,732,c10,16,days_400_450,OVL-C1609
overlap,749,c10,16,days_400_450,OVL-C1609
overlap,767,c10,16,days_400_450,OVL-C1609
overlap,786,c10,16,days_400_450,OVL-C1609
overlap,791,c10,16,days_400_450,OVL-C1609
overlap,862,c10,16,days_400_450,OVL-C1609
overlap,878,c10,16,days_400_450,OVL-C1609
overlap,929,c10,16,days_400_450,OVL-C1609
overlap,976,c10,16,days_400_450,OVL-C1609
overlap,25,c12,16,days_400_450,OVL-C1607
overlap,41,c12,16,days_400_450,OVL-C1607
overlap,48,c12,16,days_400_450,OVL-C1607
overlap,73,c12,16,days_400_450,OVL-C1607
overlap,85,c12,16,days_400_450,OVL-C1607
overlap,129,c12,16,days_400_450,OVL-C1607
overlap,147,c12,16,days_400_450,OVL-C1607
overlap,157,c12,16,days_400_450,OVL-C1607
overlap,171,c12,16,days_400_450,OVL-C1607
overlap,176,c12,16,days_400_450,OVL-C1607
overlap,216,c12,16,days_400_450,OVL-C1607
overlap,230,c12,16,days_400_450,OVL-C1607
overlap,255,c12,16,days_400_450,OVL-C1607
overlap,277,c12,16,days_400_450,OVL-C1607
overlap,285,c12,16,days_400_450,OVL-C1607
overlap,319,c12,16,days_400_450,OVL-C1607
overlap,321,c12,16,days_400_450,OVL-C1607
overlap,336,c12,16,days_400_450,OVL-C1607
overlap,347,c12,16,days_400_450,OVL-C1607
overlap,355,c12,16,days_400_450,OVL-C1607
overlap,366,c12,16,days_400_450,OVL-C1607
overlap,386,c12,16,days_400_450,OVL-C1607
overlap,458,c12,16,days_400_450,OVL-C1607
overlap,499,c12,16,days_400_450,OVL-C1607
overlap,503,c12,16,days_400_450,OVL-C1607
overlap,546,c12,16,days_400_450,OVL-C1607
overlap,550,c12,16,days_400_450,OVL-C1607
overlap,558,c12,16,days_400_450,OVL-C1607
overlap,565,c12,16,days_400_450,OVL-C1607
overlap,577,c12,16,days_400_450,OVL-C1607
overlap,590,c12,16,days_400_450,OVL-C1607
overlap,600,c12,16,days_400_450,OVL-C1607
overlap,618,c12,16,days_400_450,OVL-C1607
overlap,672,c12,16,days_400_450,OVL-C1607
overlap,679,c12,16,days_400_450,OVL-C1607
overlap,684,c12,16,days_400_450,OVL-C1607
overlap,686,c12,16,days_400_450,OVL-C1607
overlap,704,c12,16,days_400_450,OVL-C1607
overlap,715,c12,16,days_400_450,OVL-C1607
overlap,723,c12,16,days_400_450,OVL-C1607
overlap,748,c12,16,days_400_450,OVL-C1607
overlap,758,c12,16,days_400_450,OVL-C1607
overlap,844,c12,16,days_400_450,OVL-C1607
overlap,918,c12,16,days_400_450,OVL-C1607
overlap,926,c12,16,days_400_450,OVL-C1607
overlap,931,c12,16,days_400_450,OVL-C1607
overlap,933,c12,16,days_400_450,OVL-C1607
overlap,956,c12,16,days_400_450,OVL-C1607
overlap,972,c12,16,days_400_450,OVL-C1607
overlap,1000,c12,16,days_400_450,OVL-C1607
overlap,1002,c12,16,days_400_450,OVL-C1607
overlap,62,c14,16,days_400_450,OVL-C1610
overlap,89,c14,16,days_400_450,OVL-C1610
overlap,113,c14,16,days_400_450,OVL-C1610
overlap,163,c14,16,days_400_450,OVL-C1610
overlap,250,c14,16,days_400_450,OVL-C1610
overlap,369,c14,16,days_400_450,OVL-C1610
overlap,444,c14,16,days_400_450,OVL-C1610
overlap,485,c14,16,days_400_450,OVL-C1610
overlap,513,c14,16,days_400_450,OVL-C1610
overlap,518,c14,16,days_400_450,OVL-C1610
overlap,535,c14,16,days_400_450,OVL-C1610
overlap,542,c14,16,days_400_450,OVL-C1610
overlap,551,c14,16,days_400_450,OVL-C1610
overlap,604,c14,16,days_400_450,OVL-C1610
overlap,646,c14,16,days_400_450,OVL-C1610
overlap,722,c14,16,days_400_450,OVL-C1610
overlap,770,c14,16,days_400_450,OVL-C1610
overlap,799,c14,16,days_400_450,OVL-C1610
overlap,800,c14,16,days_400_450,OVL-C1610
overlap,823,c14,16,days_400_450,OVL-C1610
overlap,854,c14,16,days_400_450,OVL-C1610
overlap,886,c14,16,days_400_450,OVL-C1610
overlap,895,c14,16,days_400_450,OVL-C1610
overlap,913,c14,16,days_400_450,OVL-C1610
overlap,39,c01,17,days_425_475,OVL-C1704
overlap,53,c01,17,days_425_475,OVL-C1704
overlap,65,c01,17,days_425_475,OVL-C1704
overlap,75,c01,17,days_425_475,OVL-C1704
overlap,91,c01,17,days_425_475,OVL-C1704
overlap,98,c01,17,days_425_475,OVL-C1704
overlap,117,c01,17,days_425_475,OVL-C1704
overlap,120,c01,17,days_425_475,OVL-C1704
overlap,134,c01,17,days_425_475,OVL-C1704
overlap,150,c01,17,days_425_475,OVL-C1704
overlap,151,c01,17,days_425_475,OVL-C1704
overlap,159,c01,17,days_425_475,OVL-C1704
overlap,179,c01,17,days_425_475,OVL-C1704
overlap,186,c01,17,days_425_475,OVL-C1704
overlap,191,c01,17,days_425_475,OVL-C1704
overlap,193,c01,17,days_425_475,OVL-C1704
overlap,196,c01,17,days_425_475,OVL-C1704
overlap,198,c01,17,days_425_475,OVL-C1704
overlap,214,c01,17,days_425_475,OVL-C1704
overlap,220,c01,17,days_425_475,OVL-C1704
overlap,225,c01,17,days_425_475,OVL-C1704
overlap,229,c01,17,days_425_475,OVL-C1704
overlap,235,c01,17,days_425_475,OVL-C1704
overlap,239,c01,17,days_425_475,OVL-C1704
overlap,243,c01,17,days_425_475,OVL-C1704
overlap,248,c01,17,days_425_475,OVL-C1704
overlap,253,c01,17,days_425_475,OVL-C1704
overlap,257,c01,17,days_425_475,OVL-C1704
overlap,268,c01,17,days_425_475,OVL-C1704
overlap,273,c01,17,days_425_475,OVL-C1704
overlap,278,c01,17,days_425_475,OVL-C1704
overlap,290,c01,17,days_425_475,OVL-C1704
overlap,291,c01,17,days_425_475,OVL-C1704
overlap,325,c01,17,days_425_475,OVL-C1704
overlap,334,c01,17,days_425_475,OVL-C1704
overlap,367,c01,17,days_425_475,OVL-C1704
overlap,397,c01,17,days_425_475,OVL-C1704
overlap,401,c01,17,days_425_475,OVL-C1704
overlap,413,c01,17,days_425_475,OVL-C1704
overlap,415,c01,17,days_425_475,OVL-C1704
overlap,429,c01,17,days_425_475,OVL-C1704
overlap,454,c01,17,days_425_475,OVL-C1704
overlap,471,c01,17,days_425_475,OVL-C1704
overlap,476,c01,17,days_425_475,OVL-C1704
overlap,515,c01,17,days_425_475,OVL-C1704
overlap,566,c01,17,days_425_475,OVL-C1704
overlap,591,c01,17,days_425_475,OVL-C1704
overlap,592,c01,17,days_425_475,OVL-C1704
overlap,607,c01,17,days_425_475,OVL-C1704
overlap,609,c01,17,days_425_475,OVL-C1704
overlap,617,c01,17,days_425_475,OVL-C1704
overlap,633,c01,17,days_425_475,OVL-C1704
overlap,660,c01,17,days_425_475,OVL-C1704
overlap,671,c01,17,days_425_475,OVL-C1704
overlap,687,c01,17,days_425_475,OVL-C1704
overlap,696,c01,17,days_425_475,OVL-C1704
overlap,706,c01,17,days_425_475,OVL-C1704
overlap,707,c01,17,days_425_475,OVL-C1704
overlap,713,c01,17,days_425_475,OVL-C1704
overlap,714,c01,17,days_425_475,OVL-C1704
overlap,752,c01,17,days_425_475,OVL-C1704
overlap,763,c01,17,days_425_475,OVL-C1704
overlap,772,c01,17,days_425_475,OVL-C1704
overlap,776,c01,17,days_425_475,OVL-C1704
overlap,807,c01,17,days_425_475,OVL-C1704
overlap,811,c01,17,days_425_475,OVL-C1704
overlap,834,c01,17,days_425_475,OVL-C1704
overlap,841,c01,17,days_425_475,OVL-C1704
overlap,852,c01,17,days_425_475,OVL-C1704
overlap,865,c01,17,days_425_475,OVL-C1704
overlap,875,c01,17,days_425_475,OVL-C1704
overlap,880,c01,17,days_425_475,OVL-C1704
overlap,890,c01,17,days_425_475,OVL-C1704
overlap,910,c01,17,days_425_475,OVL-C1704
overlap,923,c01,17,days_425_475,OVL-C1704
overlap,940,c01,17,days_425_475,OVL-C1704
overlap,951,c01,17,days_425_475,OVL-C1704
overlap,962,c01,17,days_425_475,OVL-C1704
overlap,975,c01,17,days_425_475,OVL-C1704
overlap,983,c01,17,days_425_475,OVL-C1704
overlap,995,c01,17,days_425_475,OVL-C1704
overlap,997,c01,17,days_425_475,OVL-C1704
overlap,1003,c01,17,days_425_475,OVL-C1704
overlap,4,c02,17,days_425_475,OVL-C1705
overlap,26,c02,17,days_425_475,OVL-C1705
overlap,40,c02,17,days_425_475,OVL-C1705
overlap,54,c02,17,days_425_475,OVL-C1705
overlap,60,c02,17,days_425_475,OVL-C1705
overlap,72,c02,17,days_425_475,OVL-C1705
overlap,82,c02,17,days_425_475,OVL-C1705
overlap,83,c02,17,days_425_475,OVL-C1705
overlap,86,c02,17,days_425_475,OVL-C1705
overlap,135,c02,17,days_425_475,OVL-C1705
overlap,137,c02,17,days_425_475,OVL-C1705
overlap,152,c02,17,days_425_475,OVL-C1705
overlap,155,c02,17,days_425_475,OVL-C1705
overlap,161,c02,17,days_425_475,OVL-C1705
overlap,170,c02,17,days_425_475,OVL-C1705
overlap,187,c02,17,days_425_475,OVL-C1705
overlap,203,c02,17,days_425_475,OVL-C1705
overlap,254,c02,17,days_425_475,OVL-C1705
overlap,272,c02,17,days_425_475,OVL-C1705
overlap,292,c02,17,days_425_475,OVL-C1705
overlap,293,c02,17,days_425_475,OVL-C1705
overlap,300,c02,17,days_425_475,OVL-C1705
overlap,304,c02,17,days_425_475,OVL-C1705
overlap,306,c02,17,days_425_475,OVL-C1705
overlap,317,c02,17,days_425_475,OVL-C1705
overlap,371,c02,17,days_425_475,OVL-C1705
overlap,374,c02,17,days_425_475,OVL-C1705
overlap,379,c02,17,days_425_475,OVL-C1705
overlap,390,c02,17,days_425_475,OVL-C1705
overlap,394,c02,17,days_425_475,OVL-C1705
overlap,400,c02,17,days_425_475,OVL-C1705
overlap,405,c02,17,days_425_475,OVL-C1705
overlap,441,c02,17,days_425_475,OVL-C1705
overlap,443,c02,17,days_425_475,OVL-C1705
overlap,450,c02,17,days_425_475,OVL-C1705
overlap,455,c02,17,days_425_475,OVL-C1705
overlap,466,c02,17,days_425_475,OVL-C1705
overlap,488,c02,17,days_425_475,OVL-C1705
overlap,523,c02,17,days_425_475,OVL-C1705
overlap,533,c02,17,days_425_475,OVL-C1705
overlap,568,c02,17,days_425_475,OVL-C1705
overlap,571,c02,17,days_425_475,OVL-C1705
overlap,572,c02,17,days_425_475,OVL-C1705
overlap,581,c02,17,days_425_475,OVL-C1705
overlap,594,c02,17,days_425_475,OVL-C1705
overlap,626,c02,17,days_425_475,OVL-C1705
overlap,628,c02,17,days_425_475,OVL-C1705
overlap,659,c02,17,days_425_475,OVL-C1705
overlap,662,c02,17,days_425_475,OVL-C1705
overlap,695,c02,17,days_425_475,OVL-C1705
overlap,697,c02,17,days_425_475,OVL-C1705
overlap,703,c02,17,days_425_475,OVL-C1705
overlap,712,c02,17,days_425_475,OVL-C1705
overlap,742,c02,17,days_425_475,OVL-C1705
overlap,769,c02,17,days_425_475,OVL-C1705
overlap,771,c02,17,days_425_475,OVL-C1705
overlap,784,c02,17,days_425_475,OVL-C1705
overlap,802,c02,17,days_425_475,OVL-C1705
overlap,830,c02,17,days_425_475,OVL-C1705
overlap,848,c02,17,days_425_475,OVL-C1705
overlap,855,c02,17,days_425_475,OVL-C1705
overlap,860,c02,17,days_425_475,OVL-C1705
overlap,863,c02,17,days_425_475,OVL-C1705
overlap,864,c02,17,days_425_475,OVL-C1705
overlap,870,c02,17,days_425_475,OVL-C1705
overlap,900,c02,17,days_425_475,OVL-C1705
overlap,901,c02,17,days_425_475,OVL-C1705
overlap,936,c02,17,days_425_475,OVL-C1705
overlap,937,c02,17,days_425_475,OVL-C1705
overlap,942,c02,17,days_425_475,OVL-C1705
overlap,965,c02,17,days_425_475,OVL-C1705
overlap,981,c02,17,days_425_475,OVL-C1705
overlap,993,c02,17,days_425_475,OVL-C1705
overlap,16,c03,17,days_425_475,OVL-C1701
overlap,38,c03,17,days_425_475,OVL-C1701
overlap,42,c03,17,days_425_475,OVL-C1701
overlap,46,c03,17,days_425_475,OVL-C1701
overlap,50,c03,17,days_425_475,OVL-C1701
overlap,55,c03,17,days_425_475,OVL-C1701
overlap,61,c03,17,days_425_475,OVL-C1701
overlap,64,c03,17,days_425_475,OVL-C1701
overlap,69,c03,17,days_425_475,OVL-C1701
overlap,70,c03,17,days_425_475,OVL-C1701
overlap,71,c03,17,days_425_475,OVL-C1701
overlap,76,c03,17,days_425_475,OVL-C1701
overlap,84,c03,17,days_425_475,OVL-C1701
overlap,88,c03,17,days_425_475,OVL-C1701
overlap,89,c03,17,days_425_475,OVL-C1701
overlap,96,c03,17,days_425_475,OVL-C1701
overlap,101,c03,17,days_425_475,OVL-C1701
overlap,103,c03,17,days_425_475,OVL-C1701
overlap,105,c03,17,days_425_475,OVL-C1701
overlap,106,c03,17,days_425_475,OVL-C1701
overlap,125,c03,17,days_425_475,OVL-C1701
overlap,127,c03,17,days_425_475,OVL-C1701
overlap,132,c03,17,days_425_475,OVL-C1701
overlap,139,c03,17,days_425_475,OVL-C1701
overlap,149,c03,17,days_425_475,OVL-C1701
overlap,153,c03,17,days_425_475,OVL-C1701
overlap,154,c03,17,days_425_475,OVL-C1701
overlap,164,c03,17,days_425_475,OVL-C1701
overlap,169,c03,17,days_425_475,OVL-C1701
overlap,174,c03,17,days_425_475,OVL-C1701
overlap,184,c03,17,days_425_475,OVL-C1701
overlap,189,c03,17,days_425_475,OVL-C1701
overlap,195,c03,17,days_425_475,OVL-C1701
overlap,206,c03,17,days_425_475,OVL-C1701
overlap,223,c03,17,days_425_475,OVL-C1701
overlap,246,c03,17,days_425_475,OVL-C1701
overlap,247,c03,17,days_425_475,OVL-C1701
overlap,279,c03,17,days_425_475,OVL-C1701
overlap,281,c03,17,days_425_475,OVL-C1701
overlap,282,c03,17,days_425_475,OVL-C1701
overlap,296,c03,17,days_425_475,OVL-C1701
overlap,299,c03,17,days_425_475,OVL-C1701
overlap,308,c03,17,days_425_475,OVL-C1701
overlap,309,c03,17,days_425_475,OVL-C1701
overlap,310,c03,17,days_425_475,OVL-C1701
overlap,322,c03,17,days_425_475,OVL-C1701
overlap,323,c03,17,days_425_475,OVL-C1701
overlap,324,c03,17,days_425_475,OVL-C1701
overlap,337,c03,17,days_425_475,OVL-C1701
overlap,343,c03,17,days_425_475,OVL-C1701
overlap,346,c03,17,days_425_475,OVL-C1701
overlap,365,c03,17,days_425_475,OVL-C1701
overlap,368,c03,17,days_425_475,OVL-C1701
overlap,372,c03,17,days_425_475,OVL-C1701
overlap,376,c03,17,days_425_475,OVL-C1701
overlap,377,c03,17,days_425_475,OVL-C1701
overlap,378,c03,17,days_425_475,OVL-C1701
overlap,388,c03,17,days_425_475,OVL-C1701
overlap,395,c03,17,days_425_475,OVL-C1701
overlap,398,c03,17,days_425_475,OVL-C1701
overlap,399,c03,17,days_425_475,OVL-C1701
overlap,402,c03,17,days_425_475,OVL-C1701
overlap,404,c03,17,days_425_475,OVL-C1701
overlap,407,c03,17,days_425_475,OVL-C1701
overlap,410,c03,17,days_425_475,OVL-C1701
overlap,411,c03,17,days_425_475,OVL-C1701
overlap,418,c03,17,days_425_475,OVL-C1701
overlap,419,c03,17,days_425_475,OVL-C1701
overlap,420,c03,17,days_425_475,OVL-C1701
overlap,423,c03,17,days_425_475,OVL-C1701
overlap,426,c03,17,days_425_475,OVL-C1701
overlap,453,c03,17,days_425_475,OVL-C1701
overlap,457,c03,17,days_425_475,OVL-C1701
overlap,460,c03,17,days_425_475,OVL-C1701
overlap,474,c03,17,days_425_475,OVL-C1701
overlap,477,c03,17,days_425_475,OVL-C1701
overlap,487,c03,17,days_425_475,OVL-C1701
overlap,489,c03,17,days_425_475,OVL-C1701
overlap,491,c03,17,days_425_475,OVL-C1701
overlap,497,c03,17,days_425_475,OVL-C1701
overlap,505,c03,17,days_425_475,OVL-C1701
overlap,509,c03,17,days_425_475,OVL-C1701
overlap,510,c03,17,days_425_475,OVL-C1701
overlap,514,c03,17,days_425_475,OVL-C1701
overlap,522,c03,17,days_425_475,OVL-C1701
overlap,524,c03,17,days_425_475,OVL-C1701
overlap,534,c03,17,days_425_475,OVL-C1701
overlap,546,c03,17,days_425_475,OVL-C1701
overlap,548,c03,17,days_425_475,OVL-C1701
overlap,549,c03,17,days_425_475,OVL-C1701
overlap,550,c03,17,days_425_475,OVL-C1701
overlap,559,c03,17,days_425_475,OVL-C1701
overlap,562,c03,17,days_425_475,OVL-C1701
overlap,579,c03,17,days_425_475,OVL-C1701
overlap,595,c03,17,days_425_475,OVL-C1701
overlap,601,c03,17,days_425_475,OVL-C1701
overlap,603,c03,17,days_425_475,OVL-C1701
overlap,612,c03,17,days_425_475,OVL-C1701
overlap,615,c03,17,days_425_475,OVL-C1701
overlap,622,c03,17,days_425_475,OVL-C1701
overlap,634,c03,17,days_425_475,OVL-C1701
overlap,638,c03,17,days_425_475,OVL-C1701
overlap,649,c03,17,days_425_475,OVL-C1701
overlap,663,c03,17,days_425_475,OVL-C1701
overlap,673,c03,17,days_425_475,OVL-C1701
overlap,676,c03,17,days_425_475,OVL-C1701
overlap,701,c03,17,days_425_475,OVL-C1701
overlap,708,c03,17,days_425_475,OVL-C1701
overlap,711,c03,17,days_425_475,OVL-C1701
overlap,716,c03,17,days_425_475,OVL-C1701
overlap,718,c03,17,days_425_475,OVL-C1701
overlap,724,c03,17,days_425_475,OVL-C1701
overlap,733,c03,17,days_425_475,OVL-C1701
overlap,735,c03,17,days_425_475,OVL-C1701
overlap,740,c03,17,days_425_475,OVL-C1701
overlap,754,c03,17,days_425_475,OVL-C1701
overlap,777,c03,17,days_425_475,OVL-C1701
overlap,779,c03,17,days_425_475,OVL-C1701
overlap,780,c03,17,days_425_475,OVL-C1701
overlap,788,c03,17,days_425_475,OVL-C1701
overlap,822,c03,17,days_425_475,OVL-C1701
overlap,832,c03,17,days_425_475,OVL-C1701
overlap,843,c03,17,days_425_475,OVL-C1701
overlap,853,c03,17,days_425_475,OVL-C1701
overlap,861,c03,17,days_425_475,OVL-C1701
overlap,866,c03,17,days_425_475,OVL-C1701
overlap,869,c03,17,days_425_475,OVL-C1701
overlap,876,c03,17,days_425_475,OVL-C1701
overlap,879,c03,17,days_425_475,OVL-C1701
overlap,883,c03,17,days_425_475,OVL-C1701
overlap,884,c03,17,days_425_475,OVL-C1701
overlap,893,c03,17,days_425_475,OVL-C1701
overlap,896,c03,17,days_425_475,OVL-C1701
overlap,904,c03,17,days_425_475,OVL-C1701
overlap,906,c03,17,days_425_475,OVL-C1701
overlap,907,c03,17,days_425_475,OVL-C1701
overlap,916,c03,17,days_425_475,OVL-C1701
overlap,919,c03,17,days_425_475,OVL-C1701
overlap,928,c03,17,days_425_475,OVL-C1701
overlap,934,c03,17,days_425_475,OVL-C1701
overlap,939,c03,17,days_425_475,OVL-C1701
overlap,943,c03,17,days_425_475,OVL-C1701
overlap,950,c03,17,days_425_475,OVL-C1701
overlap,969,c03,17,days_425_475,OVL-C1701
overlap,977,c03,17,days_425_475,OVL-C1701
overlap,996,c03,17,days_425_475,OVL-C1701
overlap,999,c03,17,days_425_475,OVL-C1701
overlap,1004,c03,17,days_425_475,OVL-C1701
overlap,5,c04,17,days_425_475,OVL-C1702
overlap,7,c04,17,days_425_475,OVL-C1702
overlap,13,c04,17,days_425_475,OVL-C1702
overlap,14,c04,17,days_425_475,OVL-C1702
overlap,29,c04,17,days_425_475,OVL-C1702
overlap,90,c04,17,days_425_475,OVL-C1702
overlap,93,c04,17,days_425_475,OVL-C1702
overlap,107,c04,17,days_425_475,OVL-C1702
overlap,114,c04,17,days_425_475,OVL-C1702
overlap,131,c04,17,days_425_475,OVL-C1702
overlap,173,c04,17,days_425_475,OVL-C1702
overlap,175,c04,17,days_425_475,OVL-C1702
overlap,180,c04,17,days_425_475,OVL-C1702
overlap,182,c04,17,days_425_475,OVL-C1702
overlap,192,c04,17,days_425_475,OVL-C1702
overlap,199,c04,17,days_425_475,OVL-C1702
overlap,201,c04,17,days_425_475,OVL-C1702
overlap,205,c04,17,days_425_475,OVL-C1702
overlap,208,c04,17,days_425_475,OVL-C1702
overlap,215,c04,17,days_425_475,OVL-C1702
overlap,226,c04,17,days_425_475,OVL-C1702
overlap,236,c04,17,days_425_475,OVL-C1702
overlap,242,c04,17,days_425_475,OVL-C1702
overlap,270,c04,17,days_425_475,OVL-C1702
overlap,275,c04,17,days_425_475,OVL-C1702
overlap,283,c04,17,days_425_475,OVL-C1702
overlap,289,c04,17,days_425_475,OVL-C1702
overlap,320,c04,17,days_425_475,OVL-C1702
overlap,327,c04,17,days_425_475,OVL-C1702
overlap,335,c04,17,days_425_475,OVL-C1702
overlap,380,c04,17,days_425_475,OVL-C1702
overlap,381,c04,17,days_425_475,OVL-C1702
overlap,385,c04,17,days_425_475,OVL-C1702
overlap,393,c04,17,days_425_475,OVL-C1702
overlap,396,c04,17,days_425_475,OVL-C1702
overlap,437,c04,17,days_425_475,OVL-C1702
overlap,440,c04,17,days_425_475,OVL-C1702
overlap,464,c04,17,days_425_475,OVL-C1702
overlap,468,c04,17,days_425_475,OVL-C1702
overlap,473,c04,17,days_425_475,OVL-C1702
overlap,479,c04,17,days_425_475,OVL-C1702
overlap,483,c04,17,days_425_475,OVL-C1702
overlap,506,c04,17,days_425_475,OVL-C1702
overlap,516,c04,17,days_425_475,OVL-C1702
overlap,532,c04,17,days_425_475,OVL-C1702
overlap,537,c04,17,days_425_475,OVL-C1702
overlap,541,c04,17,days_425_475,OVL-C1702
overlap,553,c04,17,days_425_475,OVL-C1702
overlap,576,c04,17,days_425_475,OVL-C1702
overlap,597,c04,17,days_425_475,OVL-C1702
overlap,611,c04,17,days_425_475,OVL-C1702
overlap,613,c04,17,days_425_475,OVL-C1702
overlap,643,c04,17,days_425_475,OVL-C1702
overlap,644,c04,17,days_425_475,OVL-C1702
overlap,650,c04,17,days_425_475,OVL-C1702
overlap,652,c04,17,days_425_475,OVL-C1702
overlap,654,c04,17,days_425_475,OVL-C1702
overlap,657,c04,17,days_425_475,OVL-C1702
overlap,664,c04,17,days_425_475,OVL-C1702
overlap,670,c04,17,days_425_475,OVL-C1702
overlap,682,c04,17,days_425_475,OVL-C1702
overlap,688,c04,17,days_425_475,OVL-C1702
overlap,702,c04,17,days_425_475,OVL-C1702
overlap,719,c04,17,days_425_475,OVL-C1702
overlap,727,c04,17,days_425_475,OVL-C1702
overlap,737,c04,17,days_425_475,OVL-C1702
overlap,738,c04,17,days_425_475,OVL-C1702
overlap,745,c04,17,days_425_475,OVL-C1702
overlap,760,c04,17,days_425_475,OVL-C1702
overlap,761,c04,17,days_425_475,OVL-C1702
overlap,775,c04,17,days_425_475,OVL-C1702
overlap,778,c04,17,days_425_475,OVL-C1702
overlap,783,c04,17,days_425_475,OVL-C1702
overlap,804,c04,17,days_425_475,OVL-C1702
overlap,808,c04,17,days_425_475,OVL-C1702
overlap,810,c04,17,days_425_475,OVL-C1702
overlap,828,c04,17,days_425_475,OVL-C1702
overlap,829,c04,17,days_425_475,OVL-C1702
overlap,837,c04,17,days_425_475,OVL-C1702
overlap,839,c04,17,days_425_475,OVL-C1702
overlap,850,c04,17,days_425_475,OVL-C1702
overlap,856,c04,17,days_425_475,OVL-C1702
overlap,858,c04,17,days_425_475,OVL-C1702
overlap,881,c04,17,days_425_475,OVL-C1702
overlap,897,c04,17,days_425_475,OVL-C1702
overlap,898,c04,17,days_425_475,OVL-C1702
overlap,899,c04,17,days_425_475,OVL-C1702
overlap,903,c04,17,days_425_475,OVL-C1702
overlap,921,c04,17,days_425_475,OVL-C1702
overlap,924,c04,17,days_425_475,OVL-C1702
overlap,945,c04,17,days_425_475,OVL-C1702
overlap,958,c04,17,days_425_475,OVL-C1702
overlap,979,c04,17,days_425_475,OVL-C1702
overlap,980,c04,17,days_425_475,OVL-C1702
overlap,982,c04,17,days_425_475,OVL-C1702
overlap,985,c04,17,days_425_475,OVL-C1702
overlap,991,c04,17,days_425_475,OVL-C1702
overlap,1001,c04,17,days_425_475,OVL-C1702
overlap,2,c05,17,days_425_475,OVL-C1703
overlap,3,c05,17,days_425_475,OVL-C1703
overlap,21,c05,17,days_425_475,OVL-C1703
overlap,30,c05,17,days_425_475,OVL-C1703
overlap,45,c05,17,days_425_475,OVL-C1703
overlap,52,c05,17,days_425_475,OVL-C1703
overlap,66,c05,17,days_425_475,OVL-C1703
overlap,74,c05,17,days_425_475,OVL-C1703
overlap,77,c05,17,days_425_475,OVL-C1703
overlap,100,c05,17,days_425_475,OVL-C1703
overlap,104,c05,17,days_425_475,OVL-C1703
overlap,111,c05,17,days_425_475,OVL-C1703
overlap,112,c05,17,days_425_475,OVL-C1703
overlap,119,c05,17,days_425_475,OVL-C1703
overlap,126,c05,17,days_425_475,OVL-C1703
overlap,133,c05,17,days_425_475,OVL-C1703
overlap,166,c05,17,days_425_475,OVL-C1703
overlap,168,c05,17,days_425_475,OVL-C1703
overlap,210,c05,17,days_425_475,OVL-C1703
overlap,218,c05,17,days_425_475,OVL-C1703
overlap,227,c05,17,days_425_475,OVL-C1703
overlap,232,c05,17,days_425_475,OVL-C1703
overlap,240,c05,17,days_425_475,OVL-C1703
overlap,256,c05,17,days_425_475,OVL-C1703
overlap,260,c05,17,days_425_475,OVL-C1703
overlap,266,c05,17,days_425_475,OVL-C1703
overlap,267,c05,17,days_425_475,OVL-C1703
overlap,294,c05,17,days_425_475,OVL-C1703
overlap,305,c05,17,days_425_475,OVL-C1703
overlap,307,c05,17,days_425_475,OVL-C1703
overlap,313,c05,17,days_425_475,OVL-C1703
overlap,326,c05,17,days_425_475,OVL-C1703
overlap,328,c05,17,days_425_475,OVL-C1703
overlap,332,c05,17,days_425_475,OVL-C1703
overlap,356,c05,17,days_425_475,OVL-C1703
overlap,392,c05,17,days_425_475,OVL-C1703
overlap,406,c05,17,days_425_475,OVL-C1703
overlap,416,c05,17,days_425_475,OVL-C1703
overlap,425,c05,17,days_425_475,OVL-C1703
overlap,435,c05,17,days_425_475,OVL-C1703
overlap,439,c05,17,days_425_475,OVL-C1703
overlap,447,c05,17,days_425_475,OVL-C1703
overlap,459,c05,17,days_425_475,OVL-C1703
overlap,465,c05,17,days_425_475,OVL-C1703
overlap,472,c05,17,days_425_475,OVL-C1703
overlap,478,c05,17,days_425_475,OVL-C1703
overlap,490,c05,17,days_425_475,OVL-C1703
overlap,500,c05,17,days_425_475,OVL-C1703
overlap,517,c05,17,days_425_475,OVL-C1703
overlap,539,c05,17,days_425_475,OVL-C1703
overlap,556,c05,17,days_425_475,OVL-C1703
overlap,557,c05,17,days_425_475,OVL-C1703
overlap,560,c05,17,days_425_475,OVL-C1703
overlap,570,c05,17,days_425_475,OVL-C1703
overlap,573,c05,17,days_425_475,OVL-C1703
overlap,574,c05,17,days_425_475,OVL-C1703
overlap,575,c05,17,days_425_475,OVL-C1703
overlap,583,c05,17,days_425_475,OVL-C1703
overlap,586,c05,17,days_425_475,OVL-C1703
overlap,598,c05,17,days_425_475,OVL-C1703
overlap,602,c05,17,days_425_475,OVL-C1703
overlap,606,c05,17,days_425_475,OVL-C1703
overlap,648,c05,17,days_425_475,OVL-C1703
overlap,674,c05,17,days_425_475,OVL-C1703
overlap,677,c05,17,days_425_475,OVL-C1703
overlap,699,c05,17,days_425_475,OVL-C1703
overlap,700,c05,17,days_425_475,OVL-C1703
overlap,717,c05,17,days_425_475,OVL-C1703
overlap,721,c05,17,days_425_475,OVL-C1703
overlap,730,c05,17,days_425_475,OVL-C1703
overlap,743,c05,17,days_425_475,OVL-C1703
overlap,744,c05,17,days_425_475,OVL-C1703
overlap,751,c05,17,days_425_475,OVL-C1703
overlap,759,c05,17,days_425_475,OVL-C1703
overlap,762,c05,17,days_425_475,OVL-C1703
overlap,765,c05,17,days_425_475,OVL-C1703
overlap,768,c05,17,days_425_475,OVL-C1703
overlap,782,c05,17,days_425_475,OVL-C1703
overlap,790,c05,17,days_425_475,OVL-C1703
overlap,803,c05,17,days_425_475,OVL-C1703
overlap,812,c05,17,days_425_475,OVL-C1703
overlap,814,c05,17,days_425_475,OVL-C1703
overlap,867,c05,17,days_425_475,OVL-C1703
overlap,868,c05,17,days_425_475,OVL-C1703
overlap,871,c05,17,days_425_475,OVL-C1703
overlap,885,c05,17,days_425_475,OVL-C1703
overlap,889,c05,17,days_425_475,OVL-C1703
overlap,908,c05,17,days_425_475,OVL-C1703
overlap,912,c05,17,days_425_475,OVL-C1703
overlap,930,c05,17,days_425_475,OVL-C1703
overlap,938,c05,17,days_425_475,OVL-C1703
overlap,946,c05,17,days_425_475,OVL-C1703
overlap,948,c05,17,days_425_475,OVL-C1703
overlap,949,c05,17,days_425_475,OVL-C1703
overlap,966,c05,17,days_425_475,OVL-C1703
overlap,974,c05,17,days_425_475,OVL-C1703
overlap,984,c05,17,days_425_475,OVL-C1703
overlap,24,c07,17,days_425_475,OVL-C1706
overlap,35,c07,17,days_425_475,OVL-C1706
overlap,87,c07,17,days_425_475,OVL-C1706
overlap,141,c07,17,days_425_475,OVL-C1706
overlap,148,c07,17,days_425_475,OVL-C1706
overlap,158,c07,17,days_425_475,OVL-C1706
overlap,160,c07,17,days_425_475,OVL-C1706
overlap,167,c07,17,days_425_475,OVL-C1706
overlap,181,c07,17,days_425_475,OVL-C1706
overlap,188,c07,17,days_425_475,OVL-C1706
overlap,190,c07,17,days_425_475,OVL-C1706
overlap,207,c07,17,days_425_475,OVL-C1706
overlap,241,c07,17,days_425_475,OVL-C1706
overlap,274,c07,17,days_425_475,OVL-C1706
overlap,280,c07,17,days_425_475,OVL-C1706
overlap,288,c07,17,days_425_475,OVL-C1706
overlap,301,c07,17,days_425_475,OVL-C1706
overlap,315,c07,17,days_425_475,OVL-C1706
overlap,353,c07,17,days_425_475,OVL-C1706
overlap,360,c07,17,days_425_475,OVL-C1706
overlap,373,c07,17,days_425_475,OVL-C1706
overlap,387,c07,17,days_425_475,OVL-C1706
overlap,391,c07,17,days_425_475,OVL-C1706
overlap,414,c07,17,days_425_475,OVL-C1706
overlap,421,c07,17,days_425_475,OVL-C1706
overlap,424,c07,17,days_425_475,OVL-C1706
overlap,431,c07,17,days_425_475,OVL-C1706
overlap,445,c07,17,days_425_475,OVL-C1706
overlap,451,c07,17,days_425_475,OVL-C1706
overlap,469,c07,17,days_425_475,OVL-C1706
overlap,484,c07,17,days_425_475,OVL-C1706
overlap,486,c07,17,days_425_475,OVL-C1706
overlap,493,c07,17,days_425_475,OVL-C1706
overlap,496,c07,17,days_425_475,OVL-C1706
overlap,507,c07,17,days_425_475,OVL-C1706
overlap,512,c07,17,days_425_475,OVL-C1706
overlap,526,c07,17,days_425_475,OVL-C1706
overlap,530,c07,17,days_425_475,OVL-C1706
overlap,547,c07,17,days_425_475,OVL-C1706
overlap,552,c07,17,days_425_475,OVL-C1706
overlap,561,c07,17,days_425_475,OVL-C1706
overlap,585,c07,17,days_425_475,OVL-C1706
overlap,610,c07,17,days_425_475,OVL-C1706
overlap,614,c07,17,days_425_475,OVL-C1706
overlap,629,c07,17,days_425_475,OVL-C1706
overlap,630,c07,17,days_425_475,OVL-C1706
overlap,631,c07,17,days_425_475,OVL-C1706
overlap,656,c07,17,days_425_475,OVL-C1706
overlap,658,c07,17,days_425_475,OVL-C1706
overlap,685,c07,17,days_425_475,OVL-C1706
overlap,750,c07,17,days_425_475,OVL-C1706
overlap,773,c07,17,days_425_475,OVL-C1706
overlap,795,c07,17,days_425_475,OVL-C1706
overlap,817,c07,17,days_425_475,OVL-C1706
overlap,824,c07,17,days_425_475,OVL-C1706
overlap,846,c07,17,days_425_475,OVL-C1706
overlap,851,c07,17,days_425_475,OVL-C1706
overlap,891,c07,17,days_425_475,OVL-C1706
overlap,902,c07,17,days_425_475,OVL-C1706
overlap,920,c07,17,days_425_475,OVL-C1706
overlap,954,c07,17,days_425_475,OVL-C1706
overlap,957,c07,17,days_425_475,OVL-C1706
overlap,978,c07,17,days_425_475,OVL-C1706
overlap,988,c07,17,days_425_475,OVL-C1706
overlap,989,c07,17,days_425_475,OVL-C1706
overlap,28,c08,17,days_425_475,OVL-C1708
overlap,33,c08,17,days_425_475,OVL-C1708
overlap,56,c08,17,days_425_475,OVL-C1708
overlap,68,c08,17,days_425_475,OVL-C1708
overlap,95,c08,17,days_425_475,OVL-C1708
overlap,231,c08,17,days_425_475,OVL-C1708
overlap,238,c08,17,days_425_475,OVL-C1708
overlap,245,c08,17,days_425_475,OVL-C1708
overlap,251,c08,17,days_425_475,OVL-C1708
overlap,264,c08,17,days_425_475,OVL-C1708
overlap,269,c08,17,days_425_475,OVL-C1708
overlap,311,c08,17,days_425_475,OVL-C1708
overlap,329,c08,17,days_425_475,OVL-C1708
overlap,338,c08,17,days_425_475,OVL-C1708
overlap,361,c08,17,days_425_475,OVL-C1708
overlap,364,c08,17,days_425_475,OVL-C1708
overlap,427,c08,17,days_425_475,OVL-C1708
overlap,432,c08,17,days_425_475,OVL-C1708
overlap,433,c08,17,days_425_475,OVL-C1708
overlap,438,c08,17,days_425_475,OVL-C1708
overlap,480,c08,17,days_425_475,OVL-C1708
overlap,482,c08,17,days_425_475,OVL-C1708
overlap,511,c08,17,days_425_475,OVL-C1708
overlap,531,c08,17,days_425_475,OVL-C1708
overlap,540,c08,17,days_425_475,OVL-C1708
overlap,582,c08,17,days_425_475,OVL-C1708
overlap,587,c08,17,days_425_475,OVL-C1708
overlap,624,c08,17,days_425_475,OVL-C1708
overlap,627,c08,17,days_425_475,OVL-C1708
overlap,641,c08,17,days_425_475,OVL-C1708
overlap,698,c08,17,days_425_475,OVL-C1708
overlap,736,c08,17,days_425_475,OVL-C1708
overlap,764,c08,17,days_425_475,OVL-C1708
overlap,789,c08,17,days_425_475,OVL-C1708
overlap,796,c08,17,days_425_475,OVL-C1708
overlap,798,c08,17,days_425_475,OVL-C1708
overlap,809,c08,17,days_425_475,OVL-C1708
overlap,819,c08,17,days_425_475,OVL-C1708
overlap,836,c08,17,days_425_475,OVL-C1708
overlap,840,c08,17,days_425_475,OVL-C1708
overlap,849,c08,17,days_425_475,OVL-C1708
overlap,872,c08,17,days_425_475,OVL-C1708
overlap,873,c08,17,days_425_475,OVL-C1708
overlap,874,c08,17,days_425_475,OVL-C1708
overlap,925,c08,17,days_425_475,OVL-C1708
overlap,955,c08,17,days_425_475,OVL-C1708
overlap,987,c08,17,days_425_475,OVL-C1708
overlap,994,c08,17,days_425_475,OVL-C1708
overlap,0,c10,17,days_425_475,OVL-C1709
overlap,6,c10,17,days_425_475,OVL-C1709
overlap,19,c10,17,days_425_475,OVL-C1709
overlap,58,c10,17,days_425_475,OVL-C1709
overlap,78,c10,17,days_425_475,OVL-C1709
overlap,99,c10,17,days_425_475,OVL-C1709
overlap,102,c10,17,days_425_475,OVL-C1709
overlap,118,c10,17,days_425_475,OVL-C1709
overlap,130,c10,17,days_425_475,OVL-C1709
overlap,178,c10,17,days_425_475,OVL-C1709
overlap,228,c10,17,days_425_475,OVL-C1709
overlap,249,c10,17,days_425_475,OVL-C1709
overlap,295,c10,17,days_425_475,OVL-C1709
overlap,312,c10,17,days_425_475,OVL-C1709
overlap,314,c10,17,days_425_475,OVL-C1709
overlap,333,c10,17,days_425_475,OVL-C1709
overlap,339,c10,17,days_425_475,OVL-C1709
overlap,359,c10,17,days_425_475,OVL-C1709
overlap,409,c10,17,days_425_475,OVL-C1709
overlap,470,c10,17,days_425_475,OVL-C1709
overlap,502,c10,17,days_425_475,OVL-C1709
overlap,519,c10,17,days_425_475,OVL-C1709
overlap,527,c10,17,days_425_475,OVL-C1709
overlap,538,c10,17,days_425_475,OVL-C1709
overlap,569,c10,17,days_425_475,OVL-C1709
overlap,599,c10,17,days_425_475,OVL-C1709
overlap,605,c10,17,days_425_475,OVL-C1709
overlap,693,c10,17,days_425_475,OVL-C1709
overlap,705,c10,17,days_425_475,OVL-C1709
overlap,710,c10,17,days_425_475,OVL-C1709
overlap,732,c10,17,days_425_475,OVL-C1709
overlap,767,c10,17,days_425_475,OVL-C1709
overlap,786,c10,17,days_425_475,OVL-C1709
overlap,862,c10,17,days_425_475,OVL-C1709
overlap,878,c10,17,days_425_475,OVL-C1709
overlap,909,c10,17,days_425_475,OVL-C1709
overlap,929,c10,17,days_425_475,OVL-C1709
overlap,976,c10,17,days_425_475,OVL-C1709
overlap,25,c12,17,days_425_475,OVL-C1707
overlap,41,c12,17,days_425_475,OVL-C1707
overlap,48,c12,17,days_425_475,OVL-C1707
overlap,73,c12,17,days_425_475,OVL-C1707
overlap,85,c12,17,days_425_475,OVL-C1707
overlap,129,c12,17,days_425_475,OVL-C1707
overlap,147,c12,17,days_425_475,OVL-C1707
overlap,157,c12,17,days_425_475,OVL-C1707
overlap,171,c12,17,days_425_475,OVL-C1707
overlap,176,c12,17,days_425_475,OVL-C1707
overlap,216,c12,17,days_425_475,OVL-C1707
overlap,230,c12,17,days_425_475,OVL-C1707
overlap,255,c12,17,days_425_475,OVL-C1707
overlap,277,c12,17,days_425_475,OVL-C1707
overlap,285,c12,17,days_425_475,OVL-C1707
overlap,318,c12,17,days_425_475,OVL-C1707
overlap,319,c12,17,days_425_475,OVL-C1707
overlap,321,c12,17,days_425_475,OVL-C1707
overlap,336,c12,17,days_425_475,OVL-C1707
overlap,347,c12,17,days_425_475,OVL-C1707
overlap,355,c12,17,days_425_475,OVL-C1707
overlap,366,c12,17,days_425_475,OVL-C1707
overlap,386,c12,17,days_425_475,OVL-C1707
overlap,434,c12,17,days_425_475,OVL-C1707
overlap,458,c12,17,days_425_475,OVL-C1707
overlap,499,c12,17,days_425_475,OVL-C1707
overlap,503,c12,17,days_425_475,OVL-C1707
overlap,558,c12,17,days_425_475,OVL-C1707
overlap,565,c12,17,days_425_475,OVL-C1707
overlap,577,c12,17,days_425_475,OVL-C1707
overlap,590,c12,17,days_425_475,OVL-C1707
overlap,600,c12,17,days_425_475,OVL-C1707
overlap,618,c12,17,days_425_475,OVL-C1707
overlap,672,c12,17,days_425_475,OVL-C1707
overlap,679,c12,17,days_425_475,OVL-C1707
overlap,684,c12,17,days_425_475,OVL-C1707
overlap,686,c12,17,days_425_475,OVL-C1707
overlap,704,c12,17,days_425_475,OVL-C1707
overlap,715,c12,17,days_425_475,OVL-C1707
overlap,723,c12,17,days_425_475,OVL-C1707
overlap,748,c12,17,days_425_475,OVL-C1707
overlap,758,c12,17,days_425_475,OVL-C1707
overlap,844,c12,17,days_425_475,OVL-C1707
overlap,918,c12,17,days_425_475,OVL-C1707
overlap,926,c12,17,days_425_475,OVL-C1707
overlap,931,c12,17,days_425_475,OVL-C1707
overlap,933,c12,17,days_425_475,OVL-C1707
overlap,956,c12,17,days_425_475,OVL-C1707
overlap,972,c12,17,days_425_475,OVL-C1707
overlap,1000,c12,17,days_425_475,OVL-C1707
overlap,1002,c12,17,days_425_475,OVL-C1707
overlap,11,c13,17,days_425_475,OVL-C1710
overlap,17,c13,17,days_425_475,OVL-C1710
overlap,31,c13,17,days_425_475,OVL-C1710
overlap,67,c13,17,days_425_475,OVL-C1710
overlap,92,c13,17,days_425_475,OVL-C1710
overlap,122,c13,17,days_425_475,OVL-C1710
overlap,136,c13,17,days_425_475,OVL-C1710
overlap,142,c13,17,days_425_475,OVL-C1710
overlap,165,c13,17,days_425_475,OVL-C1710
overlap,194,c13,17,days_425_475,OVL-C1710
overlap,200,c13,17,days_425_475,OVL-C1710
overlap,224,c13,17,days_425_475,OVL-C1710
overlap,302,c13,17,days_425_475,OVL-C1710
overlap,316,c13,17,days_425_475,OVL-C1710
overlap,341,c13,17,days_425_475,OVL-C1710
overlap,344,c13,17,days_425_475,OVL-C1710
overlap,349,c13,17,days_425_475,OVL-C1710
overlap,351,c13,17,days_425_475,OVL-C1710
overlap,408,c13,17,days_425_475,OVL-C1710
overlap,428,c13,17,days_425_475,OVL-C1710
overlap,543,c13,17,days_425_475,OVL-C1710
overlap,619,c13,17,days_425_475,OVL-C1710
overlap,647,c13,17,days_425_475,OVL-C1710
overlap,651,c13,17,days_425_475,OVL-C1710
overlap,678,c13,17,days_425_475,OVL-C1710
overlap,787,c13,17,days_425_475,OVL-C1710
overlap,806,c13,17,days_425_475,OVL-C1710
overlap,838,c13,17,days_425_475,OVL-C1710
overlap,857,c13,17,days_425_475,OVL-C1710
overlap,888,c13,17,days_425_475,OVL-C1710
overlap,892,c13,17,days_425_475,OVL-C1710
overlap,915,c13,17,days_425_475,OVL-C1710
overlap,917,c13,17,days_425_475,OVL-C1710
overlap,952,c13,17,days_425_475,OVL-C1710
overlap,953,c13,17,days_425_475,OVL-C1710
overlap,963,c13,17,days_425_475,OVL-C1710
overlap,971,c13,17,days_425_475,OVL-C1710
overlap,990,c13,17,days_425_475,OVL-C1710
overlap,62,c14,17,days_425_475,OVL-C1711
overlap,109,c14,17,days_425_475,OVL-C1711
overlap,113,c14,17,days_425_475,OVL-C1711
overlap,124,c14,17,days_425_475,OVL-C1711
overlap,163,c14,17,days_425_475,OVL-C1711
overlap,250,c14,17,days_425_475,OVL-C1711
overlap,369,c14,17,days_425_475,OVL-C1711
overlap,389,c14,17,days_425_475,OVL-C1711
overlap,444,c14,17,days_425_475,OVL-C1711
overlap,485,c14,17,days_425_475,OVL-C1711
overlap,513,c14,17,days_425_475,OVL-C1711
overlap,518,c14,17,days_425_475,OVL-C1711
overlap,535,c14,17,days_425_475,OVL-C1711
overlap,542,c14,17,days_425_475,OVL-C1711
overlap,551,c14,17,days_425_475,OVL-C1711
overlap,604,c14,17,days_425_475,OVL-C1711
overlap,646,c14,17,days_425_475,OVL-C1711
overlap,683,c14,17,days_425_475,OVL-C1711
overlap,722,c14,17,days_425_475,OVL-C1711
overlap,799,c14,17,days_425_475,OVL-C1711
overlap,800,c14,17,days_425_475,OVL-C1711
overlap,823,c14,17,days_425_475,OVL-C1711
overlap,854,c14,17,days_425_475,OVL-C1711
overlap,886,c14,17,days_425_475,OVL-C1711
overlap,895,c14,17,days_425_475,OVL-C1711
overlap,913,c14,17,days_425_475,OVL-C1711
overlap,11,c01,18,days_450_500,OVL-C1802
overlap,31,c01,18,days_450_500,OVL-C1802
overlap,39,c01,18,days_450_500,OVL-C1802
overlap,53,c01,18,days_450_500,OVL-C1802
overlap,65,c01,18,days_450_500,OVL-C1802
overlap,75,c01,18,days_450_500,OVL-C1802
overlap,91,c01,18,days_450_500,OVL-C1802
overlap,98,c01,18,days_450_500,OVL-C1802
overlap,117,c01,18,days_450_500,OVL-C1802
overlap,120,c01,18,days_450_500,OVL-C1802
overlap,134,c01,18,days_450_500,OVL-C1802
overlap,150,c01,18,days_450_500,OVL-C1802
overlap,151,c01,18,days_450_500,OVL-C1802
overlap,159,c01,18,days_450_500,OVL-C1802
overlap,165,c01,18,days_450_500,OVL-C1802
overlap,185,c01,18,days_450_500,OVL-C1802
overlap,186,c01,18,days_450_500,OVL-C1802
overlap,191,c01,18,days_450_500,OVL-C1802
overlap,193,c01,18,days_450_500,OVL-C1802
overlap,196,c01,18,days_450_500,OVL-C1802
overlap,198,c01,18,days_450_500,OVL-C1802
overlap,205,c01,18,days_450_500,OVL-C1802
overlap,213,c01,18,days_450_500,OVL-C1802
overlap,214,c01,18,days_450_500,OVL-C1802
overlap,220,c01,18,days_450_500,OVL-C1802
overlap,225,c01,18,days_450_500,OVL-C1802
overlap,235,c01,18,days_450_500,OVL-C1802
overlap,239,c01,18,days_450_500,OVL-C1802
overlap,243,c01,18,days_450_500,OVL-C1802
overlap,253,c01,18,days_450_500,OVL-C1802
overlap,268,c01,18,days_450_500,OVL-C1802
overlap,273,c01,18,days_450_500,OVL-C1802
overlap,278,c01,18,days_450_500,OVL-C1802
overlap,283,c01,18,days_450_500,OVL-C1802
overlap,290,c01,18,days_450_500,OVL-C1802
overlap,291,c01,18,days_450_500,OVL-C1802
overlap,312,c01,18,days_450_500,OVL-C1802
overlap,334,c01,18,days_450_500,OVL-C1802
overlap,340,c01,18,days_450_500,OVL-C1802
overlap,367,c01,18,days_450_500,OVL-C1802
overlap,401,c01,18,days_450_500,OVL-C1802
overlap,415,c01,18,days_450_500,OVL-C1802
overlap,429,c01,18,days_450_500,OVL-C1802
overlap,454,c01,18,days_450_500,OVL-C1802
overlap,471,c01,18,days_450_500,OVL-C1802
overlap,476,c01,18,days_450_500,OVL-C1802
overlap,501,c01,18,days_450_500,OVL-C1802
overlap,557,c01,18,days_450_500,OVL-C1802
overlap,566,c01,18,days_450_500,OVL-C1802
overlap,592,c01,18,days_450_500,OVL-C1802
overlap,607,c01,18,days_450_500,OVL-C1802
overlap,609,c01,18,days_450_500,OVL-C1802
overlap,617,c01,18,days_450_500,OVL-C1802
overlap,627,c01,18,days_450_500,OVL-C1802
overlap,633,c01,18,days_450_500,OVL-C1802
overlap,640,c01,18,days_450_500,OVL-C1802
overlap,660,c01,18,days_450_500,OVL-C1802
overlap,681,c01,18,days_450_500,OVL-C1802
overlap,683,c01,18,days_450_500,OVL-C1802
overlap,687,c01,18,days_450_500,OVL-C1802
overlap,696,c01,18,days_450_500,OVL-C1802
overlap,706,c01,18,days_450_500,OVL-C1802
overlap,707,c01,18,days_450_500,OVL-C1802
overlap,713,c01,18,days_450_500,OVL-C1802
overlap,752,c01,18,days_450_500,OVL-C1802
overlap,763,c01,18,days_450_500,OVL-C1802
overlap,772,c01,18,days_450_500,OVL-C1802
overlap,776,c01,18,days_450_500,OVL-C1802
overlap,787,c01,18,days_450_500,OVL-C1802
overlap,792,c01,18,days_450_500,OVL-C1802
overlap,807,c01,18,days_450_500,OVL-C1802
overlap,811,c01,18,days_450_500,OVL-C1802
overlap,816,c01,18,days_450_500,OVL-C1802
overlap,833,c01,18,days_450_500,OVL-C1802
overlap,841,c01,18,days_450_500,OVL-C1802
overlap,852,c01,18,days_450_500,OVL-C1802
overlap,865,c01,18,days_450_500,OVL-C1802
overlap,875,c01,18,days_450_500,OVL-C1802
overlap,880,c01,18,days_450_500,OVL-C1802
overlap,890,c01,18,days_450_500,OVL-C1802
overlap,893,c01,18,days_450_500,OVL-C1802
overlap,923,c01,18,days_450_500,OVL-C1802
overlap,927,c01,18,days_450_500,OVL-C1802
overlap,940,c01,18,days_450_500,OVL-C1802
overlap,951,c01,18,days_450_500,OVL-C1802
overlap,962,c01,18,days_450_500,OVL-C1802
overlap,970,c01,18,days_450_500,OVL-C1802
overlap,983,c01,18,days_450_500,OVL-C1802
overlap,997,c01,18,days_450_500,OVL-C1802
overlap,1003,c01,18,days_450_500,OVL-C1802
overlap,4,c02,18,days_450_500,OVL-C1805
overlap,26,c02,18,days_450_500,OVL-C1805
overlap,40,c02,18,days_450_500,OVL-C1805
overlap,60,c02,18,days_450_500,OVL-C1805
overlap,72,c02,18,days_450_500,OVL-C1805
overlap,82,c02,18,days_450_500,OVL-C1805
overlap,83,c02,18,days_450_500,OVL-C1805
overlap,86,c02,18,days_450_500,OVL-C1805
overlap,135,c02,18,days_450_500,OVL-C1805
overlap,137,c02,18,days_450_500,OVL-C1805
overlap,152,c02,18,days_450_500,OVL-C1805
overlap,155,c02,18,days_450_500,OVL-C1805
overlap,161,c02,18,days_450_500,OVL-C1805
overlap,170,c02,18,days_450_500,OVL-C1805
overlap,187,c02,18,days_450_500,OVL-C1805
overlap,194,c02,18,days_450_500,OVL-C1805
overlap,203,c02,18,days_450_500,OVL-C1805
overlap,254,c02,18,days_450_500,OVL-C1805
overlap,272,c02,18,days_450_500,OVL-C1805
overlap,292,c02,18,days_450_500,OVL-C1805
overlap,293,c02,18,days_450_500,OVL-C1805
overlap,300,c02,18,days_450_500,OVL-C1805
overlap,304,c02,18,days_450_500,OVL-C1805
overlap,306,c02,18,days_450_500,OVL-C1805
overlap,317,c02,18,days_450_500,OVL-C1805
overlap,371,c02,18,days_450_500,OVL-C1805
overlap,374,c02,18,days_450_500,OVL-C1805
overlap,379,c02,18,days_450_500,OVL-C1805
overlap,390,c02,18,days_450_500,OVL-C1805
overlap,400,c02,18,days_450_500,OVL-C1805
overlap,405,c02,18,days_450_500,OVL-C1805
overlap,441,c02,18,days_450_500,OVL-C1805
overlap,443,c02,18,days_450_500,OVL-C1805
overlap,450,c02,18,days_450_500,OVL-C1805
overlap,455,c02,18,days_450_500,OVL-C1805
overlap,466,c02,18,days_450_500,OVL-C1805
overlap,488,c02,18,days_450_500,OVL-C1805
overlap,523,c02,18,days_450_500,OVL-C1805
overlap,533,c02,18,days_450_500,OVL-C1805
overlap,568,c02,18,days_450_500,OVL-C1805
overlap,572,c02,18,days_450_500,OVL-C1805
overlap,581,c02,18,days_450_500,OVL-C1805
overlap,587,c02,18,days_450_500,OVL-C1805
overlap,626,c02,18,days_450_500,OVL-C1805
overlap,628,c02,18,days_450_500,OVL-C1805
overlap,659,c02,18,days_450_500,OVL-C1805
overlap,662,c02,18,days_450_500,OVL-C1805
overlap,678,c02,18,days_450_500,OVL-C1805
overlap,695,c02,18,days_450_500,OVL-C1805
overlap,697,c02,18,days_450_500,OVL-C1805
overlap,701,c02,18,days_450_500,OVL-C1805
overlap,703,c02,18,days_450_500,OVL-C1805
overlap,712,c02,18,days_450_500,OVL-C1805
overlap,725,c02,18,days_450_500,OVL-C1805
overlap,728,c02,18,days_450_500,OVL-C1805
overlap,742,c02,18,days_450_500,OVL-C1805
overlap,771,c02,18,days_450_500,OVL-C1805
overlap,774,c02,18,days_450_500,OVL-C1805
overlap,784,c02,18,days_450_500,OVL-C1805
overlap,802,c02,18,days_450_500,OVL-C1805
overlap,855,c02,18,days_450_500,OVL-C1805
overlap,863,c02,18,days_450_500,OVL-C1805
overlap,870,c02,18,days_450_500,OVL-C1805
overlap,900,c02,18,days_450_500,OVL-C1805
overlap,901,c02,18,days_450_500,OVL-C1805
overlap,936,c02,18,days_450_500,OVL-C1805
overlap,937,c02,18,days_450_500,OVL-C1805
overlap,942,c02,18,days_450_500,OVL-C1805
overlap,947,c02,18,days_450_500,OVL-C1805
overlap,965,c02,18,days_450_500,OVL-C1805
overlap,981,c02,18,days_450_500,OVL-C1805
overlap,993,c02,18,days_450_500,OVL-C1805
overlap,22,c03,18,days_450_500,OVL-C1807
overlap,38,c03,18,days_450_500,OVL-C1807
overlap,42,c03,18,days_450_500,OVL-C1807
overlap,46,c03,18,days_450_500,OVL-C1807
overlap,50,c03,18,days_450_500,OVL-C1807
overlap,64,c03,18,days_450_500,OVL-C1807
overlap,69,c03,18,days_450_500,OVL-C1807
overlap,70,c03,18,days_450_500,OVL-C1807
overlap,84,c03,18,days_450_500,OVL-C1807
overlap,88,c03,18,days_450_500,OVL-C1807
overlap,96,c03,18,days_450_500,OVL-C1807
overlap,102,c03,18,days_450_500,OVL-C1807
overlap,103,c03,18,days_450_500,OVL-C1807
overlap,106,c03,18,days_450_500,OVL-C1807
overlap,125,c03,18,days_450_500,OVL-C1807
overlap,132,c03,18,days_450_500,OVL-C1807
overlap,139,c03,18,days_450_500,OVL-C1807
overlap,154,c03,18,days_450_500,OVL-C1807
overlap,164,c03,18,days_450_500,OVL-C1807
overlap,206,c03,18,days_450_500,OVL-C1807
overlap,247,c03,18,days_450_500,OVL-C1807
overlap,282,c03,18,days_450_500,OVL-C1807
overlap,299,c03,18,days_450_500,OVL-C1807
overlap,309,c03,18,days_450_500,OVL-C1807
overlap,310,c03,18,days_450_500,OVL-C1807
overlap,322,c03,18,days_450_500,OVL-C1807
overlap,323,c03,18,days_450_500,OVL-C1807
overlap,324,c03,18,days_450_500,OVL-C1807
overlap,337,c03,18,days_450_500,OVL-C1807
overlap,343,c03,18,days_450_500,OVL-C1807
overlap,346,c03,18,days_450_500,OVL-C1807
overlap,368,c03,18,days_450_500,OVL-C1807
overlap,376,c03,18,days_450_500,OVL-C1807
overlap,378,c03,18,days_450_500,OVL-C1807
overlap,388,c03,18,days_450_500,OVL-C1807
overlap,399,c03,18,days_450_500,OVL-C1807
overlap,402,c03,18,days_450_500,OVL-C1807
overlap,420,c03,18,days_450_500,OVL-C1807
overlap,460,c03,18,days_450_500,OVL-C1807
overlap,474,c03,18,days_450_500,OVL-C1807
overlap,477,c03,18,days_450_500,OVL-C1807
overlap,487,c03,18,days_450_500,OVL-C1807
overlap,489,c03,18,days_450_500,OVL-C1807
overlap,505,c03,18,days_450_500,OVL-C1807
overlap,509,c03,18,days_450_500,OVL-C1807
overlap,510,c03,18,days_450_500,OVL-C1807
overlap,514,c03,18,days_450_500,OVL-C1807
overlap,524,c03,18,days_450_500,OVL-C1807
overlap,534,c03,18,days_450_500,OVL-C1807
overlap,559,c03,18,days_450_500,OVL-C1807
overlap,562,c03,18,days_450_500,OVL-C1807
overlap,591,c03,18,days_450_500,OVL-C1807
overlap,603,c03,18,days_450_500,OVL-C1807
overlap,622,c03,18,days_450_500,OVL-C1807
overlap,634,c03,18,days_450_500,OVL-C1807
overlap,638,c03,18,days_450_500,OVL-C1807
overlap,649,c03,18,days_450_500,OVL-C1807
overlap,663,c03,18,days_450_500,OVL-C1807
overlap,676,c03,18,days_450_500,OVL-C1807
overlap,735,c03,18,days_450_500,OVL-C1807
overlap,740,c03,18,days_450_500,OVL-C1807
overlap,780,c03,18,days_450_500,OVL-C1807
overlap,788,c03,18,days_450_500,OVL-C1807
overlap,832,c03,18,days_450_500,OVL-C1807
overlap,853,c03,18,days_450_500,OVL-C1807
overlap,879,c03,18,days_450_500,OVL-C1807
overlap,906,c03,18,days_450_500,OVL-C1807
overlap,939,c03,18,days_450_500,OVL-C1807
overlap,943,c03,18,days_450_500,OVL-C1807
overlap,950,c03,18,days_450_500,OVL-C1807
overlap,5,c04,18,days_450_500,OVL-C1803
overlap,7,c04,18,days_450_500,OVL-C1803
overlap,10,c04,18,days_450_500,OVL-C1803
overlap,13,c04,18,days_450_500,OVL-C1803
overlap,14,c04,18,days_450_500,OVL-C1803
overlap,29,c04,18,days_450_500,OVL-C1803
overlap,93,c04,18,days_450_500,OVL-C1803
overlap,107,c04,18,days_450_500,OVL-C1803
overlap,118,c04,18,days_450_500,OVL-C1803
overlap,173,c04,18,days_450_500,OVL-C1803
overlap,175,c04,18,days_450_500,OVL-C1803
overlap,192,c04,18,days_450_500,OVL-C1803
overlap,199,c04,18,days_450_500,OVL-C1803
overlap,201,c04,18,days_450_500,OVL-C1803
overlap,208,c04,18,days_450_500,OVL-C1803
overlap,226,c04,18,days_450_500,OVL-C1803
overlap,236,c04,18,days_450_500,OVL-C1803
overlap,262,c04,18,days_450_500,OVL-C1803
overlap,270,c04,18,days_450_500,OVL-C1803
overlap,275,c04,18,days_450_500,OVL-C1803
overlap,289,c04,18,days_450_500,OVL-C1803
overlap,320,c04,18,days_450_500,OVL-C1803
overlap,327,c04,18,days_450_500,OVL-C1803
overlap,335,c04,18,days_450_500,OVL-C1803
overlap,341,c04,18,days_450_500,OVL-C1803
overlap,380,c04,18,days_450_500,OVL-C1803
overlap,381,c04,18,days_450_500,OVL-C1803
overlap,382,c04,18,days_450_500,OVL-C1803
overlap,385,c04,18,days_450_500,OVL-C1803
overlap,393,c04,18,days_450_500,OVL-C1803
overlap,396,c04,18,days_450_500,OVL-C1803
overlap,437,c04,18,days_450_500,OVL-C1803
overlap,440,c04,18,days_450_500,OVL-C1803
overlap,464,c04,18,days_450_500,OVL-C1803
overlap,468,c04,18,days_450_500,OVL-C1803
overlap,473,c04,18,days_450_500,OVL-C1803
overlap,479,c04,18,days_450_500,OVL-C1803
overlap,491,c04,18,days_450_500,OVL-C1803
overlap,506,c04,18,days_450_500,OVL-C1803
overlap,511,c04,18,days_450_500,OVL-C1803
overlap,516,c04,18,days_450_500,OVL-C1803
overlap,532,c04,18,days_450_500,OVL-C1803
overlap,537,c04,18,days_450_500,OVL-C1803
overlap,541,c04,18,days_450_500,OVL-C1803
overlap,553,c04,18,days_450_500,OVL-C1803
overlap,576,c04,18,days_450_500,OVL-C1803
overlap,611,c04,18,days_450_500,OVL-C1803
overlap,639,c04,18,days_450_500,OVL-C1803
overlap,643,c04,18,days_450_500,OVL-C1803
overlap,644,c04,18,days_450_500,OVL-C1803
overlap,650,c04,18,days_450_500,OVL-C1803
overlap,652,c04,18,days_450_500,OVL-C1803
overlap,654,c04,18,days_450_500,OVL-C1803
overlap,657,c04,18,days_450_500,OVL-C1803
overlap,664,c04,18,days_450_500,OVL-C1803
overlap,670,c04,18,days_450_500,OVL-C1803
overlap,682,c04,18,days_450_500,OVL-C1803
overlap,688,c04,18,days_450_500,OVL-C1803
overlap,702,c04,18,days_450_500,OVL-C1803
overlap,719,c04,18,days_450_500,OVL-C1803
overlap,737,c04,18,days_450_500,OVL-C1803
overlap,738,c04,18,days_450_500,OVL-C1803
overlap,745,c04,18,days_450_500,OVL-C1803
overlap,760,c04,18,days_450_500,OVL-C1803
overlap,761,c04,18,days_450_500,OVL-C1803
overlap,778,c04,18,days_450_500,OVL-C1803
overlap,783,c04,18,days_450_500,OVL-C1803
overlap,804,c04,18,days_450_500,OVL-C1803
overlap,808,c04,18,days_450_500,OVL-C1803
overlap,810,c04,18,days_450_500,OVL-C1803
overlap,828,c04,18,days_450_500,OVL-C1803
overlap,837,c04,18,days_450_500,OVL-C1803
overlap,849,c04,18,days_450_500,OVL-C1803
overlap,850,c04,18,days_450_500,OVL-C1803
overlap,858,c04,18,days_450_500,OVL-C1803
overlap,881,c04,18,days_450_500,OVL-C1803
overlap,898,c04,18,days_450_500,OVL-C1803
overlap,899,c04,18,days_450_500,OVL-C1803
overlap,921,c04,18,days_450_500,OVL-C1803
overlap,924,c04,18,days_450_500,OVL-C1803
overlap,945,c04,18,days_450_500,OVL-C1803
overlap,979,c04,18,days_450_500,OVL-C1803
overlap,980,c04,18,days_450_500,OVL-C1803
overlap,985,c04,18,days_450_500,OVL-C1803
overlap,991,c04,18,days_450_500,OVL-C1803
overlap,1001,c04,18,days_450_500,OVL-C1803
overlap,2,c05,18,days_450_500,OVL-C1801
overlap,21,c05,18,days_450_500,OVL-C1801
overlap,30,c05,18,days_450_500,OVL-C1801
overlap,43,c05,18,days_450_500,OVL-C1801
overlap,45,c05,18,days_450_500,OVL-C1801
overlap,52,c05,18,days_450_500,OVL-C1801
overlap,66,c05,18,days_450_500,OVL-C1801
overlap,74,c05,18,days_450_500,OVL-C1801
overlap,77,c05,18,days_450_500,OVL-C1801
overlap,90,c05,18,days_450_500,OVL-C1801
overlap,100,c05,18,days_450_500,OVL-C1801
overlap,104,c05,18,days_450_500,OVL-C1801
overlap,111,c05,18,days_450_500,OVL-C1801
overlap,112,c05,18,days_450_500,OVL-C1801
overlap,119,c05,18,days_450_500,OVL-C1801
overlap,126,c05,18,days_450_500,OVL-C1801
overlap,133,c05,18,days_450_500,OVL-C1801
overlap,166,c05,18,days_450_500,OVL-C1801
overlap,168,c05,18,days_450_500,OVL-C1801
overlap,182,c05,18,days_450_500,OVL-C1801
overlap,218,c05,18,days_450_500,OVL-C1801
overlap,227,c05,18,days_450_500,OVL-C1801
overlap,232,c05,18,days_450_500,OVL-C1801
overlap,240,c05,18,days_450_500,OVL-C1801
overlap,244,c05,18,days_450_500,OVL-C1801
overlap,250,c05,18,days_450_500,OVL-C1801
overlap,256,c05,18,days_450_500,OVL-C1801
overlap,257,c05,18,days_450_500,OVL-C1801
overlap,260,c05,18,days_450_500,OVL-C1801
overlap,266,c05,18,days_450_500,OVL-C1801
overlap,267,c05,18,days_450_500,OVL-C1801
overlap,294,c05,18,days_450_500,OVL-C1801
overlap,305,c05,18,days_450_500,OVL-C1801
overlap,313,c05,18,days_450_500,OVL-C1801
overlap,326,c05,18,days_450_500,OVL-C1801
overlap,328,c05,18,days_450_500,OVL-C1801
overlap,332,c05,18,days_450_500,OVL-C1801
overlap,356,c05,18,days_450_500,OVL-C1801
overlap,384,c05,18,days_450_500,OVL-C1801
overlap,392,c05,18,days_450_500,OVL-C1801
overlap,416,c05,18,days_450_500,OVL-C1801
overlap,425,c05,18,days_450_500,OVL-C1801
overlap,435,c05,18,days_450_500,OVL-C1801
overlap,439,c05,18,days_450_500,OVL-C1801
overlap,447,c05,18,days_450_500,OVL-C1801
overlap,459,c05,18,days_450_500,OVL-C1801
overlap,465,c05,18,days_450_500,OVL-C1801
overlap,472,c05,18,days_450_500,OVL-C1801
overlap,478,c05,18,days_450_500,OVL-C1801
overlap,490,c05,18,days_450_500,OVL-C1801
overlap,500,c05,18,days_450_500,OVL-C1801
overlap,515,c05,18,days_450_500,OVL-C1801
overlap,517,c05,18,days_450_500,OVL-C1801
overlap,521,c05,18,days_450_500,OVL-C1801
overlap,539,c05,18,days_450_500,OVL-C1801
overlap,545,c05,18,days_450_500,OVL-C1801
overlap,556,c05,18,days_450_500,OVL-C1801
overlap,573,c05,18,days_450_500,OVL-C1801
overlap,574,c05,18,days_450_500,OVL-C1801
overlap,575,c05,18,days_450_500,OVL-C1801
overlap,586,c05,18,days_450_500,OVL-C1801
overlap,598,c05,18,days_450_500,OVL-C1801
overlap,602,c05,18,days_450_500,OVL-C1801
overlap,625,c05,18,days_450_500,OVL-C1801
overlap,648,c05,18,days_450_500,OVL-C1801
overlap,651,c05,18,days_450_500,OVL-C1801
overlap,672,c05,18,days_450_500,OVL-C1801
overlap,674,c05,18,days_450_500,OVL-C1801
overlap,677,c05,18,days_450_500,OVL-C1801
overlap,689,c05,18,days_450_500,OVL-C1801
overlap,699,c05,18,days_450_500,OVL-C1801
overlap,700,c05,18,days_450_500,OVL-C1801
overlap,717,c05,18,days_450_500,OVL-C1801
overlap,721,c05,18,days_450_500,OVL-C1801
overlap,730,c05,18,days_450_500,OVL-C1801
overlap,743,c05,18,days_450_500,OVL-C1801
overlap,744,c05,18,days_450_500,OVL-C1801
overlap,751,c05,18,days_450_500,OVL-C1801
overlap,759,c05,18,days_450_500,OVL-C1801
overlap,762,c05,18,days_450_500,OVL-C1801
overlap,765,c05,18,days_450_500,OVL-C1801
overlap,768,c05,18,days_450_500,OVL-C1801
overlap,782,c05,18,days_450_500,OVL-C1801
overlap,790,c05,18,days_450_500,OVL-C1801
overlap,803,c05,18,days_450_500,OVL-C1801
overlap,812,c05,18,days_450_500,OVL-C1801
overlap,814,c05,18,days_450_500,OVL-C1801
overlap,825,c05,18,days_450_500,OVL-C1801
overlap,845,c05,18,days_450_500,OVL-C1801
overlap,867,c05,18,days_450_500,OVL-C1801
overlap,868,c05,18,days_450_500,OVL-C1801
overlap,869,c05,18,days_450_500,OVL-C1801
overlap,885,c05,18,days_450_500,OVL-C1801
overlap,886,c05,18,days_450_500,OVL-C1801
overlap,889,c05,18,days_450_500,OVL-C1801
overlap,908,c05,18,days_450_500,OVL-C1801
overlap,912,c05,18,days_450_500,OVL-C1801
overlap,944,c05,18,days_450_500,OVL-C1801
overlap,946,c05,18,days_450_500,OVL-C1801
overlap,948,c05,18,days_450_500,OVL-C1801
overlap,949,c05,18,days_450_500,OVL-C1801
overlap,966,c05,18,days_450_500,OVL-C1801
overlap,974,c05,18,days_450_500,OVL-C1801
overlap,984,c05,18,days_450_500,OVL-C1801
overlap,16,c06,18,days_450_500,OVL-C1806
overlap,19,c06,18,days_450_500,OVL-C1806
overlap,55,c06,18,days_450_500,OVL-C1806
overlap,61,c06,18,days_450_500,OVL-C1806
overlap,71,c06,18,days_450_500,OVL-C1806
overlap,76,c06,18,days_450_500,OVL-C1806
overlap,89,c06,18,days_450_500,OVL-C1806
overlap,101,c06,18,days_450_500,OVL-C1806
overlap,105,c06,18,days_450_500,OVL-C1806
overlap,114,c06,18,days_450_500,OVL-C1806
overlap,127,c06,18,days_450_500,OVL-C1806
overlap,149,c06,18,days_450_500,OVL-C1806
overlap,153,c06,18,days_450_500,OVL-C1806
overlap,169,c06,18,days_450_500,OVL-C1806
overlap,184,c06,18,days_450_500,OVL-C1806
overlap,189,c06,18,days_450_500,OVL-C1806
overlap,195,c06,18,days_450_500,OVL-C1806
overlap,223,c06,18,days_450_500,OVL-C1806
overlap,237,c06,18,days_450_500,OVL-C1806
overlap,246,c06,18,days_450_500,OVL-C1806
overlap,279,c06,18,days_450_500,OVL-C1806
overlap,281,c06,18,days_450_500,OVL-C1806
overlap,296,c06,18,days_450_500,OVL-C1806
overlap,308,c06,18,days_450_500,OVL-C1806
overlap,365,c06,18,days_450_500,OVL-C1806
overlap,372,c06,18,days_450_500,OVL-C1806
overlap,377,c06,18,days_450_500,OVL-C1806
overlap,398,c06,18,days_450_500,OVL-C1806
overlap,404,c06,18,days_450_500,OVL-C1806
overlap,407,c06,18,days_450_500,OVL-C1806
overlap,410,c06,18,days_450_500,OVL-C1806
overlap,411,c06,18,days_450_500,OVL-C1806
overlap,418,c06,18,days_450_500,OVL-C1806
overlap,419,c06,18,days_450_500,OVL-C1806
overlap,423,c06,18,days_450_500,OVL-C1806
overlap,426,c06,18,days_450_500,OVL-C1806
overlap,457,c06,18,days_450_500,OVL-C1806
overlap,497,c06,18,days_450_500,OVL-C1806
overlap,522,c06,18,days_450_500,OVL-C1806
overlap,588,c06,18,days_450_500,OVL-C1806
overlap,593,c06,18,days_450_500,OVL-C1806
overlap,595,c06,18,days_450_500,OVL-C1806
overlap,597,c06,18,days_450_500,OVL-C1806
overlap,615,c06,18,days_450_500,OVL-C1806
overlap,621,c06,18,days_450_500,OVL-C1806
overlap,708,c06,18,days_450_500,OVL-C1806
overlap,711,c06,18,days_450_500,OVL-C1806
overlap,716,c06,18,days_450_500,OVL-C1806
overlap,718,c06,18,days_450_500,OVL-C1806
overlap,724,c06,18,days_450_500,OVL-C1806
overlap,732,c06,18,days_450_500,OVL-C1806
overlap,754,c06,18,days_450_500,OVL-C1806
overlap,777,c06,18,days_450_500,OVL-C1806
overlap,779,c06,18,days_450_500,OVL-C1806
overlap,836,c06,18,days_450_500,OVL-C1806
overlap,843,c06,18,days_450_500,OVL-C1806
overlap,861,c06,18,days_450_500,OVL-C1806
overlap,866,c06,18,days_450_500,OVL-C1806
overlap,883,c06,18,days_450_500,OVL-C1806
overlap,884,c06,18,days_450_500,OVL-C1806
overlap,896,c06,18,days_450_500,OVL-C1806
overlap,904,c06,18,days_450_500,OVL-C1806
overlap,905,c06,18,days_450_500,OVL-C1806
overlap,907,c06,18,days_450_500,OVL-C1806
overlap,916,c06,18,days_450_500,OVL-C1806
overlap,934,c06,18,days_450_500,OVL-C1806
overlap,969,c06,18,days_450_500,OVL-C1806
overlap,977,c06,18,days_450_500,OVL-C1806
overlap,996,c06,18,days_450_500,OVL-C1806
overlap,999,c06,18,days_450_500,OVL-C1806
overlap,1004,c06,18,days_450_500,OVL-C1806
overlap,3,c07,18,days_450_500,OVL-C1804
overlap,24,c07,18,days_450_500,OVL-C1804
overlap,35,c07,18,days_450_500,OVL-C1804
overlap,67,c07,18,days_450_500,OVL-C1804
overlap,141,c07,18,days_450_500,OVL-C1804
overlap,148,c07,18,days_450_500,OVL-C1804
overlap,158,c07,18,days_450_500,OVL-C1804
overlap,160,c07,18,days_450_500,OVL-C1804
overlap,167,c07,18,days_450_500,OVL-C1804
overlap,181,c07,18,days_450_500,OVL-C1804
overlap,188,c07,18,days_450_500,OVL-C1804
overlap,190,c07,18,days_450_500,OVL-C1804
overlap,207,c07,18,days_450_500,OVL-C1804
overlap,241,c07,18,days_450_500,OVL-C1804
overlap,248,c07,18,days_450_500,OVL-C1804
overlap,274,c07,18,days_450_500,OVL-C1804
overlap,280,c07,18,days_450_500,OVL-C1804
overlap,288,c07,18,days_450_500,OVL-C1804
overlap,301,c07,18,days_450_500,OVL-C1804
overlap,315,c07,18,days_450_500,OVL-C1804
overlap,344,c07,18,days_450_500,OVL-C1804
overlap,353,c07,18,days_450_500,OVL-C1804
overlap,360,c07,18,days_450_500,OVL-C1804
overlap,373,c07,18,days_450_500,OVL-C1804
overlap,387,c07,18,days_450_500,OVL-C1804
overlap,391,c07,18,days_450_500,OVL-C1804
overlap,394,c07,18,days_450_500,OVL-C1804
overlap,397,c07,18,days_450_500,OVL-C1804
overlap,408,c07,18,days_450_500,OVL-C1804
overlap,414,c07,18,days_450_500,OVL-C1804
overlap,421,c07,18,days_450_500,OVL-C1804
overlap,424,c07,18,days_450_500,OVL-C1804
overlap,431,c07,18,days_450_500,OVL-C1804
overlap,445,c07,18,days_450_500,OVL-C1804
overlap,451,c07,18,days_450_500,OVL-C1804
overlap,469,c07,18,days_450_500,OVL-C1804
overlap,484,c07,18,days_450_500,OVL-C1804
overlap,486,c07,18,days_450_500,OVL-C1804
overlap,493,c07,18,days_450_500,OVL-C1804
overlap,496,c07,18,days_450_500,OVL-C1804
overlap,507,c07,18,days_450_500,OVL-C1804
overlap,512,c07,18,days_450_500,OVL-C1804
overlap,526,c07,18,days_450_500,OVL-C1804
overlap,530,c07,18,days_450_500,OVL-C1804
overlap,547,c07,18,days_450_500,OVL-C1804
overlap,550,c07,18,days_450_500,OVL-C1804
overlap,552,c07,18,days_450_500,OVL-C1804
overlap,561,c07,18,days_450_500,OVL-C1804
overlap,563,c07,18,days_450_500,OVL-C1804
overlap,570,c07,18,days_450_500,OVL-C1804
overlap,571,c07,18,days_450_500,OVL-C1804
overlap,585,c07,18,days_450_500,OVL-C1804
overlap,610,c07,18,days_450_500,OVL-C1804
overlap,614,c07,18,days_450_500,OVL-C1804
overlap,629,c07,18,days_450_500,OVL-C1804
overlap,630,c07,18,days_450_500,OVL-C1804
overlap,631,c07,18,days_450_500,OVL-C1804
overlap,656,c07,18,days_450_500,OVL-C1804
overlap,658,c07,18,days_450_500,OVL-C1804
overlap,667,c07,18,days_450_500,OVL-C1804
overlap,671,c07,18,days_450_500,OVL-C1804
overlap,685,c07,18,days_450_500,OVL-C1804
overlap,750,c07,18,days_450_500,OVL-C1804
overlap,773,c07,18,days_450_500,OVL-C1804
overlap,795,c07,18,days_450_500,OVL-C1804
overlap,817,c07,18,days_450_500,OVL-C1804
overlap,822,c07,18,days_450_500,OVL-C1804
overlap,824,c07,18,days_450_500,OVL-C1804
overlap,846,c07,18,days_450_500,OVL-C1804
overlap,851,c07,18,days_450_500,OVL-C1804
overlap,891,c07,18,days_450_500,OVL-C1804
overlap,902,c07,18,days_450_500,OVL-C1804
overlap,920,c07,18,days_450_500,OVL-C1804
overlap,954,c07,18,days_450_500,OVL-C1804
overlap,957,c07,18,days_450_500,OVL-C1804
overlap,963,c07,18,days_450_500,OVL-C1804
overlap,975,c07,18,days_450_500,OVL-C1804
overlap,978,c07,18,days_450_500,OVL-C1804
overlap,988,c07,18,days_450_500,OVL-C1804
overlap,995,c07,18,days_450_500,OVL-C1804
overlap,28,c08,18,days_450_500,OVL-C1808
overlap,56,c08,18,days_450_500,OVL-C1808
overlap,68,c08,18,days_450_500,OVL-C1808
overlap,95,c08,18,days_450_500,OVL-C1808
overlap,231,c08,18,days_450_500,OVL-C1808
overlap,238,c08,18,days_450_500,OVL-C1808
overlap,245,c08,18,days_450_500,OVL-C1808
overlap,251,c08,18,days_450_500,OVL-C1808
overlap,264,c08,18,days_450_500,OVL-C1808
overlap,269,c08,18,days_450_500,OVL-C1808
overlap,311,c08,18,days_450_500,OVL-C1808
overlap,329,c08,18,days_450_500,OVL-C1808
overlap,338,c08,18,days_450_500,OVL-C1808
overlap,361,c08,18,days_450_500,OVL-C1808
overlap,364,c08,18,days_450_500,OVL-C1808
overlap,427,c08,18,days_450_500,OVL-C1808
overlap,432,c08,18,days_450_500,OVL-C1808
overlap,433,c08,18,days_450_500,OVL-C1808
overlap,448,c08,18,days_450_500,OVL-C1808
overlap,480,c08,18,days_450_500,OVL-C1808
overlap,482,c08,18,days_450_500,OVL-C1808
overlap,531,c08,18,days_450_500,OVL-C1808
overlap,540,c08,18,days_450_500,OVL-C1808
overlap,582,c08,18,days_450_500,OVL-C1808
overlap,606,c08,18,days_450_500,OVL-C1808
overlap,624,c08,18,days_450_500,OVL-C1808
overlap,641,c08,18,days_450_500,OVL-C1808
overlap,698,c08,18,days_450_500,OVL-C1808
overlap,736,c08,18,days_450_500,OVL-C1808
overlap,764,c08,18,days_450_500,OVL-C1808
overlap,796,c08,18,days_450_500,OVL-C1808
overlap,798,c08,18,days_450_500,OVL-C1808
overlap,809,c08,18,days_450_500,OVL-C1808
overlap,819,c08,18,days_450_500,OVL-C1808
overlap,830,c08,18,days_450_500,OVL-C1808
overlap,840,c08,18,days_450_500,OVL-C1808
overlap,872,c08,18,days_450_500,OVL-C1808
overlap,873,c08,18,days_450_500,OVL-C1808
overlap,874,c08,18,days_450_500,OVL-C1808
overlap,910,c08,18,days_450_500,OVL-C1808
overlap,925,c08,18,days_450_500,OVL-C1808
overlap,955,c08,18,days_450_500,OVL-C1808
overlap,987,c08,18,days_450_500,OVL-C1808
overlap,994,c08,18,days_450_500,OVL-C1808
overlap,0,c10,18,days_450_500,OVL-C1809
overlap,6,c10,18,days_450_500,OVL-C1809
overlap,78,c10,18,days_450_500,OVL-C1809
overlap,99,c10,18,days_450_500,OVL-C1809
overlap,130,c10,18,days_450_500,OVL-C1809
overlap,178,c10,18,days_450_500,OVL-C1809
overlap,228,c10,18,days_450_500,OVL-C1809
overlap,249,c10,18,days_450_500,OVL-C1809
overlap,295,c10,18,days_450_500,OVL-C1809
overlap,314,c10,18,days_450_500,OVL-C1809
overlap,333,c10,18,days_450_500,OVL-C1809
overlap,339,c10,18,days_450_500,OVL-C1809
overlap,359,c10,18,days_450_500,OVL-C1809
overlap,409,c10,18,days_450_500,OVL-C1809
overlap,442,c10,18,days_450_500,OVL-C1809
overlap,470,c10,18,days_450_500,OVL-C1809
overlap,502,c10,18,days_450_500,OVL-C1809
overlap,519,c10,18,days_450_500,OVL-C1809
overlap,527,c10,18,days_450_500,OVL-C1809
overlap,538,c10,18,days_450_500,OVL-C1809
overlap,569,c10,18,days_450_500,OVL-C1809
overlap,599,c10,18,days_450_500,OVL-C1809
overlap,605,c10,18,days_450_500,OVL-C1809
overlap,693,c10,18,days_450_500,OVL-C1809
overlap,705,c10,18,days_450_500,OVL-C1809
overlap,710,c10,18,days_450_500,OVL-C1809
overlap,767,c10,18,days_450_500,OVL-C1809
overlap,786,c10,18,days_450_500,OVL-C1809
overlap,789,c10,18,days_450_500,OVL-C1809
overlap,862,c10,18,days_450_500,OVL-C1809
overlap,878,c10,18,days_450_500,OVL-C1809
overlap,929,c10,18,days_450_500,OVL-C1809
overlap,976,c10,18,days_450_500,OVL-C1809
overlap,25,c12,18,days_450_500,OVL-C1810
overlap,41,c12,18,days_450_500,OVL-C1810
overlap,48,c12,18,days_450_500,OVL-C1810
overlap,73,c12,18,days_450_500,OVL-C1810
overlap,216,c12,18,days_450_500,OVL-C1810
overlap,318,c12,18,days_450_500,OVL-C1810
overlap,319,c12,18,days_450_500,OVL-C1810
overlap,321,c12,18,days_450_500,OVL-C1810
overlap,386,c12,18,days_450_500,OVL-C1810
overlap,434,c12,18,days_450_500,OVL-C1810
overlap,458,c12,18,days_450_500,OVL-C1810
overlap,481,c12,18,days_450_500,OVL-C1810
overlap,499,c12,18,days_450_500,OVL-C1810
overlap,503,c12,18,days_450_500,OVL-C1810
overlap,558,c12,18,days_450_500,OVL-C1810
overlap,565,c12,18,days_450_500,OVL-C1810
overlap,600,c12,18,days_450_500,OVL-C1810
overlap,601,c12,18,days_450_500,OVL-C1810
overlap,618,c12,18,days_450_500,OVL-C1810
overlap,679,c12,18,days_450_500,OVL-C1810
overlap,684,c12,18,days_450_500,OVL-C1810
overlap,704,c12,18,days_450_500,OVL-C1810
overlap,723,c12,18,days_450_500,OVL-C1810
overlap,758,c12,18,days_450_500,OVL-C1810
overlap,844,c12,18,days_450_500,OVL-C1810
overlap,918,c12,18,days_450_500,OVL-C1810
overlap,919,c12,18,days_450_500,OVL-C1810
overlap,956,c12,18,days_450_500,OVL-C1810
overlap,1000,c12,18,days_450_500,OVL-C1810
overlap,1002,c12,18,days_450_500,OVL-C1810
overlap,17,c13,18,days_450_500,OVL-C1812
overlap,92,c13,18,days_450_500,OVL-C1812
overlap,122,c13,18,days_450_500,OVL-C1812
overlap,136,c13,18,days_450_500,OVL-C1812
overlap,142,c13,18,days_450_500,OVL-C1812
overlap,200,c13,18,days_450_500,OVL-C1812
overlap,224,c13,18,days_450_500,OVL-C1812
overlap,302,c13,18,days_450_500,OVL-C1812
overlap,316,c13,18,days_450_500,OVL-C1812
overlap,349,c13,18,days_450_500,OVL-C1812
overlap,351,c13,18,days_450_500,OVL-C1812
overlap,428,c13,18,days_450_500,OVL-C1812
overlap,543,c13,18,days_450_500,OVL-C1812
overlap,647,c13,18,days_450_500,OVL-C1812
overlap,806,c13,18,days_450_500,OVL-C1812
overlap,838,c13,18,days_450_500,OVL-C1812
overlap,857,c13,18,days_450_500,OVL-C1812
overlap,888,c13,18,days_450_500,OVL-C1812
overlap,892,c13,18,days_450_500,OVL-C1812
overlap,915,c13,18,days_450_500,OVL-C1812
overlap,917,c13,18,days_450_500,OVL-C1812
overlap,952,c13,18,days_450_500,OVL-C1812
overlap,953,c13,18,days_450_500,OVL-C1812
overlap,971,c13,18,days_450_500,OVL-C1812
overlap,990,c13,18,days_450_500,OVL-C1812
overlap,62,c14,18,days_450_500,OVL-C1813
overlap,109,c14,18,days_450_500,OVL-C1813
overlap,113,c14,18,days_450_500,OVL-C1813
overlap,124,c14,18,days_450_500,OVL-C1813
overlap,163,c14,18,days_450_500,OVL-C1813
overlap,263,c14,18,days_450_500,OVL-C1813
overlap,369,c14,18,days_450_500,OVL-C1813
overlap,389,c14,18,days_450_500,OVL-C1813
overlap,444,c14,18,days_450_500,OVL-C1813
overlap,485,c14,18,days_450_500,OVL-C1813
overlap,513,c14,18,days_450_500,OVL-C1813
overlap,518,c14,18,days_450_500,OVL-C1813
overlap,535,c14,18,days_450_500,OVL-C1813
overlap,542,c14,18,days_450_500,OVL-C1813
overlap,551,c14,18,days_450_500,OVL-C1813
overlap,604,c14,18,days_450_500,OVL-C1813
overlap,646,c14,18,days_450_500,OVL-C1813
overlap,722,c14,18,days_450_500,OVL-C1813
overlap,799,c14,18,days_450_500,OVL-C1813
overlap,800,c14,18,days_450_500,OVL-C1813
overlap,823,c14,18,days_450_500,OVL-C1813
overlap,854,c14,18,days_450_500,OVL-C1813
overlap,895,c14,18,days_450_500,OVL-C1813
overlap,913,c14,18,days_450_500,OVL-C1813
overlap,129,c16,18,days_450_500,OVL-C1814
overlap,147,c16,18,days_450_500,OVL-C1814
overlap,157,c16,18,days_450_500,OVL-C1814
overlap,171,c16,18,days_450_500,OVL-C1814
overlap,230,c16,18,days_450_500,OVL-C1814
overlap,255,c16,18,days_450_500,OVL-C1814
overlap,277,c16,18,days_450_500,OVL-C1814
overlap,285,c16,18,days_450_500,OVL-C1814
overlap,336,c16,18,days_450_500,OVL-C1814
overlap,347,c16,18,days_450_500,OVL-C1814
overlap,355,c16,18,days_450_500,OVL-C1814
overlap,546,c16,18,days_450_500,OVL-C1814
overlap,577,c16,18,days_450_500,OVL-C1814
overlap,590,c16,18,days_450_500,OVL-C1814
overlap,686,c16,18,days_450_500,OVL-C1814
overlap,715,c16,18,days_450_500,OVL-C1814
overlap,748,c16,18,days_450_500,OVL-C1814
overlap,926,c16,18,days_450_500,OVL-C1814
overlap,931,c16,18,days_450_500,OVL-C1814
overlap,933,c16,18,days_450_500,OVL-C1814
overlap,972,c16,18,days_450_500,OVL-C1814
overlap,180,c18,18,days_450_500,OVL-C1816
overlap,727,c18,18,days_450_500,OVL-C1816
overlap,897,c18,18,days_450_500,OVL-C1816
overlap,958,c18,18,days_450_500,OVL-C1816
overlap,8,c01,19,days_475_525,OVL-C1901
overlap,32,c01,19,days_475_525,OVL-C1901
overlap,39,c01,19,days_475_525,OVL-C1901
overlap,53,c01,19,days_475_525,OVL-C1901
overlap,65,c01,19,days_475_525,OVL-C1901
overlap,75,c01,19,days_475_525,OVL-C1901
overlap,76,c01,19,days_475_525,OVL-C1901
overlap,91,c01,19,days_475_525,OVL-C1901
overlap,120,c01,19,days_475_525,OVL-C1901
overlap,143,c01,19,days_475_525,OVL-C1901
overlap,144,c01,19,days_475_525,OVL-C1901
overlap,148,c01,19,days_475_525,OVL-C1901
overlap,150,c01,19,days_475_525,OVL-C1901
overlap,151,c01,19,days_475_525,OVL-C1901
overlap,159,c01,19,days_475_525,OVL-C1901
overlap,181,c01,19,days_475_525,OVL-C1901
overlap,186,c01,19,days_475_525,OVL-C1901
overlap,190,c01,19,days_475_525,OVL-C1901
overlap,191,c01,19,days_475_525,OVL-C1901
overlap,193,c01,19,days_475_525,OVL-C1901
overlap,196,c01,19,days_475_525,OVL-C1901
overlap,197,c01,19,days_475_525,OVL-C1901
overlap,203,c01,19,days_475_525,OVL-C1901
overlap,205,c01,19,days_475_525,OVL-C1901
overlap,213,c01,19,days_475_525,OVL-C1901
overlap,214,c01,19,days_475_525,OVL-C1901
overlap,220,c01,19,days_475_525,OVL-C1901
overlap,230,c01,19,days_475_525,OVL-C1901
overlap,235,c01,19,days_475_525,OVL-C1901
overlap,239,c01,19,days_475_525,OVL-C1901
overlap,242,c01,19,days_475_525,OVL-C1901
overlap,253,c01,19,days_475_525,OVL-C1901
overlap,257,c01,19,days_475_525,OVL-C1901
overlap,273,c01,19,days_475_525,OVL-C1901
overlap,274,c01,19,days_475_525,OVL-C1901
overlap,283,c01,19,days_475_525,OVL-C1901
overlap,290,c01,19,days_475_525,OVL-C1901
overlap,292,c01,19,days_475_525,OVL-C1901
overlap,312,c01,19,days_475_525,OVL-C1901
overlap,334,c01,19,days_475_525,OVL-C1901
overlap,340,c01,19,days_475_525,OVL-C1901
overlap,367,c01,19,days_475_525,OVL-C1901
overlap,438,c01,19,days_475_525,OVL-C1901
overlap,471,c01,19,days_475_525,OVL-C1901
overlap,476,c01,19,days_475_525,OVL-C1901
overlap,486,c01,19,days_475_525,OVL-C1901
overlap,515,c01,19,days_475_525,OVL-C1901
overlap,544,c01,19,days_475_525,OVL-C1901
overlap,557,c01,19,days_475_525,OVL-C1901
overlap,566,c01,19,days_475_525,OVL-C1901
overlap,580,c01,19,days_475_525,OVL-C1901
overlap,600,c01,19,days_475_525,OVL-C1901
overlap,609,c01,19,days_475_525,OVL-C1901
overlap,617,c01,19,days_475_525,OVL-C1901
overlap,627,c01,19,days_475_525,OVL-C1901
overlap,633,c01,19,days_475_525,OVL-C1901
overlap,640,c01,19,days_475_525,OVL-C1901
overlap,656,c01,19,days_475_525,OVL-C1901
overlap,660,c01,19,days_475_525,OVL-C1901
overlap,661,c01,19,days_475_525,OVL-C1901
overlap,669,c01,19,days_475_525,OVL-C1901
overlap,675,c01,19,days_475_525,OVL-C1901
overlap,681,c01,19,days_475_525,OVL-C1901
overlap,687,c01,19,days_475_525,OVL-C1901
overlap,701,c01,19,days_475_525,OVL-C1901
overlap,706,c01,19,days_475_525,OVL-C1901
overlap,728,c01,19,days_475_525,OVL-C1901
overlap,739,c01,19,days_475_525,OVL-C1901
overlap,741,c01,19,days_475_525,OVL-C1901
overlap,752,c01,19,days_475_525,OVL-C1901
overlap,768,c01,19,days_475_525,OVL-C1901
overlap,772,c01,19,days_475_525,OVL-C1901
overlap,776,c01,19,days_475_525,OVL-C1901
overlap,787,c01,19,days_475_525,OVL-C1901
overlap,791,c01,19,days_475_525,OVL-C1901
overlap,792,c01,19,days_475_525,OVL-C1901
overlap,807,c01,19,days_475_525,OVL-C1901
overlap,818,c01,19,days_475_525,OVL-C1901
overlap,852,c01,19,days_475_525,OVL-C1901
overlap,865,c01,19,days_475_525,OVL-C1901
overlap,875,c01,19,days_475_525,OVL-C1901
overlap,880,c01,19,days_475_525,OVL-C1901
overlap,890,c01,19,days_475_525,OVL-C1901
overlap,920,c01,19,days_475_525,OVL-C1901
overlap,923,c01,19,days_475_525,OVL-C1901
overlap,927,c01,19,days_475_525,OVL-C1901
overlap,940,c01,19,days_475_525,OVL-C1901
overlap,941,c01,19,days_475_525,OVL-C1901
overlap,951,c01,19,days_475_525,OVL-C1901
overlap,962,c01,19,days_475_525,OVL-C1901
overlap,970,c01,19,days_475_525,OVL-C1901
overlap,983,c01,19,days_475_525,OVL-C1901
overlap,997,c01,19,days_475_525,OVL-C1901
overlap,26,c02,19,days_475_525,OVL-C1902
overlap,40,c02,19,days_475_525,OVL-C1902
overlap,54,c02,19,days_475_525,OVL-C1902
overlap,60,c02,19,days_475_525,OVL-C1902
overlap,72,c02,19,days_475_525,OVL-C1902
overlap,82,c02,19,days_475_525,OVL-C1902
overlap,83,c02,19,days_475_525,OVL-C1902
overlap,86,c02,19,days_475_525,OVL-C1902
overlap,105,c02,19,days_475_525,OVL-C1902
overlap,135,c02,19,days_475_525,OVL-C1902
overlap,137,c02,19,days_475_525,OVL-C1902
overlap,152,c02,19,days_475_525,OVL-C1902
overlap,155,c02,19,days_475_525,OVL-C1902
overlap,161,c02,19,days_475_525,OVL-C1902
overlap,170,c02,19,days_475_525,OVL-C1902
overlap,187,c02,19,days_475_525,OVL-C1902
overlap,198,c02,19,days_475_525,OVL-C1902
overlap,229,c02,19,days_475_525,OVL-C1902
overlap,233,c02,19,days_475_525,OVL-C1902
overlap,254,c02,19,days_475_525,OVL-C1902
overlap,272,c02,19,days_475_525,OVL-C1902
overlap,293,c02,19,days_475_525,OVL-C1902
overlap,300,c02,19,days_475_525,OVL-C1902
overlap,306,c02,19,days_475_525,OVL-C1902
overlap,307,c02,19,days_475_525,OVL-C1902
overlap,326,c02,19,days_475_525,OVL-C1902
overlap,374,c02,19,days_475_525,OVL-C1902
overlap,379,c02,19,days_475_525,OVL-C1902
overlap,390,c02,19,days_475_525,OVL-C1902
overlap,394,c02,19,days_475_525,OVL-C1902
overlap,398,c02,19,days_475_525,OVL-C1902
overlap,400,c02,19,days_475_525,OVL-C1902
overlap,405,c02,19,days_475_525,OVL-C1902
overlap,443,c02,19,days_475_525,OVL-C1902
overlap,450,c02,19,days_475_525,OVL-C1902
overlap,466,c02,19,days_475_525,OVL-C1902
overlap,488,c02,19,days_475_525,OVL-C1902
overlap,523,c02,19,days_475_525,OVL-C1902
overlap,527,c02,19,days_475_525,OVL-C1902
overlap,533,c02,19,days_475_525,OVL-C1902
overlap,568,c02,19,days_475_525,OVL-C1902
overlap,571,c02,19,days_475_525,OVL-C1902
overlap,572,c02,19,days_475_525,OVL-C1902
overlap,581,c02,19,days_475_525,OVL-C1902
overlap,587,c02,19,days_475_525,OVL-C1902
overlap,606,c02,19,days_475_525,OVL-C1902
overlap,612,c02,19,days_475_525,OVL-C1902
overlap,626,c02,19,days_475_525,OVL-C1902
overlap,628,c02,19,days_475_525,OVL-C1902
overlap,637,c02,19,days_475_525,OVL-C1902
overlap,659,c02,19,days_475_525,OVL-C1902
overlap,662,c02,19,days_475_525,OVL-C1902
overlap,665,c02,19,days_475_525,OVL-C1902
overlap,668,c02,19,days_475_525,OVL-C1902
overlap,673,c02,19,days_475_525,OVL-C1902
overlap,692,c02,19,days_475_525,OVL-C1902
overlap,695,c02,19,days_475_525,OVL-C1902
overlap,697,c02,19,days_475_525,OVL-C1902
overlap,703,c02,19,days_475_525,OVL-C1902
overlap,712,c02,19,days_475_525,OVL-C1902
overlap,720,c02,19,days_475_525,OVL-C1902
overlap,742,c02,19,days_475_525,OVL-C1902
overlap,746,c02,19,days_475_525,OVL-C1902
overlap,749,c02,19,days_475_525,OVL-C1902
overlap,769,c02,19,days_475_525,OVL-C1902
overlap,771,c02,19,days_475_525,OVL-C1902
overlap,774,c02,19,days_475_525,OVL-C1902
overlap,775,c02,19,days_475_525,OVL-C1902
overlap,784,c02,19,days_475_525,OVL-C1902
overlap,802,c02,19,days_475_525,OVL-C1902
overlap,813,c02,19,days_475_525,OVL-C1902
overlap,827,c02,19,days_475_525,OVL-C1902
overlap,834,c02,19,days_475_525,OVL-C1902
overlap,835,c02,19,days_475_525,OVL-C1902
overlap,855,c02,19,days_475_525,OVL-C1902
overlap,863,c02,19,days_475_525,OVL-C1902
overlap,864,c02,19,days_475_525,OVL-C1902
overlap,870,c02,19,days_475_525,OVL-C1902
overlap,900,c02,19,days_475_525,OVL-C1902
overlap,901,c02,19,days_475_525,OVL-C1902
overlap,914,c02,19,days_475_525,OVL-C1902
overlap,935,c02,19,days_475_525,OVL-C1902
overlap,937,c02,19,days_475_525,OVL-C1902
overlap,942,c02,19,days_475_525,OVL-C1902
overlap,947,c02,19,days_475_525,OVL-C1902
overlap,965,c02,19,days_475_525,OVL-C1902
overlap,981,c02,19,days_475_525,OVL-C1902
overlap,993,c02,19,days_475_525,OVL-C1902
overlap,7,c03,19,days_475_525,OVL-C1903
overlap,22,c03,19,days_475_525,OVL-C1903
overlap,38,c03,19,days_475_525,OVL-C1903
overlap,42,c03,19,days_475_525,OVL-C1903
overlap,46,c03,19,days_475_525,OVL-C1903
overlap,50,c03,19,days_475_525,OVL-C1903
overlap,64,c03,19,days_475_525,OVL-C1903
overlap,69,c03,19,days_475_525,OVL-C1903
overlap,70,c03,19,days_475_525,OVL-C1903
overlap,84,c03,19,days_475_525,OVL-C1903
overlap,88,c03,19,days_475_525,OVL-C1903
overlap,96,c03,19,days_475_525,OVL-C1903
overlap,102,c03,19,days_475_525,OVL-C1903
overlap,103,c03,19,days_475_525,OVL-C1903
overlap,106,c03,19,days_475_525,OVL-C1903
overlap,125,c03,19,days_475_525,OVL-C1903
overlap,132,c03,19,days_475_525,OVL-C1903
overlap,139,c03,19,days_475_525,OVL-C1903
overlap,153,c03,19,days_475_525,OVL-C1903
overlap,154,c03,19,days_475_525,OVL-C1903
overlap,164,c03,19,days_475_525,OVL-C1903
overlap,206,c03,19,days_475_525,OVL-C1903
overlap,247,c03,19,days_475_525,OVL-C1903
overlap,299,c03,19,days_475_525,OVL-C1903
overlap,308,c03,19,days_475_525,OVL-C1903
overlap,309,c03,19,days_475_525,OVL-C1903
overlap,310,c03,19,days_475_525,OVL-C1903
overlap,322,c03,19,days_475_525,OVL-C1903
overlap,323,c03,19,days_475_525,OVL-C1903
overlap,324,c03,19,days_475_525,OVL-C1903
overlap,337,c03,19,days_475_525,OVL-C1903
overlap,343,c03,19,days_475_525,OVL-C1903
overlap,346,c03,19,days_475_525,OVL-C1903
overlap,368,c03,19,days_475_525,OVL-C1903
overlap,376,c03,19,days_475_525,OVL-C1903
overlap,378,c03,19,days_475_525,OVL-C1903
overlap,388,c03,19,days_475_525,OVL-C1903
overlap,395,c03,19,days_475_525,OVL-C1903
overlap,399,c03,19,days_475_525,OVL-C1903
overlap,402,c03,19,days_475_525,OVL-C1903
overlap,411,c03,19,days_475_525,OVL-C1903
overlap,418,c03,19,days_475_525,OVL-C1903
overlap,420,c03,19,days_475_525,OVL-C1903
overlap,460,c03,19,days_475_525,OVL-C1903
overlap,474,c03,19,days_475_525,OVL-C1903
overlap,477,c03,19,days_475_525,OVL-C1903
overlap,487,c03,19,days_475_525,OVL-C1903
overlap,489,c03,19,days_475_525,OVL-C1903
overlap,505,c03,19,days_475_525,OVL-C1903
overlap,509,c03,19,days_475_525,OVL-C1903
overlap,510,c03,19,days_475_525,OVL-C1903
overlap,514,c03,19,days_475_525,OVL-C1903
overlap,528,c03,19,days_475_525,OVL-C1903
overlap,534,c03,19,days_475_525,OVL-C1903
overlap,559,c03,19,days_475_525,OVL-C1903
overlap,562,c03,19,days_475_525,OVL-C1903
overlap,588,c03,19,days_475_525,OVL-C1903
overlap,591,c03,19,days_475_525,OVL-C1903
overlap,603,c03,19,days_475_525,OVL-C1903
overlap,622,c03,19,days_475_525,OVL-C1903
overlap,634,c03,19,days_475_525,OVL-C1903
overlap,638,c03,19,days_475_525,OVL-C1903
overlap,649,c03,19,days_475_525,OVL-C1903
overlap,663,c03,19,days_475_525,OVL-C1903
overlap,676,c03,19,days_475_525,OVL-C1903
overlap,735,c03,19,days_475_525,OVL-C1903
overlap,740,c03,19,days_475_525,OVL-C1903
overlap,780,c03,19,days_475_525,OVL-C1903
overlap,788,c03,19,days_475_525,OVL-C1903
overlap,822,c03,19,days_475_525,OVL-C1903
overlap,832,c03,19,days_475_525,OVL-C1903
overlap,853,c03,19,days_475_525,OVL-C1903
overlap,879,c03,19,days_475_525,OVL-C1903
overlap,893,c03,19,days_475_525,OVL-C1903
overlap,906,c03,19,days_475_525,OVL-C1903
overlap,922,c03,19,days_475_525,OVL-C1903
overlap,939,c03,19,days_475_525,OVL-C1903
overlap,943,c03,19,days_475_525,OVL-C1903
overlap,950,c03,19,days_475_525,OVL-C1903
overlap,969,c03,19,days_475_525,OVL-C1903
overlap,977,c03,19,days_475_525,OVL-C1903
overlap,996,c03,19,days_475_525,OVL-C1903
overlap,5,c04,19,days_475_525,OVL-C1904
overlap,10,c04,19,days_475_525,OVL-C1904
overlap,11,c04,19,days_475_525,OVL-C1904
overlap,13,c04,19,days_475_525,OVL-C1904
overlap,14,c04,19,days_475_525,OVL-C1904
overlap,29,c04,19,days_475_525,OVL-C1904
overlap,93,c04,19,days_475_525,OVL-C1904
overlap,107,c04,19,days_475_525,OVL-C1904
overlap,118,c04,19,days_475_525,OVL-C1904
overlap,131,c04,19,days_475_525,OVL-C1904
overlap,173,c04,19,days_475_525,OVL-C1904
overlap,192,c04,19,days_475_525,OVL-C1904
overlap,199,c04,19,days_475_525,OVL-C1904
overlap,201,c04,19,days_475_525,OVL-C1904
overlap,208,c04,19,days_475_525,OVL-C1904
overlap,226,c04,19,days_475_525,OVL-C1904
overlap,236,c04,19,days_475_525,OVL-C1904
overlap,262,c04,19,days_475_525,OVL-C1904
overlap,270,c04,19,days_475_525,OVL-C1904
overlap,289,c04,19,days_475_525,OVL-C1904
overlap,320,c04,19,days_475_525,OVL-C1904
overlap,327,c04,19,days_475_525,OVL-C1904
overlap,335,c04,19,days_475_525,OVL-C1904
overlap,380,c04,19,days_475_525,OVL-C1904
overlap,381,c04,19,days_475_525,OVL-C1904
overlap,382,c04,19,days_475_525,OVL-C1904
overlap,396,c04,19,days_475_525,OVL-C1904
overlap,437,c04,19,days_475_525,OVL-C1904
overlap,440,c04,19,days_475_525,OVL-C1904
overlap,448,c04,19,days_475_525,OVL-C1904
overlap,461,c04,19,days_475_525,OVL-C1904
overlap,464,c04,19,days_475_525,OVL-C1904
overlap,468,c04,19,days_475_525,OVL-C1904
overlap,491,c04,19,days_475_525,OVL-C1904
overlap,506,c04,19,days_475_525,OVL-C1904
overlap,516,c04,19,days_475_525,OVL-C1904
overlap,532,c04,19,days_475_525,OVL-C1904
overlap,537,c04,19,days_475_525,OVL-C1904
overlap,541,c04,19,days_475_525,OVL-C1904
overlap,553,c04,19,days_475_525,OVL-C1904
overlap,576,c04,19,days_475_525,OVL-C1904
overlap,597,c04,19,days_475_525,OVL-C1904
overlap,611,c04,19,days_475_525,OVL-C1904
overlap,619,c04,19,days_475_525,OVL-C1904
overlap,639,c04,19,days_475_525,OVL-C1904
overlap,643,c04,19,days_475_525,OVL-C1904
overlap,644,c04,19,days_475_525,OVL-C1904
overlap,650,c04,19,days_475_525,OVL-C1904
overlap,652,c04,19,days_475_525,OVL-C1904
overlap,657,c04,19,days_475_525,OVL-C1904
overlap,664,c04,19,days_475_525,OVL-C1904
overlap,670,c04,19,days_475_525,OVL-C1904
overlap,682,c04,19,days_475_525,OVL-C1904
overlap,685,c04,19,days_475_525,OVL-C1904
overlap,688,c04,19,days_475_525,OVL-C1904
overlap,690,c04,19,days_475_525,OVL-C1904
overlap,702,c04,19,days_475_525,OVL-C1904
overlap,719,c04,19,days_475_525,OVL-C1904
overlap,738,c04,19,days_475_525,OVL-C1904
overlap,745,c04,19,days_475_525,OVL-C1904
overlap,761,c04,19,days_475_525,OVL-C1904
overlap,778,c04,19,days_475_525,OVL-C1904
overlap,783,c04,19,days_475_525,OVL-C1904
overlap,804,c04,19,days_475_525,OVL-C1904
overlap,808,c04,19,days_475_525,OVL-C1904
overlap,810,c04,19,days_475_525,OVL-C1904
overlap,828,c04,19,days_475_525,OVL-C1904
overlap,837,c04,19,days_475_525,OVL-C1904
overlap,850,c04,19,days_475_525,OVL-C1904
overlap,881,c04,19,days_475_525,OVL-C1904
overlap,898,c04,19,days_475_525,OVL-C1904
overlap,899,c04,19,days_475_525,OVL-C1904
overlap,921,c04,19,days_475_525,OVL-C1904
overlap,924,c04,19,days_475_525,OVL-C1904
overlap,945,c04,19,days_475_525,OVL-C1904
overlap,979,c04,19,days_475_525,OVL-C1904
overlap,980,c04,19,days_475_525,OVL-C1904
overlap,985,c04,19,days_475_525,OVL-C1904
overlap,1001,c04,19,days_475_525,OVL-C1904
overlap,2,c05,19,days_475_525,OVL-C1905
overlap,30,c05,19,days_475_525,OVL-C1905
overlap,43,c05,19,days_475_525,OVL-C1905
overlap,52,c05,19,days_475_525,OVL-C1905
overlap,57,c05,19,days_475_525,OVL-C1905
overlap,77,c05,19,days_475_525,OVL-C1905
overlap,90,c05,19,days_475_525,OVL-C1905
overlap,104,c05,19,days_475_525,OVL-C1905
overlap,109,c05,19,days_475_525,OVL-C1905
overlap,119,c05,19,days_475_525,OVL-C1905
overlap,133,c05,19,days_475_525,OVL-C1905
overlap,168,c05,19,days_475_525,OVL-C1905
overlap,177,c05,19,days_475_525,OVL-C1905
overlap,182,c05,19,days_475_525,OVL-C1905
overlap,218,c05,19,days_475_525,OVL-C1905
overlap,232,c05,19,days_475_525,OVL-C1905
overlap,244,c05,19,days_475_525,OVL-C1905
overlap,250,c05,19,days_475_525,OVL-C1905
overlap,256,c05,19,days_475_525,OVL-C1905
overlap,260,c05,19,days_475_525,OVL-C1905
overlap,266,c05,19,days_475_525,OVL-C1905
overlap,305,c05,19,days_475_525,OVL-C1905
overlap,313,c05,19,days_475_525,OVL-C1905
overlap,356,c05,19,days_475_525,OVL-C1905
overlap,384,c05,19,days_475_525,OVL-C1905
overlap,416,c05,19,days_475_525,OVL-C1905
overlap,425,c05,19,days_475_525,OVL-C1905
overlap,439,c05,19,days_475_525,OVL-C1905
overlap,465,c05,19,days_475_525,OVL-C1905
overlap,472,c05,19,days_475_525,OVL-C1905
overlap,521,c05,19,days_475_525,OVL-C1905
overlap,545,c05,19,days_475_525,OVL-C1905
overlap,554,c05,19,days_475_525,OVL-C1905
overlap,556,c05,19,days_475_525,OVL-C1905
overlap,574,c05,19,days_475_525,OVL-C1905
overlap,575,c05,19,days_475_525,OVL-C1905
overlap,598,c05,19,days_475_525,OVL-C1905
overlap,602,c05,19,days_475_525,OVL-C1905
overlap,625,c05,19,days_475_525,OVL-C1905
overlap,648,c05,19,days_475_525,OVL-C1905
overlap,651,c05,19,days_475_525,OVL-C1905
overlap,689,c05,19,days_475_525,OVL-C1905
overlap,699,c05,19,days_475_525,OVL-C1905
overlap,700,c05,19,days_475_525,OVL-C1905
overlap,721,c05,19,days_475_525,OVL-C1905
overlap,730,c05,19,days_475_525,OVL-C1905
overlap,743,c05,19,days_475_525,OVL-C1905
overlap,744,c05,19,days_475_525,OVL-C1905
overlap,763,c05,19,days_475_525,OVL-C1905
overlap,765,c05,19,days_475_525,OVL-C1905
overlap,790,c05,19,days_475_525,OVL-C1905
overlap,812,c05,19,days_475_525,OVL-C1905
overlap,841,c05,19,days_475_525,OVL-C1905
overlap,845,c05,19,days_475_525,OVL-C1905
overlap,868,c05,19,days_475_525,OVL-C1905
overlap,876,c05,19,days_475_525,OVL-C1905
overlap,886,c05,19,days_475_525,OVL-C1905
overlap,889,c05,19,days_475_525,OVL-C1905
overlap,908,c05,19,days_475_525,OVL-C1905
overlap,912,c05,19,days_475_525,OVL-C1905
overlap,944,c05,19,days_475_525,OVL-C1905
overlap,946,c05,19,days_475_525,OVL-C1905
overlap,948,c05,19,days_475_525,OVL-C1905
overlap,949,c05,19,days_475_525,OVL-C1905
overlap,966,c05,19,days_475_525,OVL-C1905
overlap,16,c06,19,days_475_525,OVL-C1906
overlap,19,c06,19,days_475_525,OVL-C1906
overlap,55,c06,19,days_475_525,OVL-C1906
overlap,61,c06,19,days_475_525,OVL-C1906
overlap,71,c06,19,days_475_525,OVL-C1906
overlap,89,c06,19,days_475_525,OVL-C1906
overlap,101,c06,19,days_475_525,OVL-C1906
overlap,114,c06,19,days_475_525,OVL-C1906
overlap,122,c06,19,days_475_525,OVL-C1906
overlap,127,c06,19,days_475_525,OVL-C1906
overlap,149,c06,19,days_475_525,OVL-C1906
overlap,169,c06,19,days_475_525,OVL-C1906
overlap,184,c06,19,days_475_525,OVL-C1906
overlap,189,c06,19,days_475_525,OVL-C1906
overlap,195,c06,19,days_475_525,OVL-C1906
overlap,223,c06,19,days_475_525,OVL-C1906
overlap,225,c06,19,days_475_525,OVL-C1906
overlap,237,c06,19,days_475_525,OVL-C1906
overlap,243,c06,19,days_475_525,OVL-C1906
overlap,246,c06,19,days_475_525,OVL-C1906
overlap,281,c06,19,days_475_525,OVL-C1906
overlap,315,c06,19,days_475_525,OVL-C1906
overlap,365,c06,19,days_475_525,OVL-C1906
overlap,372,c06,19,days_475_525,OVL-C1906
overlap,377,c06,19,days_475_525,OVL-C1906
overlap,393,c06,19,days_475_525,OVL-C1906
overlap,404,c06,19,days_475_525,OVL-C1906
overlap,407,c06,19,days_475_525,OVL-C1906
overlap,410,c06,19,days_475_525,OVL-C1906
overlap,423,c06,19,days_475_525,OVL-C1906
overlap,457,c06,19,days_475_525,OVL-C1906
overlap,479,c06,19,days_475_525,OVL-C1906
overlap,490,c06,19,days_475_525,OVL-C1906
overlap,522,c06,19,days_475_525,OVL-C1906
overlap,593,c06,19,days_475_525,OVL-C1906
overlap,595,c06,19,days_475_525,OVL-C1906
overlap,621,c06,19,days_475_525,OVL-C1906
overlap,654,c06,19,days_475_525,OVL-C1906
overlap,708,c06,19,days_475_525,OVL-C1906
overlap,711,c06,19,days_475_525,OVL-C1906
overlap,716,c06,19,days_475_525,OVL-C1906
overlap,718,c06,19,days_475_525,OVL-C1906
overlap,724,c06,19,days_475_525,OVL-C1906
overlap,732,c06,19,days_475_525,OVL-C1906
overlap,754,c06,19,days_475_525,OVL-C1906
overlap,777,c06,19,days_475_525,OVL-C1906
overlap,779,c06,19,days_475_525,OVL-C1906
overlap,781,c06,19,days_475_525,OVL-C1906
overlap,815,c06,19,days_475_525,OVL-C1906
overlap,843,c06,19,days_475_525,OVL-C1906
overlap,858,c06,19,days_475_525,OVL-C1906
overlap,861,c06,19,days_475_525,OVL-C1906
overlap,866,c06,19,days_475_525,OVL-C1906
overlap,883,c06,19,days_475_525,OVL-C1906
overlap,896,c06,19,days_475_525,OVL-C1906
overlap,904,c06,19,days_475_525,OVL-C1906
overlap,905,c06,19,days_475_525,OVL-C1906
overlap,907,c06,19,days_475_525,OVL-C1906
overlap,934,c06,19,days_475_525,OVL-C1906
overlap,991,c06,19,days_475_525,OVL-C1906
overlap,1004,c06,19,days_475_525,OVL-C1906
overlap,21,c07,19,days_475_525,OVL-C1907
overlap,24,c07,19,days_475_525,OVL-C1907
overlap,67,c07,19,days_475_525,OVL-C1907
overlap,112,c07,19,days_475_525,OVL-C1907
overlap,158,c07,19,days_475_525,OVL-C1907
overlap,160,c07,19,days_475_525,OVL-C1907
overlap,248,c07,19,days_475_525,OVL-C1907
overlap,267,c07,19,days_475_525,OVL-C1907
overlap,280,c07,19,days_475_525,OVL-C1907
overlap,288,c07,19,days_475_525,OVL-C1907
overlap,344,c07,19,days_475_525,OVL-C1907
overlap,353,c07,19,days_475_525,OVL-C1907
overlap,360,c07,19,days_475_525,OVL-C1907
overlap,373,c07,19,days_475_525,OVL-C1907
overlap,391,c07,19,days_475_525,OVL-C1907
overlap,392,c07,19,days_475_525,OVL-C1907
overlap,397,c07,19,days_475_525,OVL-C1907
overlap,414,c07,19,days_475_525,OVL-C1907
overlap,445,c07,19,days_475_525,OVL-C1907
overlap,459,c07,19,days_475_525,OVL-C1907
overlap,478,c07,19,days_475_525,OVL-C1907
overlap,484,c07,19,days_475_525,OVL-C1907
overlap,493,c07,19,days_475_525,OVL-C1907
overlap,497,c07,19,days_475_525,OVL-C1907
overlap,507,c07,19,days_475_525,OVL-C1907
overlap,517,c07,19,days_475_525,OVL-C1907
overlap,526,c07,19,days_475_525,OVL-C1907
overlap,530,c07,19,days_475_525,OVL-C1907
overlap,546,c07,19,days_475_525,OVL-C1907
overlap,550,c07,19,days_475_525,OVL-C1907
overlap,561,c07,19,days_475_525,OVL-C1907
overlap,563,c07,19,days_475_525,OVL-C1907
overlap,607,c07,19,days_475_525,OVL-C1907
overlap,610,c07,19,days_475_525,OVL-C1907
overlap,629,c07,19,days_475_525,OVL-C1907
overlap,630,c07,19,days_475_525,OVL-C1907
overlap,631,c07,19,days_475_525,OVL-C1907
overlap,658,c07,19,days_475_525,OVL-C1907
overlap,671,c07,19,days_475_525,OVL-C1907
overlap,674,c07,19,days_475_525,OVL-C1907
overlap,678,c07,19,days_475_525,OVL-C1907
overlap,696,c07,19,days_475_525,OVL-C1907
overlap,750,c07,19,days_475_525,OVL-C1907
overlap,751,c07,19,days_475_525,OVL-C1907
overlap,773,c07,19,days_475_525,OVL-C1907
overlap,803,c07,19,days_475_525,OVL-C1907
overlap,816,c07,19,days_475_525,OVL-C1907
overlap,846,c07,19,days_475_525,OVL-C1907
overlap,891,c07,19,days_475_525,OVL-C1907
overlap,902,c07,19,days_475_525,OVL-C1907
overlap,963,c07,19,days_475_525,OVL-C1907
overlap,975,c07,19,days_475_525,OVL-C1907
overlap,995,c07,19,days_475_525,OVL-C1907
overlap,28,c08,19,days_475_525,OVL-C1908
overlap,33,c08,19,days_475_525,OVL-C1908
overlap,56,c08,19,days_475_525,OVL-C1908
overlap,68,c08,19,days_475_525,OVL-C1908
overlap,95,c08,19,days_475_525,OVL-C1908
overlap,175,c08,19,days_475_525,OVL-C1908
overlap,231,c08,19,days_475_525,OVL-C1908
overlap,245,c08,19,days_475_525,OVL-C1908
overlap,251,c08,19,days_475_525,OVL-C1908
overlap,264,c08,19,days_475_525,OVL-C1908
overlap,269,c08,19,days_475_525,OVL-C1908
overlap,275,c08,19,days_475_525,OVL-C1908
overlap,311,c08,19,days_475_525,OVL-C1908
overlap,329,c08,19,days_475_525,OVL-C1908
overlap,338,c08,19,days_475_525,OVL-C1908
overlap,361,c08,19,days_475_525,OVL-C1908
overlap,364,c08,19,days_475_525,OVL-C1908
overlap,427,c08,19,days_475_525,OVL-C1908
overlap,433,c08,19,days_475_525,OVL-C1908
overlap,462,c08,19,days_475_525,OVL-C1908
overlap,480,c08,19,days_475_525,OVL-C1908
overlap,482,c08,19,days_475_525,OVL-C1908
overlap,531,c08,19,days_475_525,OVL-C1908
overlap,540,c08,19,days_475_525,OVL-C1908
overlap,582,c08,19,days_475_525,OVL-C1908
overlap,624,c08,19,days_475_525,OVL-C1908
overlap,632,c08,19,days_475_525,OVL-C1908
overlap,641,c08,19,days_475_525,OVL-C1908
overlap,698,c08,19,days_475_525,OVL-C1908
overlap,736,c08,19,days_475_525,OVL-C1908
overlap,737,c08,19,days_475_525,OVL-C1908
overlap,764,c08,19,days_475_525,OVL-C1908
overlap,796,c08,19,days_475_525,OVL-C1908
overlap,798,c08,19,days_475_525,OVL-C1908
overlap,809,c08,19,days_475_525,OVL-C1908
overlap,819,c08,19,days_475_525,OVL-C1908
overlap,830,c08,19,days_475_525,OVL-C1908
overlap,840,c08,19,days_475_525,OVL-C1908
overlap,849,c08,19,days_475_525,OVL-C1908
overlap,872,c08,19,days_475_525,OVL-C1908
overlap,873,c08,19,days_475_525,OVL-C1908
overlap,874,c08,19,days_475_525,OVL-C1908
overlap,910,c08,19,days_475_525,OVL-C1908
overlap,925,c08,19,days_475_525,OVL-C1908
overlap,955,c08,19,days_475_525,OVL-C1908
overlap,987,c08,19,days_475_525,OVL-C1908
overlap,994,c08,19,days_475_525,OVL-C1908
overlap,3,c09,19,days_475_525,OVL-C1909
overlap,4,c09,19,days_475_525,OVL-C1909
overlap,35,c09,19,days_475_525,OVL-C1909
overlap,141,c09,19,days_475_525,OVL-C1909
overlap,167,c09,19,days_475_525,OVL-C1909
overlap,188,c09,19,days_475_525,OVL-C1909
overlap,207,c09,19,days_475_525,OVL-C1909
overlap,241,c09,19,days_475_525,OVL-C1909
overlap,301,c09,19,days_475_525,OVL-C1909
overlap,304,c09,19,days_475_525,OVL-C1909
overlap,317,c09,19,days_475_525,OVL-C1909
overlap,371,c09,19,days_475_525,OVL-C1909
overlap,387,c09,19,days_475_525,OVL-C1909
overlap,421,c09,19,days_475_525,OVL-C1909
overlap,424,c09,19,days_475_525,OVL-C1909
overlap,431,c09,19,days_475_525,OVL-C1909
overlap,441,c09,19,days_475_525,OVL-C1909
overlap,451,c09,19,days_475_525,OVL-C1909
overlap,456,c09,19,days_475_525,OVL-C1909
overlap,469,c09,19,days_475_525,OVL-C1909
overlap,512,c09,19,days_475_525,OVL-C1909
overlap,547,c09,19,days_475_525,OVL-C1909
overlap,552,c09,19,days_475_525,OVL-C1909
overlap,570,c09,19,days_475_525,OVL-C1909
overlap,585,c09,19,days_475_525,OVL-C1909
overlap,614,c09,19,days_475_525,OVL-C1909
overlap,645,c09,19,days_475_525,OVL-C1909
overlap,667,c09,19,days_475_525,OVL-C1909
overlap,795,c09,19,days_475_525,OVL-C1909
overlap,817,c09,19,days_475_525,OVL-C1909
overlap,848,c09,19,days_475_525,OVL-C1909
overlap,851,c09,19,days_475_525,OVL-C1909
overlap,860,c09,19,days_475_525,OVL-C1909
overlap,954,c09,19,days_475_525,OVL-C1909
overlap,957,c09,19,days_475_525,OVL-C1909
overlap,978,c09,19,days_475_525,OVL-C1909
overlap,988,c09,19,days_475_525,OVL-C1909
overlap,0,c10,19,days_475_525,OVL-C1910
overlap,6,c10,19,days_475_525,OVL-C1910
overlap,78,c10,19,days_475_525,OVL-C1910
overlap,99,c10,19,days_475_525,OVL-C1910
overlap,130,c10,19,days_475_525,OVL-C1910
overlap,178,c10,19,days_475_525,OVL-C1910
overlap,228,c10,19,days_475_525,OVL-C1910
overlap,249,c10,19,days_475_525,OVL-C1910
overlap,295,c10,19,days_475_525,OVL-C1910
overlap,314,c10,19,days_475_525,OVL-C1910
overlap,333,c10,19,days_475_525,OVL-C1910
overlap,339,c10,19,days_475_525,OVL-C1910
overlap,359,c10,19,days_475_525,OVL-C1910
overlap,403,c10,19,days_475_525,OVL-C1910
overlap,409,c10,19,days_475_525,OVL-C1910
overlap,432,c10,19,days_475_525,OVL-C1910
overlap,442,c10,19,days_475_525,OVL-C1910
overlap,470,c10,19,days_475_525,OVL-C1910
overlap,502,c10,19,days_475_525,OVL-C1910
overlap,519,c10,19,days_475_525,OVL-C1910
overlap,538,c10,19,days_475_525,OVL-C1910
overlap,569,c10,19,days_475_525,OVL-C1910
overlap,599,c10,19,days_475_525,OVL-C1910
overlap,605,c10,19,days_475_525,OVL-C1910
overlap,693,c10,19,days_475_525,OVL-C1910
overlap,705,c10,19,days_475_525,OVL-C1910
overlap,710,c10,19,days_475_525,OVL-C1910
overlap,767,c10,19,days_475_525,OVL-C1910
overlap,786,c10,19,days_475_525,OVL-C1910
overlap,789,c10,19,days_475_525,OVL-C1910
overlap,862,c10,19,days_475_525,OVL-C1910
overlap,878,c10,19,days_475_525,OVL-C1910
overlap,929,c10,19,days_475_525,OVL-C1910
overlap,976,c10,19,days_475_525,OVL-C1910
overlap,20,c11,19,days_475_525,OVL-C1911
overlap,45,c11,19,days_475_525,OVL-C1911
overlap,58,c11,19,days_475_525,OVL-C1911
overlap,66,c11,19,days_475_525,OVL-C1911
overlap,74,c11,19,days_475_525,OVL-C1911
overlap,111,c11,19,days_475_525,OVL-C1911
overlap,126,c11,19,days_475_525,OVL-C1911
overlap,138,c11,19,days_475_525,OVL-C1911
overlap,166,c11,19,days_475_525,OVL-C1911
overlap,240,c11,19,days_475_525,OVL-C1911
overlap,294,c11,19,days_475_525,OVL-C1911
overlap,332,c11,19,days_475_525,OVL-C1911
overlap,362,c11,19,days_475_525,OVL-C1911
overlap,383,c11,19,days_475_525,OVL-C1911
overlap,435,c11,19,days_475_525,OVL-C1911
overlap,447,c11,19,days_475_525,OVL-C1911
overlap,483,c11,19,days_475_525,OVL-C1911
overlap,500,c11,19,days_475_525,OVL-C1911
overlap,539,c11,19,days_475_525,OVL-C1911
overlap,573,c11,19,days_475_525,OVL-C1911
overlap,586,c11,19,days_475_525,OVL-C1911
overlap,589,c11,19,days_475_525,OVL-C1911
overlap,759,c11,19,days_475_525,OVL-C1911
overlap,762,c11,19,days_475_525,OVL-C1911
overlap,782,c11,19,days_475_525,OVL-C1911
overlap,814,c11,19,days_475_525,OVL-C1911
overlap,825,c11,19,days_475_525,OVL-C1911
overlap,867,c11,19,days_475_525,OVL-C1911
overlap,869,c11,19,days_475_525,OVL-C1911
overlap,885,c11,19,days_475_525,OVL-C1911
overlap,887,c11,19,days_475_525,OVL-C1911
overlap,909,c11,19,days_475_525,OVL-C1911
overlap,974,c11,19,days_475_525,OVL-C1911
overlap,984,c11,19,days_475_525,OVL-C1911
overlap,25,c12,19,days_475_525,OVL-C1912
overlap,41,c12,19,days_475_525,OVL-C1912
overlap,48,c12,19,days_475_525,OVL-C1912
overlap,73,c12,19,days_475_525,OVL-C1912
overlap,216,c12,19,days_475_525,OVL-C1912
overlap,318,c12,19,days_475_525,OVL-C1912
overlap,319,c12,19,days_475_525,OVL-C1912
overlap,321,c12,19,days_475_525,OVL-C1912
overlap,386,c12,19,days_475_525,OVL-C1912
overlap,434,c12,19,days_475_525,OVL-C1912
overlap,458,c12,19,days_475_525,OVL-C1912
overlap,481,c12,19,days_475_525,OVL-C1912
overlap,499,c12,19,days_475_525,OVL-C1912
overlap,503,c12,19,days_475_525,OVL-C1912
overlap,558,c12,19,days_475_525,OVL-C1912
overlap,565,c12,19,days_475_525,OVL-C1912
overlap,601,c12,19,days_475_525,OVL-C1912
overlap,618,c12,19,days_475_525,OVL-C1912
overlap,672,c12,19,days_475_525,OVL-C1912
overlap,679,c12,19,days_475_525,OVL-C1912
overlap,684,c12,19,days_475_525,OVL-C1912
overlap,704,c12,19,days_475_525,OVL-C1912
overlap,723,c12,19,days_475_525,OVL-C1912
overlap,758,c12,19,days_475_525,OVL-C1912
overlap,844,c12,19,days_475_525,OVL-C1912
overlap,918,c12,19,days_475_525,OVL-C1912
overlap,919,c12,19,days_475_525,OVL-C1912
overlap,956,c12,19,days_475_525,OVL-C1912
overlap,1000,c12,19,days_475_525,OVL-C1912
overlap,1002,c12,19,days_475_525,OVL-C1912
overlap,17,c13,19,days_475_525,OVL-C1913
overlap,92,c13,19,days_475_525,OVL-C1913
overlap,136,c13,19,days_475_525,OVL-C1913
overlap,142,c13,19,days_475_525,OVL-C1913
overlap,200,c13,19,days_475_525,OVL-C1913
overlap,224,c13,19,days_475_525,OVL-C1913
overlap,302,c13,19,days_475_525,OVL-C1913
overlap,316,c13,19,days_475_525,OVL-C1913
overlap,341,c13,19,days_475_525,OVL-C1913
overlap,349,c13,19,days_475_525,OVL-C1913
overlap,351,c13,19,days_475_525,OVL-C1913
overlap,408,c13,19,days_475_525,OVL-C1913
overlap,428,c13,19,days_475_525,OVL-C1913
overlap,511,c13,19,days_475_525,OVL-C1913
overlap,543,c13,19,days_475_525,OVL-C1913
overlap,647,c13,19,days_475_525,OVL-C1913
overlap,806,c13,19,days_475_525,OVL-C1913
overlap,838,c13,19,days_475_525,OVL-C1913
overlap,857,c13,19,days_475_525,OVL-C1913
overlap,888,c13,19,days_475_525,OVL-C1913
overlap,915,c13,19,days_475_525,OVL-C1913
overlap,917,c13,19,days_475_525,OVL-C1913
overlap,952,c13,19,days_475_525,OVL-C1913
overlap,953,c13,19,days_475_525,OVL-C1913
overlap,971,c13,19,days_475_525,OVL-C1913
overlap,990,c13,19,days_475_525,OVL-C1913
overlap,62,c14,19,days_475_525,OVL-C1914
overlap,113,c14,19,days_475_525,OVL-C1914
overlap,124,c14,19,days_475_525,OVL-C1914
overlap,163,c14,19,days_475_525,OVL-C1914
overlap,263,c14,19,days_475_525,OVL-C1914
overlap,369,c14,19,days_475_525,OVL-C1914
overlap,444,c14,19,days_475_525,OVL-C1914
overlap,485,c14,19,days_475_525,OVL-C1914
overlap,513,c14,19,days_475_525,OVL-C1914
overlap,518,c14,19,days_475_525,OVL-C1914
overlap,535,c14,19,days_475_525,OVL-C1914
overlap,542,c14,19,days_475_525,OVL-C1914
overlap,551,c14,19,days_475_525,OVL-C1914
overlap,646,c14,19,days_475_525,OVL-C1914
overlap,722,c14,19,days_475_525,OVL-C1914
overlap,799,c14,19,days_475_525,OVL-C1914
overlap,800,c14,19,days_475_525,OVL-C1914
overlap,823,c14,19,days_475_525,OVL-C1914
overlap,854,c14,19,days_475_525,OVL-C1914
overlap,895,c14,19,days_475_525,OVL-C1914
overlap,913,c14,19,days_475_525,OVL-C1914
overlap,936,c14,19,days_475_525,OVL-C1914
overlap,31,c15,19,days_475_525,OVL-C1915
overlap,98,c15,19,days_475_525,OVL-C1915
overlap,117,c15,19,days_475_525,OVL-C1915
overlap,134,c15,19,days_475_525,OVL-C1915
overlap,165,c15,19,days_475_525,OVL-C1915
overlap,185,c15,19,days_475_525,OVL-C1915
overlap,268,c15,19,days_475_525,OVL-C1915
overlap,278,c15,19,days_475_525,OVL-C1915
overlap,291,c15,19,days_475_525,OVL-C1915
overlap,401,c15,19,days_475_525,OVL-C1915
overlap,415,c15,19,days_475_525,OVL-C1915
overlap,429,c15,19,days_475_525,OVL-C1915
overlap,454,c15,19,days_475_525,OVL-C1915
overlap,592,c15,19,days_475_525,OVL-C1915
overlap,683,c15,19,days_475_525,OVL-C1915
overlap,707,c15,19,days_475_525,OVL-C1915
overlap,713,c15,19,days_475_525,OVL-C1915
overlap,811,c15,19,days_475_525,OVL-C1915
overlap,833,c15,19,days_475_525,OVL-C1915
overlap,836,c15,19,days_475_525,OVL-C1915
overlap,1003,c15,19,days_475_525,OVL-C1915
overlap,129,c16,19,days_475_525,OVL-C1916
overlap,147,c16,19,days_475_525,OVL-C1916
overlap,157,c16,19,days_475_525,OVL-C1916
overlap,171,c16,19,days_475_525,OVL-C1916
overlap,255,c16,19,days_475_525,OVL-C1916
overlap,277,c16,19,days_475_525,OVL-C1916
overlap,285,c16,19,days_475_525,OVL-C1916
overlap,336,c16,19,days_475_525,OVL-C1916
overlap,347,c16,19,days_475_525,OVL-C1916
overlap,355,c16,19,days_475_525,OVL-C1916
overlap,577,c16,19,days_475_525,OVL-C1916
overlap,590,c16,19,days_475_525,OVL-C1916
overlap,686,c16,19,days_475_525,OVL-C1916
overlap,715,c16,19,days_475_525,OVL-C1916
overlap,748,c16,19,days_475_525,OVL-C1916
overlap,926,c16,19,days_475_525,OVL-C1916
overlap,931,c16,19,days_475_525,OVL-C1916
overlap,933,c16,19,days_475_525,OVL-C1916
overlap,972,c16,19,days_475_525,OVL-C1916
overlap,15,c17,19,days_475_525,OVL-C1917
overlap,284,c17,19,days_475_525,OVL-C1917
overlap,422,c17,19,days_475_525,OVL-C1917
overlap,520,c17,19,days_475_525,OVL-C1917
overlap,584,c17,19,days_475_525,OVL-C1917
overlap,613,c17,19,days_475_525,OVL-C1917
overlap,680,c17,19,days_475_525,OVL-C1917
overlap,731,c17,19,days_475_525,OVL-C1917
overlap,797,c17,19,days_475_525,OVL-C1917
overlap,180,c18,19,days_475_525,OVL-C1918
overlap,727,c18,19,days_475_525,OVL-C1918
overlap,897,c18,19,days_475_525,OVL-C1918
overlap,958,c18,19,days_475_525,OVL-C1918
