approach,user_id,identity_group,snapshot_index,snapshot_label,observation_id
overlap,28,c05,0,days_0.00_20.63,OVL-C0008
overlap,34,c05,0,days_0.00_20.63,OVL-C0008
overlap,56,c05,0,days_0.00_20.63,OVL-C0008
overlap,68,c05,0,days_0.00_20.63,OVL-C0008
overlap,95,c05,0,days_0.00_20.63,OVL-C0008
overlap,143,c05,0,days_0.00_20.63,OVL-C0008
overlap,170,c05,0,days_0.00_20.63,OVL-C0008
overlap,205,c05,0,days_0.00_20.63,OVL-C0008
overlap,231,c05,0,days_0.00_20.63,OVL-C0008
overlap,245,c05,0,days_0.00_20.63,OVL-C0008
overlap,251,c05,0,days_0.00_20.63,OVL-C0008
overlap,311,c05,0,days_0.00_20.63,OVL-C0008
overlap,338,c05,0,days_0.00_20.63,OVL-C0008
overlap,350,c05,0,days_0.00_20.63,OVL-C0008
overlap,361,c05,0,days_0.00_20.63,OVL-C0008
overlap,364,c05,0,days_0.00_20.63,OVL-C0008
overlap,427,c05,0,days_0.00_20.63,OVL-C0008
overlap,432,c05,0,days_0.00_20.63,OVL-C0008
overlap,433,c05,0,days_0.00_20.63,OVL-C0008
overlap,446,c05,0,days_0.00_20.63,OVL-C0008
overlap,511,c05,0,days_0.00_20.63,OVL-C0008
overlap,531,c05,0,days_0.00_20.63,OVL-C0008
overlap,540,c05,0,days_0.00_20.63,OVL-C0008
overlap,544,c05,0,days_0.00_20.63,OVL-C0008
overlap,580,c05,0,days_0.00_20.63,OVL-C0008
overlap,588,c05,0,days_0.00_20.63,OVL-C0008
overlap,641,c05,0,days_0.00_20.63,OVL-C0008
overlap,697,c05,0,days_0.00_20.63,OVL-C0008
overlap,698,c05,0,days_0.00_20.63,OVL-C0008
overlap,764,c05,0,days_0.00_20.63,OVL-C0008
overlap,773,c05,0,days_0.00_20.63,OVL-C0008
overlap,796,c05,0,days_0.00_20.63,OVL-C0008
overlap,809,c05,0,days_0.00_20.63,OVL-C0008
overlap,836,c05,0,days_0.00_20.63,OVL-C0008
overlap,840,c05,0,days_0.00_20.63,OVL-C0008
overlap,855,c05,0,days_0.00_20.63,OVL-C0008
overlap,872,c05,0,days_0.00_20.63,OVL-C0008
overlap,873,c05,0,days_0.00_20.63,OVL-C0008
overlap,925,c05,0,days_0.00_20.63,OVL-C0008
overlap,955,c05,0,days_0.00_20.63,OVL-C0008
overlap,960,c05,0,days_0.00_20.63,OVL-C0008
overlap,987,c05,0,days_0.00_20.63,OVL-C0008
overlap,994,c05,0,days_0.00_20.63,OVL-C0008
overlap,997,c05,0,days_0.00_20.63,OVL-C0008
overlap,30,c09,0,days_0.00_20.63,OVL-C0009
overlap,45,c09,0,days_0.00_20.63,OVL-C0009
overlap,52,c09,0,days_0.00_20.63,OVL-C0009
overlap,66,c09,0,days_0.00_20.63,OVL-C0009
overlap,77,c09,0,days_0.00_20.63,OVL-C0009
overlap,126,c09,0,days_0.00_20.63,OVL-C0009
overlap,133,c09,0,days_0.00_20.63,OVL-C0009
overlap,166,c09,0,days_0.00_20.63,OVL-C0009
overlap,168,c09,0,days_0.00_20.63,OVL-C0009
overlap,196,c09,0,days_0.00_20.63,OVL-C0009
overlap,209,c09,0,days_0.00_20.63,OVL-C0009
overlap,232,c09,0,days_0.00_20.63,OVL-C0009
overlap,256,c09,0,days_0.00_20.63,OVL-C0009
overlap,260,c09,0,days_0.00_20.63,OVL-C0009
overlap,294,c09,0,days_0.00_20.63,OVL-C0009
overlap,305,c09,0,days_0.00_20.63,OVL-C0009
overlap,313,c09,0,days_0.00_20.63,OVL-C0009
overlap,356,c09,0,days_0.00_20.63,OVL-C0009
overlap,383,c09,0,days_0.00_20.63,OVL-C0009
overlap,416,c09,0,days_0.00_20.63,OVL-C0009
overlap,439,c09,0,days_0.00_20.63,OVL-C0009
overlap,472,c09,0,days_0.00_20.63,OVL-C0009
overlap,479,c09,0,days_0.00_20.63,OVL-C0009
overlap,528,c09,0,days_0.00_20.63,OVL-C0009
overlap,556,c09,0,days_0.00_20.63,OVL-C0009
overlap,557,c09,0,days_0.00_20.63,OVL-C0009
overlap,573,c09,0,days_0.00_20.63,OVL-C0009
overlap,574,c09,0,days_0.00_20.63,OVL-C0009
overlap,575,c09,0,days_0.00_20.63,OVL-C0009
overlap,586,c09,0,days_0.00_20.63,OVL-C0009
overlap,589,c09,0,days_0.00_20.63,OVL-C0009
overlap,602,c09,0,days_0.00_20.63,OVL-C0009
overlap,633,c09,0,days_0.00_20.63,OVL-C0009
overlap,648,c09,0,days_0.00_20.63,OVL-C0009
overlap,743,c09,0,days_0.00_20.63,OVL-C0009
overlap,762,c09,0,days_0.00_20.63,OVL-C0009
overlap,765,c09,0,days_0.00_20.63,OVL-C0009
overlap,859,c09,0,days_0.00_20.63,OVL-C0009
overlap,868,c09,0,days_0.00_20.63,OVL-C0009
overlap,885,c09,0,days_0.00_20.63,OVL-C0009
overlap,912,c09,0,days_0.00_20.63,OVL-C0009
overlap,984,c09,0,days_0.00_20.63,OVL-C0009
overlap,28,c05,1,days_10.31_30.94,OVL-C0109
overlap,34,c05,1,days_10.31_30.94,OVL-C0109
overlap,56,c05,1,days_10.31_30.94,OVL-C0109
overlap,68,c05,1,days_10.31_30.94,OVL-C0109
overlap,158,c05,1,days_10.31_30.94,OVL-C0109
overlap,205,c05,1,days_10.31_30.94,OVL-C0109
overlap,231,c05,1,days_10.31_30.94,OVL-C0109
overlap,245,c05,1,days_10.31_30.94,OVL-C0109
overlap,251,c05,1,days_10.31_30.94,OVL-C0109
overlap,269,c05,1,days_10.31_30.94,OVL-C0109
overlap,311,c05,1,days_10.31_30.94,OVL-C0109
overlap,338,c05,1,days_10.31_30.94,OVL-C0109
overlap,350,c05,1,days_10.31_30.94,OVL-C0109
overlap,361,c05,1,days_10.31_30.94,OVL-C0109
overlap,364,c05,1,days_10.31_30.94,OVL-C0109
overlap,427,c05,1,days_10.31_30.94,OVL-C0109
overlap,432,c05,1,days_10.31_30.94,OVL-C0109
overlap,511,c05,1,days_10.31_30.94,OVL-C0109
overlap,531,c05,1,days_10.31_30.94,OVL-C0109
overlap,540,c05,1,days_10.31_30.94,OVL-C0109
overlap,582,c05,1,days_10.31_30.94,OVL-C0109
overlap,588,c05,1,days_10.31_30.94,OVL-C0109
overlap,624,c05,1,days_10.31_30.94,OVL-C0109
overlap,641,c05,1,days_10.31_30.94,OVL-C0109
overlap,697,c05,1,days_10.31_30.94,OVL-C0109
overlap,698,c05,1,days_10.31_30.94,OVL-C0109
overlap,736,c05,1,days_10.31_30.94,OVL-C0109
overlap,764,c05,1,days_10.31_30.94,OVL-C0109
overlap,773,c05,1,days_10.31_30.94,OVL-C0109
overlap,840,c05,1,days_10.31_30.94,OVL-C0109
overlap,855,c05,1,days_10.31_30.94,OVL-C0109
overlap,873,c05,1,days_10.31_30.94,OVL-C0109
overlap,925,c05,1,days_10.31_30.94,OVL-C0109
overlap,955,c05,1,days_10.31_30.94,OVL-C0109
overlap,987,c05,1,days_10.31_30.94,OVL-C0109
overlap,994,c05,1,days_10.31_30.94,OVL-C0109
overlap,997,c05,1,days_10.31_30.94,OVL-C0109
overlap,2,c09,1,days_10.31_30.94,OVL-C0106
overlap,30,c09,1,days_10.31_30.94,OVL-C0106
overlap,45,c09,1,days_10.31_30.94,OVL-C0106
overlap,52,c09,1,days_10.31_30.94,OVL-C0106
overlap,66,c09,1,days_10.31_30.94,OVL-C0106
overlap,77,c09,1,days_10.31_30.94,OVL-C0106
overlap,104,c09,1,days_10.31_30.94,OVL-C0106
overlap,111,c09,1,days_10.31_30.94,OVL-C0106
overlap,119,c09,1,days_10.31_30.94,OVL-C0106
overlap,133,c09,1,days_10.31_30.94,OVL-C0106
overlap,149,c09,1,days_10.31_30.94,OVL-C0106
overlap,166,c09,1,days_10.31_30.94,OVL-C0106
overlap,168,c09,1,days_10.31_30.94,OVL-C0106
overlap,209,c09,1,days_10.31_30.94,OVL-C0106
overlap,232,c09,1,days_10.31_30.94,OVL-C0106
overlap,240,c09,1,days_10.31_30.94,OVL-C0106
overlap,256,c09,1,days_10.31_30.94,OVL-C0106
overlap,260,c09,1,days_10.31_30.94,OVL-C0106
overlap,294,c09,1,days_10.31_30.94,OVL-C0106
overlap,305,c09,1,days_10.31_30.94,OVL-C0106
overlap,313,c09,1,days_10.31_30.94,OVL-C0106
overlap,356,c09,1,days_10.31_30.94,OVL-C0106
overlap,389,c09,1,days_10.31_30.94,OVL-C0106
overlap,416,c09,1,days_10.31_30.94,OVL-C0106
overlap,439,c09,1,days_10.31_30.94,OVL-C0106
overlap,465,c09,1,days_10.31_30.94,OVL-C0106
overlap,472,c09,1,days_10.31_30.94,OVL-C0106
overlap,517,c09,1,days_10.31_30.94,OVL-C0106
overlap,556,c09,1,days_10.31_30.94,OVL-C0106
overlap,557,c09,1,days_10.31_30.94,OVL-C0106
overlap,564,c09,1,days_10.31_30.94,OVL-C0106
overlap,574,c09,1,days_10.31_30.94,OVL-C0106
overlap,575,c09,1,days_10.31_30.94,OVL-C0106
overlap,602,c09,1,days_10.31_30.94,OVL-C0106
overlap,648,c09,1,days_10.31_30.94,OVL-C0106
overlap,694,c09,1,days_10.31_30.94,OVL-C0106
overlap,700,c09,1,days_10.31_30.94,OVL-C0106
overlap,743,c09,1,days_10.31_30.94,OVL-C0106
overlap,765,c09,1,days_10.31_30.94,OVL-C0106
overlap,790,c09,1,days_10.31_30.94,OVL-C0106
overlap,812,c09,1,days_10.31_30.94,OVL-C0106
overlap,845,c09,1,days_10.31_30.94,OVL-C0106
overlap,859,c09,1,days_10.31_30.94,OVL-C0106
overlap,868,c09,1,days_10.31_30.94,OVL-C0106
overlap,885,c09,1,days_10.31_30.94,OVL-C0106
overlap,889,c09,1,days_10.31_30.94,OVL-C0106
overlap,912,c09,1,days_10.31_30.94,OVL-C0106
overlap,984,c09,1,days_10.31_30.94,OVL-C0106
overlap,28,c05,2,days_20.63_41.25,OVL-C0208
overlap,34,c05,2,days_20.63_41.25,OVL-C0208
overlap,56,c05,2,days_20.63_41.25,OVL-C0208
overlap,68,c05,2,days_20.63_41.25,OVL-C0208
overlap,197,c05,2,days_20.63_41.25,OVL-C0208
overlap,231,c05,2,days_20.63_41.25,OVL-C0208
overlap,245,c05,2,days_20.63_41.25,OVL-C0208
overlap,251,c05,2,days_20.63_41.25,OVL-C0208
overlap,264,c05,2,days_20.63_41.25,OVL-C0208
overlap,269,c05,2,days_20.63_41.25,OVL-C0208
overlap,311,c05,2,days_20.63_41.25,OVL-C0208
overlap,329,c05,2,days_20.63_41.25,OVL-C0208
overlap,338,c05,2,days_20.63_41.25,OVL-C0208
overlap,361,c05,2,days_20.63_41.25,OVL-C0208
overlap,364,c05,2,days_20.63_41.25,OVL-C0208
overlap,427,c05,2,days_20.63_41.25,OVL-C0208
overlap,432,c05,2,days_20.63_41.25,OVL-C0208
overlap,433,c05,2,days_20.63_41.25,OVL-C0208
overlap,511,c05,2,days_20.63_41.25,OVL-C0208
overlap,531,c05,2,days_20.63_41.25,OVL-C0208
overlap,540,c05,2,days_20.63_41.25,OVL-C0208
overlap,582,c05,2,days_20.63_41.25,OVL-C0208
overlap,588,c05,2,days_20.63_41.25,OVL-C0208
overlap,624,c05,2,days_20.63_41.25,OVL-C0208
overlap,641,c05,2,days_20.63_41.25,OVL-C0208
overlap,690,c05,2,days_20.63_41.25,OVL-C0208
overlap,697,c05,2,days_20.63_41.25,OVL-C0208
overlap,698,c05,2,days_20.63_41.25,OVL-C0208
overlap,764,c05,2,days_20.63_41.25,OVL-C0208
overlap,773,c05,2,days_20.63_41.25,OVL-C0208
overlap,809,c05,2,days_20.63_41.25,OVL-C0208
overlap,840,c05,2,days_20.63_41.25,OVL-C0208
overlap,855,c05,2,days_20.63_41.25,OVL-C0208
overlap,872,c05,2,days_20.63_41.25,OVL-C0208
overlap,873,c05,2,days_20.63_41.25,OVL-C0208
overlap,925,c05,2,days_20.63_41.25,OVL-C0208
overlap,955,c05,2,days_20.63_41.25,OVL-C0208
overlap,987,c05,2,days_20.63_41.25,OVL-C0208
overlap,994,c05,2,days_20.63_41.25,OVL-C0208
overlap,997,c05,2,days_20.63_41.25,OVL-C0208
overlap,2,c09,2,days_20.63_41.25,OVL-C0203
overlap,30,c09,2,days_20.63_41.25,OVL-C0203
overlap,45,c09,2,days_20.63_41.25,OVL-C0203
overlap,52,c09,2,days_20.63_41.25,OVL-C0203
overlap,66,c09,2,days_20.63_41.25,OVL-C0203
overlap,77,c09,2,days_20.63_41.25,OVL-C0203
overlap,104,c09,2,days_20.63_41.25,OVL-C0203
overlap,111,c09,2,days_20.63_41.25,OVL-C0203
overlap,112,c09,2,days_20.63_41.25,OVL-C0203
overlap,126,c09,2,days_20.63_41.25,OVL-C0203
overlap,133,c09,2,days_20.63_41.25,OVL-C0203
overlap,166,c09,2,days_20.63_41.25,OVL-C0203
overlap,168,c09,2,days_20.63_41.25,OVL-C0203
overlap,209,c09,2,days_20.63_41.25,OVL-C0203
overlap,227,c09,2,days_20.63_41.25,OVL-C0203
overlap,232,c09,2,days_20.63_41.25,OVL-C0203
overlap,240,c09,2,days_20.63_41.25,OVL-C0203
overlap,256,c09,2,days_20.63_41.25,OVL-C0203
overlap,260,c09,2,days_20.63_41.25,OVL-C0203
overlap,267,c09,2,days_20.63_41.25,OVL-C0203
overlap,294,c09,2,days_20.63_41.25,OVL-C0203
overlap,305,c09,2,days_20.63_41.25,OVL-C0203
overlap,313,c09,2,days_20.63_41.25,OVL-C0203
overlap,356,c09,2,days_20.63_41.25,OVL-C0203
overlap,389,c09,2,days_20.63_41.25,OVL-C0203
overlap,392,c09,2,days_20.63_41.25,OVL-C0203
overlap,416,c09,2,days_20.63_41.25,OVL-C0203
overlap,439,c09,2,days_20.63_41.25,OVL-C0203
overlap,441,c09,2,days_20.63_41.25,OVL-C0203
overlap,447,c09,2,days_20.63_41.25,OVL-C0203
overlap,459,c09,2,days_20.63_41.25,OVL-C0203
overlap,465,c09,2,days_20.63_41.25,OVL-C0203
overlap,472,c09,2,days_20.63_41.25,OVL-C0203
overlap,516,c09,2,days_20.63_41.25,OVL-C0203
overlap,517,c09,2,days_20.63_41.25,OVL-C0203
overlap,528,c09,2,days_20.63_41.25,OVL-C0203
overlap,549,c09,2,days_20.63_41.25,OVL-C0203
overlap,557,c09,2,days_20.63_41.25,OVL-C0203
overlap,564,c09,2,days_20.63_41.25,OVL-C0203
overlap,573,c09,2,days_20.63_41.25,OVL-C0203
overlap,575,c09,2,days_20.63_41.25,OVL-C0203
overlap,586,c09,2,days_20.63_41.25,OVL-C0203
overlap,602,c09,2,days_20.63_41.25,OVL-C0203
overlap,648,c09,2,days_20.63_41.25,OVL-C0203
overlap,674,c09,2,days_20.63_41.25,OVL-C0203
overlap,694,c09,2,days_20.63_41.25,OVL-C0203
overlap,700,c09,2,days_20.63_41.25,OVL-C0203
overlap,743,c09,2,days_20.63_41.25,OVL-C0203
overlap,759,c09,2,days_20.63_41.25,OVL-C0203
overlap,762,c09,2,days_20.63_41.25,OVL-C0203
overlap,765,c09,2,days_20.63_41.25,OVL-C0203
overlap,787,c09,2,days_20.63_41.25,OVL-C0203
overlap,790,c09,2,days_20.63_41.25,OVL-C0203
overlap,803,c09,2,days_20.63_41.25,OVL-C0203
overlap,812,c09,2,days_20.63_41.25,OVL-C0203
overlap,845,c09,2,days_20.63_41.25,OVL-C0203
overlap,859,c09,2,days_20.63_41.25,OVL-C0203
overlap,867,c09,2,days_20.63_41.25,OVL-C0203
overlap,868,c09,2,days_20.63_41.25,OVL-C0203
overlap,885,c09,2,days_20.63_41.25,OVL-C0203
overlap,889,c09,2,days_20.63_41.25,OVL-C0203
overlap,901,c09,2,days_20.63_41.25,OVL-C0203
overlap,912,c09,2,days_20.63_41.25,OVL-C0203
overlap,944,c09,2,days_20.63_41.25,OVL-C0203
overlap,984,c09,2,days_20.63_41.25,OVL-C0203
overlap,28,c05,3,days_30.94_51.57,OVL-C0309
overlap,34,c05,3,days_30.94_51.57,OVL-C0309
overlap,56,c05,3,days_30.94_51.57,OVL-C0309
overlap,68,c05,3,days_30.94_51.57,OVL-C0309
overlap,95,c05,3,days_30.94_51.57,OVL-C0309
overlap,231,c05,3,days_30.94_51.57,OVL-C0309
overlap,245,c05,3,days_30.94_51.57,OVL-C0309
overlap,251,c05,3,days_30.94_51.57,OVL-C0309
overlap,257,c05,3,days_30.94_51.57,OVL-C0309
overlap,311,c05,3,days_30.94_51.57,OVL-C0309
overlap,329,c05,3,days_30.94_51.57,OVL-C0309
overlap,338,c05,3,days_30.94_51.57,OVL-C0309
overlap,361,c05,3,days_30.94_51.57,OVL-C0309
overlap,364,c05,3,days_30.94_51.57,OVL-C0309
overlap,427,c05,3,days_30.94_51.57,OVL-C0309
overlap,432,c05,3,days_30.94_51.57,OVL-C0309
overlap,433,c05,3,days_30.94_51.57,OVL-C0309
overlap,511,c05,3,days_30.94_51.57,OVL-C0309
overlap,531,c05,3,days_30.94_51.57,OVL-C0309
overlap,540,c05,3,days_30.94_51.57,OVL-C0309
overlap,582,c05,3,days_30.94_51.57,OVL-C0309
overlap,588,c05,3,days_30.94_51.57,OVL-C0309
overlap,624,c05,3,days_30.94_51.57,OVL-C0309
overlap,641,c05,3,days_30.94_51.57,OVL-C0309
overlap,690,c05,3,days_30.94_51.57,OVL-C0309
overlap,697,c05,3,days_30.94_51.57,OVL-C0309
overlap,698,c05,3,days_30.94_51.57,OVL-C0309
overlap,734,c05,3,days_30.94_51.57,OVL-C0309
overlap,764,c05,3,days_30.94_51.57,OVL-C0309
overlap,773,c05,3,days_30.94_51.57,OVL-C0309
overlap,789,c05,3,days_30.94_51.57,OVL-C0309
overlap,809,c05,3,days_30.94_51.57,OVL-C0309
overlap,819,c05,3,days_30.94_51.57,OVL-C0309
overlap,840,c05,3,days_30.94_51.57,OVL-C0309
overlap,855,c05,3,days_30.94_51.57,OVL-C0309
overlap,872,c05,3,days_30.94_51.57,OVL-C0309
overlap,873,c05,3,days_30.94_51.57,OVL-C0309
overlap,925,c05,3,days_30.94_51.57,OVL-C0309
overlap,955,c05,3,days_30.94_51.57,OVL-C0309
overlap,987,c05,3,days_30.94_51.57,OVL-C0309
overlap,994,c05,3,days_30.94_51.57,OVL-C0309
overlap,997,c05,3,days_30.94_51.57,OVL-C0309
overlap,23,c09,3,days_30.94_51.57,OVL-C0306
overlap,30,c09,3,days_30.94_51.57,OVL-C0306
overlap,52,c09,3,days_30.94_51.57,OVL-C0306
overlap,77,c09,3,days_30.94_51.57,OVL-C0306
overlap,104,c09,3,days_30.94_51.57,OVL-C0306
overlap,111,c09,3,days_30.94_51.57,OVL-C0306
overlap,112,c09,3,days_30.94_51.57,OVL-C0306
overlap,126,c09,3,days_30.94_51.57,OVL-C0306
overlap,133,c09,3,days_30.94_51.57,OVL-C0306
overlap,166,c09,3,days_30.94_51.57,OVL-C0306
overlap,168,c09,3,days_30.94_51.57,OVL-C0306
overlap,232,c09,3,days_30.94_51.57,OVL-C0306
overlap,240,c09,3,days_30.94_51.57,OVL-C0306
overlap,256,c09,3,days_30.94_51.57,OVL-C0306
overlap,260,c09,3,days_30.94_51.57,OVL-C0306
overlap,267,c09,3,days_30.94_51.57,OVL-C0306
overlap,276,c09,3,days_30.94_51.57,OVL-C0306
overlap,294,c09,3,days_30.94_51.57,OVL-C0306
overlap,305,c09,3,days_30.94_51.57,OVL-C0306
overlap,313,c09,3,days_30.94_51.57,OVL-C0306
overlap,356,c09,3,days_30.94_51.57,OVL-C0306
overlap,392,c09,3,days_30.94_51.57,OVL-C0306
overlap,416,c09,3,days_30.94_51.57,OVL-C0306
overlap,439,c09,3,days_30.94_51.57,OVL-C0306
overlap,447,c09,3,days_30.94_51.57,OVL-C0306
overlap,459,c09,3,days_30.94_51.57,OVL-C0306
overlap,472,c09,3,days_30.94_51.57,OVL-C0306
overlap,517,c09,3,days_30.94_51.57,OVL-C0306
overlap,557,c09,3,days_30.94_51.57,OVL-C0306
overlap,564,c09,3,days_30.94_51.57,OVL-C0306
overlap,573,c09,3,days_30.94_51.57,OVL-C0306
overlap,575,c09,3,days_30.94_51.57,OVL-C0306
overlap,586,c09,3,days_30.94_51.57,OVL-C0306
overlap,602,c09,3,days_30.94_51.57,OVL-C0306
overlap,648,c09,3,days_30.94_51.57,OVL-C0306
overlap,674,c09,3,days_30.94_51.57,OVL-C0306
overlap,743,c09,3,days_30.94_51.57,OVL-C0306
overlap,759,c09,3,days_30.94_51.57,OVL-C0306
overlap,762,c09,3,days_30.94_51.57,OVL-C0306
overlap,765,c09,3,days_30.94_51.57,OVL-C0306
overlap,803,c09,3,days_30.94_51.57,OVL-C0306
overlap,859,c09,3,days_30.94_51.57,OVL-C0306
overlap,868,c09,3,days_30.94_51.57,OVL-C0306
overlap,885,c09,3,days_30.94_51.57,OVL-C0306
overlap,912,c09,3,days_30.94_51.57,OVL-C0306
overlap,944,c09,3,days_30.94_51.57,OVL-C0306
overlap,984,c09,3,days_30.94_51.57,OVL-C0306
overlap,28,c05,4,days_41.25_61.88,OVL-C0410
overlap,56,c05,4,days_41.25_61.88,OVL-C0410
overlap,68,c05,4,days_41.25_61.88,OVL-C0410
overlap,95,c05,4,days_41.25_61.88,OVL-C0410
overlap,231,c05,4,days_41.25_61.88,OVL-C0410
overlap,245,c05,4,days_41.25_61.88,OVL-C0410
overlap,251,c05,4,days_41.25_61.88,OVL-C0410
overlap,264,c05,4,days_41.25_61.88,OVL-C0410
overlap,311,c05,4,days_41.25_61.88,OVL-C0410
overlap,329,c05,4,days_41.25_61.88,OVL-C0410
overlap,338,c05,4,days_41.25_61.88,OVL-C0410
overlap,361,c05,4,days_41.25_61.88,OVL-C0410
overlap,364,c05,4,days_41.25_61.88,OVL-C0410
overlap,375,c05,4,days_41.25_61.88,OVL-C0410
overlap,427,c05,4,days_41.25_61.88,OVL-C0410
overlap,432,c05,4,days_41.25_61.88,OVL-C0410
overlap,433,c05,4,days_41.25_61.88,OVL-C0410
overlap,511,c05,4,days_41.25_61.88,OVL-C0410
overlap,531,c05,4,days_41.25_61.88,OVL-C0410
overlap,540,c05,4,days_41.25_61.88,OVL-C0410
overlap,582,c05,4,days_41.25_61.88,OVL-C0410
overlap,588,c05,4,days_41.25_61.88,OVL-C0410
overlap,624,c05,4,days_41.25_61.88,OVL-C0410
overlap,641,c05,4,days_41.25_61.88,OVL-C0410
overlap,669,c05,4,days_41.25_61.88,OVL-C0410
overlap,698,c05,4,days_41.25_61.88,OVL-C0410
overlap,734,c05,4,days_41.25_61.88,OVL-C0410
overlap,764,c05,4,days_41.25_61.88,OVL-C0410
overlap,773,c05,4,days_41.25_61.88,OVL-C0410
overlap,809,c05,4,days_41.25_61.88,OVL-C0410
overlap,819,c05,4,days_41.25_61.88,OVL-C0410
overlap,840,c05,4,days_41.25_61.88,OVL-C0410
overlap,872,c05,4,days_41.25_61.88,OVL-C0410
overlap,873,c05,4,days_41.25_61.88,OVL-C0410
overlap,955,c05,4,days_41.25_61.88,OVL-C0410
overlap,987,c05,4,days_41.25_61.88,OVL-C0410
overlap,994,c05,4,days_41.25_61.88,OVL-C0410
overlap,9,c09,4,days_41.25_61.88,OVL-C0406
overlap,23,c09,4,days_41.25_61.88,OVL-C0406
overlap,30,c09,4,days_41.25_61.88,OVL-C0406
overlap,52,c09,4,days_41.25_61.88,OVL-C0406
overlap,77,c09,4,days_41.25_61.88,OVL-C0406
overlap,104,c09,4,days_41.25_61.88,OVL-C0406
overlap,112,c09,4,days_41.25_61.88,OVL-C0406
overlap,126,c09,4,days_41.25_61.88,OVL-C0406
overlap,133,c09,4,days_41.25_61.88,OVL-C0406
overlap,166,c09,4,days_41.25_61.88,OVL-C0406
overlap,168,c09,4,days_41.25_61.88,OVL-C0406
overlap,209,c09,4,days_41.25_61.88,OVL-C0406
overlap,232,c09,4,days_41.25_61.88,OVL-C0406
overlap,240,c09,4,days_41.25_61.88,OVL-C0406
overlap,256,c09,4,days_41.25_61.88,OVL-C0406
overlap,260,c09,4,days_41.25_61.88,OVL-C0406
overlap,267,c09,4,days_41.25_61.88,OVL-C0406
overlap,276,c09,4,days_41.25_61.88,OVL-C0406
overlap,294,c09,4,days_41.25_61.88,OVL-C0406
overlap,305,c09,4,days_41.25_61.88,OVL-C0406
overlap,313,c09,4,days_41.25_61.88,OVL-C0406
overlap,356,c09,4,days_41.25_61.88,OVL-C0406
overlap,392,c09,4,days_41.25_61.88,OVL-C0406
overlap,416,c09,4,days_41.25_61.88,OVL-C0406
overlap,439,c09,4,days_41.25_61.88,OVL-C0406
overlap,447,c09,4,days_41.25_61.88,OVL-C0406
overlap,459,c09,4,days_41.25_61.88,OVL-C0406
overlap,472,c09,4,days_41.25_61.88,OVL-C0406
overlap,479,c09,4,days_41.25_61.88,OVL-C0406
overlap,517,c09,4,days_41.25_61.88,OVL-C0406
overlap,556,c09,4,days_41.25_61.88,OVL-C0406
overlap,557,c09,4,days_41.25_61.88,OVL-C0406
overlap,564,c09,4,days_41.25_61.88,OVL-C0406
overlap,573,c09,4,days_41.25_61.88,OVL-C0406
overlap,575,c09,4,days_41.25_61.88,OVL-C0406
overlap,586,c09,4,days_41.25_61.88,OVL-C0406
overlap,602,c09,4,days_41.25_61.88,OVL-C0406
overlap,648,c09,4,days_41.25_61.88,OVL-C0406
overlap,674,c09,4,days_41.25_61.88,OVL-C0406
overlap,743,c09,4,days_41.25_61.88,OVL-C0406
overlap,759,c09,4,days_41.25_61.88,OVL-C0406
overlap,762,c09,4,days_41.25_61.88,OVL-C0406
overlap,765,c09,4,days_41.25_61.88,OVL-C0406
overlap,803,c09,4,days_41.25_61.88,OVL-C0406
overlap,859,c09,4,days_41.25_61.88,OVL-C0406
overlap,868,c09,4,days_41.25_61.88,OVL-C0406
overlap,885,c09,4,days_41.25_61.88,OVL-C0406
overlap,912,c09,4,days_41.25_61.88,OVL-C0406
overlap,944,c09,4,days_41.25_61.88,OVL-C0406
overlap,984,c09,4,days_41.25_61.88,OVL-C0406
overlap,28,c05,5,days_51.57_72.20,OVL-C0508
overlap,34,c05,5,days_51.57_72.20,OVL-C0508
overlap,56,c05,5,days_51.57_72.20,OVL-C0508
overlap,68,c05,5,days_51.57_72.20,OVL-C0508
overlap,95,c05,5,days_51.57_72.20,OVL-C0508
overlap,170,c05,5,days_51.57_72.20,OVL-C0508
overlap,231,c05,5,days_51.57_72.20,OVL-C0508
overlap,245,c05,5,days_51.57_72.20,OVL-C0508
overlap,251,c05,5,days_51.57_72.20,OVL-C0508
overlap,264,c05,5,days_51.57_72.20,OVL-C0508
overlap,311,c05,5,days_51.57_72.20,OVL-C0508
overlap,329,c05,5,days_51.57_72.20,OVL-C0508
overlap,338,c05,5,days_51.57_72.20,OVL-C0508
overlap,361,c05,5,days_51.57_72.20,OVL-C0508
overlap,364,c05,5,days_51.57_72.20,OVL-C0508
overlap,375,c05,5,days_51.57_72.20,OVL-C0508
overlap,427,c05,5,days_51.57_72.20,OVL-C0508
overlap,432,c05,5,days_51.57_72.20,OVL-C0508
overlap,433,c05,5,days_51.57_72.20,OVL-C0508
overlap,511,c05,5,days_51.57_72.20,OVL-C0508
overlap,531,c05,5,days_51.57_72.20,OVL-C0508
overlap,540,c05,5,days_51.57_72.20,OVL-C0508
overlap,580,c05,5,days_51.57_72.20,OVL-C0508
overlap,582,c05,5,days_51.57_72.20,OVL-C0508
overlap,588,c05,5,days_51.57_72.20,OVL-C0508
overlap,624,c05,5,days_51.57_72.20,OVL-C0508
overlap,626,c05,5,days_51.57_72.20,OVL-C0508
overlap,641,c05,5,days_51.57_72.20,OVL-C0508
overlap,669,c05,5,days_51.57_72.20,OVL-C0508
overlap,697,c05,5,days_51.57_72.20,OVL-C0508
overlap,698,c05,5,days_51.57_72.20,OVL-C0508
overlap,736,c05,5,days_51.57_72.20,OVL-C0508
overlap,764,c05,5,days_51.57_72.20,OVL-C0508
overlap,773,c05,5,days_51.57_72.20,OVL-C0508
overlap,809,c05,5,days_51.57_72.20,OVL-C0508
overlap,830,c05,5,days_51.57_72.20,OVL-C0508
overlap,836,c05,5,days_51.57_72.20,OVL-C0508
overlap,840,c05,5,days_51.57_72.20,OVL-C0508
overlap,849,c05,5,days_51.57_72.20,OVL-C0508
overlap,855,c05,5,days_51.57_72.20,OVL-C0508
overlap,872,c05,5,days_51.57_72.20,OVL-C0508
overlap,873,c05,5,days_51.57_72.20,OVL-C0508
overlap,925,c05,5,days_51.57_72.20,OVL-C0508
overlap,955,c05,5,days_51.57_72.20,OVL-C0508
overlap,987,c05,5,days_51.57_72.20,OVL-C0508
overlap,994,c05,5,days_51.57_72.20,OVL-C0508
overlap,997,c05,5,days_51.57_72.20,OVL-C0508
overlap,9,c09,5,days_51.57_72.20,OVL-C0506
overlap,30,c09,5,days_51.57_72.20,OVL-C0506
overlap,52,c09,5,days_51.57_72.20,OVL-C0506
overlap,77,c09,5,days_51.57_72.20,OVL-C0506
overlap,104,c09,5,days_51.57_72.20,OVL-C0506
overlap,112,c09,5,days_51.57_72.20,OVL-C0506
overlap,126,c09,5,days_51.57_72.20,OVL-C0506
overlap,133,c09,5,days_51.57_72.20,OVL-C0506
overlap,161,c09,5,days_51.57_72.20,OVL-C0506
overlap,166,c09,5,days_51.57_72.20,OVL-C0506
overlap,168,c09,5,days_51.57_72.20,OVL-C0506
overlap,185,c09,5,days_51.57_72.20,OVL-C0506
overlap,209,c09,5,days_51.57_72.20,OVL-C0506
overlap,232,c09,5,days_51.57_72.20,OVL-C0506
overlap,256,c09,5,days_51.57_72.20,OVL-C0506
overlap,260,c09,5,days_51.57_72.20,OVL-C0506
overlap,267,c09,5,days_51.57_72.20,OVL-C0506
overlap,294,c09,5,days_51.57_72.20,OVL-C0506
overlap,305,c09,5,days_51.57_72.20,OVL-C0506
overlap,313,c09,5,days_51.57_72.20,OVL-C0506
overlap,356,c09,5,days_51.57_72.20,OVL-C0506
overlap,392,c09,5,days_51.57_72.20,OVL-C0506
overlap,416,c09,5,days_51.57_72.20,OVL-C0506
overlap,439,c09,5,days_51.57_72.20,OVL-C0506
overlap,447,c09,5,days_51.57_72.20,OVL-C0506
overlap,459,c09,5,days_51.57_72.20,OVL-C0506
overlap,462,c09,5,days_51.57_72.20,OVL-C0506
overlap,472,c09,5,days_51.57_72.20,OVL-C0506
overlap,479,c09,5,days_51.57_72.20,OVL-C0506
overlap,517,c09,5,days_51.57_72.20,OVL-C0506
overlap,556,c09,5,days_51.57_72.20,OVL-C0506
overlap,557,c09,5,days_51.57_72.20,OVL-C0506
overlap,564,c09,5,days_51.57_72.20,OVL-C0506
overlap,573,c09,5,days_51.57_72.20,OVL-C0506
overlap,575,c09,5,days_51.57_72.20,OVL-C0506
overlap,586,c09,5,days_51.57_72.20,OVL-C0506
overlap,602,c09,5,days_51.57_72.20,OVL-C0506
overlap,648,c09,5,days_51.57_72.20,OVL-C0506
overlap,674,c09,5,days_51.57_72.20,OVL-C0506
overlap,743,c09,5,days_51.57_72.20,OVL-C0506
overlap,759,c09,5,days_51.57_72.20,OVL-C0506
overlap,762,c09,5,days_51.57_72.20,OVL-C0506
overlap,765,c09,5,days_51.57_72.20,OVL-C0506
overlap,803,c09,5,days_51.57_72.20,OVL-C0506
overlap,833,c09,5,days_51.57_72.20,OVL-C0506
overlap,859,c09,5,days_51.57_72.20,OVL-C0506
overlap,868,c09,5,days_51.57_72.20,OVL-C0506
overlap,912,c09,5,days_51.57_72.20,OVL-C0506
overlap,944,c09,5,days_51.57_72.20,OVL-C0506
overlap,984,c09,5,days_51.57_72.20,OVL-C0506
overlap,170,c05,6,days_61.88_82.51,OVL-C0611
overlap,231,c05,6,days_61.88_82.51,OVL-C0611
overlap,245,c05,6,days_61.88_82.51,OVL-C0611
overlap,311,c05,6,days_61.88_82.51,OVL-C0611
overlap,338,c05,6,days_61.88_82.51,OVL-C0611
overlap,361,c05,6,days_61.88_82.51,OVL-C0611
overlap,427,c05,6,days_61.88_82.51,OVL-C0611
overlap,433,c05,6,days_61.88_82.51,OVL-C0611
overlap,531,c05,6,days_61.88_82.51,OVL-C0611
overlap,540,c05,6,days_61.88_82.51,OVL-C0611
overlap,582,c05,6,days_61.88_82.51,OVL-C0611
overlap,626,c05,6,days_61.88_82.51,OVL-C0611
overlap,697,c05,6,days_61.88_82.51,OVL-C0611
overlap,698,c05,6,days_61.88_82.51,OVL-C0611
overlap,736,c05,6,days_61.88_82.51,OVL-C0611
overlap,764,c05,6,days_61.88_82.51,OVL-C0611
overlap,773,c05,6,days_61.88_82.51,OVL-C0611
overlap,809,c05,6,days_61.88_82.51,OVL-C0611
overlap,810,c05,6,days_61.88_82.51,OVL-C0611
overlap,830,c05,6,days_61.88_82.51,OVL-C0611
overlap,840,c05,6,days_61.88_82.51,OVL-C0611
overlap,855,c05,6,days_61.88_82.51,OVL-C0611
overlap,873,c05,6,days_61.88_82.51,OVL-C0611
overlap,910,c05,6,days_61.88_82.51,OVL-C0611
overlap,925,c05,6,days_61.88_82.51,OVL-C0611
overlap,955,c05,6,days_61.88_82.51,OVL-C0611
overlap,987,c05,6,days_61.88_82.51,OVL-C0611
overlap,994,c05,6,days_61.88_82.51,OVL-C0611
overlap,2,c09,6,days_61.88_82.51,OVL-C0603
overlap,30,c09,6,days_61.88_82.51,OVL-C0603
overlap,45,c09,6,days_61.88_82.51,OVL-C0603
overlap,52,c09,6,days_61.88_82.51,OVL-C0603
overlap,66,c09,6,days_61.88_82.51,OVL-C0603
overlap,77,c09,6,days_61.88_82.51,OVL-C0603
overlap,111,c09,6,days_61.88_82.51,OVL-C0603
overlap,119,c09,6,days_61.88_82.51,OVL-C0603
overlap,124,c09,6,days_61.88_82.51,OVL-C0603
overlap,126,c09,6,days_61.88_82.51,OVL-C0603
overlap,133,c09,6,days_61.88_82.51,OVL-C0603
overlap,161,c09,6,days_61.88_82.51,OVL-C0603
overlap,166,c09,6,days_61.88_82.51,OVL-C0603
overlap,168,c09,6,days_61.88_82.51,OVL-C0603
overlap,176,c09,6,days_61.88_82.51,OVL-C0603
overlap,185,c09,6,days_61.88_82.51,OVL-C0603
overlap,208,c09,6,days_61.88_82.51,OVL-C0603
overlap,209,c09,6,days_61.88_82.51,OVL-C0603
overlap,219,c09,6,days_61.88_82.51,OVL-C0603
overlap,227,c09,6,days_61.88_82.51,OVL-C0603
overlap,232,c09,6,days_61.88_82.51,OVL-C0603
overlap,236,c09,6,days_61.88_82.51,OVL-C0603
overlap,256,c09,6,days_61.88_82.51,OVL-C0603
overlap,260,c09,6,days_61.88_82.51,OVL-C0603
overlap,264,c09,6,days_61.88_82.51,OVL-C0603
overlap,283,c09,6,days_61.88_82.51,OVL-C0603
overlap,294,c09,6,days_61.88_82.51,OVL-C0603
overlap,305,c09,6,days_61.88_82.51,OVL-C0603
overlap,313,c09,6,days_61.88_82.51,OVL-C0603
overlap,318,c09,6,days_61.88_82.51,OVL-C0603
overlap,332,c09,6,days_61.88_82.51,OVL-C0603
overlap,356,c09,6,days_61.88_82.51,OVL-C0603
overlap,416,c09,6,days_61.88_82.51,OVL-C0603
overlap,435,c09,6,days_61.88_82.51,OVL-C0603
overlap,439,c09,6,days_61.88_82.51,OVL-C0603
overlap,447,c09,6,days_61.88_82.51,OVL-C0603
overlap,448,c09,6,days_61.88_82.51,OVL-C0603
overlap,465,c09,6,days_61.88_82.51,OVL-C0603
overlap,472,c09,6,days_61.88_82.51,OVL-C0603
overlap,500,c09,6,days_61.88_82.51,OVL-C0603
overlap,515,c09,6,days_61.88_82.51,OVL-C0603
overlap,537,c09,6,days_61.88_82.51,OVL-C0603
overlap,556,c09,6,days_61.88_82.51,OVL-C0603
overlap,557,c09,6,days_61.88_82.51,OVL-C0603
overlap,573,c09,6,days_61.88_82.51,OVL-C0603
overlap,575,c09,6,days_61.88_82.51,OVL-C0603
overlap,586,c09,6,days_61.88_82.51,OVL-C0603
overlap,602,c09,6,days_61.88_82.51,OVL-C0603
overlap,652,c09,6,days_61.88_82.51,OVL-C0603
overlap,684,c09,6,days_61.88_82.51,OVL-C0603
overlap,690,c09,6,days_61.88_82.51,OVL-C0603
overlap,699,c09,6,days_61.88_82.51,OVL-C0603
overlap,704,c09,6,days_61.88_82.51,OVL-C0603
overlap,743,c09,6,days_61.88_82.51,OVL-C0603
overlap,752,c09,6,days_61.88_82.51,OVL-C0603
overlap,762,c09,6,days_61.88_82.51,OVL-C0603
overlap,782,c09,6,days_61.88_82.51,OVL-C0603
overlap,790,c09,6,days_61.88_82.51,OVL-C0603
overlap,812,c09,6,days_61.88_82.51,OVL-C0603
overlap,817,c09,6,days_61.88_82.51,OVL-C0603
overlap,854,c09,6,days_61.88_82.51,OVL-C0603
overlap,859,c09,6,days_61.88_82.51,OVL-C0603
overlap,868,c09,6,days_61.88_82.51,OVL-C0603
overlap,885,c09,6,days_61.88_82.51,OVL-C0603
overlap,887,c09,6,days_61.88_82.51,OVL-C0603
overlap,912,c09,6,days_61.88_82.51,OVL-C0603
overlap,983,c09,6,days_61.88_82.51,OVL-C0603
overlap,984,c09,6,days_61.88_82.51,OVL-C0603
overlap,986,c09,6,days_61.88_82.51,OVL-C0603
overlap,28,c05,7,days_72.20_92.82,OVL-C0707
overlap,34,c05,7,days_72.20_92.82,OVL-C0707
overlap,56,c05,7,days_72.20_92.82,OVL-C0707
overlap,58,c05,7,days_72.20_92.82,OVL-C0707
overlap,68,c05,7,days_72.20_92.82,OVL-C0707
overlap,95,c05,7,days_72.20_92.82,OVL-C0707
overlap,170,c05,7,days_72.20_92.82,OVL-C0707
overlap,231,c05,7,days_72.20_92.82,OVL-C0707
overlap,242,c05,7,days_72.20_92.82,OVL-C0707
overlap,245,c05,7,days_72.20_92.82,OVL-C0707
overlap,251,c05,7,days_72.20_92.82,OVL-C0707
overlap,311,c05,7,days_72.20_92.82,OVL-C0707
overlap,329,c05,7,days_72.20_92.82,OVL-C0707
overlap,338,c05,7,days_72.20_92.82,OVL-C0707
overlap,361,c05,7,days_72.20_92.82,OVL-C0707
overlap,427,c05,7,days_72.20_92.82,OVL-C0707
overlap,432,c05,7,days_72.20_92.82,OVL-C0707
overlap,433,c05,7,days_72.20_92.82,OVL-C0707
overlap,468,c05,7,days_72.20_92.82,OVL-C0707
overlap,511,c05,7,days_72.20_92.82,OVL-C0707
overlap,531,c05,7,days_72.20_92.82,OVL-C0707
overlap,540,c05,7,days_72.20_92.82,OVL-C0707
overlap,582,c05,7,days_72.20_92.82,OVL-C0707
overlap,588,c05,7,days_72.20_92.82,OVL-C0707
overlap,624,c05,7,days_72.20_92.82,OVL-C0707
overlap,641,c05,7,days_72.20_92.82,OVL-C0707
overlap,697,c05,7,days_72.20_92.82,OVL-C0707
overlap,698,c05,7,days_72.20_92.82,OVL-C0707
overlap,736,c05,7,days_72.20_92.82,OVL-C0707
overlap,763,c05,7,days_72.20_92.82,OVL-C0707
overlap,764,c05,7,days_72.20_92.82,OVL-C0707
overlap,773,c05,7,days_72.20_92.82,OVL-C0707
overlap,809,c05,7,days_72.20_92.82,OVL-C0707
overlap,840,c05,7,days_72.20_92.82,OVL-C0707
overlap,855,c05,7,days_72.20_92.82,OVL-C0707
overlap,872,c05,7,days_72.20_92.82,OVL-C0707
overlap,873,c05,7,days_72.20_92.82,OVL-C0707
overlap,910,c05,7,days_72.20_92.82,OVL-C0707
overlap,925,c05,7,days_72.20_92.82,OVL-C0707
overlap,955,c05,7,days_72.20_92.82,OVL-C0707
overlap,987,c05,7,days_72.20_92.82,OVL-C0707
overlap,994,c05,7,days_72.20_92.82,OVL-C0707
overlap,30,c09,7,days_72.20_92.82,OVL-C0704
overlap,45,c09,7,days_72.20_92.82,OVL-C0704
overlap,52,c09,7,days_72.20_92.82,OVL-C0704
overlap,66,c09,7,days_72.20_92.82,OVL-C0704
overlap,74,c09,7,days_72.20_92.82,OVL-C0704
overlap,77,c09,7,days_72.20_92.82,OVL-C0704
overlap,104,c09,7,days_72.20_92.82,OVL-C0704
overlap,110,c09,7,days_72.20_92.82,OVL-C0704
overlap,111,c09,7,days_72.20_92.82,OVL-C0704
overlap,112,c09,7,days_72.20_92.82,OVL-C0704
overlap,120,c09,7,days_72.20_92.82,OVL-C0704
overlap,126,c09,7,days_72.20_92.82,OVL-C0704
overlap,133,c09,7,days_72.20_92.82,OVL-C0704
overlap,146,c09,7,days_72.20_92.82,OVL-C0704
overlap,166,c09,7,days_72.20_92.82,OVL-C0704
overlap,168,c09,7,days_72.20_92.82,OVL-C0704
overlap,209,c09,7,days_72.20_92.82,OVL-C0704
overlap,227,c09,7,days_72.20_92.82,OVL-C0704
overlap,232,c09,7,days_72.20_92.82,OVL-C0704
overlap,256,c09,7,days_72.20_92.82,OVL-C0704
overlap,260,c09,7,days_72.20_92.82,OVL-C0704
overlap,267,c09,7,days_72.20_92.82,OVL-C0704
overlap,294,c09,7,days_72.20_92.82,OVL-C0704
overlap,305,c09,7,days_72.20_92.82,OVL-C0704
overlap,313,c09,7,days_72.20_92.82,OVL-C0704
overlap,318,c09,7,days_72.20_92.82,OVL-C0704
overlap,326,c09,7,days_72.20_92.82,OVL-C0704
overlap,332,c09,7,days_72.20_92.82,OVL-C0704
overlap,356,c09,7,days_72.20_92.82,OVL-C0704
overlap,392,c09,7,days_72.20_92.82,OVL-C0704
overlap,416,c09,7,days_72.20_92.82,OVL-C0704
overlap,435,c09,7,days_72.20_92.82,OVL-C0704
overlap,439,c09,7,days_72.20_92.82,OVL-C0704
overlap,447,c09,7,days_72.20_92.82,OVL-C0704
overlap,448,c09,7,days_72.20_92.82,OVL-C0704
overlap,472,c09,7,days_72.20_92.82,OVL-C0704
overlap,500,c09,7,days_72.20_92.82,OVL-C0704
overlap,557,c09,7,days_72.20_92.82,OVL-C0704
overlap,573,c09,7,days_72.20_92.82,OVL-C0704
overlap,575,c09,7,days_72.20_92.82,OVL-C0704
overlap,586,c09,7,days_72.20_92.82,OVL-C0704
overlap,602,c09,7,days_72.20_92.82,OVL-C0704
overlap,648,c09,7,days_72.20_92.82,OVL-C0704
overlap,674,c09,7,days_72.20_92.82,OVL-C0704
overlap,699,c09,7,days_72.20_92.82,OVL-C0704
overlap,743,c09,7,days_72.20_92.82,OVL-C0704
overlap,752,c09,7,days_72.20_92.82,OVL-C0704
overlap,759,c09,7,days_72.20_92.82,OVL-C0704
overlap,765,c09,7,days_72.20_92.82,OVL-C0704
overlap,782,c09,7,days_72.20_92.82,OVL-C0704
overlap,803,c09,7,days_72.20_92.82,OVL-C0704
overlap,868,c09,7,days_72.20_92.82,OVL-C0704
overlap,885,c09,7,days_72.20_92.82,OVL-C0704
overlap,889,c09,7,days_72.20_92.82,OVL-C0704
overlap,912,c09,7,days_72.20_92.82,OVL-C0704
overlap,944,c09,7,days_72.20_92.82,OVL-C0704
overlap,948,c09,7,days_72.20_92.82,OVL-C0704
overlap,984,c09,7,days_72.20_92.82,OVL-C0704
overlap,986,c09,7,days_72.20_92.82,OVL-C0704
overlap,28,c05,8,days_82.51_103.14,OVL-C0806
overlap,34,c05,8,days_82.51_103.14,OVL-C0806
overlap,56,c05,8,days_82.51_103.14,OVL-C0806
overlap,68,c05,8,days_82.51_103.14,OVL-C0806
overlap,95,c05,8,days_82.51_103.14,OVL-C0806
overlap,176,c05,8,days_82.51_103.14,OVL-C0806
overlap,180,c05,8,days_82.51_103.14,OVL-C0806
overlap,215,c05,8,days_82.51_103.14,OVL-C0806
overlap,231,c05,8,days_82.51_103.14,OVL-C0806
overlap,242,c05,8,days_82.51_103.14,OVL-C0806
overlap,245,c05,8,days_82.51_103.14,OVL-C0806
overlap,251,c05,8,days_82.51_103.14,OVL-C0806
overlap,311,c05,8,days_82.51_103.14,OVL-C0806
overlap,329,c05,8,days_82.51_103.14,OVL-C0806
overlap,338,c05,8,days_82.51_103.14,OVL-C0806
overlap,361,c05,8,days_82.51_103.14,OVL-C0806
overlap,364,c05,8,days_82.51_103.14,OVL-C0806
overlap,427,c05,8,days_82.51_103.14,OVL-C0806
overlap,432,c05,8,days_82.51_103.14,OVL-C0806
overlap,433,c05,8,days_82.51_103.14,OVL-C0806
overlap,468,c05,8,days_82.51_103.14,OVL-C0806
overlap,511,c05,8,days_82.51_103.14,OVL-C0806
overlap,531,c05,8,days_82.51_103.14,OVL-C0806
overlap,540,c05,8,days_82.51_103.14,OVL-C0806
overlap,582,c05,8,days_82.51_103.14,OVL-C0806
overlap,588,c05,8,days_82.51_103.14,OVL-C0806
overlap,603,c05,8,days_82.51_103.14,OVL-C0806
overlap,624,c05,8,days_82.51_103.14,OVL-C0806
overlap,639,c05,8,days_82.51_103.14,OVL-C0806
overlap,641,c05,8,days_82.51_103.14,OVL-C0806
overlap,660,c05,8,days_82.51_103.14,OVL-C0806
overlap,697,c05,8,days_82.51_103.14,OVL-C0806
overlap,698,c05,8,days_82.51_103.14,OVL-C0806
overlap,727,c05,8,days_82.51_103.14,OVL-C0806
overlap,749,c05,8,days_82.51_103.14,OVL-C0806
overlap,764,c05,8,days_82.51_103.14,OVL-C0806
overlap,773,c05,8,days_82.51_103.14,OVL-C0806
overlap,809,c05,8,days_82.51_103.14,OVL-C0806
overlap,815,c05,8,days_82.51_103.14,OVL-C0806
overlap,836,c05,8,days_82.51_103.14,OVL-C0806
overlap,840,c05,8,days_82.51_103.14,OVL-C0806
overlap,855,c05,8,days_82.51_103.14,OVL-C0806
overlap,872,c05,8,days_82.51_103.14,OVL-C0806
overlap,873,c05,8,days_82.51_103.14,OVL-C0806
overlap,925,c05,8,days_82.51_103.14,OVL-C0806
overlap,951,c05,8,days_82.51_103.14,OVL-C0806
overlap,955,c05,8,days_82.51_103.14,OVL-C0806
overlap,958,c05,8,days_82.51_103.14,OVL-C0806
overlap,983,c05,8,days_82.51_103.14,OVL-C0806
overlap,987,c05,8,days_82.51_103.14,OVL-C0806
overlap,994,c05,8,days_82.51_103.14,OVL-C0806
overlap,995,c05,8,days_82.51_103.14,OVL-C0806
overlap,30,c09,8,days_82.51_103.14,OVL-C0804
overlap,45,c09,8,days_82.51_103.14,OVL-C0804
overlap,58,c09,8,days_82.51_103.14,OVL-C0804
overlap,66,c09,8,days_82.51_103.14,OVL-C0804
overlap,74,c09,8,days_82.51_103.14,OVL-C0804
overlap,77,c09,8,days_82.51_103.14,OVL-C0804
overlap,104,c09,8,days_82.51_103.14,OVL-C0804
overlap,110,c09,8,days_82.51_103.14,OVL-C0804
overlap,111,c09,8,days_82.51_103.14,OVL-C0804
overlap,112,c09,8,days_82.51_103.14,OVL-C0804
overlap,120,c09,8,days_82.51_103.14,OVL-C0804
overlap,126,c09,8,days_82.51_103.14,OVL-C0804
overlap,133,c09,8,days_82.51_103.14,OVL-C0804
overlap,161,c09,8,days_82.51_103.14,OVL-C0804
overlap,166,c09,8,days_82.51_103.14,OVL-C0804
overlap,168,c09,8,days_82.51_103.14,OVL-C0804
overlap,209,c09,8,days_82.51_103.14,OVL-C0804
overlap,227,c09,8,days_82.51_103.14,OVL-C0804
overlap,232,c09,8,days_82.51_103.14,OVL-C0804
overlap,256,c09,8,days_82.51_103.14,OVL-C0804
overlap,260,c09,8,days_82.51_103.14,OVL-C0804
overlap,264,c09,8,days_82.51_103.14,OVL-C0804
overlap,267,c09,8,days_82.51_103.14,OVL-C0804
overlap,294,c09,8,days_82.51_103.14,OVL-C0804
overlap,305,c09,8,days_82.51_103.14,OVL-C0804
overlap,313,c09,8,days_82.51_103.14,OVL-C0804
overlap,356,c09,8,days_82.51_103.14,OVL-C0804
overlap,392,c09,8,days_82.51_103.14,OVL-C0804
overlap,416,c09,8,days_82.51_103.14,OVL-C0804
overlap,435,c09,8,days_82.51_103.14,OVL-C0804
overlap,439,c09,8,days_82.51_103.14,OVL-C0804
overlap,447,c09,8,days_82.51_103.14,OVL-C0804
overlap,459,c09,8,days_82.51_103.14,OVL-C0804
overlap,472,c09,8,days_82.51_103.14,OVL-C0804
overlap,479,c09,8,days_82.51_103.14,OVL-C0804
overlap,500,c09,8,days_82.51_103.14,OVL-C0804
overlap,505,c09,8,days_82.51_103.14,OVL-C0804
overlap,517,c09,8,days_82.51_103.14,OVL-C0804
overlap,523,c09,8,days_82.51_103.14,OVL-C0804
overlap,557,c09,8,days_82.51_103.14,OVL-C0804
overlap,564,c09,8,days_82.51_103.14,OVL-C0804
overlap,573,c09,8,days_82.51_103.14,OVL-C0804
overlap,575,c09,8,days_82.51_103.14,OVL-C0804
overlap,586,c09,8,days_82.51_103.14,OVL-C0804
overlap,602,c09,8,days_82.51_103.14,OVL-C0804
overlap,648,c09,8,days_82.51_103.14,OVL-C0804
overlap,655,c09,8,days_82.51_103.14,OVL-C0804
overlap,674,c09,8,days_82.51_103.14,OVL-C0804
overlap,699,c09,8,days_82.51_103.14,OVL-C0804
overlap,743,c09,8,days_82.51_103.14,OVL-C0804
overlap,759,c09,8,days_82.51_103.14,OVL-C0804
overlap,762,c09,8,days_82.51_103.14,OVL-C0804
overlap,765,c09,8,days_82.51_103.14,OVL-C0804
overlap,782,c09,8,days_82.51_103.14,OVL-C0804
overlap,803,c09,8,days_82.51_103.14,OVL-C0804
overlap,868,c09,8,days_82.51_103.14,OVL-C0804
overlap,889,c09,8,days_82.51_103.14,OVL-C0804
overlap,908,c09,8,days_82.51_103.14,OVL-C0804
overlap,909,c09,8,days_82.51_103.14,OVL-C0804
overlap,912,c09,8,days_82.51_103.14,OVL-C0804
overlap,944,c09,8,days_82.51_103.14,OVL-C0804
overlap,948,c09,8,days_82.51_103.14,OVL-C0804
overlap,984,c09,8,days_82.51_103.14,OVL-C0804
overlap,28,c05,9,days_92.82_113.45,OVL-C0905
overlap,56,c05,9,days_92.82_113.45,OVL-C0905
overlap,68,c05,9,days_92.82_113.45,OVL-C0905
overlap,95,c05,9,days_92.82_113.45,OVL-C0905
overlap,176,c05,9,days_92.82_113.45,OVL-C0905
overlap,226,c05,9,days_92.82_113.45,OVL-C0905
overlap,231,c05,9,days_92.82_113.45,OVL-C0905
overlap,245,c05,9,days_92.82_113.45,OVL-C0905
overlap,251,c05,9,days_92.82_113.45,OVL-C0905
overlap,269,c05,9,days_92.82_113.45,OVL-C0905
overlap,311,c05,9,days_92.82_113.45,OVL-C0905
overlap,329,c05,9,days_92.82_113.45,OVL-C0905
overlap,338,c05,9,days_92.82_113.45,OVL-C0905
overlap,361,c05,9,days_92.82_113.45,OVL-C0905
overlap,364,c05,9,days_92.82_113.45,OVL-C0905
overlap,399,c05,9,days_92.82_113.45,OVL-C0905
overlap,427,c05,9,days_92.82_113.45,OVL-C0905
overlap,432,c05,9,days_92.82_113.45,OVL-C0905
overlap,433,c05,9,days_92.82_113.45,OVL-C0905
overlap,461,c05,9,days_92.82_113.45,OVL-C0905
overlap,482,c05,9,days_92.82_113.45,OVL-C0905
overlap,511,c05,9,days_92.82_113.45,OVL-C0905
overlap,531,c05,9,days_92.82_113.45,OVL-C0905
overlap,540,c05,9,days_92.82_113.45,OVL-C0905
overlap,582,c05,9,days_92.82_113.45,OVL-C0905
overlap,588,c05,9,days_92.82_113.45,OVL-C0905
overlap,606,c05,9,days_92.82_113.45,OVL-C0905
overlap,624,c05,9,days_92.82_113.45,OVL-C0905
overlap,641,c05,9,days_92.82_113.45,OVL-C0905
overlap,698,c05,9,days_92.82_113.45,OVL-C0905
overlap,749,c05,9,days_92.82_113.45,OVL-C0905
overlap,764,c05,9,days_92.82_113.45,OVL-C0905
overlap,773,c05,9,days_92.82_113.45,OVL-C0905
overlap,789,c05,9,days_92.82_113.45,OVL-C0905
overlap,809,c05,9,days_92.82_113.45,OVL-C0905
overlap,815,c05,9,days_92.82_113.45,OVL-C0905
overlap,819,c05,9,days_92.82_113.45,OVL-C0905
overlap,836,c05,9,days_92.82_113.45,OVL-C0905
overlap,840,c05,9,days_92.82_113.45,OVL-C0905
overlap,872,c05,9,days_92.82_113.45,OVL-C0905
overlap,873,c05,9,days_92.82_113.45,OVL-C0905
overlap,910,c05,9,days_92.82_113.45,OVL-C0905
overlap,925,c05,9,days_92.82_113.45,OVL-C0905
overlap,955,c05,9,days_92.82_113.45,OVL-C0905
overlap,987,c05,9,days_92.82_113.45,OVL-C0905
overlap,994,c05,9,days_92.82_113.45,OVL-C0905
overlap,995,c05,9,days_92.82_113.45,OVL-C0905
overlap,30,c09,9,days_92.82_113.45,OVL-C0903
overlap,45,c09,9,days_92.82_113.45,OVL-C0903
overlap,52,c09,9,days_92.82_113.45,OVL-C0903
overlap,58,c09,9,days_92.82_113.45,OVL-C0903
overlap,66,c09,9,days_92.82_113.45,OVL-C0903
overlap,74,c09,9,days_92.82_113.45,OVL-C0903
overlap,77,c09,9,days_92.82_113.45,OVL-C0903
overlap,104,c09,9,days_92.82_113.45,OVL-C0903
overlap,110,c09,9,days_92.82_113.45,OVL-C0903
overlap,111,c09,9,days_92.82_113.45,OVL-C0903
overlap,112,c09,9,days_92.82_113.45,OVL-C0903
overlap,120,c09,9,days_92.82_113.45,OVL-C0903
overlap,126,c09,9,days_92.82_113.45,OVL-C0903
overlap,133,c09,9,days_92.82_113.45,OVL-C0903
overlap,161,c09,9,days_92.82_113.45,OVL-C0903
overlap,166,c09,9,days_92.82_113.45,OVL-C0903
overlap,168,c09,9,days_92.82_113.45,OVL-C0903
overlap,186,c09,9,days_92.82_113.45,OVL-C0903
overlap,209,c09,9,days_92.82_113.45,OVL-C0903
overlap,227,c09,9,days_92.82_113.45,OVL-C0903
overlap,232,c09,9,days_92.82_113.45,OVL-C0903
overlap,256,c09,9,days_92.82_113.45,OVL-C0903
overlap,260,c09,9,days_92.82_113.45,OVL-C0903
overlap,264,c09,9,days_92.82_113.45,OVL-C0903
overlap,294,c09,9,days_92.82_113.45,OVL-C0903
overlap,305,c09,9,days_92.82_113.45,OVL-C0903
overlap,313,c09,9,days_92.82_113.45,OVL-C0903
overlap,318,c09,9,days_92.82_113.45,OVL-C0903
overlap,332,c09,9,days_92.82_113.45,OVL-C0903
overlap,356,c09,9,days_92.82_113.45,OVL-C0903
overlap,362,c09,9,days_92.82_113.45,OVL-C0903
overlap,383,c09,9,days_92.82_113.45,OVL-C0903
overlap,392,c09,9,days_92.82_113.45,OVL-C0903
overlap,416,c09,9,days_92.82_113.45,OVL-C0903
overlap,435,c09,9,days_92.82_113.45,OVL-C0903
overlap,439,c09,9,days_92.82_113.45,OVL-C0903
overlap,447,c09,9,days_92.82_113.45,OVL-C0903
overlap,459,c09,9,days_92.82_113.45,OVL-C0903
overlap,472,c09,9,days_92.82_113.45,OVL-C0903
overlap,478,c09,9,days_92.82_113.45,OVL-C0903
overlap,479,c09,9,days_92.82_113.45,OVL-C0903
overlap,500,c09,9,days_92.82_113.45,OVL-C0903
overlap,517,c09,9,days_92.82_113.45,OVL-C0903
overlap,523,c09,9,days_92.82_113.45,OVL-C0903
overlap,539,c09,9,days_92.82_113.45,OVL-C0903
overlap,549,c09,9,days_92.82_113.45,OVL-C0903
overlap,556,c09,9,days_92.82_113.45,OVL-C0903
overlap,557,c09,9,days_92.82_113.45,OVL-C0903
overlap,564,c09,9,days_92.82_113.45,OVL-C0903
overlap,573,c09,9,days_92.82_113.45,OVL-C0903
overlap,575,c09,9,days_92.82_113.45,OVL-C0903
overlap,586,c09,9,days_92.82_113.45,OVL-C0903
overlap,589,c09,9,days_92.82_113.45,OVL-C0903
overlap,602,c09,9,days_92.82_113.45,OVL-C0903
overlap,648,c09,9,days_92.82_113.45,OVL-C0903
overlap,655,c09,9,days_92.82_113.45,OVL-C0903
overlap,674,c09,9,days_92.82_113.45,OVL-C0903
overlap,699,c09,9,days_92.82_113.45,OVL-C0903
overlap,743,c09,9,days_92.82_113.45,OVL-C0903
overlap,759,c09,9,days_92.82_113.45,OVL-C0903
overlap,762,c09,9,days_92.82_113.45,OVL-C0903
overlap,765,c09,9,days_92.82_113.45,OVL-C0903
overlap,782,c09,9,days_92.82_113.45,OVL-C0903
overlap,803,c09,9,days_92.82_113.45,OVL-C0903
overlap,868,c09,9,days_92.82_113.45,OVL-C0903
overlap,887,c09,9,days_92.82_113.45,OVL-C0903
overlap,908,c09,9,days_92.82_113.45,OVL-C0903
overlap,909,c09,9,days_92.82_113.45,OVL-C0903
overlap,912,c09,9,days_92.82_113.45,OVL-C0903
overlap,946,c09,9,days_92.82_113.45,OVL-C0903
overlap,948,c09,9,days_92.82_113.45,OVL-C0903
overlap,984,c09,9,days_92.82_113.45,OVL-C0903
overlap,28,c05,10,days_103.14_123.76,OVL-C1006
overlap,56,c05,10,days_103.14_123.76,OVL-C1006
overlap,68,c05,10,days_103.14_123.76,OVL-C1006
overlap,95,c05,10,days_103.14_123.76,OVL-C1006
overlap,196,c05,10,days_103.14_123.76,OVL-C1006
overlap,231,c05,10,days_103.14_123.76,OVL-C1006
overlap,245,c05,10,days_103.14_123.76,OVL-C1006
overlap,251,c05,10,days_103.14_123.76,OVL-C1006
overlap,264,c05,10,days_103.14_123.76,OVL-C1006
overlap,269,c05,10,days_103.14_123.76,OVL-C1006
overlap,311,c05,10,days_103.14_123.76,OVL-C1006
overlap,329,c05,10,days_103.14_123.76,OVL-C1006
overlap,338,c05,10,days_103.14_123.76,OVL-C1006
overlap,361,c05,10,days_103.14_123.76,OVL-C1006
overlap,364,c05,10,days_103.14_123.76,OVL-C1006
overlap,399,c05,10,days_103.14_123.76,OVL-C1006
overlap,427,c05,10,days_103.14_123.76,OVL-C1006
overlap,432,c05,10,days_103.14_123.76,OVL-C1006
overlap,433,c05,10,days_103.14_123.76,OVL-C1006
overlap,482,c05,10,days_103.14_123.76,OVL-C1006
overlap,511,c05,10,days_103.14_123.76,OVL-C1006
overlap,531,c05,10,days_103.14_123.76,OVL-C1006
overlap,540,c05,10,days_103.14_123.76,OVL-C1006
overlap,582,c05,10,days_103.14_123.76,OVL-C1006
overlap,606,c05,10,days_103.14_123.76,OVL-C1006
overlap,624,c05,10,days_103.14_123.76,OVL-C1006
overlap,641,c05,10,days_103.14_123.76,OVL-C1006
overlap,697,c05,10,days_103.14_123.76,OVL-C1006
overlap,698,c05,10,days_103.14_123.76,OVL-C1006
overlap,736,c05,10,days_103.14_123.76,OVL-C1006
overlap,764,c05,10,days_103.14_123.76,OVL-C1006
overlap,773,c05,10,days_103.14_123.76,OVL-C1006
overlap,789,c05,10,days_103.14_123.76,OVL-C1006
overlap,809,c05,10,days_103.14_123.76,OVL-C1006
overlap,815,c05,10,days_103.14_123.76,OVL-C1006
overlap,819,c05,10,days_103.14_123.76,OVL-C1006
overlap,840,c05,10,days_103.14_123.76,OVL-C1006
overlap,863,c05,10,days_103.14_123.76,OVL-C1006
overlap,872,c05,10,days_103.14_123.76,OVL-C1006
overlap,873,c05,10,days_103.14_123.76,OVL-C1006
overlap,910,c05,10,days_103.14_123.76,OVL-C1006
overlap,925,c05,10,days_103.14_123.76,OVL-C1006
overlap,955,c05,10,days_103.14_123.76,OVL-C1006
overlap,987,c05,10,days_103.14_123.76,OVL-C1006
overlap,994,c05,10,days_103.14_123.76,OVL-C1006
overlap,30,c09,10,days_103.14_123.76,OVL-C1004
overlap,45,c09,10,days_103.14_123.76,OVL-C1004
overlap,52,c09,10,days_103.14_123.76,OVL-C1004
overlap,66,c09,10,days_103.14_123.76,OVL-C1004
overlap,74,c09,10,days_103.14_123.76,OVL-C1004
overlap,77,c09,10,days_103.14_123.76,OVL-C1004
overlap,104,c09,10,days_103.14_123.76,OVL-C1004
overlap,110,c09,10,days_103.14_123.76,OVL-C1004
overlap,111,c09,10,days_103.14_123.76,OVL-C1004
overlap,112,c09,10,days_103.14_123.76,OVL-C1004
overlap,126,c09,10,days_103.14_123.76,OVL-C1004
overlap,133,c09,10,days_103.14_123.76,OVL-C1004
overlap,166,c09,10,days_103.14_123.76,OVL-C1004
overlap,168,c09,10,days_103.14_123.76,OVL-C1004
overlap,186,c09,10,days_103.14_123.76,OVL-C1004
overlap,209,c09,10,days_103.14_123.76,OVL-C1004
overlap,232,c09,10,days_103.14_123.76,OVL-C1004
overlap,256,c09,10,days_103.14_123.76,OVL-C1004
overlap,260,c09,10,days_103.14_123.76,OVL-C1004
overlap,267,c09,10,days_103.14_123.76,OVL-C1004
overlap,305,c09,10,days_103.14_123.76,OVL-C1004
overlap,313,c09,10,days_103.14_123.76,OVL-C1004
overlap,318,c09,10,days_103.14_123.76,OVL-C1004
overlap,332,c09,10,days_103.14_123.76,OVL-C1004
overlap,356,c09,10,days_103.14_123.76,OVL-C1004
overlap,383,c09,10,days_103.14_123.76,OVL-C1004
overlap,416,c09,10,days_103.14_123.76,OVL-C1004
overlap,435,c09,10,days_103.14_123.76,OVL-C1004
overlap,439,c09,10,days_103.14_123.76,OVL-C1004
overlap,447,c09,10,days_103.14_123.76,OVL-C1004
overlap,459,c09,10,days_103.14_123.76,OVL-C1004
overlap,472,c09,10,days_103.14_123.76,OVL-C1004
overlap,478,c09,10,days_103.14_123.76,OVL-C1004
overlap,500,c09,10,days_103.14_123.76,OVL-C1004
overlap,515,c09,10,days_103.14_123.76,OVL-C1004
overlap,517,c09,10,days_103.14_123.76,OVL-C1004
overlap,523,c09,10,days_103.14_123.76,OVL-C1004
overlap,549,c09,10,days_103.14_123.76,OVL-C1004
overlap,556,c09,10,days_103.14_123.76,OVL-C1004
overlap,557,c09,10,days_103.14_123.76,OVL-C1004
overlap,564,c09,10,days_103.14_123.76,OVL-C1004
overlap,573,c09,10,days_103.14_123.76,OVL-C1004
overlap,574,c09,10,days_103.14_123.76,OVL-C1004
overlap,575,c09,10,days_103.14_123.76,OVL-C1004
overlap,586,c09,10,days_103.14_123.76,OVL-C1004
overlap,589,c09,10,days_103.14_123.76,OVL-C1004
overlap,602,c09,10,days_103.14_123.76,OVL-C1004
overlap,648,c09,10,days_103.14_123.76,OVL-C1004
overlap,674,c09,10,days_103.14_123.76,OVL-C1004
overlap,743,c09,10,days_103.14_123.76,OVL-C1004
overlap,759,c09,10,days_103.14_123.76,OVL-C1004
overlap,762,c09,10,days_103.14_123.76,OVL-C1004
overlap,765,c09,10,days_103.14_123.76,OVL-C1004
overlap,782,c09,10,days_103.14_123.76,OVL-C1004
overlap,803,c09,10,days_103.14_123.76,OVL-C1004
overlap,868,c09,10,days_103.14_123.76,OVL-C1004
overlap,885,c09,10,days_103.14_123.76,OVL-C1004
overlap,908,c09,10,days_103.14_123.76,OVL-C1004
overlap,912,c09,10,days_103.14_123.76,OVL-C1004
overlap,984,c09,10,days_103.14_123.76,OVL-C1004
overlap,28,c05,11,days_113.45_134.08,OVL-C1106
overlap,56,c05,11,days_113.45_134.08,OVL-C1106
overlap,68,c05,11,days_113.45_134.08,OVL-C1106
overlap,95,c05,11,days_113.45_134.08,OVL-C1106
overlap,96,c05,11,days_113.45_134.08,OVL-C1106
overlap,176,c05,11,days_113.45_134.08,OVL-C1106
overlap,231,c05,11,days_113.45_134.08,OVL-C1106
overlap,245,c05,11,days_113.45_134.08,OVL-C1106
overlap,251,c05,11,days_113.45_134.08,OVL-C1106
overlap,264,c05,11,days_113.45_134.08,OVL-C1106
overlap,269,c05,11,days_113.45_134.08,OVL-C1106
overlap,311,c05,11,days_113.45_134.08,OVL-C1106
overlap,329,c05,11,days_113.45_134.08,OVL-C1106
overlap,338,c05,11,days_113.45_134.08,OVL-C1106
overlap,361,c05,11,days_113.45_134.08,OVL-C1106
overlap,364,c05,11,days_113.45_134.08,OVL-C1106
overlap,399,c05,11,days_113.45_134.08,OVL-C1106
overlap,420,c05,11,days_113.45_134.08,OVL-C1106
overlap,427,c05,11,days_113.45_134.08,OVL-C1106
overlap,432,c05,11,days_113.45_134.08,OVL-C1106
overlap,433,c05,11,days_113.45_134.08,OVL-C1106
overlap,482,c05,11,days_113.45_134.08,OVL-C1106
overlap,511,c05,11,days_113.45_134.08,OVL-C1106
overlap,531,c05,11,days_113.45_134.08,OVL-C1106
overlap,540,c05,11,days_113.45_134.08,OVL-C1106
overlap,582,c05,11,days_113.45_134.08,OVL-C1106
overlap,588,c05,11,days_113.45_134.08,OVL-C1106
overlap,606,c05,11,days_113.45_134.08,OVL-C1106
overlap,624,c05,11,days_113.45_134.08,OVL-C1106
overlap,641,c05,11,days_113.45_134.08,OVL-C1106
overlap,697,c05,11,days_113.45_134.08,OVL-C1106
overlap,698,c05,11,days_113.45_134.08,OVL-C1106
overlap,736,c05,11,days_113.45_134.08,OVL-C1106
overlap,764,c05,11,days_113.45_134.08,OVL-C1106
overlap,769,c05,11,days_113.45_134.08,OVL-C1106
overlap,773,c05,11,days_113.45_134.08,OVL-C1106
overlap,789,c05,11,days_113.45_134.08,OVL-C1106
overlap,809,c05,11,days_113.45_134.08,OVL-C1106
overlap,819,c05,11,days_113.45_134.08,OVL-C1106
overlap,836,c05,11,days_113.45_134.08,OVL-C1106
overlap,840,c05,11,days_113.45_134.08,OVL-C1106
overlap,855,c05,11,days_113.45_134.08,OVL-C1106
overlap,863,c05,11,days_113.45_134.08,OVL-C1106
overlap,872,c05,11,days_113.45_134.08,OVL-C1106
overlap,873,c05,11,days_113.45_134.08,OVL-C1106
overlap,910,c05,11,days_113.45_134.08,OVL-C1106
overlap,925,c05,11,days_113.45_134.08,OVL-C1106
overlap,955,c05,11,days_113.45_134.08,OVL-C1106
overlap,987,c05,11,days_113.45_134.08,OVL-C1106
overlap,994,c05,11,days_113.45_134.08,OVL-C1106
overlap,30,c09,11,days_113.45_134.08,OVL-C1105
overlap,45,c09,11,days_113.45_134.08,OVL-C1105
overlap,52,c09,11,days_113.45_134.08,OVL-C1105
overlap,66,c09,11,days_113.45_134.08,OVL-C1105
overlap,74,c09,11,days_113.45_134.08,OVL-C1105
overlap,77,c09,11,days_113.45_134.08,OVL-C1105
overlap,91,c09,11,days_113.45_134.08,OVL-C1105
overlap,104,c09,11,days_113.45_134.08,OVL-C1105
overlap,111,c09,11,days_113.45_134.08,OVL-C1105
overlap,112,c09,11,days_113.45_134.08,OVL-C1105
overlap,120,c09,11,days_113.45_134.08,OVL-C1105
overlap,126,c09,11,days_113.45_134.08,OVL-C1105
overlap,133,c09,11,days_113.45_134.08,OVL-C1105
overlap,166,c09,11,days_113.45_134.08,OVL-C1105
overlap,168,c09,11,days_113.45_134.08,OVL-C1105
overlap,186,c09,11,days_113.45_134.08,OVL-C1105
overlap,209,c09,11,days_113.45_134.08,OVL-C1105
overlap,232,c09,11,days_113.45_134.08,OVL-C1105
overlap,256,c09,11,days_113.45_134.08,OVL-C1105
overlap,260,c09,11,days_113.45_134.08,OVL-C1105
overlap,267,c09,11,days_113.45_134.08,OVL-C1105
overlap,294,c09,11,days_113.45_134.08,OVL-C1105
overlap,305,c09,11,days_113.45_134.08,OVL-C1105
overlap,313,c09,11,days_113.45_134.08,OVL-C1105
overlap,355,c09,11,days_113.45_134.08,OVL-C1105
overlap,356,c09,11,days_113.45_134.08,OVL-C1105
overlap,392,c09,11,days_113.45_134.08,OVL-C1105
overlap,416,c09,11,days_113.45_134.08,OVL-C1105
overlap,435,c09,11,days_113.45_134.08,OVL-C1105
overlap,439,c09,11,days_113.45_134.08,OVL-C1105
overlap,447,c09,11,days_113.45_134.08,OVL-C1105
overlap,459,c09,11,days_113.45_134.08,OVL-C1105
overlap,472,c09,11,days_113.45_134.08,OVL-C1105
overlap,478,c09,11,days_113.45_134.08,OVL-C1105
overlap,500,c09,11,days_113.45_134.08,OVL-C1105
overlap,515,c09,11,days_113.45_134.08,OVL-C1105
overlap,517,c09,11,days_113.45_134.08,OVL-C1105
overlap,523,c09,11,days_113.45_134.08,OVL-C1105
overlap,556,c09,11,days_113.45_134.08,OVL-C1105
overlap,557,c09,11,days_113.45_134.08,OVL-C1105
overlap,564,c09,11,days_113.45_134.08,OVL-C1105
overlap,573,c09,11,days_113.45_134.08,OVL-C1105
overlap,574,c09,11,days_113.45_134.08,OVL-C1105
overlap,575,c09,11,days_113.45_134.08,OVL-C1105
overlap,586,c09,11,days_113.45_134.08,OVL-C1105
overlap,602,c09,11,days_113.45_134.08,OVL-C1105
overlap,607,c09,11,days_113.45_134.08,OVL-C1105
overlap,648,c09,11,days_113.45_134.08,OVL-C1105
overlap,674,c09,11,days_113.45_134.08,OVL-C1105
overlap,699,c09,11,days_113.45_134.08,OVL-C1105
overlap,743,c09,11,days_113.45_134.08,OVL-C1105
overlap,759,c09,11,days_113.45_134.08,OVL-C1105
overlap,762,c09,11,days_113.45_134.08,OVL-C1105
overlap,765,c09,11,days_113.45_134.08,OVL-C1105
overlap,782,c09,11,days_113.45_134.08,OVL-C1105
overlap,803,c09,11,days_113.45_134.08,OVL-C1105
overlap,868,c09,11,days_113.45_134.08,OVL-C1105
overlap,885,c09,11,days_113.45_134.08,OVL-C1105
overlap,908,c09,11,days_113.45_134.08,OVL-C1105
overlap,912,c09,11,days_113.45_134.08,OVL-C1105
overlap,944,c09,11,days_113.45_134.08,OVL-C1105
overlap,984,c09,11,days_113.45_134.08,OVL-C1105
overlap,28,c05,12,days_123.76_144.39,OVL-C1207
overlap,56,c05,12,days_123.76_144.39,OVL-C1207
overlap,68,c05,12,days_123.76_144.39,OVL-C1207
overlap,95,c05,12,days_123.76_144.39,OVL-C1207
overlap,170,c05,12,days_123.76_144.39,OVL-C1207
overlap,176,c05,12,days_123.76_144.39,OVL-C1207
overlap,231,c05,12,days_123.76_144.39,OVL-C1207
overlap,245,c05,12,days_123.76_144.39,OVL-C1207
overlap,251,c05,12,days_123.76_144.39,OVL-C1207
overlap,264,c05,12,days_123.76_144.39,OVL-C1207
overlap,269,c05,12,days_123.76_144.39,OVL-C1207
overlap,311,c05,12,days_123.76_144.39,OVL-C1207
overlap,329,c05,12,days_123.76_144.39,OVL-C1207
overlap,338,c05,12,days_123.76_144.39,OVL-C1207
overlap,361,c05,12,days_123.76_144.39,OVL-C1207
overlap,364,c05,12,days_123.76_144.39,OVL-C1207
overlap,405,c05,12,days_123.76_144.39,OVL-C1207
overlap,427,c05,12,days_123.76_144.39,OVL-C1207
overlap,432,c05,12,days_123.76_144.39,OVL-C1207
overlap,433,c05,12,days_123.76_144.39,OVL-C1207
overlap,482,c05,12,days_123.76_144.39,OVL-C1207
overlap,511,c05,12,days_123.76_144.39,OVL-C1207
overlap,531,c05,12,days_123.76_144.39,OVL-C1207
overlap,540,c05,12,days_123.76_144.39,OVL-C1207
overlap,582,c05,12,days_123.76_144.39,OVL-C1207
overlap,588,c05,12,days_123.76_144.39,OVL-C1207
overlap,624,c05,12,days_123.76_144.39,OVL-C1207
overlap,641,c05,12,days_123.76_144.39,OVL-C1207
overlap,697,c05,12,days_123.76_144.39,OVL-C1207
overlap,698,c05,12,days_123.76_144.39,OVL-C1207
overlap,736,c05,12,days_123.76_144.39,OVL-C1207
overlap,764,c05,12,days_123.76_144.39,OVL-C1207
overlap,769,c05,12,days_123.76_144.39,OVL-C1207
overlap,773,c05,12,days_123.76_144.39,OVL-C1207
overlap,789,c05,12,days_123.76_144.39,OVL-C1207
overlap,798,c05,12,days_123.76_144.39,OVL-C1207
overlap,809,c05,12,days_123.76_144.39,OVL-C1207
overlap,836,c05,12,days_123.76_144.39,OVL-C1207
overlap,840,c05,12,days_123.76_144.39,OVL-C1207
overlap,855,c05,12,days_123.76_144.39,OVL-C1207
overlap,872,c05,12,days_123.76_144.39,OVL-C1207
overlap,873,c05,12,days_123.76_144.39,OVL-C1207
overlap,925,c05,12,days_123.76_144.39,OVL-C1207
overlap,955,c05,12,days_123.76_144.39,OVL-C1207
overlap,987,c05,12,days_123.76_144.39,OVL-C1207
overlap,994,c05,12,days_123.76_144.39,OVL-C1207
overlap,995,c05,12,days_123.76_144.39,OVL-C1207
overlap,30,c09,12,days_123.76_144.39,OVL-C1205
overlap,45,c09,12,days_123.76_144.39,OVL-C1205
overlap,52,c09,12,days_123.76_144.39,OVL-C1205
overlap,66,c09,12,days_123.76_144.39,OVL-C1205
overlap,74,c09,12,days_123.76_144.39,OVL-C1205
overlap,77,c09,12,days_123.76_144.39,OVL-C1205
overlap,104,c09,12,days_123.76_144.39,OVL-C1205
overlap,111,c09,12,days_123.76_144.39,OVL-C1205
overlap,112,c09,12,days_123.76_144.39,OVL-C1205
overlap,126,c09,12,days_123.76_144.39,OVL-C1205
overlap,133,c09,12,days_123.76_144.39,OVL-C1205
overlap,166,c09,12,days_123.76_144.39,OVL-C1205
overlap,168,c09,12,days_123.76_144.39,OVL-C1205
overlap,186,c09,12,days_123.76_144.39,OVL-C1205
overlap,209,c09,12,days_123.76_144.39,OVL-C1205
overlap,232,c09,12,days_123.76_144.39,OVL-C1205
overlap,256,c09,12,days_123.76_144.39,OVL-C1205
overlap,260,c09,12,days_123.76_144.39,OVL-C1205
overlap,266,c09,12,days_123.76_144.39,OVL-C1205
overlap,294,c09,12,days_123.76_144.39,OVL-C1205
overlap,305,c09,12,days_123.76_144.39,OVL-C1205
overlap,313,c09,12,days_123.76_144.39,OVL-C1205
overlap,318,c09,12,days_123.76_144.39,OVL-C1205
overlap,332,c09,12,days_123.76_144.39,OVL-C1205
overlap,356,c09,12,days_123.76_144.39,OVL-C1205
overlap,416,c09,12,days_123.76_144.39,OVL-C1205
overlap,435,c09,12,days_123.76_144.39,OVL-C1205
overlap,439,c09,12,days_123.76_144.39,OVL-C1205
overlap,447,c09,12,days_123.76_144.39,OVL-C1205
overlap,472,c09,12,days_123.76_144.39,OVL-C1205
overlap,478,c09,12,days_123.76_144.39,OVL-C1205
overlap,500,c09,12,days_123.76_144.39,OVL-C1205
overlap,515,c09,12,days_123.76_144.39,OVL-C1205
overlap,517,c09,12,days_123.76_144.39,OVL-C1205
overlap,523,c09,12,days_123.76_144.39,OVL-C1205
overlap,556,c09,12,days_123.76_144.39,OVL-C1205
overlap,557,c09,12,days_123.76_144.39,OVL-C1205
overlap,573,c09,12,days_123.76_144.39,OVL-C1205
overlap,574,c09,12,days_123.76_144.39,OVL-C1205
overlap,575,c09,12,days_123.76_144.39,OVL-C1205
overlap,586,c09,12,days_123.76_144.39,OVL-C1205
overlap,602,c09,12,days_123.76_144.39,OVL-C1205
overlap,648,c09,12,days_123.76_144.39,OVL-C1205
overlap,674,c09,12,days_123.76_144.39,OVL-C1205
overlap,699,c09,12,days_123.76_144.39,OVL-C1205
overlap,743,c09,12,days_123.76_144.39,OVL-C1205
overlap,759,c09,12,days_123.76_144.39,OVL-C1205
overlap,762,c09,12,days_123.76_144.39,OVL-C1205
overlap,765,c09,12,days_123.76_144.39,OVL-C1205
overlap,782,c09,12,days_123.76_144.39,OVL-C1205
overlap,803,c09,12,days_123.76_144.39,OVL-C1205
overlap,814,c09,12,days_123.76_144.39,OVL-C1205
overlap,868,c09,12,days_123.76_144.39,OVL-C1205
overlap,885,c09,12,days_123.76_144.39,OVL-C1205
overlap,908,c09,12,days_123.76_144.39,OVL-C1205
overlap,912,c09,12,days_123.76_144.39,OVL-C1205
overlap,949,c09,12,days_123.76_144.39,OVL-C1205
overlap,984,c09,12,days_123.76_144.39,OVL-C1205
overlap,28,c05,13,days_134.08_154.71,OVL-C1308
overlap,56,c05,13,days_134.08_154.71,OVL-C1308
overlap,68,c05,13,days_134.08_154.71,OVL-C1308
overlap,95,c05,13,days_134.08_154.71,OVL-C1308
overlap,231,c05,13,days_134.08_154.71,OVL-C1308
overlap,245,c05,13,days_134.08_154.71,OVL-C1308
overlap,251,c05,13,days_134.08_154.71,OVL-C1308
overlap,264,c05,13,days_134.08_154.71,OVL-C1308
overlap,311,c05,13,days_134.08_154.71,OVL-C1308
overlap,329,c05,13,days_134.08_154.71,OVL-C1308
overlap,338,c05,13,days_134.08_154.71,OVL-C1308
overlap,361,c05,13,days_134.08_154.71,OVL-C1308
overlap,364,c05,13,days_134.08_154.71,OVL-C1308
overlap,405,c05,13,days_134.08_154.71,OVL-C1308
overlap,427,c05,13,days_134.08_154.71,OVL-C1308
overlap,432,c05,13,days_134.08_154.71,OVL-C1308
overlap,433,c05,13,days_134.08_154.71,OVL-C1308
overlap,482,c05,13,days_134.08_154.71,OVL-C1308
overlap,511,c05,13,days_134.08_154.71,OVL-C1308
overlap,531,c05,13,days_134.08_154.71,OVL-C1308
overlap,540,c05,13,days_134.08_154.71,OVL-C1308
overlap,582,c05,13,days_134.08_154.71,OVL-C1308
overlap,606,c05,13,days_134.08_154.71,OVL-C1308
overlap,624,c05,13,days_134.08_154.71,OVL-C1308
overlap,641,c05,13,days_134.08_154.71,OVL-C1308
overlap,697,c05,13,days_134.08_154.71,OVL-C1308
overlap,698,c05,13,days_134.08_154.71,OVL-C1308
overlap,764,c05,13,days_134.08_154.71,OVL-C1308
overlap,773,c05,13,days_134.08_154.71,OVL-C1308
overlap,789,c05,13,days_134.08_154.71,OVL-C1308
overlap,798,c05,13,days_134.08_154.71,OVL-C1308
overlap,809,c05,13,days_134.08_154.71,OVL-C1308
overlap,815,c05,13,days_134.08_154.71,OVL-C1308
overlap,819,c05,13,days_134.08_154.71,OVL-C1308
overlap,830,c05,13,days_134.08_154.71,OVL-C1308
overlap,840,c05,13,days_134.08_154.71,OVL-C1308
overlap,855,c05,13,days_134.08_154.71,OVL-C1308
overlap,872,c05,13,days_134.08_154.71,OVL-C1308
overlap,873,c05,13,days_134.08_154.71,OVL-C1308
overlap,925,c05,13,days_134.08_154.71,OVL-C1308
overlap,955,c05,13,days_134.08_154.71,OVL-C1308
overlap,987,c05,13,days_134.08_154.71,OVL-C1308
overlap,994,c05,13,days_134.08_154.71,OVL-C1308
overlap,30,c09,13,days_134.08_154.71,OVL-C1304
overlap,52,c09,13,days_134.08_154.71,OVL-C1304
overlap,62,c09,13,days_134.08_154.71,OVL-C1304
overlap,74,c09,13,days_134.08_154.71,OVL-C1304
overlap,77,c09,13,days_134.08_154.71,OVL-C1304
overlap,104,c09,13,days_134.08_154.71,OVL-C1304
overlap,111,c09,13,days_134.08_154.71,OVL-C1304
overlap,126,c09,13,days_134.08_154.71,OVL-C1304
overlap,133,c09,13,days_134.08_154.71,OVL-C1304
overlap,161,c09,13,days_134.08_154.71,OVL-C1304
overlap,166,c09,13,days_134.08_154.71,OVL-C1304
overlap,168,c09,13,days_134.08_154.71,OVL-C1304
overlap,186,c09,13,days_134.08_154.71,OVL-C1304
overlap,204,c09,13,days_134.08_154.71,OVL-C1304
overlap,209,c09,13,days_134.08_154.71,OVL-C1304
overlap,232,c09,13,days_134.08_154.71,OVL-C1304
overlap,256,c09,13,days_134.08_154.71,OVL-C1304
overlap,260,c09,13,days_134.08_154.71,OVL-C1304
overlap,266,c09,13,days_134.08_154.71,OVL-C1304
overlap,294,c09,13,days_134.08_154.71,OVL-C1304
overlap,305,c09,13,days_134.08_154.71,OVL-C1304
overlap,307,c09,13,days_134.08_154.71,OVL-C1304
overlap,313,c09,13,days_134.08_154.71,OVL-C1304
overlap,332,c09,13,days_134.08_154.71,OVL-C1304
overlap,356,c09,13,days_134.08_154.71,OVL-C1304
overlap,416,c09,13,days_134.08_154.71,OVL-C1304
overlap,435,c09,13,days_134.08_154.71,OVL-C1304
overlap,439,c09,13,days_134.08_154.71,OVL-C1304
overlap,447,c09,13,days_134.08_154.71,OVL-C1304
overlap,449,c09,13,days_134.08_154.71,OVL-C1304
overlap,472,c09,13,days_134.08_154.71,OVL-C1304
overlap,478,c09,13,days_134.08_154.71,OVL-C1304
overlap,500,c09,13,days_134.08_154.71,OVL-C1304
overlap,515,c09,13,days_134.08_154.71,OVL-C1304
overlap,557,c09,13,days_134.08_154.71,OVL-C1304
overlap,573,c09,13,days_134.08_154.71,OVL-C1304
overlap,574,c09,13,days_134.08_154.71,OVL-C1304
overlap,575,c09,13,days_134.08_154.71,OVL-C1304
overlap,586,c09,13,days_134.08_154.71,OVL-C1304
overlap,602,c09,13,days_134.08_154.71,OVL-C1304
overlap,648,c09,13,days_134.08_154.71,OVL-C1304
overlap,699,c09,13,days_134.08_154.71,OVL-C1304
overlap,743,c09,13,days_134.08_154.71,OVL-C1304
overlap,759,c09,13,days_134.08_154.71,OVL-C1304
overlap,762,c09,13,days_134.08_154.71,OVL-C1304
overlap,765,c09,13,days_134.08_154.71,OVL-C1304
overlap,782,c09,13,days_134.08_154.71,OVL-C1304
overlap,794,c09,13,days_134.08_154.71,OVL-C1304
overlap,814,c09,13,days_134.08_154.71,OVL-C1304
overlap,868,c09,13,days_134.08_154.71,OVL-C1304
overlap,885,c09,13,days_134.08_154.71,OVL-C1304
overlap,889,c09,13,days_134.08_154.71,OVL-C1304
overlap,908,c09,13,days_134.08_154.71,OVL-C1304
overlap,912,c09,13,days_134.08_154.71,OVL-C1304
overlap,949,c09,13,days_134.08_154.71,OVL-C1304
overlap,984,c09,13,days_134.08_154.71,OVL-C1304
overlap,28,c05,14,days_144.39_165.02,OVL-C1407
overlap,56,c05,14,days_144.39_165.02,OVL-C1407
overlap,68,c05,14,days_144.39_165.02,OVL-C1407
overlap,95,c05,14,days_144.39_165.02,OVL-C1407
overlap,170,c05,14,days_144.39_165.02,OVL-C1407
overlap,176,c05,14,days_144.39_165.02,OVL-C1407
overlap,231,c05,14,days_144.39_165.02,OVL-C1407
overlap,233,c05,14,days_144.39_165.02,OVL-C1407
overlap,245,c05,14,days_144.39_165.02,OVL-C1407
overlap,251,c05,14,days_144.39_165.02,OVL-C1407
overlap,264,c05,14,days_144.39_165.02,OVL-C1407
overlap,311,c05,14,days_144.39_165.02,OVL-C1407
overlap,329,c05,14,days_144.39_165.02,OVL-C1407
overlap,338,c05,14,days_144.39_165.02,OVL-C1407
overlap,361,c05,14,days_144.39_165.02,OVL-C1407
overlap,364,c05,14,days_144.39_165.02,OVL-C1407
overlap,427,c05,14,days_144.39_165.02,OVL-C1407
overlap,432,c05,14,days_144.39_165.02,OVL-C1407
overlap,433,c05,14,days_144.39_165.02,OVL-C1407
overlap,448,c05,14,days_144.39_165.02,OVL-C1407
overlap,482,c05,14,days_144.39_165.02,OVL-C1407
overlap,511,c05,14,days_144.39_165.02,OVL-C1407
overlap,531,c05,14,days_144.39_165.02,OVL-C1407
overlap,540,c05,14,days_144.39_165.02,OVL-C1407
overlap,582,c05,14,days_144.39_165.02,OVL-C1407
overlap,588,c05,14,days_144.39_165.02,OVL-C1407
overlap,606,c05,14,days_144.39_165.02,OVL-C1407
overlap,624,c05,14,days_144.39_165.02,OVL-C1407
overlap,641,c05,14,days_144.39_165.02,OVL-C1407
overlap,692,c05,14,days_144.39_165.02,OVL-C1407
overlap,697,c05,14,days_144.39_165.02,OVL-C1407
overlap,698,c05,14,days_144.39_165.02,OVL-C1407
overlap,764,c05,14,days_144.39_165.02,OVL-C1407
overlap,769,c05,14,days_144.39_165.02,OVL-C1407
overlap,773,c05,14,days_144.39_165.02,OVL-C1407
overlap,789,c05,14,days_144.39_165.02,OVL-C1407
overlap,807,c05,14,days_144.39_165.02,OVL-C1407
overlap,809,c05,14,days_144.39_165.02,OVL-C1407
overlap,819,c05,14,days_144.39_165.02,OVL-C1407
overlap,836,c05,14,days_144.39_165.02,OVL-C1407
overlap,840,c05,14,days_144.39_165.02,OVL-C1407
overlap,855,c05,14,days_144.39_165.02,OVL-C1407
overlap,872,c05,14,days_144.39_165.02,OVL-C1407
overlap,873,c05,14,days_144.39_165.02,OVL-C1407
overlap,910,c05,14,days_144.39_165.02,OVL-C1407
overlap,925,c05,14,days_144.39_165.02,OVL-C1407
overlap,955,c05,14,days_144.39_165.02,OVL-C1407
overlap,987,c05,14,days_144.39_165.02,OVL-C1407
overlap,994,c05,14,days_144.39_165.02,OVL-C1407
overlap,30,c09,14,days_144.39_165.02,OVL-C1406
overlap,52,c09,14,days_144.39_165.02,OVL-C1406
overlap,74,c09,14,days_144.39_165.02,OVL-C1406
overlap,77,c09,14,days_144.39_165.02,OVL-C1406
overlap,104,c09,14,days_144.39_165.02,OVL-C1406
overlap,111,c09,14,days_144.39_165.02,OVL-C1406
overlap,126,c09,14,days_144.39_165.02,OVL-C1406
overlap,133,c09,14,days_144.39_165.02,OVL-C1406
overlap,161,c09,14,days_144.39_165.02,OVL-C1406
overlap,166,c09,14,days_144.39_165.02,OVL-C1406
overlap,168,c09,14,days_144.39_165.02,OVL-C1406
overlap,186,c09,14,days_144.39_165.02,OVL-C1406
overlap,204,c09,14,days_144.39_165.02,OVL-C1406
overlap,209,c09,14,days_144.39_165.02,OVL-C1406
overlap,232,c09,14,days_144.39_165.02,OVL-C1406
overlap,256,c09,14,days_144.39_165.02,OVL-C1406
overlap,260,c09,14,days_144.39_165.02,OVL-C1406
overlap,266,c09,14,days_144.39_165.02,OVL-C1406
overlap,267,c09,14,days_144.39_165.02,OVL-C1406
overlap,294,c09,14,days_144.39_165.02,OVL-C1406
overlap,305,c09,14,days_144.39_165.02,OVL-C1406
overlap,307,c09,14,days_144.39_165.02,OVL-C1406
overlap,313,c09,14,days_144.39_165.02,OVL-C1406
overlap,318,c09,14,days_144.39_165.02,OVL-C1406
overlap,332,c09,14,days_144.39_165.02,OVL-C1406
overlap,356,c09,14,days_144.39_165.02,OVL-C1406
overlap,416,c09,14,days_144.39_165.02,OVL-C1406
overlap,435,c09,14,days_144.39_165.02,OVL-C1406
overlap,439,c09,14,days_144.39_165.02,OVL-C1406
overlap,447,c09,14,days_144.39_165.02,OVL-C1406
overlap,449,c09,14,days_144.39_165.02,OVL-C1406
overlap,472,c09,14,days_144.39_165.02,OVL-C1406
overlap,479,c09,14,days_144.39_165.02,OVL-C1406
overlap,500,c09,14,days_144.39_165.02,OVL-C1406
overlap,557,c09,14,days_144.39_165.02,OVL-C1406
overlap,573,c09,14,days_144.39_165.02,OVL-C1406
overlap,574,c09,14,days_144.39_165.02,OVL-C1406
overlap,575,c09,14,days_144.39_165.02,OVL-C1406
overlap,586,c09,14,days_144.39_165.02,OVL-C1406
overlap,589,c09,14,days_144.39_165.02,OVL-C1406
overlap,602,c09,14,days_144.39_165.02,OVL-C1406
overlap,648,c09,14,days_144.39_165.02,OVL-C1406
overlap,699,c09,14,days_144.39_165.02,OVL-C1406
overlap,730,c09,14,days_144.39_165.02,OVL-C1406
overlap,743,c09,14,days_144.39_165.02,OVL-C1406
overlap,759,c09,14,days_144.39_165.02,OVL-C1406
overlap,762,c09,14,days_144.39_165.02,OVL-C1406
overlap,765,c09,14,days_144.39_165.02,OVL-C1406
overlap,782,c09,14,days_144.39_165.02,OVL-C1406
overlap,868,c09,14,days_144.39_165.02,OVL-C1406
overlap,869,c09,14,days_144.39_165.02,OVL-C1406
overlap,885,c09,14,days_144.39_165.02,OVL-C1406
overlap,889,c09,14,days_144.39_165.02,OVL-C1406
overlap,908,c09,14,days_144.39_165.02,OVL-C1406
overlap,912,c09,14,days_144.39_165.02,OVL-C1406
overlap,948,c09,14,days_144.39_165.02,OVL-C1406
overlap,949,c09,14,days_144.39_165.02,OVL-C1406
overlap,984,c09,14,days_144.39_165.02,OVL-C1406
overlap,28,c05,15,days_154.71_175.33,OVL-C1504
overlap,56,c05,15,days_154.71_175.33,OVL-C1504
overlap,68,c05,15,days_154.71_175.33,OVL-C1504
overlap,72,c05,15,days_154.71_175.33,OVL-C1504
overlap,95,c05,15,days_154.71_175.33,OVL-C1504
overlap,135,c05,15,days_154.71_175.33,OVL-C1504
overlap,137,c05,15,days_154.71_175.33,OVL-C1504
overlap,170,c05,15,days_154.71_175.33,OVL-C1504
overlap,176,c05,15,days_154.71_175.33,OVL-C1504
overlap,231,c05,15,days_154.71_175.33,OVL-C1504
overlap,233,c05,15,days_154.71_175.33,OVL-C1504
overlap,245,c05,15,days_154.71_175.33,OVL-C1504
overlap,251,c05,15,days_154.71_175.33,OVL-C1504
overlap,264,c05,15,days_154.71_175.33,OVL-C1504
overlap,269,c05,15,days_154.71_175.33,OVL-C1504
overlap,273,c05,15,days_154.71_175.33,OVL-C1504
overlap,292,c05,15,days_154.71_175.33,OVL-C1504
overlap,311,c05,15,days_154.71_175.33,OVL-C1504
overlap,329,c05,15,days_154.71_175.33,OVL-C1504
overlap,330,c05,15,days_154.71_175.33,OVL-C1504
overlap,338,c05,15,days_154.71_175.33,OVL-C1504
overlap,361,c05,15,days_154.71_175.33,OVL-C1504
overlap,364,c05,15,days_154.71_175.33,OVL-C1504
overlap,405,c05,15,days_154.71_175.33,OVL-C1504
overlap,427,c05,15,days_154.71_175.33,OVL-C1504
overlap,432,c05,15,days_154.71_175.33,OVL-C1504
overlap,433,c05,15,days_154.71_175.33,OVL-C1504
overlap,448,c05,15,days_154.71_175.33,OVL-C1504
overlap,482,c05,15,days_154.71_175.33,OVL-C1504
overlap,531,c05,15,days_154.71_175.33,OVL-C1504
overlap,540,c05,15,days_154.71_175.33,OVL-C1504
overlap,549,c05,15,days_154.71_175.33,OVL-C1504
overlap,581,c05,15,days_154.71_175.33,OVL-C1504
overlap,582,c05,15,days_154.71_175.33,OVL-C1504
overlap,588,c05,15,days_154.71_175.33,OVL-C1504
overlap,606,c05,15,days_154.71_175.33,OVL-C1504
overlap,624,c05,15,days_154.71_175.33,OVL-C1504
overlap,626,c05,15,days_154.71_175.33,OVL-C1504
overlap,641,c05,15,days_154.71_175.33,OVL-C1504
overlap,692,c05,15,days_154.71_175.33,OVL-C1504
overlap,697,c05,15,days_154.71_175.33,OVL-C1504
overlap,698,c05,15,days_154.71_175.33,OVL-C1504
overlap,764,c05,15,days_154.71_175.33,OVL-C1504
overlap,769,c05,15,days_154.71_175.33,OVL-C1504
overlap,773,c05,15,days_154.71_175.33,OVL-C1504
overlap,789,c05,15,days_154.71_175.33,OVL-C1504
overlap,807,c05,15,days_154.71_175.33,OVL-C1504
overlap,809,c05,15,days_154.71_175.33,OVL-C1504
overlap,819,c05,15,days_154.71_175.33,OVL-C1504
overlap,836,c05,15,days_154.71_175.33,OVL-C1504
overlap,840,c05,15,days_154.71_175.33,OVL-C1504
overlap,855,c05,15,days_154.71_175.33,OVL-C1504
overlap,863,c05,15,days_154.71_175.33,OVL-C1504
overlap,872,c05,15,days_154.71_175.33,OVL-C1504
overlap,873,c05,15,days_154.71_175.33,OVL-C1504
overlap,887,c05,15,days_154.71_175.33,OVL-C1504
overlap,910,c05,15,days_154.71_175.33,OVL-C1504
overlap,925,c05,15,days_154.71_175.33,OVL-C1504
overlap,936,c05,15,days_154.71_175.33,OVL-C1504
overlap,942,c05,15,days_154.71_175.33,OVL-C1504
overlap,955,c05,15,days_154.71_175.33,OVL-C1504
overlap,987,c05,15,days_154.71_175.33,OVL-C1504
overlap,993,c05,15,days_154.71_175.33,OVL-C1504
overlap,994,c05,15,days_154.71_175.33,OVL-C1504
overlap,995,c05,15,days_154.71_175.33,OVL-C1504
overlap,30,c09,15,days_154.71_175.33,OVL-C1505
overlap,52,c09,15,days_154.71_175.33,OVL-C1505
overlap,74,c09,15,days_154.71_175.33,OVL-C1505
overlap,77,c09,15,days_154.71_175.33,OVL-C1505
overlap,104,c09,15,days_154.71_175.33,OVL-C1505
overlap,111,c09,15,days_154.71_175.33,OVL-C1505
overlap,112,c09,15,days_154.71_175.33,OVL-C1505
overlap,126,c09,15,days_154.71_175.33,OVL-C1505
overlap,133,c09,15,days_154.71_175.33,OVL-C1505
overlap,161,c09,15,days_154.71_175.33,OVL-C1505
overlap,166,c09,15,days_154.71_175.33,OVL-C1505
overlap,168,c09,15,days_154.71_175.33,OVL-C1505
overlap,182,c09,15,days_154.71_175.33,OVL-C1505
overlap,186,c09,15,days_154.71_175.33,OVL-C1505
overlap,209,c09,15,days_154.71_175.33,OVL-C1505
overlap,232,c09,15,days_154.71_175.33,OVL-C1505
overlap,256,c09,15,days_154.71_175.33,OVL-C1505
overlap,260,c09,15,days_154.71_175.33,OVL-C1505
overlap,266,c09,15,days_154.71_175.33,OVL-C1505
overlap,267,c09,15,days_154.71_175.33,OVL-C1505
overlap,281,c09,15,days_154.71_175.33,OVL-C1505
overlap,294,c09,15,days_154.71_175.33,OVL-C1505
overlap,305,c09,15,days_154.71_175.33,OVL-C1505
overlap,307,c09,15,days_154.71_175.33,OVL-C1505
overlap,310,c09,15,days_154.71_175.33,OVL-C1505
overlap,313,c09,15,days_154.71_175.33,OVL-C1505
overlap,332,c09,15,days_154.71_175.33,OVL-C1505
overlap,356,c09,15,days_154.71_175.33,OVL-C1505
overlap,369,c09,15,days_154.71_175.33,OVL-C1505
overlap,416,c09,15,days_154.71_175.33,OVL-C1505
overlap,435,c09,15,days_154.71_175.33,OVL-C1505
overlap,439,c09,15,days_154.71_175.33,OVL-C1505
overlap,447,c09,15,days_154.71_175.33,OVL-C1505
overlap,449,c09,15,days_154.71_175.33,OVL-C1505
overlap,472,c09,15,days_154.71_175.33,OVL-C1505
overlap,478,c09,15,days_154.71_175.33,OVL-C1505
overlap,500,c09,15,days_154.71_175.33,OVL-C1505
overlap,557,c09,15,days_154.71_175.33,OVL-C1505
overlap,573,c09,15,days_154.71_175.33,OVL-C1505
overlap,575,c09,15,days_154.71_175.33,OVL-C1505
overlap,586,c09,15,days_154.71_175.33,OVL-C1505
overlap,602,c09,15,days_154.71_175.33,OVL-C1505
overlap,617,c09,15,days_154.71_175.33,OVL-C1505
overlap,648,c09,15,days_154.71_175.33,OVL-C1505
overlap,687,c09,15,days_154.71_175.33,OVL-C1505
overlap,699,c09,15,days_154.71_175.33,OVL-C1505
overlap,704,c09,15,days_154.71_175.33,OVL-C1505
overlap,730,c09,15,days_154.71_175.33,OVL-C1505
overlap,743,c09,15,days_154.71_175.33,OVL-C1505
overlap,759,c09,15,days_154.71_175.33,OVL-C1505
overlap,762,c09,15,days_154.71_175.33,OVL-C1505
overlap,765,c09,15,days_154.71_175.33,OVL-C1505
overlap,782,c09,15,days_154.71_175.33,OVL-C1505
overlap,803,c09,15,days_154.71_175.33,OVL-C1505
overlap,814,c09,15,days_154.71_175.33,OVL-C1505
overlap,868,c09,15,days_154.71_175.33,OVL-C1505
overlap,869,c09,15,days_154.71_175.33,OVL-C1505
overlap,885,c09,15,days_154.71_175.33,OVL-C1505
overlap,905,c09,15,days_154.71_175.33,OVL-C1505
overlap,908,c09,15,days_154.71_175.33,OVL-C1505
overlap,912,c09,15,days_154.71_175.33,OVL-C1505
overlap,948,c09,15,days_154.71_175.33,OVL-C1505
overlap,949,c09,15,days_154.71_175.33,OVL-C1505
overlap,984,c09,15,days_154.71_175.33,OVL-C1505
overlap,28,c05,16,days_165.02_185.65,OVL-C1609
overlap,56,c05,16,days_165.02_185.65,OVL-C1609
overlap,68,c05,16,days_165.02_185.65,OVL-C1609
overlap,95,c05,16,days_165.02_185.65,OVL-C1609
overlap,131,c05,16,days_165.02_185.65,OVL-C1609
overlap,231,c05,16,days_165.02_185.65,OVL-C1609
overlap,245,c05,16,days_165.02_185.65,OVL-C1609
overlap,251,c05,16,days_165.02_185.65,OVL-C1609
overlap,269,c05,16,days_165.02_185.65,OVL-C1609
overlap,311,c05,16,days_165.02_185.65,OVL-C1609
overlap,330,c05,16,days_165.02_185.65,OVL-C1609
overlap,338,c05,16,days_165.02_185.65,OVL-C1609
overlap,361,c05,16,days_165.02_185.65,OVL-C1609
overlap,364,c05,16,days_165.02_185.65,OVL-C1609
overlap,427,c05,16,days_165.02_185.65,OVL-C1609
overlap,432,c05,16,days_165.02_185.65,OVL-C1609
overlap,433,c05,16,days_165.02_185.65,OVL-C1609
overlap,471,c05,16,days_165.02_185.65,OVL-C1609
overlap,482,c05,16,days_165.02_185.65,OVL-C1609
overlap,531,c05,16,days_165.02_185.65,OVL-C1609
overlap,540,c05,16,days_165.02_185.65,OVL-C1609
overlap,580,c05,16,days_165.02_185.65,OVL-C1609
overlap,582,c05,16,days_165.02_185.65,OVL-C1609
overlap,624,c05,16,days_165.02_185.65,OVL-C1609
overlap,641,c05,16,days_165.02_185.65,OVL-C1609
overlap,698,c05,16,days_165.02_185.65,OVL-C1609
overlap,764,c05,16,days_165.02_185.65,OVL-C1609
overlap,773,c05,16,days_165.02_185.65,OVL-C1609
overlap,789,c05,16,days_165.02_185.65,OVL-C1609
overlap,809,c05,16,days_165.02_185.65,OVL-C1609
overlap,840,c05,16,days_165.02_185.65,OVL-C1609
overlap,872,c05,16,days_165.02_185.65,OVL-C1609
overlap,873,c05,16,days_165.02_185.65,OVL-C1609
overlap,925,c05,16,days_165.02_185.65,OVL-C1609
overlap,955,c05,16,days_165.02_185.65,OVL-C1609
overlap,983,c05,16,days_165.02_185.65,OVL-C1609
overlap,987,c05,16,days_165.02_185.65,OVL-C1609
overlap,994,c05,16,days_165.02_185.65,OVL-C1609
overlap,30,c09,16,days_165.02_185.65,OVL-C1604
overlap,52,c09,16,days_165.02_185.65,OVL-C1604
overlap,74,c09,16,days_165.02_185.65,OVL-C1604
overlap,77,c09,16,days_165.02_185.65,OVL-C1604
overlap,104,c09,16,days_165.02_185.65,OVL-C1604
overlap,111,c09,16,days_165.02_185.65,OVL-C1604
overlap,112,c09,16,days_165.02_185.65,OVL-C1604
overlap,126,c09,16,days_165.02_185.65,OVL-C1604
overlap,133,c09,16,days_165.02_185.65,OVL-C1604
overlap,166,c09,16,days_165.02_185.65,OVL-C1604
overlap,168,c09,16,days_165.02_185.65,OVL-C1604
overlap,182,c09,16,days_165.02_185.65,OVL-C1604
overlap,186,c09,16,days_165.02_185.65,OVL-C1604
overlap,209,c09,16,days_165.02_185.65,OVL-C1604
overlap,232,c09,16,days_165.02_185.65,OVL-C1604
overlap,256,c09,16,days_165.02_185.65,OVL-C1604
overlap,260,c09,16,days_165.02_185.65,OVL-C1604
overlap,266,c09,16,days_165.02_185.65,OVL-C1604
overlap,267,c09,16,days_165.02_185.65,OVL-C1604
overlap,281,c09,16,days_165.02_185.65,OVL-C1604
overlap,294,c09,16,days_165.02_185.65,OVL-C1604
overlap,305,c09,16,days_165.02_185.65,OVL-C1604
overlap,313,c09,16,days_165.02_185.65,OVL-C1604
overlap,332,c09,16,days_165.02_185.65,OVL-C1604
overlap,356,c09,16,days_165.02_185.65,OVL-C1604
overlap,362,c09,16,days_165.02_185.65,OVL-C1604
overlap,416,c09,16,days_165.02_185.65,OVL-C1604
overlap,435,c09,16,days_165.02_185.65,OVL-C1604
overlap,439,c09,16,days_165.02_185.65,OVL-C1604
overlap,447,c09,16,days_165.02_185.65,OVL-C1604
overlap,459,c09,16,days_165.02_185.65,OVL-C1604
overlap,472,c09,16,days_165.02_185.65,OVL-C1604
overlap,478,c09,16,days_165.02_185.65,OVL-C1604
overlap,500,c09,16,days_165.02_185.65,OVL-C1604
overlap,517,c09,16,days_165.02_185.65,OVL-C1604
overlap,539,c09,16,days_165.02_185.65,OVL-C1604
overlap,557,c09,16,days_165.02_185.65,OVL-C1604
overlap,573,c09,16,days_165.02_185.65,OVL-C1604
overlap,575,c09,16,days_165.02_185.65,OVL-C1604
overlap,586,c09,16,days_165.02_185.65,OVL-C1604
overlap,602,c09,16,days_165.02_185.65,OVL-C1604
overlap,648,c09,16,days_165.02_185.65,OVL-C1604
overlap,674,c09,16,days_165.02_185.65,OVL-C1604
overlap,699,c09,16,days_165.02_185.65,OVL-C1604
overlap,730,c09,16,days_165.02_185.65,OVL-C1604
overlap,743,c09,16,days_165.02_185.65,OVL-C1604
overlap,759,c09,16,days_165.02_185.65,OVL-C1604
overlap,762,c09,16,days_165.02_185.65,OVL-C1604
overlap,765,c09,16,days_165.02_185.65,OVL-C1604
overlap,782,c09,16,days_165.02_185.65,OVL-C1604
overlap,794,c09,16,days_165.02_185.65,OVL-C1604
overlap,800,c09,16,days_165.02_185.65,OVL-C1604
overlap,803,c09,16,days_165.02_185.65,OVL-C1604
overlap,814,c09,16,days_165.02_185.65,OVL-C1604
overlap,868,c09,16,days_165.02_185.65,OVL-C1604
overlap,869,c09,16,days_165.02_185.65,OVL-C1604
overlap,885,c09,16,days_165.02_185.65,OVL-C1604
overlap,905,c09,16,days_165.02_185.65,OVL-C1604
overlap,908,c09,16,days_165.02_185.65,OVL-C1604
overlap,912,c09,16,days_165.02_185.65,OVL-C1604
overlap,948,c09,16,days_165.02_185.65,OVL-C1604
overlap,949,c09,16,days_165.02_185.65,OVL-C1604
overlap,984,c09,16,days_165.02_185.65,OVL-C1604
overlap,28,c05,17,days_175.33_195.96,OVL-C1708
overlap,56,c05,17,days_175.33_195.96,OVL-C1708
overlap,68,c05,17,days_175.33_195.96,OVL-C1708
overlap,95,c05,17,days_175.33_195.96,OVL-C1708
overlap,131,c05,17,days_175.33_195.96,OVL-C1708
overlap,175,c05,17,days_175.33_195.96,OVL-C1708
overlap,176,c05,17,days_175.33_195.96,OVL-C1708
overlap,231,c05,17,days_175.33_195.96,OVL-C1708
overlap,245,c05,17,days_175.33_195.96,OVL-C1708
overlap,251,c05,17,days_175.33_195.96,OVL-C1708
overlap,275,c05,17,days_175.33_195.96,OVL-C1708
overlap,311,c05,17,days_175.33_195.96,OVL-C1708
overlap,338,c05,17,days_175.33_195.96,OVL-C1708
overlap,361,c05,17,days_175.33_195.96,OVL-C1708
overlap,364,c05,17,days_175.33_195.96,OVL-C1708
overlap,397,c05,17,days_175.33_195.96,OVL-C1708
overlap,427,c05,17,days_175.33_195.96,OVL-C1708
overlap,432,c05,17,days_175.33_195.96,OVL-C1708
overlap,433,c05,17,days_175.33_195.96,OVL-C1708
overlap,482,c05,17,days_175.33_195.96,OVL-C1708
overlap,531,c05,17,days_175.33_195.96,OVL-C1708
overlap,540,c05,17,days_175.33_195.96,OVL-C1708
overlap,582,c05,17,days_175.33_195.96,OVL-C1708
overlap,588,c05,17,days_175.33_195.96,OVL-C1708
overlap,641,c05,17,days_175.33_195.96,OVL-C1708
overlap,671,c05,17,days_175.33_195.96,OVL-C1708
overlap,698,c05,17,days_175.33_195.96,OVL-C1708
overlap,764,c05,17,days_175.33_195.96,OVL-C1708
overlap,773,c05,17,days_175.33_195.96,OVL-C1708
overlap,789,c05,17,days_175.33_195.96,OVL-C1708
overlap,809,c05,17,days_175.33_195.96,OVL-C1708
overlap,836,c05,17,days_175.33_195.96,OVL-C1708
overlap,840,c05,17,days_175.33_195.96,OVL-C1708
overlap,849,c05,17,days_175.33_195.96,OVL-C1708
overlap,863,c05,17,days_175.33_195.96,OVL-C1708
overlap,872,c05,17,days_175.33_195.96,OVL-C1708
overlap,873,c05,17,days_175.33_195.96,OVL-C1708
overlap,955,c05,17,days_175.33_195.96,OVL-C1708
overlap,975,c05,17,days_175.33_195.96,OVL-C1708
overlap,983,c05,17,days_175.33_195.96,OVL-C1708
overlap,987,c05,17,days_175.33_195.96,OVL-C1708
overlap,994,c05,17,days_175.33_195.96,OVL-C1708
overlap,995,c05,17,days_175.33_195.96,OVL-C1708
overlap,30,c09,17,days_175.33_195.96,OVL-C1706
overlap,52,c09,17,days_175.33_195.96,OVL-C1706
overlap,74,c09,17,days_175.33_195.96,OVL-C1706
overlap,77,c09,17,days_175.33_195.96,OVL-C1706
overlap,104,c09,17,days_175.33_195.96,OVL-C1706
overlap,111,c09,17,days_175.33_195.96,OVL-C1706
overlap,112,c09,17,days_175.33_195.96,OVL-C1706
overlap,126,c09,17,days_175.33_195.96,OVL-C1706
overlap,133,c09,17,days_175.33_195.96,OVL-C1706
overlap,166,c09,17,days_175.33_195.96,OVL-C1706
overlap,168,c09,17,days_175.33_195.96,OVL-C1706
overlap,186,c09,17,days_175.33_195.96,OVL-C1706
overlap,204,c09,17,days_175.33_195.96,OVL-C1706
overlap,209,c09,17,days_175.33_195.96,OVL-C1706
overlap,232,c09,17,days_175.33_195.96,OVL-C1706
overlap,256,c09,17,days_175.33_195.96,OVL-C1706
overlap,260,c09,17,days_175.33_195.96,OVL-C1706
overlap,266,c09,17,days_175.33_195.96,OVL-C1706
overlap,267,c09,17,days_175.33_195.96,OVL-C1706
overlap,294,c09,17,days_175.33_195.96,OVL-C1706
overlap,313,c09,17,days_175.33_195.96,OVL-C1706
overlap,332,c09,17,days_175.33_195.96,OVL-C1706
overlap,356,c09,17,days_175.33_195.96,OVL-C1706
overlap,362,c09,17,days_175.33_195.96,OVL-C1706
overlap,416,c09,17,days_175.33_195.96,OVL-C1706
overlap,435,c09,17,days_175.33_195.96,OVL-C1706
overlap,439,c09,17,days_175.33_195.96,OVL-C1706
overlap,447,c09,17,days_175.33_195.96,OVL-C1706
overlap,459,c09,17,days_175.33_195.96,OVL-C1706
overlap,472,c09,17,days_175.33_195.96,OVL-C1706
overlap,478,c09,17,days_175.33_195.96,OVL-C1706
overlap,479,c09,17,days_175.33_195.96,OVL-C1706
overlap,500,c09,17,days_175.33_195.96,OVL-C1706
overlap,517,c09,17,days_175.33_195.96,OVL-C1706
overlap,539,c09,17,days_175.33_195.96,OVL-C1706
overlap,556,c09,17,days_175.33_195.96,OVL-C1706
overlap,557,c09,17,days_175.33_195.96,OVL-C1706
overlap,573,c09,17,days_175.33_195.96,OVL-C1706
overlap,575,c09,17,days_175.33_195.96,OVL-C1706
overlap,586,c09,17,days_175.33_195.96,OVL-C1706
overlap,602,c09,17,days_175.33_195.96,OVL-C1706
overlap,648,c09,17,days_175.33_195.96,OVL-C1706
overlap,674,c09,17,days_175.33_195.96,OVL-C1706
overlap,699,c09,17,days_175.33_195.96,OVL-C1706
overlap,730,c09,17,days_175.33_195.96,OVL-C1706
overlap,743,c09,17,days_175.33_195.96,OVL-C1706
overlap,759,c09,17,days_175.33_195.96,OVL-C1706
overlap,762,c09,17,days_175.33_195.96,OVL-C1706
overlap,765,c09,17,days_175.33_195.96,OVL-C1706
overlap,782,c09,17,days_175.33_195.96,OVL-C1706
overlap,794,c09,17,days_175.33_195.96,OVL-C1706
overlap,800,c09,17,days_175.33_195.96,OVL-C1706
overlap,803,c09,17,days_175.33_195.96,OVL-C1706
overlap,814,c09,17,days_175.33_195.96,OVL-C1706
overlap,868,c09,17,days_175.33_195.96,OVL-C1706
overlap,869,c09,17,days_175.33_195.96,OVL-C1706
overlap,908,c09,17,days_175.33_195.96,OVL-C1706
overlap,912,c09,17,days_175.33_195.96,OVL-C1706
overlap,948,c09,17,days_175.33_195.96,OVL-C1706
overlap,949,c09,17,days_175.33_195.96,OVL-C1706
overlap,984,c09,17,days_175.33_195.96,OVL-C1706
overlap,28,c05,18,days_185.65_206.27,OVL-C1808
overlap,56,c05,18,days_185.65_206.27,OVL-C1808
overlap,68,c05,18,days_185.65_206.27,OVL-C1808
overlap,95,c05,18,days_185.65_206.27,OVL-C1808
overlap,175,c05,18,days_185.65_206.27,OVL-C1808
overlap,231,c05,18,days_185.65_206.27,OVL-C1808
overlap,245,c05,18,days_185.65_206.27,OVL-C1808
overlap,251,c05,18,days_185.65_206.27,OVL-C1808
overlap,269,c05,18,days_185.65_206.27,OVL-C1808
overlap,275,c05,18,days_185.65_206.27,OVL-C1808
overlap,311,c05,18,days_185.65_206.27,OVL-C1808
overlap,329,c05,18,days_185.65_206.27,OVL-C1808
overlap,338,c05,18,days_185.65_206.27,OVL-C1808
overlap,361,c05,18,days_185.65_206.27,OVL-C1808
overlap,364,c05,18,days_185.65_206.27,OVL-C1808
overlap,427,c05,18,days_185.65_206.27,OVL-C1808
overlap,432,c05,18,days_185.65_206.27,OVL-C1808
overlap,433,c05,18,days_185.65_206.27,OVL-C1808
overlap,482,c05,18,days_185.65_206.27,OVL-C1808
overlap,511,c05,18,days_185.65_206.27,OVL-C1808
overlap,531,c05,18,days_185.65_206.27,OVL-C1808
overlap,540,c05,18,days_185.65_206.27,OVL-C1808
overlap,582,c05,18,days_185.65_206.27,OVL-C1808
overlap,588,c05,18,days_185.65_206.27,OVL-C1808
overlap,624,c05,18,days_185.65_206.27,OVL-C1808
overlap,641,c05,18,days_185.65_206.27,OVL-C1808
overlap,697,c05,18,days_185.65_206.27,OVL-C1808
overlap,698,c05,18,days_185.65_206.27,OVL-C1808
overlap,733,c05,18,days_185.65_206.27,OVL-C1808
overlap,736,c05,18,days_185.65_206.27,OVL-C1808
overlap,764,c05,18,days_185.65_206.27,OVL-C1808
overlap,773,c05,18,days_185.65_206.27,OVL-C1808
overlap,789,c05,18,days_185.65_206.27,OVL-C1808
overlap,809,c05,18,days_185.65_206.27,OVL-C1808
overlap,819,c05,18,days_185.65_206.27,OVL-C1808
overlap,836,c05,18,days_185.65_206.27,OVL-C1808
overlap,840,c05,18,days_185.65_206.27,OVL-C1808
overlap,849,c05,18,days_185.65_206.27,OVL-C1808
overlap,872,c05,18,days_185.65_206.27,OVL-C1808
overlap,873,c05,18,days_185.65_206.27,OVL-C1808
overlap,910,c05,18,days_185.65_206.27,OVL-C1808
overlap,925,c05,18,days_185.65_206.27,OVL-C1808
overlap,955,c05,18,days_185.65_206.27,OVL-C1808
overlap,987,c05,18,days_185.65_206.27,OVL-C1808
overlap,994,c05,18,days_185.65_206.27,OVL-C1808
overlap,995,c05,18,days_185.65_206.27,OVL-C1808
overlap,2,c09,18,days_185.65_206.27,OVL-C1802
overlap,30,c09,18,days_185.65_206.27,OVL-C1802
overlap,52,c09,18,days_185.65_206.27,OVL-C1802
overlap,74,c09,18,days_185.65_206.27,OVL-C1802
overlap,77,c09,18,days_185.65_206.27,OVL-C1802
overlap,104,c09,18,days_185.65_206.27,OVL-C1802
overlap,110,c09,18,days_185.65_206.27,OVL-C1802
overlap,111,c09,18,days_185.65_206.27,OVL-C1802
overlap,112,c09,18,days_185.65_206.27,OVL-C1802
overlap,119,c09,18,days_185.65_206.27,OVL-C1802
overlap,121,c09,18,days_185.65_206.27,OVL-C1802
overlap,126,c09,18,days_185.65_206.27,OVL-C1802
overlap,133,c09,18,days_185.65_206.27,OVL-C1802
overlap,166,c09,18,days_185.65_206.27,OVL-C1802
overlap,168,c09,18,days_185.65_206.27,OVL-C1802
overlap,186,c09,18,days_185.65_206.27,OVL-C1802
overlap,204,c09,18,days_185.65_206.27,OVL-C1802
overlap,209,c09,18,days_185.65_206.27,OVL-C1802
overlap,215,c09,18,days_185.65_206.27,OVL-C1802
overlap,232,c09,18,days_185.65_206.27,OVL-C1802
overlap,235,c09,18,days_185.65_206.27,OVL-C1802
overlap,240,c09,18,days_185.65_206.27,OVL-C1802
overlap,250,c09,18,days_185.65_206.27,OVL-C1802
overlap,256,c09,18,days_185.65_206.27,OVL-C1802
overlap,260,c09,18,days_185.65_206.27,OVL-C1802
overlap,266,c09,18,days_185.65_206.27,OVL-C1802
overlap,267,c09,18,days_185.65_206.27,OVL-C1802
overlap,294,c09,18,days_185.65_206.27,OVL-C1802
overlap,305,c09,18,days_185.65_206.27,OVL-C1802
overlap,313,c09,18,days_185.65_206.27,OVL-C1802
overlap,332,c09,18,days_185.65_206.27,OVL-C1802
overlap,356,c09,18,days_185.65_206.27,OVL-C1802
overlap,392,c09,18,days_185.65_206.27,OVL-C1802
overlap,416,c09,18,days_185.65_206.27,OVL-C1802
overlap,425,c09,18,days_185.65_206.27,OVL-C1802
overlap,435,c09,18,days_185.65_206.27,OVL-C1802
overlap,439,c09,18,days_185.65_206.27,OVL-C1802
overlap,447,c09,18,days_185.65_206.27,OVL-C1802
overlap,459,c09,18,days_185.65_206.27,OVL-C1802
overlap,465,c09,18,days_185.65_206.27,OVL-C1802
overlap,466,c09,18,days_185.65_206.27,OVL-C1802
overlap,472,c09,18,days_185.65_206.27,OVL-C1802
overlap,478,c09,18,days_185.65_206.27,OVL-C1802
overlap,479,c09,18,days_185.65_206.27,OVL-C1802
overlap,500,c09,18,days_185.65_206.27,OVL-C1802
overlap,517,c09,18,days_185.65_206.27,OVL-C1802
overlap,556,c09,18,days_185.65_206.27,OVL-C1802
overlap,557,c09,18,days_185.65_206.27,OVL-C1802
overlap,573,c09,18,days_185.65_206.27,OVL-C1802
overlap,575,c09,18,days_185.65_206.27,OVL-C1802
overlap,586,c09,18,days_185.65_206.27,OVL-C1802
overlap,602,c09,18,days_185.65_206.27,OVL-C1802
overlap,648,c09,18,days_185.65_206.27,OVL-C1802
overlap,674,c09,18,days_185.65_206.27,OVL-C1802
overlap,687,c09,18,days_185.65_206.27,OVL-C1802
overlap,699,c09,18,days_185.65_206.27,OVL-C1802
overlap,700,c09,18,days_185.65_206.27,OVL-C1802
overlap,704,c09,18,days_185.65_206.27,OVL-C1802
overlap,730,c09,18,days_185.65_206.27,OVL-C1802
overlap,743,c09,18,days_185.65_206.27,OVL-C1802
overlap,759,c09,18,days_185.65_206.27,OVL-C1802
overlap,762,c09,18,days_185.65_206.27,OVL-C1802
overlap,765,c09,18,days_185.65_206.27,OVL-C1802
overlap,782,c09,18,days_185.65_206.27,OVL-C1802
overlap,790,c09,18,days_185.65_206.27,OVL-C1802
overlap,794,c09,18,days_185.65_206.27,OVL-C1802
overlap,803,c09,18,days_185.65_206.27,OVL-C1802
overlap,812,c09,18,days_185.65_206.27,OVL-C1802
overlap,814,c09,18,days_185.65_206.27,OVL-C1802
overlap,825,c09,18,days_185.65_206.27,OVL-C1802
overlap,868,c09,18,days_185.65_206.27,OVL-C1802
overlap,885,c09,18,days_185.65_206.27,OVL-C1802
overlap,889,c09,18,days_185.65_206.27,OVL-C1802
overlap,908,c09,18,days_185.65_206.27,OVL-C1802
overlap,912,c09,18,days_185.65_206.27,OVL-C1802
overlap,948,c09,18,days_185.65_206.27,OVL-C1802
overlap,949,c09,18,days_185.65_206.27,OVL-C1802
overlap,984,c09,18,days_185.65_206.27,OVL-C1802
overlap,28,c05,19,days_195.96_216.59,OVL-C1907
overlap,56,c05,19,days_195.96_216.59,OVL-C1907
overlap,68,c05,19,days_195.96_216.59,OVL-C1907
overlap,95,c05,19,days_195.96_216.59,OVL-C1907
overlap,175,c05,19,days_195.96_216.59,OVL-C1907
overlap,185,c05,19,days_195.96_216.59,OVL-C1907
overlap,231,c05,19,days_195.96_216.59,OVL-C1907
overlap,245,c05,19,days_195.96_216.59,OVL-C1907
overlap,251,c05,19,days_195.96_216.59,OVL-C1907
overlap,264,c05,19,days_195.96_216.59,OVL-C1907
overlap,269,c05,19,days_195.96_216.59,OVL-C1907
overlap,275,c05,19,days_195.96_216.59,OVL-C1907
overlap,311,c05,19,days_195.96_216.59,OVL-C1907
overlap,329,c05,19,days_195.96_216.59,OVL-C1907
overlap,338,c05,19,days_195.96_216.59,OVL-C1907
overlap,361,c05,19,days_195.96_216.59,OVL-C1907
overlap,364,c05,19,days_195.96_216.59,OVL-C1907
overlap,427,c05,19,days_195.96_216.59,OVL-C1907
overlap,432,c05,19,days_195.96_216.59,OVL-C1907
overlap,433,c05,19,days_195.96_216.59,OVL-C1907
overlap,482,c05,19,days_195.96_216.59,OVL-C1907
overlap,531,c05,19,days_195.96_216.59,OVL-C1907
overlap,540,c05,19,days_195.96_216.59,OVL-C1907
overlap,582,c05,19,days_195.96_216.59,OVL-C1907
overlap,588,c05,19,days_195.96_216.59,OVL-C1907
overlap,624,c05,19,days_195.96_216.59,OVL-C1907
overlap,641,c05,19,days_195.96_216.59,OVL-C1907
overlap,671,c05,19,days_195.96_216.59,OVL-C1907
overlap,697,c05,19,days_195.96_216.59,OVL-C1907
overlap,698,c05,19,days_195.96_216.59,OVL-C1907
overlap,733,c05,19,days_195.96_216.59,OVL-C1907
overlap,764,c05,19,days_195.96_216.59,OVL-C1907
overlap,773,c05,19,days_195.96_216.59,OVL-C1907
overlap,789,c05,19,days_195.96_216.59,OVL-C1907
overlap,801,c05,19,days_195.96_216.59,OVL-C1907
overlap,809,c05,19,days_195.96_216.59,OVL-C1907
overlap,819,c05,19,days_195.96_216.59,OVL-C1907
overlap,836,c05,19,days_195.96_216.59,OVL-C1907
overlap,840,c05,19,days_195.96_216.59,OVL-C1907
overlap,849,c05,19,days_195.96_216.59,OVL-C1907
overlap,872,c05,19,days_195.96_216.59,OVL-C1907
overlap,873,c05,19,days_195.96_216.59,OVL-C1907
overlap,910,c05,19,days_195.96_216.59,OVL-C1907
overlap,925,c05,19,days_195.96_216.59,OVL-C1907
overlap,955,c05,19,days_195.96_216.59,OVL-C1907
overlap,983,c05,19,days_195.96_216.59,OVL-C1907
overlap,987,c05,19,days_195.96_216.59,OVL-C1907
overlap,994,c05,19,days_195.96_216.59,OVL-C1907
overlap,995,c05,19,days_195.96_216.59,OVL-C1907
overlap,30,c09,19,days_195.96_216.59,OVL-C1903
overlap,37,c09,19,days_195.96_216.59,OVL-C1903
overlap,52,c09,19,days_195.96_216.59,OVL-C1903
overlap,74,c09,19,days_195.96_216.59,OVL-C1903
overlap,77,c09,19,days_195.96_216.59,OVL-C1903
overlap,104,c09,19,days_195.96_216.59,OVL-C1903
overlap,110,c09,19,days_195.96_216.59,OVL-C1903
overlap,111,c09,19,days_195.96_216.59,OVL-C1903
overlap,112,c09,19,days_195.96_216.59,OVL-C1903
overlap,121,c09,19,days_195.96_216.59,OVL-C1903
overlap,126,c09,19,days_195.96_216.59,OVL-C1903
overlap,133,c09,19,days_195.96_216.59,OVL-C1903
overlap,166,c09,19,days_195.96_216.59,OVL-C1903
overlap,168,c09,19,days_195.96_216.59,OVL-C1903
overlap,182,c09,19,days_195.96_216.59,OVL-C1903
overlap,186,c09,19,days_195.96_216.59,OVL-C1903
overlap,204,c09,19,days_195.96_216.59,OVL-C1903
overlap,209,c09,19,days_195.96_216.59,OVL-C1903
overlap,232,c09,19,days_195.96_216.59,OVL-C1903
overlap,240,c09,19,days_195.96_216.59,OVL-C1903
overlap,250,c09,19,days_195.96_216.59,OVL-C1903
overlap,256,c09,19,days_195.96_216.59,OVL-C1903
overlap,260,c09,19,days_195.96_216.59,OVL-C1903
overlap,266,c09,19,days_195.96_216.59,OVL-C1903
overlap,287,c09,19,days_195.96_216.59,OVL-C1903
overlap,294,c09,19,days_195.96_216.59,OVL-C1903
overlap,305,c09,19,days_195.96_216.59,OVL-C1903
overlap,313,c09,19,days_195.96_216.59,OVL-C1903
overlap,326,c09,19,days_195.96_216.59,OVL-C1903
overlap,332,c09,19,days_195.96_216.59,OVL-C1903
overlap,356,c09,19,days_195.96_216.59,OVL-C1903
overlap,416,c09,19,days_195.96_216.59,OVL-C1903
overlap,425,c09,19,days_195.96_216.59,OVL-C1903
overlap,435,c09,19,days_195.96_216.59,OVL-C1903
overlap,439,c09,19,days_195.96_216.59,OVL-C1903
overlap,447,c09,19,days_195.96_216.59,OVL-C1903
overlap,459,c09,19,days_195.96_216.59,OVL-C1903
overlap,472,c09,19,days_195.96_216.59,OVL-C1903
overlap,478,c09,19,days_195.96_216.59,OVL-C1903
overlap,479,c09,19,days_195.96_216.59,OVL-C1903
overlap,500,c09,19,days_195.96_216.59,OVL-C1903
overlap,515,c09,19,days_195.96_216.59,OVL-C1903
overlap,517,c09,19,days_195.96_216.59,OVL-C1903
overlap,546,c09,19,days_195.96_216.59,OVL-C1903
overlap,557,c09,19,days_195.96_216.59,OVL-C1903
overlap,573,c09,19,days_195.96_216.59,OVL-C1903
overlap,575,c09,19,days_195.96_216.59,OVL-C1903
overlap,586,c09,19,days_195.96_216.59,OVL-C1903
overlap,602,c09,19,days_195.96_216.59,OVL-C1903
overlap,648,c09,19,days_195.96_216.59,OVL-C1903
overlap,674,c09,19,days_195.96_216.59,OVL-C1903
overlap,699,c09,19,days_195.96_216.59,OVL-C1903
overlap,730,c09,19,days_195.96_216.59,OVL-C1903
overlap,743,c09,19,days_195.96_216.59,OVL-C1903
overlap,759,c09,19,days_195.96_216.59,OVL-C1903
overlap,762,c09,19,days_195.96_216.59,OVL-C1903
overlap,765,c09,19,days_195.96_216.59,OVL-C1903
overlap,770,c09,19,days_195.96_216.59,OVL-C1903
overlap,782,c09,19,days_195.96_216.59,OVL-C1903
overlap,794,c09,19,days_195.96_216.59,OVL-C1903
overlap,803,c09,19,days_195.96_216.59,OVL-C1903
overlap,814,c09,19,days_195.96_216.59,OVL-C1903
overlap,825,c09,19,days_195.96_216.59,OVL-C1903
overlap,868,c09,19,days_195.96_216.59,OVL-C1903
overlap,885,c09,19,days_195.96_216.59,OVL-C1903
overlap,886,c09,19,days_195.96_216.59,OVL-C1903
overlap,889,c09,19,days_195.96_216.59,OVL-C1903
overlap,908,c09,19,days_195.96_216.59,OVL-C1903
overlap,912,c09,19,days_195.96_216.59,OVL-C1903
overlap,948,c09,19,days_195.96_216.59,OVL-C1903
overlap,949,c09,19,days_195.96_216.59,OVL-C1903
overlap,984,c09,19,days_195.96_216.59,OVL-C1903
overlap,28,c05,20,days_206.27_226.90,OVL-C2007
overlap,56,c05,20,days_206.27_226.90,OVL-C2007
overlap,68,c05,20,days_206.27_226.90,OVL-C2007
overlap,95,c05,20,days_206.27_226.90,OVL-C2007
overlap,132,c05,20,days_206.27_226.90,OVL-C2007
overlap,231,c05,20,days_206.27_226.90,OVL-C2007
overlap,245,c05,20,days_206.27_226.90,OVL-C2007
overlap,251,c05,20,days_206.27_226.90,OVL-C2007
overlap,269,c05,20,days_206.27_226.90,OVL-C2007
overlap,311,c05,20,days_206.27_226.90,OVL-C2007
overlap,329,c05,20,days_206.27_226.90,OVL-C2007
overlap,338,c05,20,days_206.27_226.90,OVL-C2007
overlap,361,c05,20,days_206.27_226.90,OVL-C2007
overlap,364,c05,20,days_206.27_226.90,OVL-C2007
overlap,427,c05,20,days_206.27_226.90,OVL-C2007
overlap,432,c05,20,days_206.27_226.90,OVL-C2007
overlap,433,c05,20,days_206.27_226.90,OVL-C2007
overlap,482,c05,20,days_206.27_226.90,OVL-C2007
overlap,531,c05,20,days_206.27_226.90,OVL-C2007
overlap,540,c05,20,days_206.27_226.90,OVL-C2007
overlap,582,c05,20,days_206.27_226.90,OVL-C2007
overlap,624,c05,20,days_206.27_226.90,OVL-C2007
overlap,641,c05,20,days_206.27_226.90,OVL-C2007
overlap,697,c05,20,days_206.27_226.90,OVL-C2007
overlap,698,c05,20,days_206.27_226.90,OVL-C2007
overlap,749,c05,20,days_206.27_226.90,OVL-C2007
overlap,764,c05,20,days_206.27_226.90,OVL-C2007
overlap,773,c05,20,days_206.27_226.90,OVL-C2007
overlap,789,c05,20,days_206.27_226.90,OVL-C2007
overlap,801,c05,20,days_206.27_226.90,OVL-C2007
overlap,809,c05,20,days_206.27_226.90,OVL-C2007
overlap,819,c05,20,days_206.27_226.90,OVL-C2007
overlap,840,c05,20,days_206.27_226.90,OVL-C2007
overlap,842,c05,20,days_206.27_226.90,OVL-C2007
overlap,855,c05,20,days_206.27_226.90,OVL-C2007
overlap,872,c05,20,days_206.27_226.90,OVL-C2007
overlap,873,c05,20,days_206.27_226.90,OVL-C2007
overlap,925,c05,20,days_206.27_226.90,OVL-C2007
overlap,955,c05,20,days_206.27_226.90,OVL-C2007
overlap,983,c05,20,days_206.27_226.90,OVL-C2007
overlap,987,c05,20,days_206.27_226.90,OVL-C2007
overlap,994,c05,20,days_206.27_226.90,OVL-C2007
overlap,2,c09,20,days_206.27_226.90,OVL-C2002
overlap,30,c09,20,days_206.27_226.90,OVL-C2002
overlap,37,c09,20,days_206.27_226.90,OVL-C2002
overlap,45,c09,20,days_206.27_226.90,OVL-C2002
overlap,52,c09,20,days_206.27_226.90,OVL-C2002
overlap,66,c09,20,days_206.27_226.90,OVL-C2002
overlap,74,c09,20,days_206.27_226.90,OVL-C2002
overlap,77,c09,20,days_206.27_226.90,OVL-C2002
overlap,104,c09,20,days_206.27_226.90,OVL-C2002
overlap,111,c09,20,days_206.27_226.90,OVL-C2002
overlap,112,c09,20,days_206.27_226.90,OVL-C2002
overlap,119,c09,20,days_206.27_226.90,OVL-C2002
overlap,126,c09,20,days_206.27_226.90,OVL-C2002
overlap,133,c09,20,days_206.27_226.90,OVL-C2002
overlap,161,c09,20,days_206.27_226.90,OVL-C2002
overlap,166,c09,20,days_206.27_226.90,OVL-C2002
overlap,168,c09,20,days_206.27_226.90,OVL-C2002
overlap,182,c09,20,days_206.27_226.90,OVL-C2002
overlap,186,c09,20,days_206.27_226.90,OVL-C2002
overlap,204,c09,20,days_206.27_226.90,OVL-C2002
overlap,209,c09,20,days_206.27_226.90,OVL-C2002
overlap,227,c09,20,days_206.27_226.90,OVL-C2002
overlap,232,c09,20,days_206.27_226.90,OVL-C2002
overlap,256,c09,20,days_206.27_226.90,OVL-C2002
overlap,260,c09,20,days_206.27_226.90,OVL-C2002
overlap,263,c09,20,days_206.27_226.90,OVL-C2002
overlap,266,c09,20,days_206.27_226.90,OVL-C2002
overlap,267,c09,20,days_206.27_226.90,OVL-C2002
overlap,287,c09,20,days_206.27_226.90,OVL-C2002
overlap,294,c09,20,days_206.27_226.90,OVL-C2002
overlap,305,c09,20,days_206.27_226.90,OVL-C2002
overlap,313,c09,20,days_206.27_226.90,OVL-C2002
overlap,332,c09,20,days_206.27_226.90,OVL-C2002
overlap,356,c09,20,days_206.27_226.90,OVL-C2002
overlap,369,c09,20,days_206.27_226.90,OVL-C2002
overlap,392,c09,20,days_206.27_226.90,OVL-C2002
overlap,416,c09,20,days_206.27_226.90,OVL-C2002
overlap,425,c09,20,days_206.27_226.90,OVL-C2002
overlap,435,c09,20,days_206.27_226.90,OVL-C2002
overlap,439,c09,20,days_206.27_226.90,OVL-C2002
overlap,447,c09,20,days_206.27_226.90,OVL-C2002
overlap,459,c09,20,days_206.27_226.90,OVL-C2002
overlap,465,c09,20,days_206.27_226.90,OVL-C2002
overlap,472,c09,20,days_206.27_226.90,OVL-C2002
overlap,478,c09,20,days_206.27_226.90,OVL-C2002
overlap,479,c09,20,days_206.27_226.90,OVL-C2002
overlap,500,c09,20,days_206.27_226.90,OVL-C2002
overlap,515,c09,20,days_206.27_226.90,OVL-C2002
overlap,517,c09,20,days_206.27_226.90,OVL-C2002
overlap,557,c09,20,days_206.27_226.90,OVL-C2002
overlap,573,c09,20,days_206.27_226.90,OVL-C2002
overlap,575,c09,20,days_206.27_226.90,OVL-C2002
overlap,586,c09,20,days_206.27_226.90,OVL-C2002
overlap,602,c09,20,days_206.27_226.90,OVL-C2002
overlap,637,c09,20,days_206.27_226.90,OVL-C2002
overlap,648,c09,20,days_206.27_226.90,OVL-C2002
overlap,674,c09,20,days_206.27_226.90,OVL-C2002
overlap,677,c09,20,days_206.27_226.90,OVL-C2002
overlap,699,c09,20,days_206.27_226.90,OVL-C2002
overlap,700,c09,20,days_206.27_226.90,OVL-C2002
overlap,717,c09,20,days_206.27_226.90,OVL-C2002
overlap,730,c09,20,days_206.27_226.90,OVL-C2002
overlap,743,c09,20,days_206.27_226.90,OVL-C2002
overlap,759,c09,20,days_206.27_226.90,OVL-C2002
overlap,762,c09,20,days_206.27_226.90,OVL-C2002
overlap,765,c09,20,days_206.27_226.90,OVL-C2002
overlap,782,c09,20,days_206.27_226.90,OVL-C2002
overlap,790,c09,20,days_206.27_226.90,OVL-C2002
overlap,803,c09,20,days_206.27_226.90,OVL-C2002
overlap,812,c09,20,days_206.27_226.90,OVL-C2002
overlap,814,c09,20,days_206.27_226.90,OVL-C2002
overlap,845,c09,20,days_206.27_226.90,OVL-C2002
overlap,868,c09,20,days_206.27_226.90,OVL-C2002
overlap,885,c09,20,days_206.27_226.90,OVL-C2002
overlap,908,c09,20,days_206.27_226.90,OVL-C2002
overlap,912,c09,20,days_206.27_226.90,OVL-C2002
overlap,948,c09,20,days_206.27_226.90,OVL-C2002
overlap,949,c09,20,days_206.27_226.90,OVL-C2002
overlap,966,c09,20,days_206.27_226.90,OVL-C2002
overlap,984,c09,20,days_206.27_226.90,OVL-C2002
overlap,28,c05,21,days_216.59_237.22,OVL-C2108
overlap,56,c05,21,days_216.59_237.22,OVL-C2108
overlap,68,c05,21,days_216.59_237.22,OVL-C2108
overlap,95,c05,21,days_216.59_237.22,OVL-C2108
overlap,170,c05,21,days_216.59_237.22,OVL-C2108
overlap,231,c05,21,days_216.59_237.22,OVL-C2108
overlap,245,c05,21,days_216.59_237.22,OVL-C2108
overlap,251,c05,21,days_216.59_237.22,OVL-C2108
overlap,269,c05,21,days_216.59_237.22,OVL-C2108
overlap,311,c05,21,days_216.59_237.22,OVL-C2108
overlap,329,c05,21,days_216.59_237.22,OVL-C2108
overlap,338,c05,21,days_216.59_237.22,OVL-C2108
overlap,361,c05,21,days_216.59_237.22,OVL-C2108
overlap,364,c05,21,days_216.59_237.22,OVL-C2108
overlap,427,c05,21,days_216.59_237.22,OVL-C2108
overlap,432,c05,21,days_216.59_237.22,OVL-C2108
overlap,433,c05,21,days_216.59_237.22,OVL-C2108
overlap,448,c05,21,days_216.59_237.22,OVL-C2108
overlap,482,c05,21,days_216.59_237.22,OVL-C2108
overlap,531,c05,21,days_216.59_237.22,OVL-C2108
overlap,540,c05,21,days_216.59_237.22,OVL-C2108
overlap,582,c05,21,days_216.59_237.22,OVL-C2108
overlap,624,c05,21,days_216.59_237.22,OVL-C2108
overlap,641,c05,21,days_216.59_237.22,OVL-C2108
overlap,671,c05,21,days_216.59_237.22,OVL-C2108
overlap,697,c05,21,days_216.59_237.22,OVL-C2108
overlap,698,c05,21,days_216.59_237.22,OVL-C2108
overlap,736,c05,21,days_216.59_237.22,OVL-C2108
overlap,749,c05,21,days_216.59_237.22,OVL-C2108
overlap,764,c05,21,days_216.59_237.22,OVL-C2108
overlap,773,c05,21,days_216.59_237.22,OVL-C2108
overlap,809,c05,21,days_216.59_237.22,OVL-C2108
overlap,819,c05,21,days_216.59_237.22,OVL-C2108
overlap,840,c05,21,days_216.59_237.22,OVL-C2108
overlap,855,c05,21,days_216.59_237.22,OVL-C2108
overlap,872,c05,21,days_216.59_237.22,OVL-C2108
overlap,873,c05,21,days_216.59_237.22,OVL-C2108
overlap,925,c05,21,days_216.59_237.22,OVL-C2108
overlap,948,c05,21,days_216.59_237.22,OVL-C2108
overlap,955,c05,21,days_216.59_237.22,OVL-C2108
overlap,983,c05,21,days_216.59_237.22,OVL-C2108
overlap,987,c05,21,days_216.59_237.22,OVL-C2108
overlap,994,c05,21,days_216.59_237.22,OVL-C2108
overlap,2,c09,21,days_216.59_237.22,OVL-C2103
overlap,30,c09,21,days_216.59_237.22,OVL-C2103
overlap,37,c09,21,days_216.59_237.22,OVL-C2103
overlap,52,c09,21,days_216.59_237.22,OVL-C2103
overlap,74,c09,21,days_216.59_237.22,OVL-C2103
overlap,77,c09,21,days_216.59_237.22,OVL-C2103
overlap,90,c09,21,days_216.59_237.22,OVL-C2103
overlap,104,c09,21,days_216.59_237.22,OVL-C2103
overlap,110,c09,21,days_216.59_237.22,OVL-C2103
overlap,111,c09,21,days_216.59_237.22,OVL-C2103
overlap,112,c09,21,days_216.59_237.22,OVL-C2103
overlap,126,c09,21,days_216.59_237.22,OVL-C2103
overlap,133,c09,21,days_216.59_237.22,OVL-C2103
overlap,138,c09,21,days_216.59_237.22,OVL-C2103
overlap,166,c09,21,days_216.59_237.22,OVL-C2103
overlap,168,c09,21,days_216.59_237.22,OVL-C2103
overlap,186,c09,21,days_216.59_237.22,OVL-C2103
overlap,204,c09,21,days_216.59_237.22,OVL-C2103
overlap,209,c09,21,days_216.59_237.22,OVL-C2103
overlap,232,c09,21,days_216.59_237.22,OVL-C2103
overlap,240,c09,21,days_216.59_237.22,OVL-C2103
overlap,256,c09,21,days_216.59_237.22,OVL-C2103
overlap,260,c09,21,days_216.59_237.22,OVL-C2103
overlap,266,c09,21,days_216.59_237.22,OVL-C2103
overlap,267,c09,21,days_216.59_237.22,OVL-C2103
overlap,294,c09,21,days_216.59_237.22,OVL-C2103
overlap,305,c09,21,days_216.59_237.22,OVL-C2103
overlap,313,c09,21,days_216.59_237.22,OVL-C2103
overlap,332,c09,21,days_216.59_237.22,OVL-C2103
overlap,356,c09,21,days_216.59_237.22,OVL-C2103
overlap,392,c09,21,days_216.59_237.22,OVL-C2103
overlap,416,c09,21,days_216.59_237.22,OVL-C2103
overlap,425,c09,21,days_216.59_237.22,OVL-C2103
overlap,435,c09,21,days_216.59_237.22,OVL-C2103
overlap,439,c09,21,days_216.59_237.22,OVL-C2103
overlap,447,c09,21,days_216.59_237.22,OVL-C2103
overlap,459,c09,21,days_216.59_237.22,OVL-C2103
overlap,465,c09,21,days_216.59_237.22,OVL-C2103
overlap,472,c09,21,days_216.59_237.22,OVL-C2103
overlap,478,c09,21,days_216.59_237.22,OVL-C2103
overlap,479,c09,21,days_216.59_237.22,OVL-C2103
overlap,500,c09,21,days_216.59_237.22,OVL-C2103
overlap,515,c09,21,days_216.59_237.22,OVL-C2103
overlap,517,c09,21,days_216.59_237.22,OVL-C2103
overlap,557,c09,21,days_216.59_237.22,OVL-C2103
overlap,573,c09,21,days_216.59_237.22,OVL-C2103
overlap,574,c09,21,days_216.59_237.22,OVL-C2103
overlap,575,c09,21,days_216.59_237.22,OVL-C2103
overlap,586,c09,21,days_216.59_237.22,OVL-C2103
overlap,602,c09,21,days_216.59_237.22,OVL-C2103
overlap,637,c09,21,days_216.59_237.22,OVL-C2103
overlap,648,c09,21,days_216.59_237.22,OVL-C2103
overlap,674,c09,21,days_216.59_237.22,OVL-C2103
overlap,677,c09,21,days_216.59_237.22,OVL-C2103
overlap,681,c09,21,days_216.59_237.22,OVL-C2103
overlap,699,c09,21,days_216.59_237.22,OVL-C2103
overlap,700,c09,21,days_216.59_237.22,OVL-C2103
overlap,717,c09,21,days_216.59_237.22,OVL-C2103
overlap,730,c09,21,days_216.59_237.22,OVL-C2103
overlap,743,c09,21,days_216.59_237.22,OVL-C2103
overlap,759,c09,21,days_216.59_237.22,OVL-C2103
overlap,762,c09,21,days_216.59_237.22,OVL-C2103
overlap,765,c09,21,days_216.59_237.22,OVL-C2103
overlap,782,c09,21,days_216.59_237.22,OVL-C2103
overlap,790,c09,21,days_216.59_237.22,OVL-C2103
overlap,803,c09,21,days_216.59_237.22,OVL-C2103
overlap,812,c09,21,days_216.59_237.22,OVL-C2103
overlap,814,c09,21,days_216.59_237.22,OVL-C2103
overlap,825,c09,21,days_216.59_237.22,OVL-C2103
overlap,845,c09,21,days_216.59_237.22,OVL-C2103
overlap,868,c09,21,days_216.59_237.22,OVL-C2103
overlap,885,c09,21,days_216.59_237.22,OVL-C2103
overlap,908,c09,21,days_216.59_237.22,OVL-C2103
overlap,912,c09,21,days_216.59_237.22,OVL-C2103
overlap,949,c09,21,days_216.59_237.22,OVL-C2103
overlap,984,c09,21,days_216.59_237.22,OVL-C2103
overlap,997,c09,21,days_216.59_237.22,OVL-C2103
overlap,28,c05,22,days_226.90_247.53,OVL-C2209
overlap,56,c05,22,days_226.90_247.53,OVL-C2209
overlap,68,c05,22,days_226.90_247.53,OVL-C2209
overlap,95,c05,22,days_226.90_247.53,OVL-C2209
overlap,231,c05,22,days_226.90_247.53,OVL-C2209
overlap,245,c05,22,days_226.90_247.53,OVL-C2209
overlap,251,c05,22,days_226.90_247.53,OVL-C2209
overlap,264,c05,22,days_226.90_247.53,OVL-C2209
overlap,311,c05,22,days_226.90_247.53,OVL-C2209
overlap,329,c05,22,days_226.90_247.53,OVL-C2209
overlap,338,c05,22,days_226.90_247.53,OVL-C2209
overlap,361,c05,22,days_226.90_247.53,OVL-C2209
overlap,364,c05,22,days_226.90_247.53,OVL-C2209
overlap,427,c05,22,days_226.90_247.53,OVL-C2209
overlap,432,c05,22,days_226.90_247.53,OVL-C2209
overlap,433,c05,22,days_226.90_247.53,OVL-C2209
overlap,461,c05,22,days_226.90_247.53,OVL-C2209
overlap,480,c05,22,days_226.90_247.53,OVL-C2209
overlap,482,c05,22,days_226.90_247.53,OVL-C2209
overlap,531,c05,22,days_226.90_247.53,OVL-C2209
overlap,540,c05,22,days_226.90_247.53,OVL-C2209
overlap,582,c05,22,days_226.90_247.53,OVL-C2209
overlap,624,c05,22,days_226.90_247.53,OVL-C2209
overlap,641,c05,22,days_226.90_247.53,OVL-C2209
overlap,698,c05,22,days_226.90_247.53,OVL-C2209
overlap,764,c05,22,days_226.90_247.53,OVL-C2209
overlap,773,c05,22,days_226.90_247.53,OVL-C2209
overlap,789,c05,22,days_226.90_247.53,OVL-C2209
overlap,809,c05,22,days_226.90_247.53,OVL-C2209
overlap,819,c05,22,days_226.90_247.53,OVL-C2209
overlap,840,c05,22,days_226.90_247.53,OVL-C2209
overlap,842,c05,22,days_226.90_247.53,OVL-C2209
overlap,872,c05,22,days_226.90_247.53,OVL-C2209
overlap,873,c05,22,days_226.90_247.53,OVL-C2209
overlap,925,c05,22,days_226.90_247.53,OVL-C2209
overlap,955,c05,22,days_226.90_247.53,OVL-C2209
overlap,983,c05,22,days_226.90_247.53,OVL-C2209
overlap,987,c05,22,days_226.90_247.53,OVL-C2209
overlap,994,c05,22,days_226.90_247.53,OVL-C2209
overlap,2,c09,22,days_226.90_247.53,OVL-C2202
overlap,30,c09,22,days_226.90_247.53,OVL-C2202
overlap,37,c09,22,days_226.90_247.53,OVL-C2202
overlap,52,c09,22,days_226.90_247.53,OVL-C2202
overlap,74,c09,22,days_226.90_247.53,OVL-C2202
overlap,77,c09,22,days_226.90_247.53,OVL-C2202
overlap,90,c09,22,days_226.90_247.53,OVL-C2202
overlap,104,c09,22,days_226.90_247.53,OVL-C2202
overlap,110,c09,22,days_226.90_247.53,OVL-C2202
overlap,111,c09,22,days_226.90_247.53,OVL-C2202
overlap,112,c09,22,days_226.90_247.53,OVL-C2202
overlap,113,c09,22,days_226.90_247.53,OVL-C2202
overlap,119,c09,22,days_226.90_247.53,OVL-C2202
overlap,126,c09,22,days_226.90_247.53,OVL-C2202
overlap,133,c09,22,days_226.90_247.53,OVL-C2202
overlap,138,c09,22,days_226.90_247.53,OVL-C2202
overlap,166,c09,22,days_226.90_247.53,OVL-C2202
overlap,168,c09,22,days_226.90_247.53,OVL-C2202
overlap,186,c09,22,days_226.90_247.53,OVL-C2202
overlap,204,c09,22,days_226.90_247.53,OVL-C2202
overlap,209,c09,22,days_226.90_247.53,OVL-C2202
overlap,232,c09,22,days_226.90_247.53,OVL-C2202
overlap,240,c09,22,days_226.90_247.53,OVL-C2202
overlap,256,c09,22,days_226.90_247.53,OVL-C2202
overlap,260,c09,22,days_226.90_247.53,OVL-C2202
overlap,266,c09,22,days_226.90_247.53,OVL-C2202
overlap,267,c09,22,days_226.90_247.53,OVL-C2202
overlap,294,c09,22,days_226.90_247.53,OVL-C2202
overlap,305,c09,22,days_226.90_247.53,OVL-C2202
overlap,313,c09,22,days_226.90_247.53,OVL-C2202
overlap,326,c09,22,days_226.90_247.53,OVL-C2202
overlap,332,c09,22,days_226.90_247.53,OVL-C2202
overlap,340,c09,22,days_226.90_247.53,OVL-C2202
overlap,356,c09,22,days_226.90_247.53,OVL-C2202
overlap,392,c09,22,days_226.90_247.53,OVL-C2202
overlap,416,c09,22,days_226.90_247.53,OVL-C2202
overlap,425,c09,22,days_226.90_247.53,OVL-C2202
overlap,435,c09,22,days_226.90_247.53,OVL-C2202
overlap,439,c09,22,days_226.90_247.53,OVL-C2202
overlap,447,c09,22,days_226.90_247.53,OVL-C2202
overlap,459,c09,22,days_226.90_247.53,OVL-C2202
overlap,465,c09,22,days_226.90_247.53,OVL-C2202
overlap,472,c09,22,days_226.90_247.53,OVL-C2202
overlap,478,c09,22,days_226.90_247.53,OVL-C2202
overlap,500,c09,22,days_226.90_247.53,OVL-C2202
overlap,517,c09,22,days_226.90_247.53,OVL-C2202
overlap,556,c09,22,days_226.90_247.53,OVL-C2202
overlap,557,c09,22,days_226.90_247.53,OVL-C2202
overlap,573,c09,22,days_226.90_247.53,OVL-C2202
overlap,574,c09,22,days_226.90_247.53,OVL-C2202
overlap,575,c09,22,days_226.90_247.53,OVL-C2202
overlap,585,c09,22,days_226.90_247.53,OVL-C2202
overlap,586,c09,22,days_226.90_247.53,OVL-C2202
overlap,602,c09,22,days_226.90_247.53,OVL-C2202
overlap,648,c09,22,days_226.90_247.53,OVL-C2202
overlap,674,c09,22,days_226.90_247.53,OVL-C2202
overlap,690,c09,22,days_226.90_247.53,OVL-C2202
overlap,699,c09,22,days_226.90_247.53,OVL-C2202
overlap,700,c09,22,days_226.90_247.53,OVL-C2202
overlap,730,c09,22,days_226.90_247.53,OVL-C2202
overlap,743,c09,22,days_226.90_247.53,OVL-C2202
overlap,762,c09,22,days_226.90_247.53,OVL-C2202
overlap,765,c09,22,days_226.90_247.53,OVL-C2202
overlap,782,c09,22,days_226.90_247.53,OVL-C2202
overlap,790,c09,22,days_226.90_247.53,OVL-C2202
overlap,803,c09,22,days_226.90_247.53,OVL-C2202
overlap,812,c09,22,days_226.90_247.53,OVL-C2202
overlap,814,c09,22,days_226.90_247.53,OVL-C2202
overlap,825,c09,22,days_226.90_247.53,OVL-C2202
overlap,868,c09,22,days_226.90_247.53,OVL-C2202
overlap,885,c09,22,days_226.90_247.53,OVL-C2202
overlap,908,c09,22,days_226.90_247.53,OVL-C2202
overlap,912,c09,22,days_226.90_247.53,OVL-C2202
overlap,936,c09,22,days_226.90_247.53,OVL-C2202
overlap,948,c09,22,days_226.90_247.53,OVL-C2202
overlap,949,c09,22,days_226.90_247.53,OVL-C2202
overlap,984,c09,22,days_226.90_247.53,OVL-C2202
overlap,997,c09,22,days_226.90_247.53,OVL-C2202
overlap,28,c05,23,days_237.22_257.84,OVL-C2310
overlap,56,c05,23,days_237.22_257.84,OVL-C2310
overlap,68,c05,23,days_237.22_257.84,OVL-C2310
overlap,95,c05,23,days_237.22_257.84,OVL-C2310
overlap,231,c05,23,days_237.22_257.84,OVL-C2310
overlap,245,c05,23,days_237.22_257.84,OVL-C2310
overlap,251,c05,23,days_237.22_257.84,OVL-C2310
overlap,311,c05,23,days_237.22_257.84,OVL-C2310
overlap,329,c05,23,days_237.22_257.84,OVL-C2310
overlap,338,c05,23,days_237.22_257.84,OVL-C2310
overlap,361,c05,23,days_237.22_257.84,OVL-C2310
overlap,364,c05,23,days_237.22_257.84,OVL-C2310
overlap,427,c05,23,days_237.22_257.84,OVL-C2310
overlap,432,c05,23,days_237.22_257.84,OVL-C2310
overlap,433,c05,23,days_237.22_257.84,OVL-C2310
overlap,461,c05,23,days_237.22_257.84,OVL-C2310
overlap,480,c05,23,days_237.22_257.84,OVL-C2310
overlap,482,c05,23,days_237.22_257.84,OVL-C2310
overlap,531,c05,23,days_237.22_257.84,OVL-C2310
overlap,540,c05,23,days_237.22_257.84,OVL-C2310
overlap,582,c05,23,days_237.22_257.84,OVL-C2310
overlap,624,c05,23,days_237.22_257.84,OVL-C2310
overlap,641,c05,23,days_237.22_257.84,OVL-C2310
overlap,698,c05,23,days_237.22_257.84,OVL-C2310
overlap,764,c05,23,days_237.22_257.84,OVL-C2310
overlap,789,c05,23,days_237.22_257.84,OVL-C2310
overlap,809,c05,23,days_237.22_257.84,OVL-C2310
overlap,819,c05,23,days_237.22_257.84,OVL-C2310
overlap,840,c05,23,days_237.22_257.84,OVL-C2310
overlap,872,c05,23,days_237.22_257.84,OVL-C2310
overlap,873,c05,23,days_237.22_257.84,OVL-C2310
overlap,910,c05,23,days_237.22_257.84,OVL-C2310
overlap,925,c05,23,days_237.22_257.84,OVL-C2310
overlap,955,c05,23,days_237.22_257.84,OVL-C2310
overlap,983,c05,23,days_237.22_257.84,OVL-C2310
overlap,987,c05,23,days_237.22_257.84,OVL-C2310
overlap,994,c05,23,days_237.22_257.84,OVL-C2310
overlap,30,c09,23,days_237.22_257.84,OVL-C2302
overlap,37,c09,23,days_237.22_257.84,OVL-C2302
overlap,45,c09,23,days_237.22_257.84,OVL-C2302
overlap,52,c09,23,days_237.22_257.84,OVL-C2302
overlap,66,c09,23,days_237.22_257.84,OVL-C2302
overlap,74,c09,23,days_237.22_257.84,OVL-C2302
overlap,77,c09,23,days_237.22_257.84,OVL-C2302
overlap,80,c09,23,days_237.22_257.84,OVL-C2302
overlap,104,c09,23,days_237.22_257.84,OVL-C2302
overlap,110,c09,23,days_237.22_257.84,OVL-C2302
overlap,111,c09,23,days_237.22_257.84,OVL-C2302
overlap,112,c09,23,days_237.22_257.84,OVL-C2302
overlap,113,c09,23,days_237.22_257.84,OVL-C2302
overlap,126,c09,23,days_237.22_257.84,OVL-C2302
overlap,133,c09,23,days_237.22_257.84,OVL-C2302
overlap,166,c09,23,days_237.22_257.84,OVL-C2302
overlap,168,c09,23,days_237.22_257.84,OVL-C2302
overlap,186,c09,23,days_237.22_257.84,OVL-C2302
overlap,187,c09,23,days_237.22_257.84,OVL-C2302
overlap,202,c09,23,days_237.22_257.84,OVL-C2302
overlap,204,c09,23,days_237.22_257.84,OVL-C2302
overlap,209,c09,23,days_237.22_257.84,OVL-C2302
overlap,227,c09,23,days_237.22_257.84,OVL-C2302
overlap,232,c09,23,days_237.22_257.84,OVL-C2302
overlap,240,c09,23,days_237.22_257.84,OVL-C2302
overlap,256,c09,23,days_237.22_257.84,OVL-C2302
overlap,260,c09,23,days_237.22_257.84,OVL-C2302
overlap,264,c09,23,days_237.22_257.84,OVL-C2302
overlap,266,c09,23,days_237.22_257.84,OVL-C2302
overlap,267,c09,23,days_237.22_257.84,OVL-C2302
overlap,294,c09,23,days_237.22_257.84,OVL-C2302
overlap,313,c09,23,days_237.22_257.84,OVL-C2302
overlap,332,c09,23,days_237.22_257.84,OVL-C2302
overlap,340,c09,23,days_237.22_257.84,OVL-C2302
overlap,356,c09,23,days_237.22_257.84,OVL-C2302
overlap,392,c09,23,days_237.22_257.84,OVL-C2302
overlap,408,c09,23,days_237.22_257.84,OVL-C2302
overlap,416,c09,23,days_237.22_257.84,OVL-C2302
overlap,425,c09,23,days_237.22_257.84,OVL-C2302
overlap,435,c09,23,days_237.22_257.84,OVL-C2302
overlap,439,c09,23,days_237.22_257.84,OVL-C2302
overlap,447,c09,23,days_237.22_257.84,OVL-C2302
overlap,472,c09,23,days_237.22_257.84,OVL-C2302
overlap,478,c09,23,days_237.22_257.84,OVL-C2302
overlap,500,c09,23,days_237.22_257.84,OVL-C2302
overlap,517,c09,23,days_237.22_257.84,OVL-C2302
overlap,523,c09,23,days_237.22_257.84,OVL-C2302
overlap,556,c09,23,days_237.22_257.84,OVL-C2302
overlap,557,c09,23,days_237.22_257.84,OVL-C2302
overlap,573,c09,23,days_237.22_257.84,OVL-C2302
overlap,574,c09,23,days_237.22_257.84,OVL-C2302
overlap,575,c09,23,days_237.22_257.84,OVL-C2302
overlap,585,c09,23,days_237.22_257.84,OVL-C2302
overlap,586,c09,23,days_237.22_257.84,OVL-C2302
overlap,602,c09,23,days_237.22_257.84,OVL-C2302
overlap,648,c09,23,days_237.22_257.84,OVL-C2302
overlap,674,c09,23,days_237.22_257.84,OVL-C2302
overlap,690,c09,23,days_237.22_257.84,OVL-C2302
overlap,699,c09,23,days_237.22_257.84,OVL-C2302
overlap,721,c09,23,days_237.22_257.84,OVL-C2302
overlap,730,c09,23,days_237.22_257.84,OVL-C2302
overlap,743,c09,23,days_237.22_257.84,OVL-C2302
overlap,762,c09,23,days_237.22_257.84,OVL-C2302
overlap,765,c09,23,days_237.22_257.84,OVL-C2302
overlap,782,c09,23,days_237.22_257.84,OVL-C2302
overlap,803,c09,23,days_237.22_257.84,OVL-C2302
overlap,814,c09,23,days_237.22_257.84,OVL-C2302
overlap,817,c09,23,days_237.22_257.84,OVL-C2302
overlap,868,c09,23,days_237.22_257.84,OVL-C2302
overlap,885,c09,23,days_237.22_257.84,OVL-C2302
overlap,908,c09,23,days_237.22_257.84,OVL-C2302
overlap,912,c09,23,days_237.22_257.84,OVL-C2302
overlap,922,c09,23,days_237.22_257.84,OVL-C2302
overlap,936,c09,23,days_237.22_257.84,OVL-C2302
overlap,946,c09,23,days_237.22_257.84,OVL-C2302
overlap,949,c09,23,days_237.22_257.84,OVL-C2302
overlap,984,c09,23,days_237.22_257.84,OVL-C2302
overlap,56,c05,24,days_247.53_268.16,OVL-C2411
overlap,95,c05,24,days_247.53_268.16,OVL-C2411
overlap,231,c05,24,days_247.53_268.16,OVL-C2411
overlap,245,c05,24,days_247.53_268.16,OVL-C2411
overlap,264,c05,24,days_247.53_268.16,OVL-C2411
overlap,311,c05,24,days_247.53_268.16,OVL-C2411
overlap,427,c05,24,days_247.53_268.16,OVL-C2411
overlap,531,c05,24,days_247.53_268.16,OVL-C2411
overlap,540,c05,24,days_247.53_268.16,OVL-C2411
overlap,596,c05,24,days_247.53_268.16,OVL-C2411
overlap,624,c05,24,days_247.53_268.16,OVL-C2411
overlap,641,c05,24,days_247.53_268.16,OVL-C2411
overlap,697,c05,24,days_247.53_268.16,OVL-C2411
overlap,698,c05,24,days_247.53_268.16,OVL-C2411
overlap,736,c05,24,days_247.53_268.16,OVL-C2411
overlap,764,c05,24,days_247.53_268.16,OVL-C2411
overlap,840,c05,24,days_247.53_268.16,OVL-C2411
overlap,855,c05,24,days_247.53_268.16,OVL-C2411
overlap,873,c05,24,days_247.53_268.16,OVL-C2411
overlap,925,c05,24,days_247.53_268.16,OVL-C2411
overlap,955,c05,24,days_247.53_268.16,OVL-C2411
overlap,987,c05,24,days_247.53_268.16,OVL-C2411
overlap,994,c05,24,days_247.53_268.16,OVL-C2411
overlap,30,c09,24,days_247.53_268.16,OVL-C2404
overlap,37,c09,24,days_247.53_268.16,OVL-C2404
overlap,45,c09,24,days_247.53_268.16,OVL-C2404
overlap,52,c09,24,days_247.53_268.16,OVL-C2404
overlap,66,c09,24,days_247.53_268.16,OVL-C2404
overlap,74,c09,24,days_247.53_268.16,OVL-C2404
overlap,77,c09,24,days_247.53_268.16,OVL-C2404
overlap,90,c09,24,days_247.53_268.16,OVL-C2404
overlap,104,c09,24,days_247.53_268.16,OVL-C2404
overlap,111,c09,24,days_247.53_268.16,OVL-C2404
overlap,115,c09,24,days_247.53_268.16,OVL-C2404
overlap,126,c09,24,days_247.53_268.16,OVL-C2404
overlap,133,c09,24,days_247.53_268.16,OVL-C2404
overlap,166,c09,24,days_247.53_268.16,OVL-C2404
overlap,168,c09,24,days_247.53_268.16,OVL-C2404
overlap,204,c09,24,days_247.53_268.16,OVL-C2404
overlap,209,c09,24,days_247.53_268.16,OVL-C2404
overlap,227,c09,24,days_247.53_268.16,OVL-C2404
overlap,232,c09,24,days_247.53_268.16,OVL-C2404
overlap,256,c09,24,days_247.53_268.16,OVL-C2404
overlap,260,c09,24,days_247.53_268.16,OVL-C2404
overlap,266,c09,24,days_247.53_268.16,OVL-C2404
overlap,294,c09,24,days_247.53_268.16,OVL-C2404
overlap,313,c09,24,days_247.53_268.16,OVL-C2404
overlap,332,c09,24,days_247.53_268.16,OVL-C2404
overlap,340,c09,24,days_247.53_268.16,OVL-C2404
overlap,356,c09,24,days_247.53_268.16,OVL-C2404
overlap,383,c09,24,days_247.53_268.16,OVL-C2404
overlap,416,c09,24,days_247.53_268.16,OVL-C2404
overlap,425,c09,24,days_247.53_268.16,OVL-C2404
overlap,435,c09,24,days_247.53_268.16,OVL-C2404
overlap,439,c09,24,days_247.53_268.16,OVL-C2404
overlap,447,c09,24,days_247.53_268.16,OVL-C2404
overlap,472,c09,24,days_247.53_268.16,OVL-C2404
overlap,500,c09,24,days_247.53_268.16,OVL-C2404
overlap,515,c09,24,days_247.53_268.16,OVL-C2404
overlap,523,c09,24,days_247.53_268.16,OVL-C2404
overlap,556,c09,24,days_247.53_268.16,OVL-C2404
overlap,557,c09,24,days_247.53_268.16,OVL-C2404
overlap,573,c09,24,days_247.53_268.16,OVL-C2404
overlap,575,c09,24,days_247.53_268.16,OVL-C2404
overlap,586,c09,24,days_247.53_268.16,OVL-C2404
overlap,602,c09,24,days_247.53_268.16,OVL-C2404
overlap,699,c09,24,days_247.53_268.16,OVL-C2404
overlap,721,c09,24,days_247.53_268.16,OVL-C2404
overlap,730,c09,24,days_247.53_268.16,OVL-C2404
overlap,743,c09,24,days_247.53_268.16,OVL-C2404
overlap,759,c09,24,days_247.53_268.16,OVL-C2404
overlap,762,c09,24,days_247.53_268.16,OVL-C2404
overlap,765,c09,24,days_247.53_268.16,OVL-C2404
overlap,782,c09,24,days_247.53_268.16,OVL-C2404
overlap,814,c09,24,days_247.53_268.16,OVL-C2404
overlap,817,c09,24,days_247.53_268.16,OVL-C2404
overlap,868,c09,24,days_247.53_268.16,OVL-C2404
overlap,885,c09,24,days_247.53_268.16,OVL-C2404
overlap,887,c09,24,days_247.53_268.16,OVL-C2404
overlap,908,c09,24,days_247.53_268.16,OVL-C2404
overlap,912,c09,24,days_247.53_268.16,OVL-C2404
overlap,949,c09,24,days_247.53_268.16,OVL-C2404
overlap,966,c09,24,days_247.53_268.16,OVL-C2404
overlap,984,c09,24,days_247.53_268.16,OVL-C2404
overlap,28,c05,25,days_257.84_278.47,OVL-C2508
overlap,56,c05,25,days_257.84_278.47,OVL-C2508
overlap,68,c05,25,days_257.84_278.47,OVL-C2508
overlap,95,c05,25,days_257.84_278.47,OVL-C2508
overlap,231,c05,25,days_257.84_278.47,OVL-C2508
overlap,245,c05,25,days_257.84_278.47,OVL-C2508
overlap,311,c05,25,days_257.84_278.47,OVL-C2508
overlap,338,c05,25,days_257.84_278.47,OVL-C2508
overlap,361,c05,25,days_257.84_278.47,OVL-C2508
overlap,364,c05,25,days_257.84_278.47,OVL-C2508
overlap,427,c05,25,days_257.84_278.47,OVL-C2508
overlap,432,c05,25,days_257.84_278.47,OVL-C2508
overlap,433,c05,25,days_257.84_278.47,OVL-C2508
overlap,480,c05,25,days_257.84_278.47,OVL-C2508
overlap,482,c05,25,days_257.84_278.47,OVL-C2508
overlap,497,c05,25,days_257.84_278.47,OVL-C2508
overlap,531,c05,25,days_257.84_278.47,OVL-C2508
overlap,540,c05,25,days_257.84_278.47,OVL-C2508
overlap,641,c05,25,days_257.84_278.47,OVL-C2508
overlap,660,c05,25,days_257.84_278.47,OVL-C2508
overlap,697,c05,25,days_257.84_278.47,OVL-C2508
overlap,698,c05,25,days_257.84_278.47,OVL-C2508
overlap,736,c05,25,days_257.84_278.47,OVL-C2508
overlap,764,c05,25,days_257.84_278.47,OVL-C2508
overlap,773,c05,25,days_257.84_278.47,OVL-C2508
overlap,809,c05,25,days_257.84_278.47,OVL-C2508
overlap,840,c05,25,days_257.84_278.47,OVL-C2508
overlap,849,c05,25,days_257.84_278.47,OVL-C2508
overlap,855,c05,25,days_257.84_278.47,OVL-C2508
overlap,872,c05,25,days_257.84_278.47,OVL-C2508
overlap,873,c05,25,days_257.84_278.47,OVL-C2508
overlap,925,c05,25,days_257.84_278.47,OVL-C2508
overlap,955,c05,25,days_257.84_278.47,OVL-C2508
overlap,987,c05,25,days_257.84_278.47,OVL-C2508
overlap,994,c05,25,days_257.84_278.47,OVL-C2508
overlap,30,c09,25,days_257.84_278.47,OVL-C2502
overlap,37,c09,25,days_257.84_278.47,OVL-C2502
overlap,74,c09,25,days_257.84_278.47,OVL-C2502
overlap,77,c09,25,days_257.84_278.47,OVL-C2502
overlap,94,c09,25,days_257.84_278.47,OVL-C2502
overlap,104,c09,25,days_257.84_278.47,OVL-C2502
overlap,110,c09,25,days_257.84_278.47,OVL-C2502
overlap,111,c09,25,days_257.84_278.47,OVL-C2502
overlap,112,c09,25,days_257.84_278.47,OVL-C2502
overlap,115,c09,25,days_257.84_278.47,OVL-C2502
overlap,126,c09,25,days_257.84_278.47,OVL-C2502
overlap,133,c09,25,days_257.84_278.47,OVL-C2502
overlap,138,c09,25,days_257.84_278.47,OVL-C2502
overlap,166,c09,25,days_257.84_278.47,OVL-C2502
overlap,168,c09,25,days_257.84_278.47,OVL-C2502
overlap,197,c09,25,days_257.84_278.47,OVL-C2502
overlap,209,c09,25,days_257.84_278.47,OVL-C2502
overlap,232,c09,25,days_257.84_278.47,OVL-C2502
overlap,235,c09,25,days_257.84_278.47,OVL-C2502
overlap,256,c09,25,days_257.84_278.47,OVL-C2502
overlap,260,c09,25,days_257.84_278.47,OVL-C2502
overlap,266,c09,25,days_257.84_278.47,OVL-C2502
overlap,294,c09,25,days_257.84_278.47,OVL-C2502
overlap,305,c09,25,days_257.84_278.47,OVL-C2502
overlap,313,c09,25,days_257.84_278.47,OVL-C2502
overlap,332,c09,25,days_257.84_278.47,OVL-C2502
overlap,340,c09,25,days_257.84_278.47,OVL-C2502
overlap,356,c09,25,days_257.84_278.47,OVL-C2502
overlap,392,c09,25,days_257.84_278.47,OVL-C2502
overlap,416,c09,25,days_257.84_278.47,OVL-C2502
overlap,425,c09,25,days_257.84_278.47,OVL-C2502
overlap,435,c09,25,days_257.84_278.47,OVL-C2502
overlap,439,c09,25,days_257.84_278.47,OVL-C2502
overlap,447,c09,25,days_257.84_278.47,OVL-C2502
overlap,472,c09,25,days_257.84_278.47,OVL-C2502
overlap,500,c09,25,days_257.84_278.47,OVL-C2502
overlap,539,c09,25,days_257.84_278.47,OVL-C2502
overlap,556,c09,25,days_257.84_278.47,OVL-C2502
overlap,557,c09,25,days_257.84_278.47,OVL-C2502
overlap,573,c09,25,days_257.84_278.47,OVL-C2502
overlap,574,c09,25,days_257.84_278.47,OVL-C2502
overlap,575,c09,25,days_257.84_278.47,OVL-C2502
overlap,586,c09,25,days_257.84_278.47,OVL-C2502
overlap,598,c09,25,days_257.84_278.47,OVL-C2502
overlap,602,c09,25,days_257.84_278.47,OVL-C2502
overlap,648,c09,25,days_257.84_278.47,OVL-C2502
overlap,674,c09,25,days_257.84_278.47,OVL-C2502
overlap,699,c09,25,days_257.84_278.47,OVL-C2502
overlap,721,c09,25,days_257.84_278.47,OVL-C2502
overlap,730,c09,25,days_257.84_278.47,OVL-C2502
overlap,743,c09,25,days_257.84_278.47,OVL-C2502
overlap,759,c09,25,days_257.84_278.47,OVL-C2502
overlap,762,c09,25,days_257.84_278.47,OVL-C2502
overlap,765,c09,25,days_257.84_278.47,OVL-C2502
overlap,782,c09,25,days_257.84_278.47,OVL-C2502
overlap,803,c09,25,days_257.84_278.47,OVL-C2502
overlap,814,c09,25,days_257.84_278.47,OVL-C2502
overlap,868,c09,25,days_257.84_278.47,OVL-C2502
overlap,880,c09,25,days_257.84_278.47,OVL-C2502
overlap,885,c09,25,days_257.84_278.47,OVL-C2502
overlap,908,c09,25,days_257.84_278.47,OVL-C2502
overlap,912,c09,25,days_257.84_278.47,OVL-C2502
overlap,946,c09,25,days_257.84_278.47,OVL-C2502
overlap,949,c09,25,days_257.84_278.47,OVL-C2502
overlap,966,c09,25,days_257.84_278.47,OVL-C2502
overlap,984,c09,25,days_257.84_278.47,OVL-C2502
overlap,28,c05,26,days_268.16_288.78,OVL-C2608
overlap,56,c05,26,days_268.16_288.78,OVL-C2608
overlap,68,c05,26,days_268.16_288.78,OVL-C2608
overlap,95,c05,26,days_268.16_288.78,OVL-C2608
overlap,170,c05,26,days_268.16_288.78,OVL-C2608
overlap,231,c05,26,days_268.16_288.78,OVL-C2608
overlap,245,c05,26,days_268.16_288.78,OVL-C2608
overlap,264,c05,26,days_268.16_288.78,OVL-C2608
overlap,311,c05,26,days_268.16_288.78,OVL-C2608
overlap,338,c05,26,days_268.16_288.78,OVL-C2608
overlap,361,c05,26,days_268.16_288.78,OVL-C2608
overlap,364,c05,26,days_268.16_288.78,OVL-C2608
overlap,427,c05,26,days_268.16_288.78,OVL-C2608
overlap,432,c05,26,days_268.16_288.78,OVL-C2608
overlap,433,c05,26,days_268.16_288.78,OVL-C2608
overlap,480,c05,26,days_268.16_288.78,OVL-C2608
overlap,482,c05,26,days_268.16_288.78,OVL-C2608
overlap,531,c05,26,days_268.16_288.78,OVL-C2608
overlap,540,c05,26,days_268.16_288.78,OVL-C2608
overlap,582,c05,26,days_268.16_288.78,OVL-C2608
overlap,624,c05,26,days_268.16_288.78,OVL-C2608
overlap,641,c05,26,days_268.16_288.78,OVL-C2608
overlap,697,c05,26,days_268.16_288.78,OVL-C2608
overlap,698,c05,26,days_268.16_288.78,OVL-C2608
overlap,764,c05,26,days_268.16_288.78,OVL-C2608
overlap,773,c05,26,days_268.16_288.78,OVL-C2608
overlap,809,c05,26,days_268.16_288.78,OVL-C2608
overlap,830,c05,26,days_268.16_288.78,OVL-C2608
overlap,840,c05,26,days_268.16_288.78,OVL-C2608
overlap,849,c05,26,days_268.16_288.78,OVL-C2608
overlap,855,c05,26,days_268.16_288.78,OVL-C2608
overlap,872,c05,26,days_268.16_288.78,OVL-C2608
overlap,873,c05,26,days_268.16_288.78,OVL-C2608
overlap,925,c05,26,days_268.16_288.78,OVL-C2608
overlap,955,c05,26,days_268.16_288.78,OVL-C2608
overlap,987,c05,26,days_268.16_288.78,OVL-C2608
overlap,994,c05,26,days_268.16_288.78,OVL-C2608
overlap,2,c09,26,days_268.16_288.78,OVL-C2602
overlap,30,c09,26,days_268.16_288.78,OVL-C2602
overlap,37,c09,26,days_268.16_288.78,OVL-C2602
overlap,43,c09,26,days_268.16_288.78,OVL-C2602
overlap,52,c09,26,days_268.16_288.78,OVL-C2602
overlap,74,c09,26,days_268.16_288.78,OVL-C2602
overlap,77,c09,26,days_268.16_288.78,OVL-C2602
overlap,94,c09,26,days_268.16_288.78,OVL-C2602
overlap,104,c09,26,days_268.16_288.78,OVL-C2602
overlap,110,c09,26,days_268.16_288.78,OVL-C2602
overlap,111,c09,26,days_268.16_288.78,OVL-C2602
overlap,112,c09,26,days_268.16_288.78,OVL-C2602
overlap,119,c09,26,days_268.16_288.78,OVL-C2602
overlap,126,c09,26,days_268.16_288.78,OVL-C2602
overlap,133,c09,26,days_268.16_288.78,OVL-C2602
overlap,138,c09,26,days_268.16_288.78,OVL-C2602
overlap,147,c09,26,days_268.16_288.78,OVL-C2602
overlap,166,c09,26,days_268.16_288.78,OVL-C2602
overlap,168,c09,26,days_268.16_288.78,OVL-C2602
overlap,171,c09,26,days_268.16_288.78,OVL-C2602
overlap,209,c09,26,days_268.16_288.78,OVL-C2602
overlap,232,c09,26,days_268.16_288.78,OVL-C2602
overlap,236,c09,26,days_268.16_288.78,OVL-C2602
overlap,256,c09,26,days_268.16_288.78,OVL-C2602
overlap,260,c09,26,days_268.16_288.78,OVL-C2602
overlap,266,c09,26,days_268.16_288.78,OVL-C2602
overlap,283,c09,26,days_268.16_288.78,OVL-C2602
overlap,294,c09,26,days_268.16_288.78,OVL-C2602
overlap,305,c09,26,days_268.16_288.78,OVL-C2602
overlap,313,c09,26,days_268.16_288.78,OVL-C2602
overlap,332,c09,26,days_268.16_288.78,OVL-C2602
overlap,340,c09,26,days_268.16_288.78,OVL-C2602
overlap,347,c09,26,days_268.16_288.78,OVL-C2602
overlap,356,c09,26,days_268.16_288.78,OVL-C2602
overlap,362,c09,26,days_268.16_288.78,OVL-C2602
overlap,392,c09,26,days_268.16_288.78,OVL-C2602
overlap,416,c09,26,days_268.16_288.78,OVL-C2602
overlap,425,c09,26,days_268.16_288.78,OVL-C2602
overlap,435,c09,26,days_268.16_288.78,OVL-C2602
overlap,439,c09,26,days_268.16_288.78,OVL-C2602
overlap,447,c09,26,days_268.16_288.78,OVL-C2602
overlap,465,c09,26,days_268.16_288.78,OVL-C2602
overlap,472,c09,26,days_268.16_288.78,OVL-C2602
overlap,490,c09,26,days_268.16_288.78,OVL-C2602
overlap,491,c09,26,days_268.16_288.78,OVL-C2602
overlap,500,c09,26,days_268.16_288.78,OVL-C2602
overlap,515,c09,26,days_268.16_288.78,OVL-C2602
overlap,517,c09,26,days_268.16_288.78,OVL-C2602
overlap,539,c09,26,days_268.16_288.78,OVL-C2602
overlap,556,c09,26,days_268.16_288.78,OVL-C2602
overlap,557,c09,26,days_268.16_288.78,OVL-C2602
overlap,573,c09,26,days_268.16_288.78,OVL-C2602
overlap,574,c09,26,days_268.16_288.78,OVL-C2602
overlap,575,c09,26,days_268.16_288.78,OVL-C2602
overlap,586,c09,26,days_268.16_288.78,OVL-C2602
overlap,602,c09,26,days_268.16_288.78,OVL-C2602
overlap,648,c09,26,days_268.16_288.78,OVL-C2602
overlap,674,c09,26,days_268.16_288.78,OVL-C2602
overlap,700,c09,26,days_268.16_288.78,OVL-C2602
overlap,707,c09,26,days_268.16_288.78,OVL-C2602
overlap,721,c09,26,days_268.16_288.78,OVL-C2602
overlap,730,c09,26,days_268.16_288.78,OVL-C2602
overlap,743,c09,26,days_268.16_288.78,OVL-C2602
overlap,759,c09,26,days_268.16_288.78,OVL-C2602
overlap,762,c09,26,days_268.16_288.78,OVL-C2602
overlap,765,c09,26,days_268.16_288.78,OVL-C2602
overlap,768,c09,26,days_268.16_288.78,OVL-C2602
overlap,782,c09,26,days_268.16_288.78,OVL-C2602
overlap,790,c09,26,days_268.16_288.78,OVL-C2602
overlap,803,c09,26,days_268.16_288.78,OVL-C2602
overlap,812,c09,26,days_268.16_288.78,OVL-C2602
overlap,814,c09,26,days_268.16_288.78,OVL-C2602
overlap,868,c09,26,days_268.16_288.78,OVL-C2602
overlap,880,c09,26,days_268.16_288.78,OVL-C2602
overlap,885,c09,26,days_268.16_288.78,OVL-C2602
overlap,889,c09,26,days_268.16_288.78,OVL-C2602
overlap,908,c09,26,days_268.16_288.78,OVL-C2602
overlap,912,c09,26,days_268.16_288.78,OVL-C2602
overlap,933,c09,26,days_268.16_288.78,OVL-C2602
overlap,946,c09,26,days_268.16_288.78,OVL-C2602
overlap,949,c09,26,days_268.16_288.78,OVL-C2602
overlap,966,c09,26,days_268.16_288.78,OVL-C2602
overlap,984,c09,26,days_268.16_288.78,OVL-C2602
overlap,28,c05,27,days_278.47_299.10,OVL-C2712
overlap,56,c05,27,days_278.47_299.10,OVL-C2712
overlap,170,c05,27,days_278.47_299.10,OVL-C2712
overlap,231,c05,27,days_278.47_299.10,OVL-C2712
overlap,245,c05,27,days_278.47_299.10,OVL-C2712
overlap,311,c05,27,days_278.47_299.10,OVL-C2712
overlap,329,c05,27,days_278.47_299.10,OVL-C2712
overlap,364,c05,27,days_278.47_299.10,OVL-C2712
overlap,427,c05,27,days_278.47_299.10,OVL-C2712
overlap,432,c05,27,days_278.47_299.10,OVL-C2712
overlap,482,c05,27,days_278.47_299.10,OVL-C2712
overlap,531,c05,27,days_278.47_299.10,OVL-C2712
overlap,540,c05,27,days_278.47_299.10,OVL-C2712
overlap,582,c05,27,days_278.47_299.10,OVL-C2712
overlap,697,c05,27,days_278.47_299.10,OVL-C2712
overlap,698,c05,27,days_278.47_299.10,OVL-C2712
overlap,764,c05,27,days_278.47_299.10,OVL-C2712
overlap,773,c05,27,days_278.47_299.10,OVL-C2712
overlap,819,c05,27,days_278.47_299.10,OVL-C2712
overlap,840,c05,27,days_278.47_299.10,OVL-C2712
overlap,855,c05,27,days_278.47_299.10,OVL-C2712
overlap,873,c05,27,days_278.47_299.10,OVL-C2712
overlap,886,c05,27,days_278.47_299.10,OVL-C2712
overlap,925,c05,27,days_278.47_299.10,OVL-C2712
overlap,955,c05,27,days_278.47_299.10,OVL-C2712
overlap,987,c05,27,days_278.47_299.10,OVL-C2712
overlap,1003,c05,27,days_278.47_299.10,OVL-C2712
overlap,2,c09,27,days_278.47_299.10,OVL-C2702
overlap,30,c09,27,days_278.47_299.10,OVL-C2702
overlap,37,c09,27,days_278.47_299.10,OVL-C2702
overlap,43,c09,27,days_278.47_299.10,OVL-C2702
overlap,52,c09,27,days_278.47_299.10,OVL-C2702
overlap,74,c09,27,days_278.47_299.10,OVL-C2702
overlap,77,c09,27,days_278.47_299.10,OVL-C2702
overlap,104,c09,27,days_278.47_299.10,OVL-C2702
overlap,110,c09,27,days_278.47_299.10,OVL-C2702
overlap,111,c09,27,days_278.47_299.10,OVL-C2702
overlap,112,c09,27,days_278.47_299.10,OVL-C2702
overlap,119,c09,27,days_278.47_299.10,OVL-C2702
overlap,126,c09,27,days_278.47_299.10,OVL-C2702
overlap,133,c09,27,days_278.47_299.10,OVL-C2702
overlap,143,c09,27,days_278.47_299.10,OVL-C2702
overlap,166,c09,27,days_278.47_299.10,OVL-C2702
overlap,168,c09,27,days_278.47_299.10,OVL-C2702
overlap,209,c09,27,days_278.47_299.10,OVL-C2702
overlap,232,c09,27,days_278.47_299.10,OVL-C2702
overlap,235,c09,27,days_278.47_299.10,OVL-C2702
overlap,256,c09,27,days_278.47_299.10,OVL-C2702
overlap,260,c09,27,days_278.47_299.10,OVL-C2702
overlap,266,c09,27,days_278.47_299.10,OVL-C2702
overlap,283,c09,27,days_278.47_299.10,OVL-C2702
overlap,294,c09,27,days_278.47_299.10,OVL-C2702
overlap,305,c09,27,days_278.47_299.10,OVL-C2702
overlap,313,c09,27,days_278.47_299.10,OVL-C2702
overlap,332,c09,27,days_278.47_299.10,OVL-C2702
overlap,356,c09,27,days_278.47_299.10,OVL-C2702
overlap,362,c09,27,days_278.47_299.10,OVL-C2702
overlap,416,c09,27,days_278.47_299.10,OVL-C2702
overlap,425,c09,27,days_278.47_299.10,OVL-C2702
overlap,435,c09,27,days_278.47_299.10,OVL-C2702
overlap,439,c09,27,days_278.47_299.10,OVL-C2702
overlap,447,c09,27,days_278.47_299.10,OVL-C2702
overlap,465,c09,27,days_278.47_299.10,OVL-C2702
overlap,472,c09,27,days_278.47_299.10,OVL-C2702
overlap,490,c09,27,days_278.47_299.10,OVL-C2702
overlap,500,c09,27,days_278.47_299.10,OVL-C2702
overlap,515,c09,27,days_278.47_299.10,OVL-C2702
overlap,556,c09,27,days_278.47_299.10,OVL-C2702
overlap,557,c09,27,days_278.47_299.10,OVL-C2702
overlap,573,c09,27,days_278.47_299.10,OVL-C2702
overlap,575,c09,27,days_278.47_299.10,OVL-C2702
overlap,586,c09,27,days_278.47_299.10,OVL-C2702
overlap,598,c09,27,days_278.47_299.10,OVL-C2702
overlap,602,c09,27,days_278.47_299.10,OVL-C2702
overlap,648,c09,27,days_278.47_299.10,OVL-C2702
overlap,674,c09,27,days_278.47_299.10,OVL-C2702
overlap,700,c09,27,days_278.47_299.10,OVL-C2702
overlap,721,c09,27,days_278.47_299.10,OVL-C2702
overlap,730,c09,27,days_278.47_299.10,OVL-C2702
overlap,743,c09,27,days_278.47_299.10,OVL-C2702
overlap,759,c09,27,days_278.47_299.10,OVL-C2702
overlap,762,c09,27,days_278.47_299.10,OVL-C2702
overlap,765,c09,27,days_278.47_299.10,OVL-C2702
overlap,768,c09,27,days_278.47_299.10,OVL-C2702
overlap,782,c09,27,days_278.47_299.10,OVL-C2702
overlap,790,c09,27,days_278.47_299.10,OVL-C2702
overlap,803,c09,27,days_278.47_299.10,OVL-C2702
overlap,812,c09,27,days_278.47_299.10,OVL-C2702
overlap,814,c09,27,days_278.47_299.10,OVL-C2702
overlap,868,c09,27,days_278.47_299.10,OVL-C2702
overlap,880,c09,27,days_278.47_299.10,OVL-C2702
overlap,885,c09,27,days_278.47_299.10,OVL-C2702
overlap,889,c09,27,days_278.47_299.10,OVL-C2702
overlap,908,c09,27,days_278.47_299.10,OVL-C2702
overlap,912,c09,27,days_278.47_299.10,OVL-C2702
overlap,946,c09,27,days_278.47_299.10,OVL-C2702
overlap,948,c09,27,days_278.47_299.10,OVL-C2702
overlap,949,c09,27,days_278.47_299.10,OVL-C2702
overlap,984,c09,27,days_278.47_299.10,OVL-C2702
overlap,17,c03,28,days_288.78_309.41,OVL-C2805
overlap,24,c03,28,days_288.78_309.41,OVL-C2805
overlap,31,c03,28,days_288.78_309.41,OVL-C2805
overlap,67,c03,28,days_288.78_309.41,OVL-C2805
overlap,92,c03,28,days_288.78_309.41,OVL-C2805
overlap,122,c03,28,days_288.78_309.41,OVL-C2805
overlap,136,c03,28,days_288.78_309.41,OVL-C2805
overlap,141,c03,28,days_288.78_309.41,OVL-C2805
overlap,142,c03,28,days_288.78_309.41,OVL-C2805
overlap,160,c03,28,days_288.78_309.41,OVL-C2805
overlap,165,c03,28,days_288.78_309.41,OVL-C2805
overlap,185,c03,28,days_288.78_309.41,OVL-C2805
overlap,200,c03,28,days_288.78_309.41,OVL-C2805
overlap,267,c03,28,days_288.78_309.41,OVL-C2805
overlap,280,c03,28,days_288.78_309.41,OVL-C2805
overlap,288,c03,28,days_288.78_309.41,OVL-C2805
overlap,302,c03,28,days_288.78_309.41,OVL-C2805
overlap,316,c03,28,days_288.78_309.41,OVL-C2805
overlap,344,c03,28,days_288.78_309.41,OVL-C2805
overlap,349,c03,28,days_288.78_309.41,OVL-C2805
overlap,353,c03,28,days_288.78_309.41,OVL-C2805
overlap,360,c03,28,days_288.78_309.41,OVL-C2805
overlap,391,c03,28,days_288.78_309.41,OVL-C2805
overlap,392,c03,28,days_288.78_309.41,OVL-C2805
overlap,408,c03,28,days_288.78_309.41,OVL-C2805
overlap,414,c03,28,days_288.78_309.41,OVL-C2805
overlap,428,c03,28,days_288.78_309.41,OVL-C2805
overlap,445,c03,28,days_288.78_309.41,OVL-C2805
overlap,493,c03,28,days_288.78_309.41,OVL-C2805
overlap,526,c03,28,days_288.78_309.41,OVL-C2805
overlap,530,c03,28,days_288.78_309.41,OVL-C2805
overlap,543,c03,28,days_288.78_309.41,OVL-C2805
overlap,561,c03,28,days_288.78_309.41,OVL-C2805
overlap,629,c03,28,days_288.78_309.41,OVL-C2805
overlap,630,c03,28,days_288.78_309.41,OVL-C2805
overlap,631,c03,28,days_288.78_309.41,OVL-C2805
overlap,647,c03,28,days_288.78_309.41,OVL-C2805
overlap,658,c03,28,days_288.78_309.41,OVL-C2805
overlap,685,c03,28,days_288.78_309.41,OVL-C2805
overlap,833,c03,28,days_288.78_309.41,OVL-C2805
overlap,838,c03,28,days_288.78_309.41,OVL-C2805
overlap,846,c03,28,days_288.78_309.41,OVL-C2805
overlap,857,c03,28,days_288.78_309.41,OVL-C2805
overlap,858,c03,28,days_288.78_309.41,OVL-C2805
overlap,891,c03,28,days_288.78_309.41,OVL-C2805
overlap,892,c03,28,days_288.78_309.41,OVL-C2805
overlap,915,c03,28,days_288.78_309.41,OVL-C2805
overlap,952,c03,28,days_288.78_309.41,OVL-C2805
overlap,953,c03,28,days_288.78_309.41,OVL-C2805
overlap,957,c03,28,days_288.78_309.41,OVL-C2805
overlap,963,c03,28,days_288.78_309.41,OVL-C2805
overlap,971,c03,28,days_288.78_309.41,OVL-C2805
overlap,990,c03,28,days_288.78_309.41,OVL-C2805
overlap,28,c05,28,days_288.78_309.41,OVL-C2806
overlap,56,c05,28,days_288.78_309.41,OVL-C2806
overlap,68,c05,28,days_288.78_309.41,OVL-C2806
overlap,95,c05,28,days_288.78_309.41,OVL-C2806
overlap,196,c05,28,days_288.78_309.41,OVL-C2806
overlap,231,c05,28,days_288.78_309.41,OVL-C2806
overlap,245,c05,28,days_288.78_309.41,OVL-C2806
overlap,251,c05,28,days_288.78_309.41,OVL-C2806
overlap,264,c05,28,days_288.78_309.41,OVL-C2806
overlap,311,c05,28,days_288.78_309.41,OVL-C2806
overlap,329,c05,28,days_288.78_309.41,OVL-C2806
overlap,338,c05,28,days_288.78_309.41,OVL-C2806
overlap,361,c05,28,days_288.78_309.41,OVL-C2806
overlap,364,c05,28,days_288.78_309.41,OVL-C2806
overlap,427,c05,28,days_288.78_309.41,OVL-C2806
overlap,432,c05,28,days_288.78_309.41,OVL-C2806
overlap,433,c05,28,days_288.78_309.41,OVL-C2806
overlap,480,c05,28,days_288.78_309.41,OVL-C2806
overlap,482,c05,28,days_288.78_309.41,OVL-C2806
overlap,497,c05,28,days_288.78_309.41,OVL-C2806
overlap,531,c05,28,days_288.78_309.41,OVL-C2806
overlap,540,c05,28,days_288.78_309.41,OVL-C2806
overlap,582,c05,28,days_288.78_309.41,OVL-C2806
overlap,606,c05,28,days_288.78_309.41,OVL-C2806
overlap,607,c05,28,days_288.78_309.41,OVL-C2806
overlap,624,c05,28,days_288.78_309.41,OVL-C2806
overlap,641,c05,28,days_288.78_309.41,OVL-C2806
overlap,697,c05,28,days_288.78_309.41,OVL-C2806
overlap,698,c05,28,days_288.78_309.41,OVL-C2806
overlap,764,c05,28,days_288.78_309.41,OVL-C2806
overlap,773,c05,28,days_288.78_309.41,OVL-C2806
overlap,789,c05,28,days_288.78_309.41,OVL-C2806
overlap,809,c05,28,days_288.78_309.41,OVL-C2806
overlap,819,c05,28,days_288.78_309.41,OVL-C2806
overlap,840,c05,28,days_288.78_309.41,OVL-C2806
overlap,855,c05,28,days_288.78_309.41,OVL-C2806
overlap,872,c05,28,days_288.78_309.41,OVL-C2806
overlap,873,c05,28,days_288.78_309.41,OVL-C2806
overlap,925,c05,28,days_288.78_309.41,OVL-C2806
overlap,955,c05,28,days_288.78_309.41,OVL-C2806
overlap,987,c05,28,days_288.78_309.41,OVL-C2806
overlap,994,c05,28,days_288.78_309.41,OVL-C2806
overlap,2,c09,28,days_288.78_309.41,OVL-C2802
overlap,30,c09,28,days_288.78_309.41,OVL-C2802
overlap,42,c09,28,days_288.78_309.41,OVL-C2802
overlap,45,c09,28,days_288.78_309.41,OVL-C2802
overlap,52,c09,28,days_288.78_309.41,OVL-C2802
overlap,66,c09,28,days_288.78_309.41,OVL-C2802
overlap,74,c09,28,days_288.78_309.41,OVL-C2802
overlap,77,c09,28,days_288.78_309.41,OVL-C2802
overlap,91,c09,28,days_288.78_309.41,OVL-C2802
overlap,104,c09,28,days_288.78_309.41,OVL-C2802
overlap,110,c09,28,days_288.78_309.41,OVL-C2802
overlap,112,c09,28,days_288.78_309.41,OVL-C2802
overlap,119,c09,28,days_288.78_309.41,OVL-C2802
overlap,126,c09,28,days_288.78_309.41,OVL-C2802
overlap,166,c09,28,days_288.78_309.41,OVL-C2802
overlap,168,c09,28,days_288.78_309.41,OVL-C2802
overlap,209,c09,28,days_288.78_309.41,OVL-C2802
overlap,225,c09,28,days_288.78_309.41,OVL-C2802
overlap,232,c09,28,days_288.78_309.41,OVL-C2802
overlap,256,c09,28,days_288.78_309.41,OVL-C2802
overlap,260,c09,28,days_288.78_309.41,OVL-C2802
overlap,266,c09,28,days_288.78_309.41,OVL-C2802
overlap,274,c09,28,days_288.78_309.41,OVL-C2802
overlap,294,c09,28,days_288.78_309.41,OVL-C2802
overlap,305,c09,28,days_288.78_309.41,OVL-C2802
overlap,313,c09,28,days_288.78_309.41,OVL-C2802
overlap,332,c09,28,days_288.78_309.41,OVL-C2802
overlap,340,c09,28,days_288.78_309.41,OVL-C2802
overlap,356,c09,28,days_288.78_309.41,OVL-C2802
overlap,416,c09,28,days_288.78_309.41,OVL-C2802
overlap,425,c09,28,days_288.78_309.41,OVL-C2802
overlap,435,c09,28,days_288.78_309.41,OVL-C2802
overlap,439,c09,28,days_288.78_309.41,OVL-C2802
overlap,447,c09,28,days_288.78_309.41,OVL-C2802
overlap,465,c09,28,days_288.78_309.41,OVL-C2802
overlap,472,c09,28,days_288.78_309.41,OVL-C2802
overlap,500,c09,28,days_288.78_309.41,OVL-C2802
overlap,509,c09,28,days_288.78_309.41,OVL-C2802
overlap,517,c09,28,days_288.78_309.41,OVL-C2802
overlap,556,c09,28,days_288.78_309.41,OVL-C2802
overlap,557,c09,28,days_288.78_309.41,OVL-C2802
overlap,573,c09,28,days_288.78_309.41,OVL-C2802
overlap,574,c09,28,days_288.78_309.41,OVL-C2802
overlap,575,c09,28,days_288.78_309.41,OVL-C2802
overlap,583,c09,28,days_288.78_309.41,OVL-C2802
overlap,586,c09,28,days_288.78_309.41,OVL-C2802
overlap,602,c09,28,days_288.78_309.41,OVL-C2802
overlap,648,c09,28,days_288.78_309.41,OVL-C2802
overlap,674,c09,28,days_288.78_309.41,OVL-C2802
overlap,700,c09,28,days_288.78_309.41,OVL-C2802
overlap,721,c09,28,days_288.78_309.41,OVL-C2802
overlap,730,c09,28,days_288.78_309.41,OVL-C2802
overlap,743,c09,28,days_288.78_309.41,OVL-C2802
overlap,759,c09,28,days_288.78_309.41,OVL-C2802
overlap,762,c09,28,days_288.78_309.41,OVL-C2802
overlap,765,c09,28,days_288.78_309.41,OVL-C2802
overlap,768,c09,28,days_288.78_309.41,OVL-C2802
overlap,782,c09,28,days_288.78_309.41,OVL-C2802
overlap,790,c09,28,days_288.78_309.41,OVL-C2802
overlap,803,c09,28,days_288.78_309.41,OVL-C2802
overlap,812,c09,28,days_288.78_309.41,OVL-C2802
overlap,814,c09,28,days_288.78_309.41,OVL-C2802
overlap,817,c09,28,days_288.78_309.41,OVL-C2802
overlap,841,c09,28,days_288.78_309.41,OVL-C2802
overlap,863,c09,28,days_288.78_309.41,OVL-C2802
overlap,868,c09,28,days_288.78_309.41,OVL-C2802
overlap,880,c09,28,days_288.78_309.41,OVL-C2802
overlap,885,c09,28,days_288.78_309.41,OVL-C2802
overlap,908,c09,28,days_288.78_309.41,OVL-C2802
overlap,912,c09,28,days_288.78_309.41,OVL-C2802
overlap,946,c09,28,days_288.78_309.41,OVL-C2802
overlap,948,c09,28,days_288.78_309.41,OVL-C2802
overlap,949,c09,28,days_288.78_309.41,OVL-C2802
overlap,966,c09,28,days_288.78_309.41,OVL-C2802
overlap,984,c09,28,days_288.78_309.41,OVL-C2802
overlap,24,c03,29,days_299.10_319.73,OVL-C2905
overlap,35,c03,29,days_299.10_319.73,OVL-C2905
overlap,67,c03,29,days_299.10_319.73,OVL-C2905
overlap,141,c03,29,days_299.10_319.73,OVL-C2905
overlap,160,c03,29,days_299.10_319.73,OVL-C2905
overlap,167,c03,29,days_299.10_319.73,OVL-C2905
overlap,181,c03,29,days_299.10_319.73,OVL-C2905
overlap,188,c03,29,days_299.10_319.73,OVL-C2905
overlap,190,c03,29,days_299.10_319.73,OVL-C2905
overlap,207,c03,29,days_299.10_319.73,OVL-C2905
overlap,241,c03,29,days_299.10_319.73,OVL-C2905
overlap,274,c03,29,days_299.10_319.73,OVL-C2905
overlap,280,c03,29,days_299.10_319.73,OVL-C2905
overlap,288,c03,29,days_299.10_319.73,OVL-C2905
overlap,301,c03,29,days_299.10_319.73,OVL-C2905
overlap,344,c03,29,days_299.10_319.73,OVL-C2905
overlap,353,c03,29,days_299.10_319.73,OVL-C2905
overlap,360,c03,29,days_299.10_319.73,OVL-C2905
overlap,373,c03,29,days_299.10_319.73,OVL-C2905
overlap,391,c03,29,days_299.10_319.73,OVL-C2905
overlap,414,c03,29,days_299.10_319.73,OVL-C2905
overlap,421,c03,29,days_299.10_319.73,OVL-C2905
overlap,424,c03,29,days_299.10_319.73,OVL-C2905
overlap,445,c03,29,days_299.10_319.73,OVL-C2905
overlap,469,c03,29,days_299.10_319.73,OVL-C2905
overlap,493,c03,29,days_299.10_319.73,OVL-C2905
overlap,512,c03,29,days_299.10_319.73,OVL-C2905
overlap,526,c03,29,days_299.10_319.73,OVL-C2905
overlap,530,c03,29,days_299.10_319.73,OVL-C2905
overlap,547,c03,29,days_299.10_319.73,OVL-C2905
overlap,552,c03,29,days_299.10_319.73,OVL-C2905
overlap,561,c03,29,days_299.10_319.73,OVL-C2905
overlap,614,c03,29,days_299.10_319.73,OVL-C2905
overlap,629,c03,29,days_299.10_319.73,OVL-C2905
overlap,630,c03,29,days_299.10_319.73,OVL-C2905
overlap,631,c03,29,days_299.10_319.73,OVL-C2905
overlap,656,c03,29,days_299.10_319.73,OVL-C2905
overlap,658,c03,29,days_299.10_319.73,OVL-C2905
overlap,685,c03,29,days_299.10_319.73,OVL-C2905
overlap,795,c03,29,days_299.10_319.73,OVL-C2905
overlap,817,c03,29,days_299.10_319.73,OVL-C2905
overlap,841,c03,29,days_299.10_319.73,OVL-C2905
overlap,846,c03,29,days_299.10_319.73,OVL-C2905
overlap,847,c03,29,days_299.10_319.73,OVL-C2905
overlap,851,c03,29,days_299.10_319.73,OVL-C2905
overlap,858,c03,29,days_299.10_319.73,OVL-C2905
overlap,891,c03,29,days_299.10_319.73,OVL-C2905
overlap,920,c03,29,days_299.10_319.73,OVL-C2905
overlap,954,c03,29,days_299.10_319.73,OVL-C2905
overlap,957,c03,29,days_299.10_319.73,OVL-C2905
overlap,963,c03,29,days_299.10_319.73,OVL-C2905
overlap,978,c03,29,days_299.10_319.73,OVL-C2905
overlap,988,c03,29,days_299.10_319.73,OVL-C2905
overlap,28,c05,29,days_299.10_319.73,OVL-C2907
overlap,56,c05,29,days_299.10_319.73,OVL-C2907
overlap,68,c05,29,days_299.10_319.73,OVL-C2907
overlap,95,c05,29,days_299.10_319.73,OVL-C2907
overlap,186,c05,29,days_299.10_319.73,OVL-C2907
overlap,226,c05,29,days_299.10_319.73,OVL-C2907
overlap,231,c05,29,days_299.10_319.73,OVL-C2907
overlap,245,c05,29,days_299.10_319.73,OVL-C2907
overlap,251,c05,29,days_299.10_319.73,OVL-C2907
overlap,264,c05,29,days_299.10_319.73,OVL-C2907
overlap,311,c05,29,days_299.10_319.73,OVL-C2907
overlap,329,c05,29,days_299.10_319.73,OVL-C2907
overlap,338,c05,29,days_299.10_319.73,OVL-C2907
overlap,361,c05,29,days_299.10_319.73,OVL-C2907
overlap,364,c05,29,days_299.10_319.73,OVL-C2907
overlap,427,c05,29,days_299.10_319.73,OVL-C2907
overlap,432,c05,29,days_299.10_319.73,OVL-C2907
overlap,433,c05,29,days_299.10_319.73,OVL-C2907
overlap,448,c05,29,days_299.10_319.73,OVL-C2907
overlap,480,c05,29,days_299.10_319.73,OVL-C2907
overlap,482,c05,29,days_299.10_319.73,OVL-C2907
overlap,497,c05,29,days_299.10_319.73,OVL-C2907
overlap,531,c05,29,days_299.10_319.73,OVL-C2907
overlap,540,c05,29,days_299.10_319.73,OVL-C2907
overlap,582,c05,29,days_299.10_319.73,OVL-C2907
overlap,606,c05,29,days_299.10_319.73,OVL-C2907
overlap,624,c05,29,days_299.10_319.73,OVL-C2907
overlap,641,c05,29,days_299.10_319.73,OVL-C2907
overlap,660,c05,29,days_299.10_319.73,OVL-C2907
overlap,698,c05,29,days_299.10_319.73,OVL-C2907
overlap,764,c05,29,days_299.10_319.73,OVL-C2907
overlap,773,c05,29,days_299.10_319.73,OVL-C2907
overlap,789,c05,29,days_299.10_319.73,OVL-C2907
overlap,809,c05,29,days_299.10_319.73,OVL-C2907
overlap,819,c05,29,days_299.10_319.73,OVL-C2907
overlap,840,c05,29,days_299.10_319.73,OVL-C2907
overlap,872,c05,29,days_299.10_319.73,OVL-C2907
overlap,873,c05,29,days_299.10_319.73,OVL-C2907
overlap,925,c05,29,days_299.10_319.73,OVL-C2907
overlap,955,c05,29,days_299.10_319.73,OVL-C2907
overlap,987,c05,29,days_299.10_319.73,OVL-C2907
overlap,994,c05,29,days_299.10_319.73,OVL-C2907
overlap,2,c09,29,days_299.10_319.73,OVL-C2903
overlap,30,c09,29,days_299.10_319.73,OVL-C2903
overlap,45,c09,29,days_299.10_319.73,OVL-C2903
overlap,52,c09,29,days_299.10_319.73,OVL-C2903
overlap,53,c09,29,days_299.10_319.73,OVL-C2903
overlap,66,c09,29,days_299.10_319.73,OVL-C2903
overlap,74,c09,29,days_299.10_319.73,OVL-C2903
overlap,77,c09,29,days_299.10_319.73,OVL-C2903
overlap,91,c09,29,days_299.10_319.73,OVL-C2903
overlap,104,c09,29,days_299.10_319.73,OVL-C2903
overlap,110,c09,29,days_299.10_319.73,OVL-C2903
overlap,111,c09,29,days_299.10_319.73,OVL-C2903
overlap,112,c09,29,days_299.10_319.73,OVL-C2903
overlap,119,c09,29,days_299.10_319.73,OVL-C2903
overlap,126,c09,29,days_299.10_319.73,OVL-C2903
overlap,133,c09,29,days_299.10_319.73,OVL-C2903
overlap,166,c09,29,days_299.10_319.73,OVL-C2903
overlap,168,c09,29,days_299.10_319.73,OVL-C2903
overlap,193,c09,29,days_299.10_319.73,OVL-C2903
overlap,209,c09,29,days_299.10_319.73,OVL-C2903
overlap,227,c09,29,days_299.10_319.73,OVL-C2903
overlap,232,c09,29,days_299.10_319.73,OVL-C2903
overlap,256,c09,29,days_299.10_319.73,OVL-C2903
overlap,260,c09,29,days_299.10_319.73,OVL-C2903
overlap,266,c09,29,days_299.10_319.73,OVL-C2903
overlap,267,c09,29,days_299.10_319.73,OVL-C2903
overlap,294,c09,29,days_299.10_319.73,OVL-C2903
overlap,305,c09,29,days_299.10_319.73,OVL-C2903
overlap,313,c09,29,days_299.10_319.73,OVL-C2903
overlap,326,c09,29,days_299.10_319.73,OVL-C2903
overlap,332,c09,29,days_299.10_319.73,OVL-C2903
overlap,340,c09,29,days_299.10_319.73,OVL-C2903
overlap,356,c09,29,days_299.10_319.73,OVL-C2903
overlap,416,c09,29,days_299.10_319.73,OVL-C2903
overlap,425,c09,29,days_299.10_319.73,OVL-C2903
overlap,435,c09,29,days_299.10_319.73,OVL-C2903
overlap,439,c09,29,days_299.10_319.73,OVL-C2903
overlap,447,c09,29,days_299.10_319.73,OVL-C2903
overlap,465,c09,29,days_299.10_319.73,OVL-C2903
overlap,472,c09,29,days_299.10_319.73,OVL-C2903
overlap,500,c09,29,days_299.10_319.73,OVL-C2903
overlap,516,c09,29,days_299.10_319.73,OVL-C2903
overlap,517,c09,29,days_299.10_319.73,OVL-C2903
overlap,556,c09,29,days_299.10_319.73,OVL-C2903
overlap,557,c09,29,days_299.10_319.73,OVL-C2903
overlap,573,c09,29,days_299.10_319.73,OVL-C2903
overlap,574,c09,29,days_299.10_319.73,OVL-C2903
overlap,575,c09,29,days_299.10_319.73,OVL-C2903
overlap,586,c09,29,days_299.10_319.73,OVL-C2903
overlap,602,c09,29,days_299.10_319.73,OVL-C2903
overlap,633,c09,29,days_299.10_319.73,OVL-C2903
overlap,648,c09,29,days_299.10_319.73,OVL-C2903
overlap,674,c09,29,days_299.10_319.73,OVL-C2903
overlap,700,c09,29,days_299.10_319.73,OVL-C2903
overlap,704,c09,29,days_299.10_319.73,OVL-C2903
overlap,721,c09,29,days_299.10_319.73,OVL-C2903
overlap,730,c09,29,days_299.10_319.73,OVL-C2903
overlap,743,c09,29,days_299.10_319.73,OVL-C2903
overlap,759,c09,29,days_299.10_319.73,OVL-C2903
overlap,762,c09,29,days_299.10_319.73,OVL-C2903
overlap,765,c09,29,days_299.10_319.73,OVL-C2903
overlap,782,c09,29,days_299.10_319.73,OVL-C2903
overlap,790,c09,29,days_299.10_319.73,OVL-C2903
overlap,803,c09,29,days_299.10_319.73,OVL-C2903
overlap,804,c09,29,days_299.10_319.73,OVL-C2903
overlap,812,c09,29,days_299.10_319.73,OVL-C2903
overlap,814,c09,29,days_299.10_319.73,OVL-C2903
overlap,868,c09,29,days_299.10_319.73,OVL-C2903
overlap,880,c09,29,days_299.10_319.73,OVL-C2903
overlap,885,c09,29,days_299.10_319.73,OVL-C2903
overlap,889,c09,29,days_299.10_319.73,OVL-C2903
overlap,908,c09,29,days_299.10_319.73,OVL-C2903
overlap,912,c09,29,days_299.10_319.73,OVL-C2903
overlap,918,c09,29,days_299.10_319.73,OVL-C2903
overlap,946,c09,29,days_299.10_319.73,OVL-C2903
overlap,948,c09,29,days_299.10_319.73,OVL-C2903
overlap,949,c09,29,days_299.10_319.73,OVL-C2903
overlap,966,c09,29,days_299.10_319.73,OVL-C2903
overlap,984,c09,29,days_299.10_319.73,OVL-C2903
overlap,0,c11,29,days_299.10_319.73,OVL-C2904
overlap,6,c11,29,days_299.10_319.73,OVL-C2904
overlap,32,c11,29,days_299.10_319.73,OVL-C2904
overlap,58,c11,29,days_299.10_319.73,OVL-C2904
overlap,61,c11,29,days_299.10_319.73,OVL-C2904
overlap,78,c11,29,days_299.10_319.73,OVL-C2904
overlap,114,c11,29,days_299.10_319.73,OVL-C2904
overlap,122,c11,29,days_299.10_319.73,OVL-C2904
overlap,143,c11,29,days_299.10_319.73,OVL-C2904
overlap,149,c11,29,days_299.10_319.73,OVL-C2904
overlap,169,c11,29,days_299.10_319.73,OVL-C2904
overlap,178,c11,29,days_299.10_319.73,OVL-C2904
overlap,184,c11,29,days_299.10_319.73,OVL-C2904
overlap,189,c11,29,days_299.10_319.73,OVL-C2904
overlap,228,c11,29,days_299.10_319.73,OVL-C2904
overlap,239,c11,29,days_299.10_319.73,OVL-C2904
overlap,243,c11,29,days_299.10_319.73,OVL-C2904
overlap,249,c11,29,days_299.10_319.73,OVL-C2904
overlap,255,c11,29,days_299.10_319.73,OVL-C2904
overlap,293,c11,29,days_299.10_319.73,OVL-C2904
overlap,295,c11,29,days_299.10_319.73,OVL-C2904
overlap,323,c11,29,days_299.10_319.73,OVL-C2904
overlap,333,c11,29,days_299.10_319.73,OVL-C2904
overlap,339,c11,29,days_299.10_319.73,OVL-C2904
overlap,372,c11,29,days_299.10_319.73,OVL-C2904
overlap,388,c11,29,days_299.10_319.73,OVL-C2904
overlap,398,c11,29,days_299.10_319.73,OVL-C2904
overlap,404,c11,29,days_299.10_319.73,OVL-C2904
overlap,409,c11,29,days_299.10_319.73,OVL-C2904
overlap,470,c11,29,days_299.10_319.73,OVL-C2904
overlap,479,c11,29,days_299.10_319.73,OVL-C2904
overlap,502,c11,29,days_299.10_319.73,OVL-C2904
overlap,519,c11,29,days_299.10_319.73,OVL-C2904
overlap,522,c11,29,days_299.10_319.73,OVL-C2904
overlap,538,c11,29,days_299.10_319.73,OVL-C2904
overlap,549,c11,29,days_299.10_319.73,OVL-C2904
overlap,563,c11,29,days_299.10_319.73,OVL-C2904
overlap,569,c11,29,days_299.10_319.73,OVL-C2904
overlap,593,c11,29,days_299.10_319.73,OVL-C2904
overlap,595,c11,29,days_299.10_319.73,OVL-C2904
overlap,599,c11,29,days_299.10_319.73,OVL-C2904
overlap,605,c11,29,days_299.10_319.73,OVL-C2904
overlap,607,c11,29,days_299.10_319.73,OVL-C2904
overlap,613,c11,29,days_299.10_319.73,OVL-C2904
overlap,634,c11,29,days_299.10_319.73,OVL-C2904
overlap,690,c11,29,days_299.10_319.73,OVL-C2904
overlap,693,c11,29,days_299.10_319.73,OVL-C2904
overlap,696,c11,29,days_299.10_319.73,OVL-C2904
overlap,706,c11,29,days_299.10_319.73,OVL-C2904
overlap,710,c11,29,days_299.10_319.73,OVL-C2904
overlap,711,c11,29,days_299.10_319.73,OVL-C2904
overlap,716,c11,29,days_299.10_319.73,OVL-C2904
overlap,718,c11,29,days_299.10_319.73,OVL-C2904
overlap,724,c11,29,days_299.10_319.73,OVL-C2904
overlap,754,c11,29,days_299.10_319.73,OVL-C2904
overlap,767,c11,29,days_299.10_319.73,OVL-C2904
overlap,791,c11,29,days_299.10_319.73,OVL-C2904
overlap,843,c11,29,days_299.10_319.73,OVL-C2904
overlap,862,c11,29,days_299.10_319.73,OVL-C2904
overlap,883,c11,29,days_299.10_319.73,OVL-C2904
overlap,904,c11,29,days_299.10_319.73,OVL-C2904
overlap,907,c11,29,days_299.10_319.73,OVL-C2904
overlap,909,c11,29,days_299.10_319.73,OVL-C2904
overlap,951,c11,29,days_299.10_319.73,OVL-C2904
overlap,991,c11,29,days_299.10_319.73,OVL-C2904
overlap,35,c03,30,days_309.41_330.04,OVL-C3009
overlap,141,c03,30,days_309.41_330.04,OVL-C3009
overlap,167,c03,30,days_309.41_330.04,OVL-C3009
overlap,181,c03,30,days_309.41_330.04,OVL-C3009
overlap,188,c03,30,days_309.41_330.04,OVL-C3009
overlap,190,c03,30,days_309.41_330.04,OVL-C3009
overlap,207,c03,30,days_309.41_330.04,OVL-C3009
overlap,241,c03,30,days_309.41_330.04,OVL-C3009
overlap,274,c03,30,days_309.41_330.04,OVL-C3009
overlap,301,c03,30,days_309.41_330.04,OVL-C3009
overlap,373,c03,30,days_309.41_330.04,OVL-C3009
overlap,421,c03,30,days_309.41_330.04,OVL-C3009
overlap,424,c03,30,days_309.41_330.04,OVL-C3009
overlap,469,c03,30,days_309.41_330.04,OVL-C3009
overlap,512,c03,30,days_309.41_330.04,OVL-C3009
overlap,547,c03,30,days_309.41_330.04,OVL-C3009
overlap,552,c03,30,days_309.41_330.04,OVL-C3009
overlap,614,c03,30,days_309.41_330.04,OVL-C3009
overlap,656,c03,30,days_309.41_330.04,OVL-C3009
overlap,795,c03,30,days_309.41_330.04,OVL-C3009
overlap,817,c03,30,days_309.41_330.04,OVL-C3009
overlap,841,c03,30,days_309.41_330.04,OVL-C3009
overlap,847,c03,30,days_309.41_330.04,OVL-C3009
overlap,851,c03,30,days_309.41_330.04,OVL-C3009
overlap,858,c03,30,days_309.41_330.04,OVL-C3009
overlap,920,c03,30,days_309.41_330.04,OVL-C3009
overlap,954,c03,30,days_309.41_330.04,OVL-C3009
overlap,957,c03,30,days_309.41_330.04,OVL-C3009
overlap,978,c03,30,days_309.41_330.04,OVL-C3009
overlap,988,c03,30,days_309.41_330.04,OVL-C3009
overlap,28,c05,30,days_309.41_330.04,OVL-C3006
overlap,56,c05,30,days_309.41_330.04,OVL-C3006
overlap,68,c05,30,days_309.41_330.04,OVL-C3006
overlap,95,c05,30,days_309.41_330.04,OVL-C3006
overlap,186,c05,30,days_309.41_330.04,OVL-C3006
overlap,226,c05,30,days_309.41_330.04,OVL-C3006
overlap,231,c05,30,days_309.41_330.04,OVL-C3006
overlap,245,c05,30,days_309.41_330.04,OVL-C3006
overlap,251,c05,30,days_309.41_330.04,OVL-C3006
overlap,264,c05,30,days_309.41_330.04,OVL-C3006
overlap,311,c05,30,days_309.41_330.04,OVL-C3006
overlap,329,c05,30,days_309.41_330.04,OVL-C3006
overlap,338,c05,30,days_309.41_330.04,OVL-C3006
overlap,361,c05,30,days_309.41_330.04,OVL-C3006
overlap,364,c05,30,days_309.41_330.04,OVL-C3006
overlap,427,c05,30,days_309.41_330.04,OVL-C3006
overlap,432,c05,30,days_309.41_330.04,OVL-C3006
overlap,433,c05,30,days_309.41_330.04,OVL-C3006
overlap,448,c05,30,days_309.41_330.04,OVL-C3006
overlap,480,c05,30,days_309.41_330.04,OVL-C3006
overlap,482,c05,30,days_309.41_330.04,OVL-C3006
overlap,531,c05,30,days_309.41_330.04,OVL-C3006
overlap,540,c05,30,days_309.41_330.04,OVL-C3006
overlap,582,c05,30,days_309.41_330.04,OVL-C3006
overlap,606,c05,30,days_309.41_330.04,OVL-C3006
overlap,624,c05,30,days_309.41_330.04,OVL-C3006
overlap,641,c05,30,days_309.41_330.04,OVL-C3006
overlap,698,c05,30,days_309.41_330.04,OVL-C3006
overlap,764,c05,30,days_309.41_330.04,OVL-C3006
overlap,773,c05,30,days_309.41_330.04,OVL-C3006
overlap,775,c05,30,days_309.41_330.04,OVL-C3006
overlap,789,c05,30,days_309.41_330.04,OVL-C3006
overlap,809,c05,30,days_309.41_330.04,OVL-C3006
overlap,819,c05,30,days_309.41_330.04,OVL-C3006
overlap,840,c05,30,days_309.41_330.04,OVL-C3006
overlap,872,c05,30,days_309.41_330.04,OVL-C3006
overlap,873,c05,30,days_309.41_330.04,OVL-C3006
overlap,925,c05,30,days_309.41_330.04,OVL-C3006
overlap,955,c05,30,days_309.41_330.04,OVL-C3006
overlap,987,c05,30,days_309.41_330.04,OVL-C3006
overlap,994,c05,30,days_309.41_330.04,OVL-C3006
overlap,995,c05,30,days_309.41_330.04,OVL-C3006
overlap,2,c09,30,days_309.41_330.04,OVL-C3002
overlap,30,c09,30,days_309.41_330.04,OVL-C3002
overlap,45,c09,30,days_309.41_330.04,OVL-C3002
overlap,52,c09,30,days_309.41_330.04,OVL-C3002
overlap,53,c09,30,days_309.41_330.04,OVL-C3002
overlap,66,c09,30,days_309.41_330.04,OVL-C3002
overlap,74,c09,30,days_309.41_330.04,OVL-C3002
overlap,77,c09,30,days_309.41_330.04,OVL-C3002
overlap,104,c09,30,days_309.41_330.04,OVL-C3002
overlap,110,c09,30,days_309.41_330.04,OVL-C3002
overlap,111,c09,30,days_309.41_330.04,OVL-C3002
overlap,112,c09,30,days_309.41_330.04,OVL-C3002
overlap,119,c09,30,days_309.41_330.04,OVL-C3002
overlap,126,c09,30,days_309.41_330.04,OVL-C3002
overlap,133,c09,30,days_309.41_330.04,OVL-C3002
overlap,166,c09,30,days_309.41_330.04,OVL-C3002
overlap,168,c09,30,days_309.41_330.04,OVL-C3002
overlap,176,c09,30,days_309.41_330.04,OVL-C3002
overlap,193,c09,30,days_309.41_330.04,OVL-C3002
overlap,209,c09,30,days_309.41_330.04,OVL-C3002
overlap,227,c09,30,days_309.41_330.04,OVL-C3002
overlap,232,c09,30,days_309.41_330.04,OVL-C3002
overlap,256,c09,30,days_309.41_330.04,OVL-C3002
overlap,260,c09,30,days_309.41_330.04,OVL-C3002
overlap,266,c09,30,days_309.41_330.04,OVL-C3002
overlap,267,c09,30,days_309.41_330.04,OVL-C3002
overlap,294,c09,30,days_309.41_330.04,OVL-C3002
overlap,305,c09,30,days_309.41_330.04,OVL-C3002
overlap,313,c09,30,days_309.41_330.04,OVL-C3002
overlap,318,c09,30,days_309.41_330.04,OVL-C3002
overlap,326,c09,30,days_309.41_330.04,OVL-C3002
overlap,332,c09,30,days_309.41_330.04,OVL-C3002
overlap,340,c09,30,days_309.41_330.04,OVL-C3002
overlap,356,c09,30,days_309.41_330.04,OVL-C3002
overlap,416,c09,30,days_309.41_330.04,OVL-C3002
overlap,425,c09,30,days_309.41_330.04,OVL-C3002
overlap,435,c09,30,days_309.41_330.04,OVL-C3002
overlap,439,c09,30,days_309.41_330.04,OVL-C3002
overlap,447,c09,30,days_309.41_330.04,OVL-C3002
overlap,465,c09,30,days_309.41_330.04,OVL-C3002
overlap,472,c09,30,days_309.41_330.04,OVL-C3002
overlap,500,c09,30,days_309.41_330.04,OVL-C3002
overlap,517,c09,30,days_309.41_330.04,OVL-C3002
overlap,556,c09,30,days_309.41_330.04,OVL-C3002
overlap,573,c09,30,days_309.41_330.04,OVL-C3002
overlap,574,c09,30,days_309.41_330.04,OVL-C3002
overlap,575,c09,30,days_309.41_330.04,OVL-C3002
overlap,586,c09,30,days_309.41_330.04,OVL-C3002
overlap,598,c09,30,days_309.41_330.04,OVL-C3002
overlap,602,c09,30,days_309.41_330.04,OVL-C3002
overlap,617,c09,30,days_309.41_330.04,OVL-C3002
overlap,633,c09,30,days_309.41_330.04,OVL-C3002
overlap,648,c09,30,days_309.41_330.04,OVL-C3002
overlap,674,c09,30,days_309.41_330.04,OVL-C3002
overlap,700,c09,30,days_309.41_330.04,OVL-C3002
overlap,704,c09,30,days_309.41_330.04,OVL-C3002
overlap,721,c09,30,days_309.41_330.04,OVL-C3002
overlap,730,c09,30,days_309.41_330.04,OVL-C3002
overlap,743,c09,30,days_309.41_330.04,OVL-C3002
overlap,756,c09,30,days_309.41_330.04,OVL-C3002
overlap,759,c09,30,days_309.41_330.04,OVL-C3002
overlap,762,c09,30,days_309.41_330.04,OVL-C3002
overlap,765,c09,30,days_309.41_330.04,OVL-C3002
overlap,782,c09,30,days_309.41_330.04,OVL-C3002
overlap,790,c09,30,days_309.41_330.04,OVL-C3002
overlap,803,c09,30,days_309.41_330.04,OVL-C3002
overlap,812,c09,30,days_309.41_330.04,OVL-C3002
overlap,868,c09,30,days_309.41_330.04,OVL-C3002
overlap,885,c09,30,days_309.41_330.04,OVL-C3002
overlap,889,c09,30,days_309.41_330.04,OVL-C3002
overlap,908,c09,30,days_309.41_330.04,OVL-C3002
overlap,912,c09,30,days_309.41_330.04,OVL-C3002
overlap,918,c09,30,days_309.41_330.04,OVL-C3002
overlap,946,c09,30,days_309.41_330.04,OVL-C3002
overlap,948,c09,30,days_309.41_330.04,OVL-C3002
overlap,949,c09,30,days_309.41_330.04,OVL-C3002
overlap,966,c09,30,days_309.41_330.04,OVL-C3002
overlap,984,c09,30,days_309.41_330.04,OVL-C3002
overlap,0,c11,30,days_309.41_330.04,OVL-C3007
overlap,6,c11,30,days_309.41_330.04,OVL-C3007
overlap,19,c11,30,days_309.41_330.04,OVL-C3007
overlap,58,c11,30,days_309.41_330.04,OVL-C3007
overlap,78,c11,30,days_309.41_330.04,OVL-C3007
overlap,114,c11,30,days_309.41_330.04,OVL-C3007
overlap,178,c11,30,days_309.41_330.04,OVL-C3007
overlap,228,c11,30,days_309.41_330.04,OVL-C3007
overlap,239,c11,30,days_309.41_330.04,OVL-C3007
overlap,249,c11,30,days_309.41_330.04,OVL-C3007
overlap,273,c11,30,days_309.41_330.04,OVL-C3007
overlap,293,c11,30,days_309.41_330.04,OVL-C3007
overlap,295,c11,30,days_309.41_330.04,OVL-C3007
overlap,312,c11,30,days_309.41_330.04,OVL-C3007
overlap,323,c11,30,days_309.41_330.04,OVL-C3007
overlap,333,c11,30,days_309.41_330.04,OVL-C3007
overlap,339,c11,30,days_309.41_330.04,OVL-C3007
overlap,365,c11,30,days_309.41_330.04,OVL-C3007
overlap,409,c11,30,days_309.41_330.04,OVL-C3007
overlap,470,c11,30,days_309.41_330.04,OVL-C3007
overlap,502,c11,30,days_309.41_330.04,OVL-C3007
overlap,519,c11,30,days_309.41_330.04,OVL-C3007
overlap,538,c11,30,days_309.41_330.04,OVL-C3007
overlap,549,c11,30,days_309.41_330.04,OVL-C3007
overlap,557,c11,30,days_309.41_330.04,OVL-C3007
overlap,569,c11,30,days_309.41_330.04,OVL-C3007
overlap,599,c11,30,days_309.41_330.04,OVL-C3007
overlap,605,c11,30,days_309.41_330.04,OVL-C3007
overlap,693,c11,30,days_309.41_330.04,OVL-C3007
overlap,710,c11,30,days_309.41_330.04,OVL-C3007
overlap,711,c11,30,days_309.41_330.04,OVL-C3007
overlap,713,c11,30,days_309.41_330.04,OVL-C3007
overlap,732,c11,30,days_309.41_330.04,OVL-C3007
overlap,767,c11,30,days_309.41_330.04,OVL-C3007
overlap,862,c11,30,days_309.41_330.04,OVL-C3007
overlap,909,c11,30,days_309.41_330.04,OVL-C3007
overlap,951,c11,30,days_309.41_330.04,OVL-C3007
overlap,991,c11,30,days_309.41_330.04,OVL-C3007
overlap,24,c03,31,days_319.73_340.35,OVL-C3108
overlap,35,c03,31,days_319.73_340.35,OVL-C3108
overlap,141,c03,31,days_319.73_340.35,OVL-C3108
overlap,160,c03,31,days_319.73_340.35,OVL-C3108
overlap,167,c03,31,days_319.73_340.35,OVL-C3108
overlap,181,c03,31,days_319.73_340.35,OVL-C3108
overlap,188,c03,31,days_319.73_340.35,OVL-C3108
overlap,190,c03,31,days_319.73_340.35,OVL-C3108
overlap,207,c03,31,days_319.73_340.35,OVL-C3108
overlap,241,c03,31,days_319.73_340.35,OVL-C3108
overlap,274,c03,31,days_319.73_340.35,OVL-C3108
overlap,280,c03,31,days_319.73_340.35,OVL-C3108
overlap,288,c03,31,days_319.73_340.35,OVL-C3108
overlap,301,c03,31,days_319.73_340.35,OVL-C3108
overlap,353,c03,31,days_319.73_340.35,OVL-C3108
overlap,360,c03,31,days_319.73_340.35,OVL-C3108
overlap,373,c03,31,days_319.73_340.35,OVL-C3108
overlap,391,c03,31,days_319.73_340.35,OVL-C3108
overlap,414,c03,31,days_319.73_340.35,OVL-C3108
overlap,421,c03,31,days_319.73_340.35,OVL-C3108
overlap,424,c03,31,days_319.73_340.35,OVL-C3108
overlap,445,c03,31,days_319.73_340.35,OVL-C3108
overlap,469,c03,31,days_319.73_340.35,OVL-C3108
overlap,484,c03,31,days_319.73_340.35,OVL-C3108
overlap,493,c03,31,days_319.73_340.35,OVL-C3108
overlap,512,c03,31,days_319.73_340.35,OVL-C3108
overlap,526,c03,31,days_319.73_340.35,OVL-C3108
overlap,530,c03,31,days_319.73_340.35,OVL-C3108
overlap,547,c03,31,days_319.73_340.35,OVL-C3108
overlap,552,c03,31,days_319.73_340.35,OVL-C3108
overlap,561,c03,31,days_319.73_340.35,OVL-C3108
overlap,614,c03,31,days_319.73_340.35,OVL-C3108
overlap,629,c03,31,days_319.73_340.35,OVL-C3108
overlap,630,c03,31,days_319.73_340.35,OVL-C3108
overlap,631,c03,31,days_319.73_340.35,OVL-C3108
overlap,647,c03,31,days_319.73_340.35,OVL-C3108
overlap,656,c03,31,days_319.73_340.35,OVL-C3108
overlap,658,c03,31,days_319.73_340.35,OVL-C3108
overlap,685,c03,31,days_319.73_340.35,OVL-C3108
overlap,795,c03,31,days_319.73_340.35,OVL-C3108
overlap,817,c03,31,days_319.73_340.35,OVL-C3108
overlap,841,c03,31,days_319.73_340.35,OVL-C3108
overlap,846,c03,31,days_319.73_340.35,OVL-C3108
overlap,847,c03,31,days_319.73_340.35,OVL-C3108
overlap,851,c03,31,days_319.73_340.35,OVL-C3108
overlap,858,c03,31,days_319.73_340.35,OVL-C3108
overlap,891,c03,31,days_319.73_340.35,OVL-C3108
overlap,920,c03,31,days_319.73_340.35,OVL-C3108
overlap,954,c03,31,days_319.73_340.35,OVL-C3108
overlap,957,c03,31,days_319.73_340.35,OVL-C3108
overlap,978,c03,31,days_319.73_340.35,OVL-C3108
overlap,988,c03,31,days_319.73_340.35,OVL-C3108
overlap,28,c05,31,days_319.73_340.35,OVL-C3107
overlap,56,c05,31,days_319.73_340.35,OVL-C3107
overlap,68,c05,31,days_319.73_340.35,OVL-C3107
overlap,76,c05,31,days_319.73_340.35,OVL-C3107
overlap,95,c05,31,days_319.73_340.35,OVL-C3107
overlap,189,c05,31,days_319.73_340.35,OVL-C3107
overlap,194,c05,31,days_319.73_340.35,OVL-C3107
overlap,231,c05,31,days_319.73_340.35,OVL-C3107
overlap,239,c05,31,days_319.73_340.35,OVL-C3107
overlap,245,c05,31,days_319.73_340.35,OVL-C3107
overlap,251,c05,31,days_319.73_340.35,OVL-C3107
overlap,264,c05,31,days_319.73_340.35,OVL-C3107
overlap,273,c05,31,days_319.73_340.35,OVL-C3107
overlap,281,c05,31,days_319.73_340.35,OVL-C3107
overlap,311,c05,31,days_319.73_340.35,OVL-C3107
overlap,329,c05,31,days_319.73_340.35,OVL-C3107
overlap,338,c05,31,days_319.73_340.35,OVL-C3107
overlap,361,c05,31,days_319.73_340.35,OVL-C3107
overlap,364,c05,31,days_319.73_340.35,OVL-C3107
overlap,410,c05,31,days_319.73_340.35,OVL-C3107
overlap,427,c05,31,days_319.73_340.35,OVL-C3107
overlap,432,c05,31,days_319.73_340.35,OVL-C3107
overlap,433,c05,31,days_319.73_340.35,OVL-C3107
overlap,480,c05,31,days_319.73_340.35,OVL-C3107
overlap,482,c05,31,days_319.73_340.35,OVL-C3107
overlap,531,c05,31,days_319.73_340.35,OVL-C3107
overlap,540,c05,31,days_319.73_340.35,OVL-C3107
overlap,582,c05,31,days_319.73_340.35,OVL-C3107
overlap,606,c05,31,days_319.73_340.35,OVL-C3107
overlap,624,c05,31,days_319.73_340.35,OVL-C3107
overlap,641,c05,31,days_319.73_340.35,OVL-C3107
overlap,660,c05,31,days_319.73_340.35,OVL-C3107
overlap,663,c05,31,days_319.73_340.35,OVL-C3107
overlap,669,c05,31,days_319.73_340.35,OVL-C3107
overlap,698,c05,31,days_319.73_340.35,OVL-C3107
overlap,706,c05,31,days_319.73_340.35,OVL-C3107
overlap,711,c05,31,days_319.73_340.35,OVL-C3107
overlap,764,c05,31,days_319.73_340.35,OVL-C3107
overlap,769,c05,31,days_319.73_340.35,OVL-C3107
overlap,773,c05,31,days_319.73_340.35,OVL-C3107
overlap,775,c05,31,days_319.73_340.35,OVL-C3107
overlap,777,c05,31,days_319.73_340.35,OVL-C3107
overlap,789,c05,31,days_319.73_340.35,OVL-C3107
overlap,809,c05,31,days_319.73_340.35,OVL-C3107
overlap,819,c05,31,days_319.73_340.35,OVL-C3107
overlap,830,c05,31,days_319.73_340.35,OVL-C3107
overlap,840,c05,31,days_319.73_340.35,OVL-C3107
overlap,872,c05,31,days_319.73_340.35,OVL-C3107
overlap,873,c05,31,days_319.73_340.35,OVL-C3107
overlap,905,c05,31,days_319.73_340.35,OVL-C3107
overlap,925,c05,31,days_319.73_340.35,OVL-C3107
overlap,951,c05,31,days_319.73_340.35,OVL-C3107
overlap,955,c05,31,days_319.73_340.35,OVL-C3107
overlap,969,c05,31,days_319.73_340.35,OVL-C3107
overlap,983,c05,31,days_319.73_340.35,OVL-C3107
overlap,987,c05,31,days_319.73_340.35,OVL-C3107
overlap,994,c05,31,days_319.73_340.35,OVL-C3107
overlap,2,c09,31,days_319.73_340.35,OVL-C3101
overlap,30,c09,31,days_319.73_340.35,OVL-C3101
overlap,45,c09,31,days_319.73_340.35,OVL-C3101
overlap,52,c09,31,days_319.73_340.35,OVL-C3101
overlap,66,c09,31,days_319.73_340.35,OVL-C3101
overlap,74,c09,31,days_319.73_340.35,OVL-C3101
overlap,77,c09,31,days_319.73_340.35,OVL-C3101
overlap,104,c09,31,days_319.73_340.35,OVL-C3101
overlap,110,c09,31,days_319.73_340.35,OVL-C3101
overlap,111,c09,31,days_319.73_340.35,OVL-C3101
overlap,112,c09,31,days_319.73_340.35,OVL-C3101
overlap,119,c09,31,days_319.73_340.35,OVL-C3101
overlap,126,c09,31,days_319.73_340.35,OVL-C3101
overlap,128,c09,31,days_319.73_340.35,OVL-C3101
overlap,133,c09,31,days_319.73_340.35,OVL-C3101
overlap,161,c09,31,days_319.73_340.35,OVL-C3101
overlap,166,c09,31,days_319.73_340.35,OVL-C3101
overlap,168,c09,31,days_319.73_340.35,OVL-C3101
overlap,176,c09,31,days_319.73_340.35,OVL-C3101
overlap,197,c09,31,days_319.73_340.35,OVL-C3101
overlap,209,c09,31,days_319.73_340.35,OVL-C3101
overlap,232,c09,31,days_319.73_340.35,OVL-C3101
overlap,240,c09,31,days_319.73_340.35,OVL-C3101
overlap,256,c09,31,days_319.73_340.35,OVL-C3101
overlap,257,c09,31,days_319.73_340.35,OVL-C3101
overlap,260,c09,31,days_319.73_340.35,OVL-C3101
overlap,266,c09,31,days_319.73_340.35,OVL-C3101
overlap,267,c09,31,days_319.73_340.35,OVL-C3101
overlap,294,c09,31,days_319.73_340.35,OVL-C3101
overlap,305,c09,31,days_319.73_340.35,OVL-C3101
overlap,313,c09,31,days_319.73_340.35,OVL-C3101
overlap,318,c09,31,days_319.73_340.35,OVL-C3101
overlap,326,c09,31,days_319.73_340.35,OVL-C3101
overlap,332,c09,31,days_319.73_340.35,OVL-C3101
overlap,356,c09,31,days_319.73_340.35,OVL-C3101
overlap,392,c09,31,days_319.73_340.35,OVL-C3101
overlap,416,c09,31,days_319.73_340.35,OVL-C3101
overlap,425,c09,31,days_319.73_340.35,OVL-C3101
overlap,435,c09,31,days_319.73_340.35,OVL-C3101
overlap,439,c09,31,days_319.73_340.35,OVL-C3101
overlap,447,c09,31,days_319.73_340.35,OVL-C3101
overlap,465,c09,31,days_319.73_340.35,OVL-C3101
overlap,472,c09,31,days_319.73_340.35,OVL-C3101
overlap,500,c09,31,days_319.73_340.35,OVL-C3101
overlap,517,c09,31,days_319.73_340.35,OVL-C3101
overlap,556,c09,31,days_319.73_340.35,OVL-C3101
overlap,557,c09,31,days_319.73_340.35,OVL-C3101
overlap,573,c09,31,days_319.73_340.35,OVL-C3101
overlap,574,c09,31,days_319.73_340.35,OVL-C3101
overlap,575,c09,31,days_319.73_340.35,OVL-C3101
overlap,586,c09,31,days_319.73_340.35,OVL-C3101
overlap,598,c09,31,days_319.73_340.35,OVL-C3101
overlap,602,c09,31,days_319.73_340.35,OVL-C3101
overlap,648,c09,31,days_319.73_340.35,OVL-C3101
overlap,674,c09,31,days_319.73_340.35,OVL-C3101
overlap,699,c09,31,days_319.73_340.35,OVL-C3101
overlap,700,c09,31,days_319.73_340.35,OVL-C3101
overlap,704,c09,31,days_319.73_340.35,OVL-C3101
overlap,721,c09,31,days_319.73_340.35,OVL-C3101
overlap,730,c09,31,days_319.73_340.35,OVL-C3101
overlap,743,c09,31,days_319.73_340.35,OVL-C3101
overlap,756,c09,31,days_319.73_340.35,OVL-C3101
overlap,759,c09,31,days_319.73_340.35,OVL-C3101
overlap,762,c09,31,days_319.73_340.35,OVL-C3101
overlap,765,c09,31,days_319.73_340.35,OVL-C3101
overlap,782,c09,31,days_319.73_340.35,OVL-C3101
overlap,790,c09,31,days_319.73_340.35,OVL-C3101
overlap,803,c09,31,days_319.73_340.35,OVL-C3101
overlap,812,c09,31,days_319.73_340.35,OVL-C3101
overlap,814,c09,31,days_319.73_340.35,OVL-C3101
overlap,868,c09,31,days_319.73_340.35,OVL-C3101
overlap,869,c09,31,days_319.73_340.35,OVL-C3101
overlap,876,c09,31,days_319.73_340.35,OVL-C3101
overlap,885,c09,31,days_319.73_340.35,OVL-C3101
overlap,889,c09,31,days_319.73_340.35,OVL-C3101
overlap,908,c09,31,days_319.73_340.35,OVL-C3101
overlap,912,c09,31,days_319.73_340.35,OVL-C3101
overlap,918,c09,31,days_319.73_340.35,OVL-C3101
overlap,934,c09,31,days_319.73_340.35,OVL-C3101
overlap,936,c09,31,days_319.73_340.35,OVL-C3101
overlap,946,c09,31,days_319.73_340.35,OVL-C3101
overlap,948,c09,31,days_319.73_340.35,OVL-C3101
overlap,949,c09,31,days_319.73_340.35,OVL-C3101
overlap,961,c09,31,days_319.73_340.35,OVL-C3101
overlap,966,c09,31,days_319.73_340.35,OVL-C3101
overlap,984,c09,31,days_319.73_340.35,OVL-C3101
overlap,0,c11,31,days_319.73_340.35,OVL-C3104
overlap,6,c11,31,days_319.73_340.35,OVL-C3104
overlap,19,c11,31,days_319.73_340.35,OVL-C3104
overlap,58,c11,31,days_319.73_340.35,OVL-C3104
overlap,61,c11,31,days_319.73_340.35,OVL-C3104
overlap,78,c11,31,days_319.73_340.35,OVL-C3104
overlap,91,c11,31,days_319.73_340.35,OVL-C3104
overlap,122,c11,31,days_319.73_340.35,OVL-C3104
overlap,127,c11,31,days_319.73_340.35,OVL-C3104
overlap,149,c11,31,days_319.73_340.35,OVL-C3104
overlap,169,c11,31,days_319.73_340.35,OVL-C3104
overlap,178,c11,31,days_319.73_340.35,OVL-C3104
overlap,225,c11,31,days_319.73_340.35,OVL-C3104
overlap,228,c11,31,days_319.73_340.35,OVL-C3104
overlap,243,c11,31,days_319.73_340.35,OVL-C3104
overlap,249,c11,31,days_319.73_340.35,OVL-C3104
overlap,272,c11,31,days_319.73_340.35,OVL-C3104
overlap,293,c11,31,days_319.73_340.35,OVL-C3104
overlap,295,c11,31,days_319.73_340.35,OVL-C3104
overlap,312,c11,31,days_319.73_340.35,OVL-C3104
overlap,333,c11,31,days_319.73_340.35,OVL-C3104
overlap,339,c11,31,days_319.73_340.35,OVL-C3104
overlap,365,c11,31,days_319.73_340.35,OVL-C3104
overlap,372,c11,31,days_319.73_340.35,OVL-C3104
overlap,377,c11,31,days_319.73_340.35,OVL-C3104
overlap,393,c11,31,days_319.73_340.35,OVL-C3104
overlap,404,c11,31,days_319.73_340.35,OVL-C3104
overlap,407,c11,31,days_319.73_340.35,OVL-C3104
overlap,409,c11,31,days_319.73_340.35,OVL-C3104
overlap,438,c11,31,days_319.73_340.35,OVL-C3104
overlap,457,c11,31,days_319.73_340.35,OVL-C3104
overlap,461,c11,31,days_319.73_340.35,OVL-C3104
overlap,470,c11,31,days_319.73_340.35,OVL-C3104
overlap,478,c11,31,days_319.73_340.35,OVL-C3104
overlap,483,c11,31,days_319.73_340.35,OVL-C3104
overlap,502,c11,31,days_319.73_340.35,OVL-C3104
overlap,519,c11,31,days_319.73_340.35,OVL-C3104
overlap,522,c11,31,days_319.73_340.35,OVL-C3104
overlap,538,c11,31,days_319.73_340.35,OVL-C3104
overlap,569,c11,31,days_319.73_340.35,OVL-C3104
overlap,595,c11,31,days_319.73_340.35,OVL-C3104
overlap,599,c11,31,days_319.73_340.35,OVL-C3104
overlap,605,c11,31,days_319.73_340.35,OVL-C3104
overlap,613,c11,31,days_319.73_340.35,OVL-C3104
overlap,690,c11,31,days_319.73_340.35,OVL-C3104
overlap,693,c11,31,days_319.73_340.35,OVL-C3104
overlap,708,c11,31,days_319.73_340.35,OVL-C3104
overlap,710,c11,31,days_319.73_340.35,OVL-C3104
overlap,716,c11,31,days_319.73_340.35,OVL-C3104
overlap,718,c11,31,days_319.73_340.35,OVL-C3104
overlap,724,c11,31,days_319.73_340.35,OVL-C3104
overlap,729,c11,31,days_319.73_340.35,OVL-C3104
overlap,754,c11,31,days_319.73_340.35,OVL-C3104
overlap,767,c11,31,days_319.73_340.35,OVL-C3104
overlap,779,c11,31,days_319.73_340.35,OVL-C3104
overlap,818,c11,31,days_319.73_340.35,OVL-C3104
overlap,843,c11,31,days_319.73_340.35,OVL-C3104
overlap,862,c11,31,days_319.73_340.35,OVL-C3104
overlap,866,c11,31,days_319.73_340.35,OVL-C3104
overlap,883,c11,31,days_319.73_340.35,OVL-C3104
overlap,904,c11,31,days_319.73_340.35,OVL-C3104
overlap,907,c11,31,days_319.73_340.35,OVL-C3104
overlap,909,c11,31,days_319.73_340.35,OVL-C3104
overlap,976,c11,31,days_319.73_340.35,OVL-C3104
overlap,991,c11,31,days_319.73_340.35,OVL-C3104
overlap,8,c03,32,days_330.04_350.67,OVL-C3207
overlap,24,c03,32,days_330.04_350.67,OVL-C3207
overlap,35,c03,32,days_330.04_350.67,OVL-C3207
overlap,141,c03,32,days_330.04_350.67,OVL-C3207
overlap,160,c03,32,days_330.04_350.67,OVL-C3207
overlap,167,c03,32,days_330.04_350.67,OVL-C3207
overlap,181,c03,32,days_330.04_350.67,OVL-C3207
overlap,188,c03,32,days_330.04_350.67,OVL-C3207
overlap,190,c03,32,days_330.04_350.67,OVL-C3207
overlap,207,c03,32,days_330.04_350.67,OVL-C3207
overlap,241,c03,32,days_330.04_350.67,OVL-C3207
overlap,274,c03,32,days_330.04_350.67,OVL-C3207
overlap,280,c03,32,days_330.04_350.67,OVL-C3207
overlap,288,c03,32,days_330.04_350.67,OVL-C3207
overlap,301,c03,32,days_330.04_350.67,OVL-C3207
overlap,353,c03,32,days_330.04_350.67,OVL-C3207
overlap,360,c03,32,days_330.04_350.67,OVL-C3207
overlap,373,c03,32,days_330.04_350.67,OVL-C3207
overlap,391,c03,32,days_330.04_350.67,OVL-C3207
overlap,414,c03,32,days_330.04_350.67,OVL-C3207
overlap,421,c03,32,days_330.04_350.67,OVL-C3207
overlap,424,c03,32,days_330.04_350.67,OVL-C3207
overlap,431,c03,32,days_330.04_350.67,OVL-C3207
overlap,445,c03,32,days_330.04_350.67,OVL-C3207
overlap,469,c03,32,days_330.04_350.67,OVL-C3207
overlap,484,c03,32,days_330.04_350.67,OVL-C3207
overlap,493,c03,32,days_330.04_350.67,OVL-C3207
overlap,512,c03,32,days_330.04_350.67,OVL-C3207
overlap,526,c03,32,days_330.04_350.67,OVL-C3207
overlap,530,c03,32,days_330.04_350.67,OVL-C3207
overlap,547,c03,32,days_330.04_350.67,OVL-C3207
overlap,552,c03,32,days_330.04_350.67,OVL-C3207
overlap,561,c03,32,days_330.04_350.67,OVL-C3207
overlap,614,c03,32,days_330.04_350.67,OVL-C3207
overlap,629,c03,32,days_330.04_350.67,OVL-C3207
overlap,630,c03,32,days_330.04_350.67,OVL-C3207
overlap,631,c03,32,days_330.04_350.67,OVL-C3207
overlap,643,c03,32,days_330.04_350.67,OVL-C3207
overlap,656,c03,32,days_330.04_350.67,OVL-C3207
overlap,658,c03,32,days_330.04_350.67,OVL-C3207
overlap,685,c03,32,days_330.04_350.67,OVL-C3207
overlap,795,c03,32,days_330.04_350.67,OVL-C3207
overlap,846,c03,32,days_330.04_350.67,OVL-C3207
overlap,847,c03,32,days_330.04_350.67,OVL-C3207
overlap,851,c03,32,days_330.04_350.67,OVL-C3207
overlap,858,c03,32,days_330.04_350.67,OVL-C3207
overlap,891,c03,32,days_330.04_350.67,OVL-C3207
overlap,902,c03,32,days_330.04_350.67,OVL-C3207
overlap,954,c03,32,days_330.04_350.67,OVL-C3207
overlap,957,c03,32,days_330.04_350.67,OVL-C3207
overlap,978,c03,32,days_330.04_350.67,OVL-C3207
overlap,988,c03,32,days_330.04_350.67,OVL-C3207
overlap,28,c05,32,days_330.04_350.67,OVL-C3209
overlap,56,c05,32,days_330.04_350.67,OVL-C3209
overlap,68,c05,32,days_330.04_350.67,OVL-C3209
overlap,95,c05,32,days_330.04_350.67,OVL-C3209
overlap,170,c05,32,days_330.04_350.67,OVL-C3209
overlap,231,c05,32,days_330.04_350.67,OVL-C3209
overlap,245,c05,32,days_330.04_350.67,OVL-C3209
overlap,251,c05,32,days_330.04_350.67,OVL-C3209
overlap,264,c05,32,days_330.04_350.67,OVL-C3209
overlap,311,c05,32,days_330.04_350.67,OVL-C3209
overlap,329,c05,32,days_330.04_350.67,OVL-C3209
overlap,338,c05,32,days_330.04_350.67,OVL-C3209
overlap,361,c05,32,days_330.04_350.67,OVL-C3209
overlap,364,c05,32,days_330.04_350.67,OVL-C3209
overlap,427,c05,32,days_330.04_350.67,OVL-C3209
overlap,432,c05,32,days_330.04_350.67,OVL-C3209
overlap,433,c05,32,days_330.04_350.67,OVL-C3209
overlap,480,c05,32,days_330.04_350.67,OVL-C3209
overlap,482,c05,32,days_330.04_350.67,OVL-C3209
overlap,531,c05,32,days_330.04_350.67,OVL-C3209
overlap,540,c05,32,days_330.04_350.67,OVL-C3209
overlap,582,c05,32,days_330.04_350.67,OVL-C3209
overlap,624,c05,32,days_330.04_350.67,OVL-C3209
overlap,641,c05,32,days_330.04_350.67,OVL-C3209
overlap,697,c05,32,days_330.04_350.67,OVL-C3209
overlap,698,c05,32,days_330.04_350.67,OVL-C3209
overlap,764,c05,32,days_330.04_350.67,OVL-C3209
overlap,773,c05,32,days_330.04_350.67,OVL-C3209
overlap,789,c05,32,days_330.04_350.67,OVL-C3209
overlap,809,c05,32,days_330.04_350.67,OVL-C3209
overlap,830,c05,32,days_330.04_350.67,OVL-C3209
overlap,840,c05,32,days_330.04_350.67,OVL-C3209
overlap,855,c05,32,days_330.04_350.67,OVL-C3209
overlap,867,c05,32,days_330.04_350.67,OVL-C3209
overlap,872,c05,32,days_330.04_350.67,OVL-C3209
overlap,873,c05,32,days_330.04_350.67,OVL-C3209
overlap,874,c05,32,days_330.04_350.67,OVL-C3209
overlap,925,c05,32,days_330.04_350.67,OVL-C3209
overlap,955,c05,32,days_330.04_350.67,OVL-C3209
overlap,983,c05,32,days_330.04_350.67,OVL-C3209
overlap,987,c05,32,days_330.04_350.67,OVL-C3209
overlap,994,c05,32,days_330.04_350.67,OVL-C3209
overlap,2,c09,32,days_330.04_350.67,OVL-C3202
overlap,30,c09,32,days_330.04_350.67,OVL-C3202
overlap,52,c09,32,days_330.04_350.67,OVL-C3202
overlap,74,c09,32,days_330.04_350.67,OVL-C3202
overlap,77,c09,32,days_330.04_350.67,OVL-C3202
overlap,104,c09,32,days_330.04_350.67,OVL-C3202
overlap,110,c09,32,days_330.04_350.67,OVL-C3202
overlap,111,c09,32,days_330.04_350.67,OVL-C3202
overlap,112,c09,32,days_330.04_350.67,OVL-C3202
overlap,119,c09,32,days_330.04_350.67,OVL-C3202
overlap,126,c09,32,days_330.04_350.67,OVL-C3202
overlap,128,c09,32,days_330.04_350.67,OVL-C3202
overlap,133,c09,32,days_330.04_350.67,OVL-C3202
overlap,166,c09,32,days_330.04_350.67,OVL-C3202
overlap,168,c09,32,days_330.04_350.67,OVL-C3202
overlap,176,c09,32,days_330.04_350.67,OVL-C3202
overlap,197,c09,32,days_330.04_350.67,OVL-C3202
overlap,209,c09,32,days_330.04_350.67,OVL-C3202
overlap,232,c09,32,days_330.04_350.67,OVL-C3202
overlap,240,c09,32,days_330.04_350.67,OVL-C3202
overlap,256,c09,32,days_330.04_350.67,OVL-C3202
overlap,257,c09,32,days_330.04_350.67,OVL-C3202
overlap,260,c09,32,days_330.04_350.67,OVL-C3202
overlap,266,c09,32,days_330.04_350.67,OVL-C3202
overlap,267,c09,32,days_330.04_350.67,OVL-C3202
overlap,294,c09,32,days_330.04_350.67,OVL-C3202
overlap,305,c09,32,days_330.04_350.67,OVL-C3202
overlap,313,c09,32,days_330.04_350.67,OVL-C3202
overlap,318,c09,32,days_330.04_350.67,OVL-C3202
overlap,326,c09,32,days_330.04_350.67,OVL-C3202
overlap,332,c09,32,days_330.04_350.67,OVL-C3202
overlap,356,c09,32,days_330.04_350.67,OVL-C3202
overlap,380,c09,32,days_330.04_350.67,OVL-C3202
overlap,416,c09,32,days_330.04_350.67,OVL-C3202
overlap,425,c09,32,days_330.04_350.67,OVL-C3202
overlap,435,c09,32,days_330.04_350.67,OVL-C3202
overlap,439,c09,32,days_330.04_350.67,OVL-C3202
overlap,447,c09,32,days_330.04_350.67,OVL-C3202
overlap,465,c09,32,days_330.04_350.67,OVL-C3202
overlap,472,c09,32,days_330.04_350.67,OVL-C3202
overlap,500,c09,32,days_330.04_350.67,OVL-C3202
overlap,515,c09,32,days_330.04_350.67,OVL-C3202
overlap,517,c09,32,days_330.04_350.67,OVL-C3202
overlap,556,c09,32,days_330.04_350.67,OVL-C3202
overlap,557,c09,32,days_330.04_350.67,OVL-C3202
overlap,570,c09,32,days_330.04_350.67,OVL-C3202
overlap,573,c09,32,days_330.04_350.67,OVL-C3202
overlap,575,c09,32,days_330.04_350.67,OVL-C3202
overlap,586,c09,32,days_330.04_350.67,OVL-C3202
overlap,598,c09,32,days_330.04_350.67,OVL-C3202
overlap,602,c09,32,days_330.04_350.67,OVL-C3202
overlap,648,c09,32,days_330.04_350.67,OVL-C3202
overlap,674,c09,32,days_330.04_350.67,OVL-C3202
overlap,699,c09,32,days_330.04_350.67,OVL-C3202
overlap,700,c09,32,days_330.04_350.67,OVL-C3202
overlap,721,c09,32,days_330.04_350.67,OVL-C3202
overlap,730,c09,32,days_330.04_350.67,OVL-C3202
overlap,743,c09,32,days_330.04_350.67,OVL-C3202
overlap,759,c09,32,days_330.04_350.67,OVL-C3202
overlap,762,c09,32,days_330.04_350.67,OVL-C3202
overlap,765,c09,32,days_330.04_350.67,OVL-C3202
overlap,782,c09,32,days_330.04_350.67,OVL-C3202
overlap,790,c09,32,days_330.04_350.67,OVL-C3202
overlap,812,c09,32,days_330.04_350.67,OVL-C3202
overlap,814,c09,32,days_330.04_350.67,OVL-C3202
overlap,817,c09,32,days_330.04_350.67,OVL-C3202
overlap,868,c09,32,days_330.04_350.67,OVL-C3202
overlap,869,c09,32,days_330.04_350.67,OVL-C3202
overlap,885,c09,32,days_330.04_350.67,OVL-C3202
overlap,889,c09,32,days_330.04_350.67,OVL-C3202
overlap,908,c09,32,days_330.04_350.67,OVL-C3202
overlap,912,c09,32,days_330.04_350.67,OVL-C3202
overlap,936,c09,32,days_330.04_350.67,OVL-C3202
overlap,946,c09,32,days_330.04_350.67,OVL-C3202
overlap,949,c09,32,days_330.04_350.67,OVL-C3202
overlap,961,c09,32,days_330.04_350.67,OVL-C3202
overlap,966,c09,32,days_330.04_350.67,OVL-C3202
overlap,984,c09,32,days_330.04_350.67,OVL-C3202
overlap,0,c11,32,days_330.04_350.67,OVL-C3203
overlap,6,c11,32,days_330.04_350.67,OVL-C3203
overlap,19,c11,32,days_330.04_350.67,OVL-C3203
overlap,58,c11,32,days_330.04_350.67,OVL-C3203
overlap,61,c11,32,days_330.04_350.67,OVL-C3203
overlap,71,c11,32,days_330.04_350.67,OVL-C3203
overlap,78,c11,32,days_330.04_350.67,OVL-C3203
overlap,118,c11,32,days_330.04_350.67,OVL-C3203
overlap,149,c11,32,days_330.04_350.67,OVL-C3203
overlap,169,c11,32,days_330.04_350.67,OVL-C3203
overlap,178,c11,32,days_330.04_350.67,OVL-C3203
overlap,184,c11,32,days_330.04_350.67,OVL-C3203
overlap,189,c11,32,days_330.04_350.67,OVL-C3203
overlap,195,c11,32,days_330.04_350.67,OVL-C3203
overlap,225,c11,32,days_330.04_350.67,OVL-C3203
overlap,228,c11,32,days_330.04_350.67,OVL-C3203
overlap,243,c11,32,days_330.04_350.67,OVL-C3203
overlap,249,c11,32,days_330.04_350.67,OVL-C3203
overlap,281,c11,32,days_330.04_350.67,OVL-C3203
overlap,293,c11,32,days_330.04_350.67,OVL-C3203
overlap,295,c11,32,days_330.04_350.67,OVL-C3203
overlap,312,c11,32,days_330.04_350.67,OVL-C3203
overlap,320,c11,32,days_330.04_350.67,OVL-C3203
overlap,333,c11,32,days_330.04_350.67,OVL-C3203
overlap,339,c11,32,days_330.04_350.67,OVL-C3203
overlap,349,c11,32,days_330.04_350.67,OVL-C3203
overlap,365,c11,32,days_330.04_350.67,OVL-C3203
overlap,372,c11,32,days_330.04_350.67,OVL-C3203
overlap,377,c11,32,days_330.04_350.67,OVL-C3203
overlap,393,c11,32,days_330.04_350.67,OVL-C3203
overlap,404,c11,32,days_330.04_350.67,OVL-C3203
overlap,407,c11,32,days_330.04_350.67,OVL-C3203
overlap,409,c11,32,days_330.04_350.67,OVL-C3203
overlap,438,c11,32,days_330.04_350.67,OVL-C3203
overlap,457,c11,32,days_330.04_350.67,OVL-C3203
overlap,464,c11,32,days_330.04_350.67,OVL-C3203
overlap,470,c11,32,days_330.04_350.67,OVL-C3203
overlap,478,c11,32,days_330.04_350.67,OVL-C3203
overlap,483,c11,32,days_330.04_350.67,OVL-C3203
overlap,502,c11,32,days_330.04_350.67,OVL-C3203
overlap,519,c11,32,days_330.04_350.67,OVL-C3203
overlap,538,c11,32,days_330.04_350.67,OVL-C3203
overlap,569,c11,32,days_330.04_350.67,OVL-C3203
overlap,585,c11,32,days_330.04_350.67,OVL-C3203
overlap,593,c11,32,days_330.04_350.67,OVL-C3203
overlap,595,c11,32,days_330.04_350.67,OVL-C3203
overlap,597,c11,32,days_330.04_350.67,OVL-C3203
overlap,599,c11,32,days_330.04_350.67,OVL-C3203
overlap,605,c11,32,days_330.04_350.67,OVL-C3203
overlap,613,c11,32,days_330.04_350.67,OVL-C3203
overlap,616,c11,32,days_330.04_350.67,OVL-C3203
overlap,690,c11,32,days_330.04_350.67,OVL-C3203
overlap,693,c11,32,days_330.04_350.67,OVL-C3203
overlap,708,c11,32,days_330.04_350.67,OVL-C3203
overlap,710,c11,32,days_330.04_350.67,OVL-C3203
overlap,711,c11,32,days_330.04_350.67,OVL-C3203
overlap,716,c11,32,days_330.04_350.67,OVL-C3203
overlap,718,c11,32,days_330.04_350.67,OVL-C3203
overlap,724,c11,32,days_330.04_350.67,OVL-C3203
overlap,729,c11,32,days_330.04_350.67,OVL-C3203
overlap,732,c11,32,days_330.04_350.67,OVL-C3203
overlap,754,c11,32,days_330.04_350.67,OVL-C3203
overlap,767,c11,32,days_330.04_350.67,OVL-C3203
overlap,779,c11,32,days_330.04_350.67,OVL-C3203
overlap,818,c11,32,days_330.04_350.67,OVL-C3203
overlap,843,c11,32,days_330.04_350.67,OVL-C3203
overlap,862,c11,32,days_330.04_350.67,OVL-C3203
overlap,866,c11,32,days_330.04_350.67,OVL-C3203
overlap,883,c11,32,days_330.04_350.67,OVL-C3203
overlap,904,c11,32,days_330.04_350.67,OVL-C3203
overlap,905,c11,32,days_330.04_350.67,OVL-C3203
overlap,909,c11,32,days_330.04_350.67,OVL-C3203
overlap,934,c11,32,days_330.04_350.67,OVL-C3203
overlap,976,c11,32,days_330.04_350.67,OVL-C3203
overlap,991,c11,32,days_330.04_350.67,OVL-C3203
overlap,17,c03,33,days_340.35_360.98,OVL-C3305
overlap,31,c03,33,days_340.35_360.98,OVL-C3305
overlap,35,c03,33,days_340.35_360.98,OVL-C3305
overlap,67,c03,33,days_340.35_360.98,OVL-C3305
overlap,92,c03,33,days_340.35_360.98,OVL-C3305
overlap,136,c03,33,days_340.35_360.98,OVL-C3305
overlap,141,c03,33,days_340.35_360.98,OVL-C3305
overlap,142,c03,33,days_340.35_360.98,OVL-C3305
overlap,165,c03,33,days_340.35_360.98,OVL-C3305
overlap,167,c03,33,days_340.35_360.98,OVL-C3305
overlap,181,c03,33,days_340.35_360.98,OVL-C3305
overlap,188,c03,33,days_340.35_360.98,OVL-C3305
overlap,190,c03,33,days_340.35_360.98,OVL-C3305
overlap,200,c03,33,days_340.35_360.98,OVL-C3305
overlap,207,c03,33,days_340.35_360.98,OVL-C3305
overlap,241,c03,33,days_340.35_360.98,OVL-C3305
overlap,274,c03,33,days_340.35_360.98,OVL-C3305
overlap,301,c03,33,days_340.35_360.98,OVL-C3305
overlap,302,c03,33,days_340.35_360.98,OVL-C3305
overlap,316,c03,33,days_340.35_360.98,OVL-C3305
overlap,341,c03,33,days_340.35_360.98,OVL-C3305
overlap,344,c03,33,days_340.35_360.98,OVL-C3305
overlap,353,c03,33,days_340.35_360.98,OVL-C3305
overlap,373,c03,33,days_340.35_360.98,OVL-C3305
overlap,421,c03,33,days_340.35_360.98,OVL-C3305
overlap,424,c03,33,days_340.35_360.98,OVL-C3305
overlap,428,c03,33,days_340.35_360.98,OVL-C3305
overlap,431,c03,33,days_340.35_360.98,OVL-C3305
overlap,469,c03,33,days_340.35_360.98,OVL-C3305
overlap,511,c03,33,days_340.35_360.98,OVL-C3305
overlap,512,c03,33,days_340.35_360.98,OVL-C3305
overlap,543,c03,33,days_340.35_360.98,OVL-C3305
overlap,547,c03,33,days_340.35_360.98,OVL-C3305
overlap,552,c03,33,days_340.35_360.98,OVL-C3305
overlap,614,c03,33,days_340.35_360.98,OVL-C3305
overlap,647,c03,33,days_340.35_360.98,OVL-C3305
overlap,656,c03,33,days_340.35_360.98,OVL-C3305
overlap,795,c03,33,days_340.35_360.98,OVL-C3305
overlap,838,c03,33,days_340.35_360.98,OVL-C3305
overlap,847,c03,33,days_340.35_360.98,OVL-C3305
overlap,851,c03,33,days_340.35_360.98,OVL-C3305
overlap,857,c03,33,days_340.35_360.98,OVL-C3305
overlap,858,c03,33,days_340.35_360.98,OVL-C3305
overlap,892,c03,33,days_340.35_360.98,OVL-C3305
overlap,915,c03,33,days_340.35_360.98,OVL-C3305
overlap,952,c03,33,days_340.35_360.98,OVL-C3305
overlap,953,c03,33,days_340.35_360.98,OVL-C3305
overlap,954,c03,33,days_340.35_360.98,OVL-C3305
overlap,957,c03,33,days_340.35_360.98,OVL-C3305
overlap,963,c03,33,days_340.35_360.98,OVL-C3305
overlap,971,c03,33,days_340.35_360.98,OVL-C3305
overlap,978,c03,33,days_340.35_360.98,OVL-C3305
overlap,988,c03,33,days_340.35_360.98,OVL-C3305
overlap,990,c03,33,days_340.35_360.98,OVL-C3305
overlap,28,c05,33,days_340.35_360.98,OVL-C3308
overlap,56,c05,33,days_340.35_360.98,OVL-C3308
overlap,68,c05,33,days_340.35_360.98,OVL-C3308
overlap,83,c05,33,days_340.35_360.98,OVL-C3308
overlap,95,c05,33,days_340.35_360.98,OVL-C3308
overlap,170,c05,33,days_340.35_360.98,OVL-C3308
overlap,231,c05,33,days_340.35_360.98,OVL-C3308
overlap,245,c05,33,days_340.35_360.98,OVL-C3308
overlap,251,c05,33,days_340.35_360.98,OVL-C3308
overlap,311,c05,33,days_340.35_360.98,OVL-C3308
overlap,315,c05,33,days_340.35_360.98,OVL-C3308
overlap,329,c05,33,days_340.35_360.98,OVL-C3308
overlap,338,c05,33,days_340.35_360.98,OVL-C3308
overlap,361,c05,33,days_340.35_360.98,OVL-C3308
overlap,364,c05,33,days_340.35_360.98,OVL-C3308
overlap,427,c05,33,days_340.35_360.98,OVL-C3308
overlap,432,c05,33,days_340.35_360.98,OVL-C3308
overlap,433,c05,33,days_340.35_360.98,OVL-C3308
overlap,480,c05,33,days_340.35_360.98,OVL-C3308
overlap,482,c05,33,days_340.35_360.98,OVL-C3308
overlap,531,c05,33,days_340.35_360.98,OVL-C3308
overlap,540,c05,33,days_340.35_360.98,OVL-C3308
overlap,582,c05,33,days_340.35_360.98,OVL-C3308
overlap,624,c05,33,days_340.35_360.98,OVL-C3308
overlap,641,c05,33,days_340.35_360.98,OVL-C3308
overlap,697,c05,33,days_340.35_360.98,OVL-C3308
overlap,698,c05,33,days_340.35_360.98,OVL-C3308
overlap,764,c05,33,days_340.35_360.98,OVL-C3308
overlap,773,c05,33,days_340.35_360.98,OVL-C3308
overlap,789,c05,33,days_340.35_360.98,OVL-C3308
overlap,801,c05,33,days_340.35_360.98,OVL-C3308
overlap,809,c05,33,days_340.35_360.98,OVL-C3308
overlap,840,c05,33,days_340.35_360.98,OVL-C3308
overlap,855,c05,33,days_340.35_360.98,OVL-C3308
overlap,867,c05,33,days_340.35_360.98,OVL-C3308
overlap,872,c05,33,days_340.35_360.98,OVL-C3308
overlap,873,c05,33,days_340.35_360.98,OVL-C3308
overlap,874,c05,33,days_340.35_360.98,OVL-C3308
overlap,925,c05,33,days_340.35_360.98,OVL-C3308
overlap,955,c05,33,days_340.35_360.98,OVL-C3308
overlap,987,c05,33,days_340.35_360.98,OVL-C3308
overlap,994,c05,33,days_340.35_360.98,OVL-C3308
overlap,2,c09,33,days_340.35_360.98,OVL-C3303
overlap,30,c09,33,days_340.35_360.98,OVL-C3303
overlap,52,c09,33,days_340.35_360.98,OVL-C3303
overlap,74,c09,33,days_340.35_360.98,OVL-C3303
overlap,77,c09,33,days_340.35_360.98,OVL-C3303
overlap,104,c09,33,days_340.35_360.98,OVL-C3303
overlap,111,c09,33,days_340.35_360.98,OVL-C3303
overlap,112,c09,33,days_340.35_360.98,OVL-C3303
overlap,118,c09,33,days_340.35_360.98,OVL-C3303
overlap,119,c09,33,days_340.35_360.98,OVL-C3303
overlap,126,c09,33,days_340.35_360.98,OVL-C3303
overlap,133,c09,33,days_340.35_360.98,OVL-C3303
overlap,166,c09,33,days_340.35_360.98,OVL-C3303
overlap,168,c09,33,days_340.35_360.98,OVL-C3303
overlap,176,c09,33,days_340.35_360.98,OVL-C3303
overlap,186,c09,33,days_340.35_360.98,OVL-C3303
overlap,197,c09,33,days_340.35_360.98,OVL-C3303
overlap,209,c09,33,days_340.35_360.98,OVL-C3303
overlap,232,c09,33,days_340.35_360.98,OVL-C3303
overlap,256,c09,33,days_340.35_360.98,OVL-C3303
overlap,260,c09,33,days_340.35_360.98,OVL-C3303
overlap,266,c09,33,days_340.35_360.98,OVL-C3303
overlap,267,c09,33,days_340.35_360.98,OVL-C3303
overlap,294,c09,33,days_340.35_360.98,OVL-C3303
overlap,305,c09,33,days_340.35_360.98,OVL-C3303
overlap,313,c09,33,days_340.35_360.98,OVL-C3303
overlap,326,c09,33,days_340.35_360.98,OVL-C3303
overlap,332,c09,33,days_340.35_360.98,OVL-C3303
overlap,340,c09,33,days_340.35_360.98,OVL-C3303
overlap,348,c09,33,days_340.35_360.98,OVL-C3303
overlap,356,c09,33,days_340.35_360.98,OVL-C3303
overlap,392,c09,33,days_340.35_360.98,OVL-C3303
overlap,416,c09,33,days_340.35_360.98,OVL-C3303
overlap,425,c09,33,days_340.35_360.98,OVL-C3303
overlap,435,c09,33,days_340.35_360.98,OVL-C3303
overlap,439,c09,33,days_340.35_360.98,OVL-C3303
overlap,447,c09,33,days_340.35_360.98,OVL-C3303
overlap,466,c09,33,days_340.35_360.98,OVL-C3303
overlap,472,c09,33,days_340.35_360.98,OVL-C3303
overlap,478,c09,33,days_340.35_360.98,OVL-C3303
overlap,500,c09,33,days_340.35_360.98,OVL-C3303
overlap,517,c09,33,days_340.35_360.98,OVL-C3303
overlap,556,c09,33,days_340.35_360.98,OVL-C3303
overlap,573,c09,33,days_340.35_360.98,OVL-C3303
overlap,575,c09,33,days_340.35_360.98,OVL-C3303
overlap,586,c09,33,days_340.35_360.98,OVL-C3303
overlap,602,c09,33,days_340.35_360.98,OVL-C3303
overlap,648,c09,33,days_340.35_360.98,OVL-C3303
overlap,674,c09,33,days_340.35_360.98,OVL-C3303
overlap,699,c09,33,days_340.35_360.98,OVL-C3303
overlap,700,c09,33,days_340.35_360.98,OVL-C3303
overlap,721,c09,33,days_340.35_360.98,OVL-C3303
overlap,730,c09,33,days_340.35_360.98,OVL-C3303
overlap,743,c09,33,days_340.35_360.98,OVL-C3303
overlap,759,c09,33,days_340.35_360.98,OVL-C3303
overlap,762,c09,33,days_340.35_360.98,OVL-C3303
overlap,765,c09,33,days_340.35_360.98,OVL-C3303
overlap,782,c09,33,days_340.35_360.98,OVL-C3303
overlap,790,c09,33,days_340.35_360.98,OVL-C3303
overlap,803,c09,33,days_340.35_360.98,OVL-C3303
overlap,812,c09,33,days_340.35_360.98,OVL-C3303
overlap,814,c09,33,days_340.35_360.98,OVL-C3303
overlap,817,c09,33,days_340.35_360.98,OVL-C3303
overlap,863,c09,33,days_340.35_360.98,OVL-C3303
overlap,868,c09,33,days_340.35_360.98,OVL-C3303
overlap,885,c09,33,days_340.35_360.98,OVL-C3303
overlap,887,c09,33,days_340.35_360.98,OVL-C3303
overlap,889,c09,33,days_340.35_360.98,OVL-C3303
overlap,908,c09,33,days_340.35_360.98,OVL-C3303
overlap,912,c09,33,days_340.35_360.98,OVL-C3303
overlap,946,c09,33,days_340.35_360.98,OVL-C3303
overlap,948,c09,33,days_340.35_360.98,OVL-C3303
overlap,949,c09,33,days_340.35_360.98,OVL-C3303
overlap,966,c09,33,days_340.35_360.98,OVL-C3303
overlap,984,c09,33,days_340.35_360.98,OVL-C3303
overlap,0,c11,33,days_340.35_360.98,OVL-C3307
overlap,6,c11,33,days_340.35_360.98,OVL-C3307
overlap,19,c11,33,days_340.35_360.98,OVL-C3307
overlap,29,c11,33,days_340.35_360.98,OVL-C3307
overlap,58,c11,33,days_340.35_360.98,OVL-C3307
overlap,78,c11,33,days_340.35_360.98,OVL-C3307
overlap,87,c11,33,days_340.35_360.98,OVL-C3307
overlap,90,c11,33,days_340.35_360.98,OVL-C3307
overlap,144,c11,33,days_340.35_360.98,OVL-C3307
overlap,178,c11,33,days_340.35_360.98,OVL-C3307
overlap,189,c11,33,days_340.35_360.98,OVL-C3307
overlap,205,c11,33,days_340.35_360.98,OVL-C3307
overlap,228,c11,33,days_340.35_360.98,OVL-C3307
overlap,249,c11,33,days_340.35_360.98,OVL-C3307
overlap,293,c11,33,days_340.35_360.98,OVL-C3307
overlap,295,c11,33,days_340.35_360.98,OVL-C3307
overlap,307,c11,33,days_340.35_360.98,OVL-C3307
overlap,314,c11,33,days_340.35_360.98,OVL-C3307
overlap,333,c11,33,days_340.35_360.98,OVL-C3307
overlap,339,c11,33,days_340.35_360.98,OVL-C3307
overlap,349,c11,33,days_340.35_360.98,OVL-C3307
overlap,409,c11,33,days_340.35_360.98,OVL-C3307
overlap,470,c11,33,days_340.35_360.98,OVL-C3307
overlap,502,c11,33,days_340.35_360.98,OVL-C3307
overlap,519,c11,33,days_340.35_360.98,OVL-C3307
overlap,528,c11,33,days_340.35_360.98,OVL-C3307
overlap,538,c11,33,days_340.35_360.98,OVL-C3307
overlap,569,c11,33,days_340.35_360.98,OVL-C3307
overlap,599,c11,33,days_340.35_360.98,OVL-C3307
overlap,605,c11,33,days_340.35_360.98,OVL-C3307
overlap,606,c11,33,days_340.35_360.98,OVL-C3307
overlap,616,c11,33,days_340.35_360.98,OVL-C3307
overlap,628,c11,33,days_340.35_360.98,OVL-C3307
overlap,693,c11,33,days_340.35_360.98,OVL-C3307
overlap,705,c11,33,days_340.35_360.98,OVL-C3307
overlap,710,c11,33,days_340.35_360.98,OVL-C3307
overlap,767,c11,33,days_340.35_360.98,OVL-C3307
overlap,787,c11,33,days_340.35_360.98,OVL-C3307
overlap,862,c11,33,days_340.35_360.98,OVL-C3307
overlap,909,c11,33,days_340.35_360.98,OVL-C3307
overlap,976,c11,33,days_340.35_360.98,OVL-C3307
overlap,991,c11,33,days_340.35_360.98,OVL-C3307
overlap,24,c03,34,days_350.67_371.29,OVL-C3404
overlap,35,c03,34,days_350.67_371.29,OVL-C3404
overlap,141,c03,34,days_350.67_371.29,OVL-C3404
overlap,160,c03,34,days_350.67_371.29,OVL-C3404
overlap,167,c03,34,days_350.67_371.29,OVL-C3404
overlap,181,c03,34,days_350.67_371.29,OVL-C3404
overlap,188,c03,34,days_350.67_371.29,OVL-C3404
overlap,190,c03,34,days_350.67_371.29,OVL-C3404
overlap,207,c03,34,days_350.67_371.29,OVL-C3404
overlap,241,c03,34,days_350.67_371.29,OVL-C3404
overlap,274,c03,34,days_350.67_371.29,OVL-C3404
overlap,280,c03,34,days_350.67_371.29,OVL-C3404
overlap,288,c03,34,days_350.67_371.29,OVL-C3404
overlap,301,c03,34,days_350.67_371.29,OVL-C3404
overlap,353,c03,34,days_350.67_371.29,OVL-C3404
overlap,360,c03,34,days_350.67_371.29,OVL-C3404
overlap,373,c03,34,days_350.67_371.29,OVL-C3404
overlap,391,c03,34,days_350.67_371.29,OVL-C3404
overlap,408,c03,34,days_350.67_371.29,OVL-C3404
overlap,414,c03,34,days_350.67_371.29,OVL-C3404
overlap,421,c03,34,days_350.67_371.29,OVL-C3404
overlap,424,c03,34,days_350.67_371.29,OVL-C3404
overlap,445,c03,34,days_350.67_371.29,OVL-C3404
overlap,469,c03,34,days_350.67_371.29,OVL-C3404
overlap,484,c03,34,days_350.67_371.29,OVL-C3404
overlap,493,c03,34,days_350.67_371.29,OVL-C3404
overlap,497,c03,34,days_350.67_371.29,OVL-C3404
overlap,512,c03,34,days_350.67_371.29,OVL-C3404
overlap,526,c03,34,days_350.67_371.29,OVL-C3404
overlap,530,c03,34,days_350.67_371.29,OVL-C3404
overlap,547,c03,34,days_350.67_371.29,OVL-C3404
overlap,552,c03,34,days_350.67_371.29,OVL-C3404
overlap,561,c03,34,days_350.67_371.29,OVL-C3404
overlap,614,c03,34,days_350.67_371.29,OVL-C3404
overlap,629,c03,34,days_350.67_371.29,OVL-C3404
overlap,630,c03,34,days_350.67_371.29,OVL-C3404
overlap,631,c03,34,days_350.67_371.29,OVL-C3404
overlap,656,c03,34,days_350.67_371.29,OVL-C3404
overlap,658,c03,34,days_350.67_371.29,OVL-C3404
overlap,685,c03,34,days_350.67_371.29,OVL-C3404
overlap,773,c03,34,days_350.67_371.29,OVL-C3404
overlap,795,c03,34,days_350.67_371.29,OVL-C3404
overlap,817,c03,34,days_350.67_371.29,OVL-C3404
overlap,841,c03,34,days_350.67_371.29,OVL-C3404
overlap,846,c03,34,days_350.67_371.29,OVL-C3404
overlap,847,c03,34,days_350.67_371.29,OVL-C3404
overlap,851,c03,34,days_350.67_371.29,OVL-C3404
overlap,858,c03,34,days_350.67_371.29,OVL-C3404
overlap,891,c03,34,days_350.67_371.29,OVL-C3404
overlap,894,c03,34,days_350.67_371.29,OVL-C3404
overlap,920,c03,34,days_350.67_371.29,OVL-C3404
overlap,954,c03,34,days_350.67_371.29,OVL-C3404
overlap,957,c03,34,days_350.67_371.29,OVL-C3404
overlap,978,c03,34,days_350.67_371.29,OVL-C3404
overlap,988,c03,34,days_350.67_371.29,OVL-C3404
overlap,28,c05,34,days_350.67_371.29,OVL-C3408
overlap,56,c05,34,days_350.67_371.29,OVL-C3408
overlap,68,c05,34,days_350.67_371.29,OVL-C3408
overlap,83,c05,34,days_350.67_371.29,OVL-C3408
overlap,95,c05,34,days_350.67_371.29,OVL-C3408
overlap,170,c05,34,days_350.67_371.29,OVL-C3408
overlap,185,c05,34,days_350.67_371.29,OVL-C3408
overlap,231,c05,34,days_350.67_371.29,OVL-C3408
overlap,245,c05,34,days_350.67_371.29,OVL-C3408
overlap,251,c05,34,days_350.67_371.29,OVL-C3408
overlap,264,c05,34,days_350.67_371.29,OVL-C3408
overlap,311,c05,34,days_350.67_371.29,OVL-C3408
overlap,315,c05,34,days_350.67_371.29,OVL-C3408
overlap,329,c05,34,days_350.67_371.29,OVL-C3408
overlap,338,c05,34,days_350.67_371.29,OVL-C3408
overlap,361,c05,34,days_350.67_371.29,OVL-C3408
overlap,364,c05,34,days_350.67_371.29,OVL-C3408
overlap,427,c05,34,days_350.67_371.29,OVL-C3408
overlap,432,c05,34,days_350.67_371.29,OVL-C3408
overlap,433,c05,34,days_350.67_371.29,OVL-C3408
overlap,480,c05,34,days_350.67_371.29,OVL-C3408
overlap,482,c05,34,days_350.67_371.29,OVL-C3408
overlap,531,c05,34,days_350.67_371.29,OVL-C3408
overlap,540,c05,34,days_350.67_371.29,OVL-C3408
overlap,582,c05,34,days_350.67_371.29,OVL-C3408
overlap,624,c05,34,days_350.67_371.29,OVL-C3408
overlap,641,c05,34,days_350.67_371.29,OVL-C3408
overlap,697,c05,34,days_350.67_371.29,OVL-C3408
overlap,698,c05,34,days_350.67_371.29,OVL-C3408
overlap,764,c05,34,days_350.67_371.29,OVL-C3408
overlap,789,c05,34,days_350.67_371.29,OVL-C3408
overlap,801,c05,34,days_350.67_371.29,OVL-C3408
overlap,809,c05,34,days_350.67_371.29,OVL-C3408
overlap,819,c05,34,days_350.67_371.29,OVL-C3408
overlap,830,c05,34,days_350.67_371.29,OVL-C3408
overlap,840,c05,34,days_350.67_371.29,OVL-C3408
overlap,855,c05,34,days_350.67_371.29,OVL-C3408
overlap,872,c05,34,days_350.67_371.29,OVL-C3408
overlap,873,c05,34,days_350.67_371.29,OVL-C3408
overlap,874,c05,34,days_350.67_371.29,OVL-C3408
overlap,925,c05,34,days_350.67_371.29,OVL-C3408
overlap,955,c05,34,days_350.67_371.29,OVL-C3408
overlap,987,c05,34,days_350.67_371.29,OVL-C3408
overlap,994,c05,34,days_350.67_371.29,OVL-C3408
overlap,2,c09,34,days_350.67_371.29,OVL-C3402
overlap,30,c09,34,days_350.67_371.29,OVL-C3402
overlap,38,c09,34,days_350.67_371.29,OVL-C3402
overlap,52,c09,34,days_350.67_371.29,OVL-C3402
overlap,74,c09,34,days_350.67_371.29,OVL-C3402
overlap,77,c09,34,days_350.67_371.29,OVL-C3402
overlap,104,c09,34,days_350.67_371.29,OVL-C3402
overlap,111,c09,34,days_350.67_371.29,OVL-C3402
overlap,112,c09,34,days_350.67_371.29,OVL-C3402
overlap,113,c09,34,days_350.67_371.29,OVL-C3402
overlap,119,c09,34,days_350.67_371.29,OVL-C3402
overlap,126,c09,34,days_350.67_371.29,OVL-C3402
overlap,133,c09,34,days_350.67_371.29,OVL-C3402
overlap,157,c09,34,days_350.67_371.29,OVL-C3402
overlap,166,c09,34,days_350.67_371.29,OVL-C3402
overlap,168,c09,34,days_350.67_371.29,OVL-C3402
overlap,176,c09,34,days_350.67_371.29,OVL-C3402
overlap,186,c09,34,days_350.67_371.29,OVL-C3402
overlap,209,c09,34,days_350.67_371.29,OVL-C3402
overlap,232,c09,34,days_350.67_371.29,OVL-C3402
overlap,256,c09,34,days_350.67_371.29,OVL-C3402
overlap,260,c09,34,days_350.67_371.29,OVL-C3402
overlap,266,c09,34,days_350.67_371.29,OVL-C3402
overlap,267,c09,34,days_350.67_371.29,OVL-C3402
overlap,294,c09,34,days_350.67_371.29,OVL-C3402
overlap,305,c09,34,days_350.67_371.29,OVL-C3402
overlap,309,c09,34,days_350.67_371.29,OVL-C3402
overlap,313,c09,34,days_350.67_371.29,OVL-C3402
overlap,324,c09,34,days_350.67_371.29,OVL-C3402
overlap,332,c09,34,days_350.67_371.29,OVL-C3402
overlap,340,c09,34,days_350.67_371.29,OVL-C3402
overlap,348,c09,34,days_350.67_371.29,OVL-C3402
overlap,356,c09,34,days_350.67_371.29,OVL-C3402
overlap,392,c09,34,days_350.67_371.29,OVL-C3402
overlap,416,c09,34,days_350.67_371.29,OVL-C3402
overlap,425,c09,34,days_350.67_371.29,OVL-C3402
overlap,435,c09,34,days_350.67_371.29,OVL-C3402
overlap,439,c09,34,days_350.67_371.29,OVL-C3402
overlap,447,c09,34,days_350.67_371.29,OVL-C3402
overlap,459,c09,34,days_350.67_371.29,OVL-C3402
overlap,460,c09,34,days_350.67_371.29,OVL-C3402
overlap,461,c09,34,days_350.67_371.29,OVL-C3402
overlap,466,c09,34,days_350.67_371.29,OVL-C3402
overlap,472,c09,34,days_350.67_371.29,OVL-C3402
overlap,474,c09,34,days_350.67_371.29,OVL-C3402
overlap,478,c09,34,days_350.67_371.29,OVL-C3402
overlap,500,c09,34,days_350.67_371.29,OVL-C3402
overlap,517,c09,34,days_350.67_371.29,OVL-C3402
overlap,542,c09,34,days_350.67_371.29,OVL-C3402
overlap,573,c09,34,days_350.67_371.29,OVL-C3402
overlap,574,c09,34,days_350.67_371.29,OVL-C3402
overlap,575,c09,34,days_350.67_371.29,OVL-C3402
overlap,586,c09,34,days_350.67_371.29,OVL-C3402
overlap,602,c09,34,days_350.67_371.29,OVL-C3402
overlap,633,c09,34,days_350.67_371.29,OVL-C3402
overlap,648,c09,34,days_350.67_371.29,OVL-C3402
overlap,674,c09,34,days_350.67_371.29,OVL-C3402
overlap,699,c09,34,days_350.67_371.29,OVL-C3402
overlap,700,c09,34,days_350.67_371.29,OVL-C3402
overlap,721,c09,34,days_350.67_371.29,OVL-C3402
overlap,730,c09,34,days_350.67_371.29,OVL-C3402
overlap,743,c09,34,days_350.67_371.29,OVL-C3402
overlap,759,c09,34,days_350.67_371.29,OVL-C3402
overlap,762,c09,34,days_350.67_371.29,OVL-C3402
overlap,763,c09,34,days_350.67_371.29,OVL-C3402
overlap,765,c09,34,days_350.67_371.29,OVL-C3402
overlap,782,c09,34,days_350.67_371.29,OVL-C3402
overlap,790,c09,34,days_350.67_371.29,OVL-C3402
overlap,794,c09,34,days_350.67_371.29,OVL-C3402
overlap,803,c09,34,days_350.67_371.29,OVL-C3402
overlap,812,c09,34,days_350.67_371.29,OVL-C3402
overlap,814,c09,34,days_350.67_371.29,OVL-C3402
overlap,854,c09,34,days_350.67_371.29,OVL-C3402
overlap,868,c09,34,days_350.67_371.29,OVL-C3402
overlap,885,c09,34,days_350.67_371.29,OVL-C3402
overlap,889,c09,34,days_350.67_371.29,OVL-C3402
overlap,907,c09,34,days_350.67_371.29,OVL-C3402
overlap,908,c09,34,days_350.67_371.29,OVL-C3402
overlap,912,c09,34,days_350.67_371.29,OVL-C3402
overlap,946,c09,34,days_350.67_371.29,OVL-C3402
overlap,948,c09,34,days_350.67_371.29,OVL-C3402
overlap,949,c09,34,days_350.67_371.29,OVL-C3402
overlap,966,c09,34,days_350.67_371.29,OVL-C3402
overlap,984,c09,34,days_350.67_371.29,OVL-C3402
overlap,0,c11,34,days_350.67_371.29,OVL-C3409
overlap,5,c11,34,days_350.67_371.29,OVL-C3409
overlap,6,c11,34,days_350.67_371.29,OVL-C3409
overlap,19,c11,34,days_350.67_371.29,OVL-C3409
overlap,58,c11,34,days_350.67_371.29,OVL-C3409
overlap,78,c11,34,days_350.67_371.29,OVL-C3409
overlap,118,c11,34,days_350.67_371.29,OVL-C3409
overlap,178,c11,34,days_350.67_371.29,OVL-C3409
overlap,189,c11,34,days_350.67_371.29,OVL-C3409
overlap,228,c11,34,days_350.67_371.29,OVL-C3409
overlap,249,c11,34,days_350.67_371.29,OVL-C3409
overlap,293,c11,34,days_350.67_371.29,OVL-C3409
overlap,295,c11,34,days_350.67_371.29,OVL-C3409
overlap,312,c11,34,days_350.67_371.29,OVL-C3409
overlap,314,c11,34,days_350.67_371.29,OVL-C3409
overlap,333,c11,34,days_350.67_371.29,OVL-C3409
overlap,339,c11,34,days_350.67_371.29,OVL-C3409
overlap,349,c11,34,days_350.67_371.29,OVL-C3409
overlap,359,c11,34,days_350.67_371.29,OVL-C3409
overlap,365,c11,34,days_350.67_371.29,OVL-C3409
overlap,409,c11,34,days_350.67_371.29,OVL-C3409
overlap,442,c11,34,days_350.67_371.29,OVL-C3409
overlap,470,c11,34,days_350.67_371.29,OVL-C3409
overlap,491,c11,34,days_350.67_371.29,OVL-C3409
overlap,502,c11,34,days_350.67_371.29,OVL-C3409
overlap,519,c11,34,days_350.67_371.29,OVL-C3409
overlap,538,c11,34,days_350.67_371.29,OVL-C3409
overlap,569,c11,34,days_350.67_371.29,OVL-C3409
overlap,599,c11,34,days_350.67_371.29,OVL-C3409
overlap,605,c11,34,days_350.67_371.29,OVL-C3409
overlap,693,c11,34,days_350.67_371.29,OVL-C3409
overlap,705,c11,34,days_350.67_371.29,OVL-C3409
overlap,710,c11,34,days_350.67_371.29,OVL-C3409
overlap,732,c11,34,days_350.67_371.29,OVL-C3409
overlap,767,c11,34,days_350.67_371.29,OVL-C3409
overlap,862,c11,34,days_350.67_371.29,OVL-C3409
overlap,909,c11,34,days_350.67_371.29,OVL-C3409
overlap,976,c11,34,days_350.67_371.29,OVL-C3409
overlap,991,c11,34,days_350.67_371.29,OVL-C3409
overlap,24,c03,35,days_360.98_381.61,OVL-C3505
overlap,35,c03,35,days_360.98_381.61,OVL-C3505
overlap,141,c03,35,days_360.98_381.61,OVL-C3505
overlap,160,c03,35,days_360.98_381.61,OVL-C3505
overlap,167,c03,35,days_360.98_381.61,OVL-C3505
overlap,181,c03,35,days_360.98_381.61,OVL-C3505
overlap,188,c03,35,days_360.98_381.61,OVL-C3505
overlap,190,c03,35,days_360.98_381.61,OVL-C3505
overlap,207,c03,35,days_360.98_381.61,OVL-C3505
overlap,241,c03,35,days_360.98_381.61,OVL-C3505
overlap,274,c03,35,days_360.98_381.61,OVL-C3505
overlap,280,c03,35,days_360.98_381.61,OVL-C3505
overlap,281,c03,35,days_360.98_381.61,OVL-C3505
overlap,288,c03,35,days_360.98_381.61,OVL-C3505
overlap,301,c03,35,days_360.98_381.61,OVL-C3505
overlap,353,c03,35,days_360.98_381.61,OVL-C3505
overlap,360,c03,35,days_360.98_381.61,OVL-C3505
overlap,373,c03,35,days_360.98_381.61,OVL-C3505
overlap,391,c03,35,days_360.98_381.61,OVL-C3505
overlap,408,c03,35,days_360.98_381.61,OVL-C3505
overlap,414,c03,35,days_360.98_381.61,OVL-C3505
overlap,421,c03,35,days_360.98_381.61,OVL-C3505
overlap,424,c03,35,days_360.98_381.61,OVL-C3505
overlap,445,c03,35,days_360.98_381.61,OVL-C3505
overlap,465,c03,35,days_360.98_381.61,OVL-C3505
overlap,469,c03,35,days_360.98_381.61,OVL-C3505
overlap,484,c03,35,days_360.98_381.61,OVL-C3505
overlap,493,c03,35,days_360.98_381.61,OVL-C3505
overlap,497,c03,35,days_360.98_381.61,OVL-C3505
overlap,512,c03,35,days_360.98_381.61,OVL-C3505
overlap,526,c03,35,days_360.98_381.61,OVL-C3505
overlap,530,c03,35,days_360.98_381.61,OVL-C3505
overlap,547,c03,35,days_360.98_381.61,OVL-C3505
overlap,552,c03,35,days_360.98_381.61,OVL-C3505
overlap,561,c03,35,days_360.98_381.61,OVL-C3505
overlap,614,c03,35,days_360.98_381.61,OVL-C3505
overlap,629,c03,35,days_360.98_381.61,OVL-C3505
overlap,630,c03,35,days_360.98_381.61,OVL-C3505
overlap,631,c03,35,days_360.98_381.61,OVL-C3505
overlap,656,c03,35,days_360.98_381.61,OVL-C3505
overlap,658,c03,35,days_360.98_381.61,OVL-C3505
overlap,685,c03,35,days_360.98_381.61,OVL-C3505
overlap,750,c03,35,days_360.98_381.61,OVL-C3505
overlap,773,c03,35,days_360.98_381.61,OVL-C3505
overlap,795,c03,35,days_360.98_381.61,OVL-C3505
overlap,817,c03,35,days_360.98_381.61,OVL-C3505
overlap,846,c03,35,days_360.98_381.61,OVL-C3505
overlap,847,c03,35,days_360.98_381.61,OVL-C3505
overlap,851,c03,35,days_360.98_381.61,OVL-C3505
overlap,858,c03,35,days_360.98_381.61,OVL-C3505
overlap,891,c03,35,days_360.98_381.61,OVL-C3505
overlap,894,c03,35,days_360.98_381.61,OVL-C3505
overlap,905,c03,35,days_360.98_381.61,OVL-C3505
overlap,920,c03,35,days_360.98_381.61,OVL-C3505
overlap,954,c03,35,days_360.98_381.61,OVL-C3505
overlap,957,c03,35,days_360.98_381.61,OVL-C3505
overlap,978,c03,35,days_360.98_381.61,OVL-C3505
overlap,988,c03,35,days_360.98_381.61,OVL-C3505
overlap,989,c03,35,days_360.98_381.61,OVL-C3505
overlap,28,c05,35,days_360.98_381.61,OVL-C3507
overlap,56,c05,35,days_360.98_381.61,OVL-C3507
overlap,68,c05,35,days_360.98_381.61,OVL-C3507
overlap,95,c05,35,days_360.98_381.61,OVL-C3507
overlap,175,c05,35,days_360.98_381.61,OVL-C3507
overlap,231,c05,35,days_360.98_381.61,OVL-C3507
overlap,245,c05,35,days_360.98_381.61,OVL-C3507
overlap,251,c05,35,days_360.98_381.61,OVL-C3507
overlap,264,c05,35,days_360.98_381.61,OVL-C3507
overlap,269,c05,35,days_360.98_381.61,OVL-C3507
overlap,275,c05,35,days_360.98_381.61,OVL-C3507
overlap,311,c05,35,days_360.98_381.61,OVL-C3507
overlap,329,c05,35,days_360.98_381.61,OVL-C3507
overlap,338,c05,35,days_360.98_381.61,OVL-C3507
overlap,361,c05,35,days_360.98_381.61,OVL-C3507
overlap,364,c05,35,days_360.98_381.61,OVL-C3507
overlap,427,c05,35,days_360.98_381.61,OVL-C3507
overlap,432,c05,35,days_360.98_381.61,OVL-C3507
overlap,433,c05,35,days_360.98_381.61,OVL-C3507
overlap,480,c05,35,days_360.98_381.61,OVL-C3507
overlap,482,c05,35,days_360.98_381.61,OVL-C3507
overlap,511,c05,35,days_360.98_381.61,OVL-C3507
overlap,531,c05,35,days_360.98_381.61,OVL-C3507
overlap,540,c05,35,days_360.98_381.61,OVL-C3507
overlap,582,c05,35,days_360.98_381.61,OVL-C3507
overlap,606,c05,35,days_360.98_381.61,OVL-C3507
overlap,624,c05,35,days_360.98_381.61,OVL-C3507
overlap,641,c05,35,days_360.98_381.61,OVL-C3507
overlap,666,c05,35,days_360.98_381.61,OVL-C3507
overlap,698,c05,35,days_360.98_381.61,OVL-C3507
overlap,737,c05,35,days_360.98_381.61,OVL-C3507
overlap,764,c05,35,days_360.98_381.61,OVL-C3507
overlap,789,c05,35,days_360.98_381.61,OVL-C3507
overlap,809,c05,35,days_360.98_381.61,OVL-C3507
overlap,819,c05,35,days_360.98_381.61,OVL-C3507
overlap,830,c05,35,days_360.98_381.61,OVL-C3507
overlap,840,c05,35,days_360.98_381.61,OVL-C3507
overlap,849,c05,35,days_360.98_381.61,OVL-C3507
overlap,872,c05,35,days_360.98_381.61,OVL-C3507
overlap,873,c05,35,days_360.98_381.61,OVL-C3507
overlap,874,c05,35,days_360.98_381.61,OVL-C3507
overlap,925,c05,35,days_360.98_381.61,OVL-C3507
overlap,928,c05,35,days_360.98_381.61,OVL-C3507
overlap,955,c05,35,days_360.98_381.61,OVL-C3507
overlap,987,c05,35,days_360.98_381.61,OVL-C3507
overlap,994,c05,35,days_360.98_381.61,OVL-C3507
overlap,2,c09,35,days_360.98_381.61,OVL-C3503
overlap,30,c09,35,days_360.98_381.61,OVL-C3503
overlap,52,c09,35,days_360.98_381.61,OVL-C3503
overlap,74,c09,35,days_360.98_381.61,OVL-C3503
overlap,77,c09,35,days_360.98_381.61,OVL-C3503
overlap,104,c09,35,days_360.98_381.61,OVL-C3503
overlap,109,c09,35,days_360.98_381.61,OVL-C3503
overlap,111,c09,35,days_360.98_381.61,OVL-C3503
overlap,112,c09,35,days_360.98_381.61,OVL-C3503
overlap,119,c09,35,days_360.98_381.61,OVL-C3503
overlap,126,c09,35,days_360.98_381.61,OVL-C3503
overlap,133,c09,35,days_360.98_381.61,OVL-C3503
overlap,166,c09,35,days_360.98_381.61,OVL-C3503
overlap,168,c09,35,days_360.98_381.61,OVL-C3503
overlap,186,c09,35,days_360.98_381.61,OVL-C3503
overlap,209,c09,35,days_360.98_381.61,OVL-C3503
overlap,224,c09,35,days_360.98_381.61,OVL-C3503
overlap,232,c09,35,days_360.98_381.61,OVL-C3503
overlap,240,c09,35,days_360.98_381.61,OVL-C3503
overlap,256,c09,35,days_360.98_381.61,OVL-C3503
overlap,257,c09,35,days_360.98_381.61,OVL-C3503
overlap,260,c09,35,days_360.98_381.61,OVL-C3503
overlap,266,c09,35,days_360.98_381.61,OVL-C3503
overlap,267,c09,35,days_360.98_381.61,OVL-C3503
overlap,294,c09,35,days_360.98_381.61,OVL-C3503
overlap,305,c09,35,days_360.98_381.61,OVL-C3503
overlap,313,c09,35,days_360.98_381.61,OVL-C3503
overlap,332,c09,35,days_360.98_381.61,OVL-C3503
overlap,340,c09,35,days_360.98_381.61,OVL-C3503
overlap,356,c09,35,days_360.98_381.61,OVL-C3503
overlap,392,c09,35,days_360.98_381.61,OVL-C3503
overlap,416,c09,35,days_360.98_381.61,OVL-C3503
overlap,425,c09,35,days_360.98_381.61,OVL-C3503
overlap,435,c09,35,days_360.98_381.61,OVL-C3503
overlap,439,c09,35,days_360.98_381.61,OVL-C3503
overlap,447,c09,35,days_360.98_381.61,OVL-C3503
overlap,459,c09,35,days_360.98_381.61,OVL-C3503
overlap,461,c09,35,days_360.98_381.61,OVL-C3503
overlap,472,c09,35,days_360.98_381.61,OVL-C3503
overlap,478,c09,35,days_360.98_381.61,OVL-C3503
overlap,500,c09,35,days_360.98_381.61,OVL-C3503
overlap,517,c09,35,days_360.98_381.61,OVL-C3503
overlap,557,c09,35,days_360.98_381.61,OVL-C3503
overlap,567,c09,35,days_360.98_381.61,OVL-C3503
overlap,573,c09,35,days_360.98_381.61,OVL-C3503
overlap,574,c09,35,days_360.98_381.61,OVL-C3503
overlap,575,c09,35,days_360.98_381.61,OVL-C3503
overlap,586,c09,35,days_360.98_381.61,OVL-C3503
overlap,602,c09,35,days_360.98_381.61,OVL-C3503
overlap,648,c09,35,days_360.98_381.61,OVL-C3503
overlap,674,c09,35,days_360.98_381.61,OVL-C3503
overlap,699,c09,35,days_360.98_381.61,OVL-C3503
overlap,700,c09,35,days_360.98_381.61,OVL-C3503
overlap,721,c09,35,days_360.98_381.61,OVL-C3503
overlap,730,c09,35,days_360.98_381.61,OVL-C3503
overlap,743,c09,35,days_360.98_381.61,OVL-C3503
overlap,751,c09,35,days_360.98_381.61,OVL-C3503
overlap,759,c09,35,days_360.98_381.61,OVL-C3503
overlap,762,c09,35,days_360.98_381.61,OVL-C3503
overlap,763,c09,35,days_360.98_381.61,OVL-C3503
overlap,765,c09,35,days_360.98_381.61,OVL-C3503
overlap,782,c09,35,days_360.98_381.61,OVL-C3503
overlap,790,c09,35,days_360.98_381.61,OVL-C3503
overlap,794,c09,35,days_360.98_381.61,OVL-C3503
overlap,803,c09,35,days_360.98_381.61,OVL-C3503
overlap,812,c09,35,days_360.98_381.61,OVL-C3503
overlap,814,c09,35,days_360.98_381.61,OVL-C3503
overlap,818,c09,35,days_360.98_381.61,OVL-C3503
overlap,825,c09,35,days_360.98_381.61,OVL-C3503
overlap,854,c09,35,days_360.98_381.61,OVL-C3503
overlap,868,c09,35,days_360.98_381.61,OVL-C3503
overlap,869,c09,35,days_360.98_381.61,OVL-C3503
overlap,885,c09,35,days_360.98_381.61,OVL-C3503
overlap,888,c09,35,days_360.98_381.61,OVL-C3503
overlap,889,c09,35,days_360.98_381.61,OVL-C3503
overlap,908,c09,35,days_360.98_381.61,OVL-C3503
overlap,912,c09,35,days_360.98_381.61,OVL-C3503
overlap,946,c09,35,days_360.98_381.61,OVL-C3503
overlap,948,c09,35,days_360.98_381.61,OVL-C3503
overlap,949,c09,35,days_360.98_381.61,OVL-C3503
overlap,966,c09,35,days_360.98_381.61,OVL-C3503
overlap,984,c09,35,days_360.98_381.61,OVL-C3503
overlap,0,c11,35,days_360.98_381.61,OVL-C3509
overlap,6,c11,35,days_360.98_381.61,OVL-C3509
overlap,58,c11,35,days_360.98_381.61,OVL-C3509
overlap,78,c11,35,days_360.98_381.61,OVL-C3509
overlap,99,c11,35,days_360.98_381.61,OVL-C3509
overlap,178,c11,35,days_360.98_381.61,OVL-C3509
overlap,228,c11,35,days_360.98_381.61,OVL-C3509
overlap,249,c11,35,days_360.98_381.61,OVL-C3509
overlap,293,c11,35,days_360.98_381.61,OVL-C3509
overlap,295,c11,35,days_360.98_381.61,OVL-C3509
overlap,312,c11,35,days_360.98_381.61,OVL-C3509
overlap,314,c11,35,days_360.98_381.61,OVL-C3509
overlap,333,c11,35,days_360.98_381.61,OVL-C3509
overlap,339,c11,35,days_360.98_381.61,OVL-C3509
overlap,349,c11,35,days_360.98_381.61,OVL-C3509
overlap,359,c11,35,days_360.98_381.61,OVL-C3509
overlap,409,c11,35,days_360.98_381.61,OVL-C3509
overlap,470,c11,35,days_360.98_381.61,OVL-C3509
overlap,502,c11,35,days_360.98_381.61,OVL-C3509
overlap,519,c11,35,days_360.98_381.61,OVL-C3509
overlap,538,c11,35,days_360.98_381.61,OVL-C3509
overlap,569,c11,35,days_360.98_381.61,OVL-C3509
overlap,599,c11,35,days_360.98_381.61,OVL-C3509
overlap,605,c11,35,days_360.98_381.61,OVL-C3509
overlap,693,c11,35,days_360.98_381.61,OVL-C3509
overlap,710,c11,35,days_360.98_381.61,OVL-C3509
overlap,767,c11,35,days_360.98_381.61,OVL-C3509
overlap,787,c11,35,days_360.98_381.61,OVL-C3509
overlap,862,c11,35,days_360.98_381.61,OVL-C3509
overlap,909,c11,35,days_360.98_381.61,OVL-C3509
overlap,929,c11,35,days_360.98_381.61,OVL-C3509
overlap,976,c11,35,days_360.98_381.61,OVL-C3509
overlap,991,c11,35,days_360.98_381.61,OVL-C3509
overlap,24,c03,36,days_371.29_391.92,OVL-C3610
overlap,160,c03,36,days_371.29_391.92,OVL-C3610
overlap,181,c03,36,days_371.29_391.92,OVL-C3610
overlap,190,c03,36,days_371.29_391.92,OVL-C3610
overlap,274,c03,36,days_371.29_391.92,OVL-C3610
overlap,280,c03,36,days_371.29_391.92,OVL-C3610
overlap,281,c03,36,days_371.29_391.92,OVL-C3610
overlap,288,c03,36,days_371.29_391.92,OVL-C3610
overlap,353,c03,36,days_371.29_391.92,OVL-C3610
overlap,360,c03,36,days_371.29_391.92,OVL-C3610
overlap,373,c03,36,days_371.29_391.92,OVL-C3610
overlap,391,c03,36,days_371.29_391.92,OVL-C3610
overlap,445,c03,36,days_371.29_391.92,OVL-C3610
overlap,484,c03,36,days_371.29_391.92,OVL-C3610
overlap,493,c03,36,days_371.29_391.92,OVL-C3610
overlap,497,c03,36,days_371.29_391.92,OVL-C3610
overlap,526,c03,36,days_371.29_391.92,OVL-C3610
overlap,530,c03,36,days_371.29_391.92,OVL-C3610
overlap,561,c03,36,days_371.29_391.92,OVL-C3610
overlap,629,c03,36,days_371.29_391.92,OVL-C3610
overlap,630,c03,36,days_371.29_391.92,OVL-C3610
overlap,631,c03,36,days_371.29_391.92,OVL-C3610
overlap,656,c03,36,days_371.29_391.92,OVL-C3610
overlap,658,c03,36,days_371.29_391.92,OVL-C3610
overlap,685,c03,36,days_371.29_391.92,OVL-C3610
overlap,750,c03,36,days_371.29_391.92,OVL-C3610
overlap,773,c03,36,days_371.29_391.92,OVL-C3610
overlap,841,c03,36,days_371.29_391.92,OVL-C3610
overlap,846,c03,36,days_371.29_391.92,OVL-C3610
overlap,891,c03,36,days_371.29_391.92,OVL-C3610
overlap,894,c03,36,days_371.29_391.92,OVL-C3610
overlap,920,c03,36,days_371.29_391.92,OVL-C3610
overlap,28,c05,36,days_371.29_391.92,OVL-C3607
overlap,56,c05,36,days_371.29_391.92,OVL-C3607
overlap,68,c05,36,days_371.29_391.92,OVL-C3607
overlap,95,c05,36,days_371.29_391.92,OVL-C3607
overlap,231,c05,36,days_371.29_391.92,OVL-C3607
overlap,245,c05,36,days_371.29_391.92,OVL-C3607
overlap,251,c05,36,days_371.29_391.92,OVL-C3607
overlap,264,c05,36,days_371.29_391.92,OVL-C3607
overlap,269,c05,36,days_371.29_391.92,OVL-C3607
overlap,311,c05,36,days_371.29_391.92,OVL-C3607
overlap,338,c05,36,days_371.29_391.92,OVL-C3607
overlap,361,c05,36,days_371.29_391.92,OVL-C3607
overlap,364,c05,36,days_371.29_391.92,OVL-C3607
overlap,427,c05,36,days_371.29_391.92,OVL-C3607
overlap,432,c05,36,days_371.29_391.92,OVL-C3607
overlap,433,c05,36,days_371.29_391.92,OVL-C3607
overlap,480,c05,36,days_371.29_391.92,OVL-C3607
overlap,482,c05,36,days_371.29_391.92,OVL-C3607
overlap,511,c05,36,days_371.29_391.92,OVL-C3607
overlap,531,c05,36,days_371.29_391.92,OVL-C3607
overlap,540,c05,36,days_371.29_391.92,OVL-C3607
overlap,582,c05,36,days_371.29_391.92,OVL-C3607
overlap,606,c05,36,days_371.29_391.92,OVL-C3607
overlap,641,c05,36,days_371.29_391.92,OVL-C3607
overlap,698,c05,36,days_371.29_391.92,OVL-C3607
overlap,764,c05,36,days_371.29_391.92,OVL-C3607
overlap,789,c05,36,days_371.29_391.92,OVL-C3607
overlap,801,c05,36,days_371.29_391.92,OVL-C3607
overlap,809,c05,36,days_371.29_391.92,OVL-C3607
overlap,840,c05,36,days_371.29_391.92,OVL-C3607
overlap,849,c05,36,days_371.29_391.92,OVL-C3607
overlap,872,c05,36,days_371.29_391.92,OVL-C3607
overlap,873,c05,36,days_371.29_391.92,OVL-C3607
overlap,874,c05,36,days_371.29_391.92,OVL-C3607
overlap,925,c05,36,days_371.29_391.92,OVL-C3607
overlap,928,c05,36,days_371.29_391.92,OVL-C3607
overlap,955,c05,36,days_371.29_391.92,OVL-C3607
overlap,987,c05,36,days_371.29_391.92,OVL-C3607
overlap,994,c05,36,days_371.29_391.92,OVL-C3607
overlap,2,c09,36,days_371.29_391.92,OVL-C3602
overlap,30,c09,36,days_371.29_391.92,OVL-C3602
overlap,45,c09,36,days_371.29_391.92,OVL-C3602
overlap,52,c09,36,days_371.29_391.92,OVL-C3602
overlap,66,c09,36,days_371.29_391.92,OVL-C3602
overlap,74,c09,36,days_371.29_391.92,OVL-C3602
overlap,77,c09,36,days_371.29_391.92,OVL-C3602
overlap,90,c09,36,days_371.29_391.92,OVL-C3602
overlap,104,c09,36,days_371.29_391.92,OVL-C3602
overlap,109,c09,36,days_371.29_391.92,OVL-C3602
overlap,111,c09,36,days_371.29_391.92,OVL-C3602
overlap,112,c09,36,days_371.29_391.92,OVL-C3602
overlap,116,c09,36,days_371.29_391.92,OVL-C3602
overlap,126,c09,36,days_371.29_391.92,OVL-C3602
overlap,133,c09,36,days_371.29_391.92,OVL-C3602
overlap,166,c09,36,days_371.29_391.92,OVL-C3602
overlap,168,c09,36,days_371.29_391.92,OVL-C3602
overlap,186,c09,36,days_371.29_391.92,OVL-C3602
overlap,209,c09,36,days_371.29_391.92,OVL-C3602
overlap,227,c09,36,days_371.29_391.92,OVL-C3602
overlap,232,c09,36,days_371.29_391.92,OVL-C3602
overlap,240,c09,36,days_371.29_391.92,OVL-C3602
overlap,256,c09,36,days_371.29_391.92,OVL-C3602
overlap,257,c09,36,days_371.29_391.92,OVL-C3602
overlap,260,c09,36,days_371.29_391.92,OVL-C3602
overlap,266,c09,36,days_371.29_391.92,OVL-C3602
overlap,267,c09,36,days_371.29_391.92,OVL-C3602
overlap,294,c09,36,days_371.29_391.92,OVL-C3602
overlap,305,c09,36,days_371.29_391.92,OVL-C3602
overlap,313,c09,36,days_371.29_391.92,OVL-C3602
overlap,324,c09,36,days_371.29_391.92,OVL-C3602
overlap,326,c09,36,days_371.29_391.92,OVL-C3602
overlap,332,c09,36,days_371.29_391.92,OVL-C3602
overlap,356,c09,36,days_371.29_391.92,OVL-C3602
overlap,392,c09,36,days_371.29_391.92,OVL-C3602
overlap,416,c09,36,days_371.29_391.92,OVL-C3602
overlap,425,c09,36,days_371.29_391.92,OVL-C3602
overlap,435,c09,36,days_371.29_391.92,OVL-C3602
overlap,438,c09,36,days_371.29_391.92,OVL-C3602
overlap,439,c09,36,days_371.29_391.92,OVL-C3602
overlap,447,c09,36,days_371.29_391.92,OVL-C3602
overlap,472,c09,36,days_371.29_391.92,OVL-C3602
overlap,478,c09,36,days_371.29_391.92,OVL-C3602
overlap,500,c09,36,days_371.29_391.92,OVL-C3602
overlap,556,c09,36,days_371.29_391.92,OVL-C3602
overlap,557,c09,36,days_371.29_391.92,OVL-C3602
overlap,567,c09,36,days_371.29_391.92,OVL-C3602
overlap,573,c09,36,days_371.29_391.92,OVL-C3602
overlap,574,c09,36,days_371.29_391.92,OVL-C3602
overlap,575,c09,36,days_371.29_391.92,OVL-C3602
overlap,586,c09,36,days_371.29_391.92,OVL-C3602
overlap,587,c09,36,days_371.29_391.92,OVL-C3602
overlap,602,c09,36,days_371.29_391.92,OVL-C3602
overlap,617,c09,36,days_371.29_391.92,OVL-C3602
overlap,648,c09,36,days_371.29_391.92,OVL-C3602
overlap,674,c09,36,days_371.29_391.92,OVL-C3602
overlap,699,c09,36,days_371.29_391.92,OVL-C3602
overlap,721,c09,36,days_371.29_391.92,OVL-C3602
overlap,730,c09,36,days_371.29_391.92,OVL-C3602
overlap,743,c09,36,days_371.29_391.92,OVL-C3602
overlap,751,c09,36,days_371.29_391.92,OVL-C3602
overlap,759,c09,36,days_371.29_391.92,OVL-C3602
overlap,762,c09,36,days_371.29_391.92,OVL-C3602
overlap,765,c09,36,days_371.29_391.92,OVL-C3602
overlap,782,c09,36,days_371.29_391.92,OVL-C3602
overlap,790,c09,36,days_371.29_391.92,OVL-C3602
overlap,803,c09,36,days_371.29_391.92,OVL-C3602
overlap,814,c09,36,days_371.29_391.92,OVL-C3602
overlap,818,c09,36,days_371.29_391.92,OVL-C3602
overlap,825,c09,36,days_371.29_391.92,OVL-C3602
overlap,850,c09,36,days_371.29_391.92,OVL-C3602
overlap,854,c09,36,days_371.29_391.92,OVL-C3602
overlap,868,c09,36,days_371.29_391.92,OVL-C3602
overlap,869,c09,36,days_371.29_391.92,OVL-C3602
overlap,885,c09,36,days_371.29_391.92,OVL-C3602
overlap,888,c09,36,days_371.29_391.92,OVL-C3602
overlap,889,c09,36,days_371.29_391.92,OVL-C3602
overlap,908,c09,36,days_371.29_391.92,OVL-C3602
overlap,912,c09,36,days_371.29_391.92,OVL-C3602
overlap,946,c09,36,days_371.29_391.92,OVL-C3602
overlap,948,c09,36,days_371.29_391.92,OVL-C3602
overlap,949,c09,36,days_371.29_391.92,OVL-C3602
overlap,966,c09,36,days_371.29_391.92,OVL-C3602
overlap,984,c09,36,days_371.29_391.92,OVL-C3602
overlap,998,c09,36,days_371.29_391.92,OVL-C3602
overlap,1000,c09,36,days_371.29_391.92,OVL-C3602
overlap,0,c11,36,days_371.29_391.92,OVL-C3608
overlap,6,c11,36,days_371.29_391.92,OVL-C3608
overlap,19,c11,36,days_371.29_391.92,OVL-C3608
overlap,58,c11,36,days_371.29_391.92,OVL-C3608
overlap,78,c11,36,days_371.29_391.92,OVL-C3608
overlap,99,c11,36,days_371.29_391.92,OVL-C3608
overlap,118,c11,36,days_371.29_391.92,OVL-C3608
overlap,178,c11,36,days_371.29_391.92,OVL-C3608
overlap,224,c11,36,days_371.29_391.92,OVL-C3608
overlap,228,c11,36,days_371.29_391.92,OVL-C3608
overlap,249,c11,36,days_371.29_391.92,OVL-C3608
overlap,293,c11,36,days_371.29_391.92,OVL-C3608
overlap,295,c11,36,days_371.29_391.92,OVL-C3608
overlap,314,c11,36,days_371.29_391.92,OVL-C3608
overlap,333,c11,36,days_371.29_391.92,OVL-C3608
overlap,339,c11,36,days_371.29_391.92,OVL-C3608
overlap,349,c11,36,days_371.29_391.92,OVL-C3608
overlap,359,c11,36,days_371.29_391.92,OVL-C3608
overlap,365,c11,36,days_371.29_391.92,OVL-C3608
overlap,409,c11,36,days_371.29_391.92,OVL-C3608
overlap,464,c11,36,days_371.29_391.92,OVL-C3608
overlap,470,c11,36,days_371.29_391.92,OVL-C3608
overlap,502,c11,36,days_371.29_391.92,OVL-C3608
overlap,519,c11,36,days_371.29_391.92,OVL-C3608
overlap,538,c11,36,days_371.29_391.92,OVL-C3608
overlap,569,c11,36,days_371.29_391.92,OVL-C3608
overlap,599,c11,36,days_371.29_391.92,OVL-C3608
overlap,605,c11,36,days_371.29_391.92,OVL-C3608
overlap,693,c11,36,days_371.29_391.92,OVL-C3608
overlap,710,c11,36,days_371.29_391.92,OVL-C3608
overlap,732,c11,36,days_371.29_391.92,OVL-C3608
overlap,767,c11,36,days_371.29_391.92,OVL-C3608
overlap,787,c11,36,days_371.29_391.92,OVL-C3608
overlap,862,c11,36,days_371.29_391.92,OVL-C3608
overlap,909,c11,36,days_371.29_391.92,OVL-C3608
overlap,929,c11,36,days_371.29_391.92,OVL-C3608
overlap,976,c11,36,days_371.29_391.92,OVL-C3608
overlap,991,c11,36,days_371.29_391.92,OVL-C3608
overlap,24,c03,37,days_381.61_402.24,OVL-C3709
overlap,160,c03,37,days_381.61_402.24,OVL-C3709
overlap,181,c03,37,days_381.61_402.24,OVL-C3709
overlap,190,c03,37,days_381.61_402.24,OVL-C3709
overlap,274,c03,37,days_381.61_402.24,OVL-C3709
overlap,280,c03,37,days_381.61_402.24,OVL-C3709
overlap,281,c03,37,days_381.61_402.24,OVL-C3709
overlap,288,c03,37,days_381.61_402.24,OVL-C3709
overlap,301,c03,37,days_381.61_402.24,OVL-C3709
overlap,353,c03,37,days_381.61_402.24,OVL-C3709
overlap,360,c03,37,days_381.61_402.24,OVL-C3709
overlap,373,c03,37,days_381.61_402.24,OVL-C3709
overlap,391,c03,37,days_381.61_402.24,OVL-C3709
overlap,414,c03,37,days_381.61_402.24,OVL-C3709
overlap,445,c03,37,days_381.61_402.24,OVL-C3709
overlap,484,c03,37,days_381.61_402.24,OVL-C3709
overlap,493,c03,37,days_381.61_402.24,OVL-C3709
overlap,497,c03,37,days_381.61_402.24,OVL-C3709
overlap,511,c03,37,days_381.61_402.24,OVL-C3709
overlap,526,c03,37,days_381.61_402.24,OVL-C3709
overlap,530,c03,37,days_381.61_402.24,OVL-C3709
overlap,547,c03,37,days_381.61_402.24,OVL-C3709
overlap,561,c03,37,days_381.61_402.24,OVL-C3709
overlap,629,c03,37,days_381.61_402.24,OVL-C3709
overlap,630,c03,37,days_381.61_402.24,OVL-C3709
overlap,631,c03,37,days_381.61_402.24,OVL-C3709
overlap,656,c03,37,days_381.61_402.24,OVL-C3709
overlap,658,c03,37,days_381.61_402.24,OVL-C3709
overlap,750,c03,37,days_381.61_402.24,OVL-C3709
overlap,773,c03,37,days_381.61_402.24,OVL-C3709
overlap,846,c03,37,days_381.61_402.24,OVL-C3709
overlap,858,c03,37,days_381.61_402.24,OVL-C3709
overlap,891,c03,37,days_381.61_402.24,OVL-C3709
overlap,894,c03,37,days_381.61_402.24,OVL-C3709
overlap,902,c03,37,days_381.61_402.24,OVL-C3709
overlap,28,c05,37,days_381.61_402.24,OVL-C3708
overlap,56,c05,37,days_381.61_402.24,OVL-C3708
overlap,68,c05,37,days_381.61_402.24,OVL-C3708
overlap,95,c05,37,days_381.61_402.24,OVL-C3708
overlap,108,c05,37,days_381.61_402.24,OVL-C3708
overlap,231,c05,37,days_381.61_402.24,OVL-C3708
overlap,245,c05,37,days_381.61_402.24,OVL-C3708
overlap,251,c05,37,days_381.61_402.24,OVL-C3708
overlap,269,c05,37,days_381.61_402.24,OVL-C3708
overlap,311,c05,37,days_381.61_402.24,OVL-C3708
overlap,338,c05,37,days_381.61_402.24,OVL-C3708
overlap,361,c05,37,days_381.61_402.24,OVL-C3708
overlap,364,c05,37,days_381.61_402.24,OVL-C3708
overlap,427,c05,37,days_381.61_402.24,OVL-C3708
overlap,432,c05,37,days_381.61_402.24,OVL-C3708
overlap,433,c05,37,days_381.61_402.24,OVL-C3708
overlap,480,c05,37,days_381.61_402.24,OVL-C3708
overlap,482,c05,37,days_381.61_402.24,OVL-C3708
overlap,531,c05,37,days_381.61_402.24,OVL-C3708
overlap,540,c05,37,days_381.61_402.24,OVL-C3708
overlap,582,c05,37,days_381.61_402.24,OVL-C3708
overlap,641,c05,37,days_381.61_402.24,OVL-C3708
overlap,697,c05,37,days_381.61_402.24,OVL-C3708
overlap,698,c05,37,days_381.61_402.24,OVL-C3708
overlap,701,c05,37,days_381.61_402.24,OVL-C3708
overlap,764,c05,37,days_381.61_402.24,OVL-C3708
overlap,789,c05,37,days_381.61_402.24,OVL-C3708
overlap,801,c05,37,days_381.61_402.24,OVL-C3708
overlap,809,c05,37,days_381.61_402.24,OVL-C3708
overlap,840,c05,37,days_381.61_402.24,OVL-C3708
overlap,855,c05,37,days_381.61_402.24,OVL-C3708
overlap,872,c05,37,days_381.61_402.24,OVL-C3708
overlap,873,c05,37,days_381.61_402.24,OVL-C3708
overlap,874,c05,37,days_381.61_402.24,OVL-C3708
overlap,925,c05,37,days_381.61_402.24,OVL-C3708
overlap,955,c05,37,days_381.61_402.24,OVL-C3708
overlap,987,c05,37,days_381.61_402.24,OVL-C3708
overlap,994,c05,37,days_381.61_402.24,OVL-C3708
overlap,2,c09,37,days_381.61_402.24,OVL-C3702
overlap,30,c09,37,days_381.61_402.24,OVL-C3702
overlap,52,c09,37,days_381.61_402.24,OVL-C3702
overlap,74,c09,37,days_381.61_402.24,OVL-C3702
overlap,77,c09,37,days_381.61_402.24,OVL-C3702
overlap,104,c09,37,days_381.61_402.24,OVL-C3702
overlap,109,c09,37,days_381.61_402.24,OVL-C3702
overlap,111,c09,37,days_381.61_402.24,OVL-C3702
overlap,112,c09,37,days_381.61_402.24,OVL-C3702
overlap,113,c09,37,days_381.61_402.24,OVL-C3702
overlap,119,c09,37,days_381.61_402.24,OVL-C3702
overlap,126,c09,37,days_381.61_402.24,OVL-C3702
overlap,133,c09,37,days_381.61_402.24,OVL-C3702
overlap,166,c09,37,days_381.61_402.24,OVL-C3702
overlap,168,c09,37,days_381.61_402.24,OVL-C3702
overlap,186,c09,37,days_381.61_402.24,OVL-C3702
overlap,197,c09,37,days_381.61_402.24,OVL-C3702
overlap,204,c09,37,days_381.61_402.24,OVL-C3702
overlap,209,c09,37,days_381.61_402.24,OVL-C3702
overlap,232,c09,37,days_381.61_402.24,OVL-C3702
overlap,240,c09,37,days_381.61_402.24,OVL-C3702
overlap,256,c09,37,days_381.61_402.24,OVL-C3702
overlap,257,c09,37,days_381.61_402.24,OVL-C3702
overlap,260,c09,37,days_381.61_402.24,OVL-C3702
overlap,266,c09,37,days_381.61_402.24,OVL-C3702
overlap,267,c09,37,days_381.61_402.24,OVL-C3702
overlap,294,c09,37,days_381.61_402.24,OVL-C3702
overlap,305,c09,37,days_381.61_402.24,OVL-C3702
overlap,307,c09,37,days_381.61_402.24,OVL-C3702
overlap,313,c09,37,days_381.61_402.24,OVL-C3702
overlap,324,c09,37,days_381.61_402.24,OVL-C3702
overlap,326,c09,37,days_381.61_402.24,OVL-C3702
overlap,332,c09,37,days_381.61_402.24,OVL-C3702
overlap,345,c09,37,days_381.61_402.24,OVL-C3702
overlap,356,c09,37,days_381.61_402.24,OVL-C3702
overlap,392,c09,37,days_381.61_402.24,OVL-C3702
overlap,416,c09,37,days_381.61_402.24,OVL-C3702
overlap,425,c09,37,days_381.61_402.24,OVL-C3702
overlap,426,c09,37,days_381.61_402.24,OVL-C3702
overlap,435,c09,37,days_381.61_402.24,OVL-C3702
overlap,438,c09,37,days_381.61_402.24,OVL-C3702
overlap,439,c09,37,days_381.61_402.24,OVL-C3702
overlap,447,c09,37,days_381.61_402.24,OVL-C3702
overlap,465,c09,37,days_381.61_402.24,OVL-C3702
overlap,472,c09,37,days_381.61_402.24,OVL-C3702
overlap,478,c09,37,days_381.61_402.24,OVL-C3702
overlap,479,c09,37,days_381.61_402.24,OVL-C3702
overlap,483,c09,37,days_381.61_402.24,OVL-C3702
overlap,500,c09,37,days_381.61_402.24,OVL-C3702
overlap,556,c09,37,days_381.61_402.24,OVL-C3702
overlap,570,c09,37,days_381.61_402.24,OVL-C3702
overlap,573,c09,37,days_381.61_402.24,OVL-C3702
overlap,574,c09,37,days_381.61_402.24,OVL-C3702
overlap,575,c09,37,days_381.61_402.24,OVL-C3702
overlap,586,c09,37,days_381.61_402.24,OVL-C3702
overlap,587,c09,37,days_381.61_402.24,OVL-C3702
overlap,602,c09,37,days_381.61_402.24,OVL-C3702
overlap,617,c09,37,days_381.61_402.24,OVL-C3702
overlap,648,c09,37,days_381.61_402.24,OVL-C3702
overlap,674,c09,37,days_381.61_402.24,OVL-C3702
overlap,700,c09,37,days_381.61_402.24,OVL-C3702
overlap,721,c09,37,days_381.61_402.24,OVL-C3702
overlap,730,c09,37,days_381.61_402.24,OVL-C3702
overlap,735,c09,37,days_381.61_402.24,OVL-C3702
overlap,743,c09,37,days_381.61_402.24,OVL-C3702
overlap,751,c09,37,days_381.61_402.24,OVL-C3702
overlap,759,c09,37,days_381.61_402.24,OVL-C3702
overlap,762,c09,37,days_381.61_402.24,OVL-C3702
overlap,765,c09,37,days_381.61_402.24,OVL-C3702
overlap,782,c09,37,days_381.61_402.24,OVL-C3702
overlap,790,c09,37,days_381.61_402.24,OVL-C3702
overlap,812,c09,37,days_381.61_402.24,OVL-C3702
overlap,814,c09,37,days_381.61_402.24,OVL-C3702
overlap,818,c09,37,days_381.61_402.24,OVL-C3702
overlap,868,c09,37,days_381.61_402.24,OVL-C3702
overlap,869,c09,37,days_381.61_402.24,OVL-C3702
overlap,885,c09,37,days_381.61_402.24,OVL-C3702
overlap,889,c09,37,days_381.61_402.24,OVL-C3702
overlap,896,c09,37,days_381.61_402.24,OVL-C3702
overlap,908,c09,37,days_381.61_402.24,OVL-C3702
overlap,910,c09,37,days_381.61_402.24,OVL-C3702
overlap,912,c09,37,days_381.61_402.24,OVL-C3702
overlap,946,c09,37,days_381.61_402.24,OVL-C3702
overlap,949,c09,37,days_381.61_402.24,OVL-C3702
overlap,966,c09,37,days_381.61_402.24,OVL-C3702
overlap,984,c09,37,days_381.61_402.24,OVL-C3702
overlap,998,c09,37,days_381.61_402.24,OVL-C3702
overlap,1000,c09,37,days_381.61_402.24,OVL-C3702
overlap,5,c10,37,days_381.61_402.24,OVL-C3710
overlap,29,c10,37,days_381.61_402.24,OVL-C3710
overlap,98,c10,37,days_381.61_402.24,OVL-C3710
overlap,107,c10,37,days_381.61_402.24,OVL-C3710
overlap,117,c10,37,days_381.61_402.24,OVL-C3710
overlap,134,c10,37,days_381.61_402.24,OVL-C3710
overlap,192,c10,37,days_381.61_402.24,OVL-C3710
overlap,201,c10,37,days_381.61_402.24,OVL-C3710
overlap,208,c10,37,days_381.61_402.24,OVL-C3710
overlap,236,c10,37,days_381.61_402.24,OVL-C3710
overlap,268,c10,37,days_381.61_402.24,OVL-C3710
overlap,278,c10,37,days_381.61_402.24,OVL-C3710
overlap,289,c10,37,days_381.61_402.24,OVL-C3710
overlap,320,c10,37,days_381.61_402.24,OVL-C3710
overlap,335,c10,37,days_381.61_402.24,OVL-C3710
overlap,381,c10,37,days_381.61_402.24,OVL-C3710
overlap,464,c10,37,days_381.61_402.24,OVL-C3710
overlap,468,c10,37,days_381.61_402.24,OVL-C3710
overlap,491,c10,37,days_381.61_402.24,OVL-C3710
overlap,537,c10,37,days_381.61_402.24,OVL-C3710
overlap,553,c10,37,days_381.61_402.24,OVL-C3710
overlap,592,c10,37,days_381.61_402.24,OVL-C3710
overlap,652,c10,37,days_381.61_402.24,OVL-C3710
overlap,664,c10,37,days_381.61_402.24,OVL-C3710
overlap,670,c10,37,days_381.61_402.24,OVL-C3710
overlap,671,c10,37,days_381.61_402.24,OVL-C3710
overlap,688,c10,37,days_381.61_402.24,OVL-C3710
overlap,707,c10,37,days_381.61_402.24,OVL-C3710
overlap,713,c10,37,days_381.61_402.24,OVL-C3710
overlap,808,c10,37,days_381.61_402.24,OVL-C3710
overlap,899,c10,37,days_381.61_402.24,OVL-C3710
overlap,985,c10,37,days_381.61_402.24,OVL-C3710
overlap,0,c11,37,days_381.61_402.24,OVL-C3707
overlap,6,c11,37,days_381.61_402.24,OVL-C3707
overlap,19,c11,37,days_381.61_402.24,OVL-C3707
overlap,58,c11,37,days_381.61_402.24,OVL-C3707
overlap,78,c11,37,days_381.61_402.24,OVL-C3707
overlap,99,c11,37,days_381.61_402.24,OVL-C3707
overlap,118,c11,37,days_381.61_402.24,OVL-C3707
overlap,178,c11,37,days_381.61_402.24,OVL-C3707
overlap,189,c11,37,days_381.61_402.24,OVL-C3707
overlap,224,c11,37,days_381.61_402.24,OVL-C3707
overlap,228,c11,37,days_381.61_402.24,OVL-C3707
overlap,249,c11,37,days_381.61_402.24,OVL-C3707
overlap,293,c11,37,days_381.61_402.24,OVL-C3707
overlap,295,c11,37,days_381.61_402.24,OVL-C3707
overlap,314,c11,37,days_381.61_402.24,OVL-C3707
overlap,333,c11,37,days_381.61_402.24,OVL-C3707
overlap,339,c11,37,days_381.61_402.24,OVL-C3707
overlap,349,c11,37,days_381.61_402.24,OVL-C3707
overlap,379,c11,37,days_381.61_402.24,OVL-C3707
overlap,409,c11,37,days_381.61_402.24,OVL-C3707
overlap,455,c11,37,days_381.61_402.24,OVL-C3707
overlap,470,c11,37,days_381.61_402.24,OVL-C3707
overlap,502,c11,37,days_381.61_402.24,OVL-C3707
overlap,519,c11,37,days_381.61_402.24,OVL-C3707
overlap,538,c11,37,days_381.61_402.24,OVL-C3707
overlap,569,c11,37,days_381.61_402.24,OVL-C3707
overlap,599,c11,37,days_381.61_402.24,OVL-C3707
overlap,605,c11,37,days_381.61_402.24,OVL-C3707
overlap,643,c11,37,days_381.61_402.24,OVL-C3707
overlap,685,c11,37,days_381.61_402.24,OVL-C3707
overlap,693,c11,37,days_381.61_402.24,OVL-C3707
overlap,705,c11,37,days_381.61_402.24,OVL-C3707
overlap,710,c11,37,days_381.61_402.24,OVL-C3707
overlap,728,c11,37,days_381.61_402.24,OVL-C3707
overlap,732,c11,37,days_381.61_402.24,OVL-C3707
overlap,767,c11,37,days_381.61_402.24,OVL-C3707
overlap,787,c11,37,days_381.61_402.24,OVL-C3707
overlap,791,c11,37,days_381.61_402.24,OVL-C3707
overlap,862,c11,37,days_381.61_402.24,OVL-C3707
overlap,898,c11,37,days_381.61_402.24,OVL-C3707
overlap,909,c11,37,days_381.61_402.24,OVL-C3707
overlap,929,c11,37,days_381.61_402.24,OVL-C3707
overlap,969,c11,37,days_381.61_402.24,OVL-C3707
overlap,976,c11,37,days_381.61_402.24,OVL-C3707
overlap,991,c11,37,days_381.61_402.24,OVL-C3707
overlap,1001,c11,37,days_381.61_402.24,OVL-C3707
overlap,24,c03,38,days_391.92_412.55,OVL-C3808
overlap,93,c03,38,days_391.92_412.55,OVL-C3808
overlap,141,c03,38,days_391.92_412.55,OVL-C3808
overlap,160,c03,38,days_391.92_412.55,OVL-C3808
overlap,181,c03,38,days_391.92_412.55,OVL-C3808
overlap,188,c03,38,days_391.92_412.55,OVL-C3808
overlap,190,c03,38,days_391.92_412.55,OVL-C3808
overlap,274,c03,38,days_391.92_412.55,OVL-C3808
overlap,280,c03,38,days_391.92_412.55,OVL-C3808
overlap,288,c03,38,days_391.92_412.55,OVL-C3808
overlap,353,c03,38,days_391.92_412.55,OVL-C3808
overlap,360,c03,38,days_391.92_412.55,OVL-C3808
overlap,373,c03,38,days_391.92_412.55,OVL-C3808
overlap,391,c03,38,days_391.92_412.55,OVL-C3808
overlap,414,c03,38,days_391.92_412.55,OVL-C3808
overlap,445,c03,38,days_391.92_412.55,OVL-C3808
overlap,469,c03,38,days_391.92_412.55,OVL-C3808
overlap,484,c03,38,days_391.92_412.55,OVL-C3808
overlap,493,c03,38,days_391.92_412.55,OVL-C3808
overlap,511,c03,38,days_391.92_412.55,OVL-C3808
overlap,526,c03,38,days_391.92_412.55,OVL-C3808
overlap,530,c03,38,days_391.92_412.55,OVL-C3808
overlap,561,c03,38,days_391.92_412.55,OVL-C3808
overlap,629,c03,38,days_391.92_412.55,OVL-C3808
overlap,630,c03,38,days_391.92_412.55,OVL-C3808
overlap,631,c03,38,days_391.92_412.55,OVL-C3808
overlap,656,c03,38,days_391.92_412.55,OVL-C3808
overlap,658,c03,38,days_391.92_412.55,OVL-C3808
overlap,750,c03,38,days_391.92_412.55,OVL-C3808
overlap,752,c03,38,days_391.92_412.55,OVL-C3808
overlap,773,c03,38,days_391.92_412.55,OVL-C3808
overlap,838,c03,38,days_391.92_412.55,OVL-C3808
overlap,846,c03,38,days_391.92_412.55,OVL-C3808
overlap,857,c03,38,days_391.92_412.55,OVL-C3808
overlap,858,c03,38,days_391.92_412.55,OVL-C3808
overlap,891,c03,38,days_391.92_412.55,OVL-C3808
overlap,902,c03,38,days_391.92_412.55,OVL-C3808
overlap,920,c03,38,days_391.92_412.55,OVL-C3808
overlap,978,c03,38,days_391.92_412.55,OVL-C3808
overlap,28,c05,38,days_391.92_412.55,OVL-C3807
overlap,56,c05,38,days_391.92_412.55,OVL-C3807
overlap,68,c05,38,days_391.92_412.55,OVL-C3807
overlap,72,c05,38,days_391.92_412.55,OVL-C3807
overlap,95,c05,38,days_391.92_412.55,OVL-C3807
overlap,108,c05,38,days_391.92_412.55,OVL-C3807
overlap,226,c05,38,days_391.92_412.55,OVL-C3807
overlap,231,c05,38,days_391.92_412.55,OVL-C3807
overlap,245,c05,38,days_391.92_412.55,OVL-C3807
overlap,251,c05,38,days_391.92_412.55,OVL-C3807
overlap,269,c05,38,days_391.92_412.55,OVL-C3807
overlap,311,c05,38,days_391.92_412.55,OVL-C3807
overlap,338,c05,38,days_391.92_412.55,OVL-C3807
overlap,361,c05,38,days_391.92_412.55,OVL-C3807
overlap,364,c05,38,days_391.92_412.55,OVL-C3807
overlap,427,c05,38,days_391.92_412.55,OVL-C3807
overlap,432,c05,38,days_391.92_412.55,OVL-C3807
overlap,433,c05,38,days_391.92_412.55,OVL-C3807
overlap,480,c05,38,days_391.92_412.55,OVL-C3807
overlap,482,c05,38,days_391.92_412.55,OVL-C3807
overlap,528,c05,38,days_391.92_412.55,OVL-C3807
overlap,531,c05,38,days_391.92_412.55,OVL-C3807
overlap,540,c05,38,days_391.92_412.55,OVL-C3807
overlap,582,c05,38,days_391.92_412.55,OVL-C3807
overlap,640,c05,38,days_391.92_412.55,OVL-C3807
overlap,641,c05,38,days_391.92_412.55,OVL-C3807
overlap,697,c05,38,days_391.92_412.55,OVL-C3807
overlap,698,c05,38,days_391.92_412.55,OVL-C3807
overlap,701,c05,38,days_391.92_412.55,OVL-C3807
overlap,764,c05,38,days_391.92_412.55,OVL-C3807
overlap,789,c05,38,days_391.92_412.55,OVL-C3807
overlap,809,c05,38,days_391.92_412.55,OVL-C3807
overlap,840,c05,38,days_391.92_412.55,OVL-C3807
overlap,867,c05,38,days_391.92_412.55,OVL-C3807
overlap,872,c05,38,days_391.92_412.55,OVL-C3807
overlap,873,c05,38,days_391.92_412.55,OVL-C3807
overlap,874,c05,38,days_391.92_412.55,OVL-C3807
overlap,925,c05,38,days_391.92_412.55,OVL-C3807
overlap,955,c05,38,days_391.92_412.55,OVL-C3807
overlap,987,c05,38,days_391.92_412.55,OVL-C3807
overlap,994,c05,38,days_391.92_412.55,OVL-C3807
overlap,2,c09,38,days_391.92_412.55,OVL-C3802
overlap,30,c09,38,days_391.92_412.55,OVL-C3802
overlap,46,c09,38,days_391.92_412.55,OVL-C3802
overlap,52,c09,38,days_391.92_412.55,OVL-C3802
overlap,74,c09,38,days_391.92_412.55,OVL-C3802
overlap,77,c09,38,days_391.92_412.55,OVL-C3802
overlap,86,c09,38,days_391.92_412.55,OVL-C3802
overlap,104,c09,38,days_391.92_412.55,OVL-C3802
overlap,109,c09,38,days_391.92_412.55,OVL-C3802
overlap,111,c09,38,days_391.92_412.55,OVL-C3802
overlap,112,c09,38,days_391.92_412.55,OVL-C3802
overlap,119,c09,38,days_391.92_412.55,OVL-C3802
overlap,126,c09,38,days_391.92_412.55,OVL-C3802
overlap,133,c09,38,days_391.92_412.55,OVL-C3802
overlap,152,c09,38,days_391.92_412.55,OVL-C3802
overlap,166,c09,38,days_391.92_412.55,OVL-C3802
overlap,168,c09,38,days_391.92_412.55,OVL-C3802
overlap,204,c09,38,days_391.92_412.55,OVL-C3802
overlap,229,c09,38,days_391.92_412.55,OVL-C3802
overlap,232,c09,38,days_391.92_412.55,OVL-C3802
overlap,256,c09,38,days_391.92_412.55,OVL-C3802
overlap,260,c09,38,days_391.92_412.55,OVL-C3802
overlap,266,c09,38,days_391.92_412.55,OVL-C3802
overlap,267,c09,38,days_391.92_412.55,OVL-C3802
overlap,283,c09,38,days_391.92_412.55,OVL-C3802
overlap,294,c09,38,days_391.92_412.55,OVL-C3802
overlap,305,c09,38,days_391.92_412.55,OVL-C3802
overlap,310,c09,38,days_391.92_412.55,OVL-C3802
overlap,313,c09,38,days_391.92_412.55,OVL-C3802
overlap,317,c09,38,days_391.92_412.55,OVL-C3802
overlap,326,c09,38,days_391.92_412.55,OVL-C3802
overlap,356,c09,38,days_391.92_412.55,OVL-C3802
overlap,392,c09,38,days_391.92_412.55,OVL-C3802
overlap,416,c09,38,days_391.92_412.55,OVL-C3802
overlap,425,c09,38,days_391.92_412.55,OVL-C3802
overlap,435,c09,38,days_391.92_412.55,OVL-C3802
overlap,439,c09,38,days_391.92_412.55,OVL-C3802
overlap,447,c09,38,days_391.92_412.55,OVL-C3802
overlap,465,c09,38,days_391.92_412.55,OVL-C3802
overlap,472,c09,38,days_391.92_412.55,OVL-C3802
overlap,478,c09,38,days_391.92_412.55,OVL-C3802
overlap,556,c09,38,days_391.92_412.55,OVL-C3802
overlap,570,c09,38,days_391.92_412.55,OVL-C3802
overlap,571,c09,38,days_391.92_412.55,OVL-C3802
overlap,573,c09,38,days_391.92_412.55,OVL-C3802
overlap,575,c09,38,days_391.92_412.55,OVL-C3802
overlap,586,c09,38,days_391.92_412.55,OVL-C3802
overlap,598,c09,38,days_391.92_412.55,OVL-C3802
overlap,602,c09,38,days_391.92_412.55,OVL-C3802
overlap,648,c09,38,days_391.92_412.55,OVL-C3802
overlap,674,c09,38,days_391.92_412.55,OVL-C3802
overlap,706,c09,38,days_391.92_412.55,OVL-C3802
overlap,721,c09,38,days_391.92_412.55,OVL-C3802
overlap,730,c09,38,days_391.92_412.55,OVL-C3802
overlap,735,c09,38,days_391.92_412.55,OVL-C3802
overlap,743,c09,38,days_391.92_412.55,OVL-C3802
overlap,751,c09,38,days_391.92_412.55,OVL-C3802
overlap,762,c09,38,days_391.92_412.55,OVL-C3802
overlap,765,c09,38,days_391.92_412.55,OVL-C3802
overlap,782,c09,38,days_391.92_412.55,OVL-C3802
overlap,790,c09,38,days_391.92_412.55,OVL-C3802
overlap,812,c09,38,days_391.92_412.55,OVL-C3802
overlap,817,c09,38,days_391.92_412.55,OVL-C3802
overlap,835,c09,38,days_391.92_412.55,OVL-C3802
overlap,868,c09,38,days_391.92_412.55,OVL-C3802
overlap,885,c09,38,days_391.92_412.55,OVL-C3802
overlap,889,c09,38,days_391.92_412.55,OVL-C3802
overlap,908,c09,38,days_391.92_412.55,OVL-C3802
overlap,912,c09,38,days_391.92_412.55,OVL-C3802
overlap,943,c09,38,days_391.92_412.55,OVL-C3802
overlap,946,c09,38,days_391.92_412.55,OVL-C3802
overlap,949,c09,38,days_391.92_412.55,OVL-C3802
overlap,966,c09,38,days_391.92_412.55,OVL-C3802
overlap,984,c09,38,days_391.92_412.55,OVL-C3802
overlap,1000,c09,38,days_391.92_412.55,OVL-C3802
overlap,5,c10,38,days_391.92_412.55,OVL-C3806
overlap,7,c10,38,days_391.92_412.55,OVL-C3806
overlap,13,c10,38,days_391.92_412.55,OVL-C3806
overlap,29,c10,38,days_391.92_412.55,OVL-C3806
overlap,107,c10,38,days_391.92_412.55,OVL-C3806
overlap,118,c10,38,days_391.92_412.55,OVL-C3806
overlap,192,c10,38,days_391.92_412.55,OVL-C3806
overlap,201,c10,38,days_391.92_412.55,OVL-C3806
overlap,208,c10,38,days_391.92_412.55,OVL-C3806
overlap,236,c10,38,days_391.92_412.55,OVL-C3806
overlap,281,c10,38,days_391.92_412.55,OVL-C3806
overlap,289,c10,38,days_391.92_412.55,OVL-C3806
overlap,320,c10,38,days_391.92_412.55,OVL-C3806
overlap,327,c10,38,days_391.92_412.55,OVL-C3806
overlap,335,c10,38,days_391.92_412.55,OVL-C3806
overlap,345,c10,38,days_391.92_412.55,OVL-C3806
overlap,381,c10,38,days_391.92_412.55,OVL-C3806
overlap,393,c10,38,days_391.92_412.55,OVL-C3806
overlap,464,c10,38,days_391.92_412.55,OVL-C3806
overlap,468,c10,38,days_391.92_412.55,OVL-C3806
overlap,479,c10,38,days_391.92_412.55,OVL-C3806
overlap,491,c10,38,days_391.92_412.55,OVL-C3806
overlap,516,c10,38,days_391.92_412.55,OVL-C3806
overlap,532,c10,38,days_391.92_412.55,OVL-C3806
overlap,537,c10,38,days_391.92_412.55,OVL-C3806
overlap,553,c10,38,days_391.92_412.55,OVL-C3806
overlap,652,c10,38,days_391.92_412.55,OVL-C3806
overlap,664,c10,38,days_391.92_412.55,OVL-C3806
overlap,670,c10,38,days_391.92_412.55,OVL-C3806
overlap,688,c10,38,days_391.92_412.55,OVL-C3806
overlap,700,c10,38,days_391.92_412.55,OVL-C3806
overlap,804,c10,38,days_391.92_412.55,OVL-C3806
overlap,808,c10,38,days_391.92_412.55,OVL-C3806
overlap,810,c10,38,days_391.92_412.55,OVL-C3806
overlap,843,c10,38,days_391.92_412.55,OVL-C3806
overlap,881,c10,38,days_391.92_412.55,OVL-C3806
overlap,898,c10,38,days_391.92_412.55,OVL-C3806
overlap,899,c10,38,days_391.92_412.55,OVL-C3806
overlap,907,c10,38,days_391.92_412.55,OVL-C3806
overlap,969,c10,38,days_391.92_412.55,OVL-C3806
overlap,980,c10,38,days_391.92_412.55,OVL-C3806
overlap,985,c10,38,days_391.92_412.55,OVL-C3806
overlap,0,c11,38,days_391.92_412.55,OVL-C3809
overlap,6,c11,38,days_391.92_412.55,OVL-C3809
overlap,19,c11,38,days_391.92_412.55,OVL-C3809
overlap,58,c11,38,days_391.92_412.55,OVL-C3809
overlap,78,c11,38,days_391.92_412.55,OVL-C3809
overlap,99,c11,38,days_391.92_412.55,OVL-C3809
overlap,178,c11,38,days_391.92_412.55,OVL-C3809
overlap,184,c11,38,days_391.92_412.55,OVL-C3809
overlap,224,c11,38,days_391.92_412.55,OVL-C3809
overlap,228,c11,38,days_391.92_412.55,OVL-C3809
overlap,249,c11,38,days_391.92_412.55,OVL-C3809
overlap,293,c11,38,days_391.92_412.55,OVL-C3809
overlap,295,c11,38,days_391.92_412.55,OVL-C3809
overlap,314,c11,38,days_391.92_412.55,OVL-C3809
overlap,333,c11,38,days_391.92_412.55,OVL-C3809
overlap,339,c11,38,days_391.92_412.55,OVL-C3809
overlap,349,c11,38,days_391.92_412.55,OVL-C3809
overlap,379,c11,38,days_391.92_412.55,OVL-C3809
overlap,409,c11,38,days_391.92_412.55,OVL-C3809
overlap,470,c11,38,days_391.92_412.55,OVL-C3809
overlap,519,c11,38,days_391.92_412.55,OVL-C3809
overlap,538,c11,38,days_391.92_412.55,OVL-C3809
overlap,547,c11,38,days_391.92_412.55,OVL-C3809
overlap,569,c11,38,days_391.92_412.55,OVL-C3809
overlap,580,c11,38,days_391.92_412.55,OVL-C3809
overlap,599,c11,38,days_391.92_412.55,OVL-C3809
overlap,662,c11,38,days_391.92_412.55,OVL-C3809
overlap,693,c11,38,days_391.92_412.55,OVL-C3809
overlap,705,c11,38,days_391.92_412.55,OVL-C3809
overlap,710,c11,38,days_391.92_412.55,OVL-C3809
overlap,732,c11,38,days_391.92_412.55,OVL-C3809
overlap,767,c11,38,days_391.92_412.55,OVL-C3809
overlap,791,c11,38,days_391.92_412.55,OVL-C3809
overlap,862,c11,38,days_391.92_412.55,OVL-C3809
overlap,909,c11,38,days_391.92_412.55,OVL-C3809
overlap,929,c11,38,days_391.92_412.55,OVL-C3809
overlap,976,c11,38,days_391.92_412.55,OVL-C3809
overlap,991,c11,38,days_391.92_412.55,OVL-C3809
overlap,24,c03,39,days_402.24_422.86,OVL-C3907
overlap,35,c03,39,days_402.24_422.86,OVL-C3907
overlap,141,c03,39,days_402.24_422.86,OVL-C3907
overlap,151,c03,39,days_402.24_422.86,OVL-C3907
overlap,160,c03,39,days_402.24_422.86,OVL-C3907
overlap,167,c03,39,days_402.24_422.86,OVL-C3907
overlap,280,c03,39,days_402.24_422.86,OVL-C3907
overlap,288,c03,39,days_402.24_422.86,OVL-C3907
overlap,293,c03,39,days_402.24_422.86,OVL-C3907
overlap,353,c03,39,days_402.24_422.86,OVL-C3907
overlap,360,c03,39,days_402.24_422.86,OVL-C3907
overlap,391,c03,39,days_402.24_422.86,OVL-C3907
overlap,408,c03,39,days_402.24_422.86,OVL-C3907
overlap,414,c03,39,days_402.24_422.86,OVL-C3907
overlap,424,c03,39,days_402.24_422.86,OVL-C3907
overlap,469,c03,39,days_402.24_422.86,OVL-C3907
overlap,493,c03,39,days_402.24_422.86,OVL-C3907
overlap,526,c03,39,days_402.24_422.86,OVL-C3907
overlap,530,c03,39,days_402.24_422.86,OVL-C3907
overlap,547,c03,39,days_402.24_422.86,OVL-C3907
overlap,561,c03,39,days_402.24_422.86,OVL-C3907
overlap,607,c03,39,days_402.24_422.86,OVL-C3907
overlap,629,c03,39,days_402.24_422.86,OVL-C3907
overlap,630,c03,39,days_402.24_422.86,OVL-C3907
overlap,631,c03,39,days_402.24_422.86,OVL-C3907
overlap,647,c03,39,days_402.24_422.86,OVL-C3907
overlap,656,c03,39,days_402.24_422.86,OVL-C3907
overlap,658,c03,39,days_402.24_422.86,OVL-C3907
overlap,662,c03,39,days_402.24_422.86,OVL-C3907
overlap,750,c03,39,days_402.24_422.86,OVL-C3907
overlap,817,c03,39,days_402.24_422.86,OVL-C3907
overlap,838,c03,39,days_402.24_422.86,OVL-C3907
overlap,846,c03,39,days_402.24_422.86,OVL-C3907
overlap,851,c03,39,days_402.24_422.86,OVL-C3907
overlap,891,c03,39,days_402.24_422.86,OVL-C3907
overlap,920,c03,39,days_402.24_422.86,OVL-C3907
overlap,954,c03,39,days_402.24_422.86,OVL-C3907
overlap,978,c03,39,days_402.24_422.86,OVL-C3907
overlap,990,c03,39,days_402.24_422.86,OVL-C3907
overlap,2,c05,39,days_402.24_422.86,OVL-C3904
overlap,28,c05,39,days_402.24_422.86,OVL-C3904
overlap,32,c05,39,days_402.24_422.86,OVL-C3904
overlap,56,c05,39,days_402.24_422.86,OVL-C3904
overlap,68,c05,39,days_402.24_422.86,OVL-C3904
overlap,72,c05,39,days_402.24_422.86,OVL-C3904
overlap,95,c05,39,days_402.24_422.86,OVL-C3904
overlap,159,c05,39,days_402.24_422.86,OVL-C3904
overlap,231,c05,39,days_402.24_422.86,OVL-C3904
overlap,245,c05,39,days_402.24_422.86,OVL-C3904
overlap,251,c05,39,days_402.24_422.86,OVL-C3904
overlap,283,c05,39,days_402.24_422.86,OVL-C3904
overlap,311,c05,39,days_402.24_422.86,OVL-C3904
overlap,329,c05,39,days_402.24_422.86,OVL-C3904
overlap,338,c05,39,days_402.24_422.86,OVL-C3904
overlap,361,c05,39,days_402.24_422.86,OVL-C3904
overlap,427,c05,39,days_402.24_422.86,OVL-C3904
overlap,432,c05,39,days_402.24_422.86,OVL-C3904
overlap,433,c05,39,days_402.24_422.86,OVL-C3904
overlap,482,c05,39,days_402.24_422.86,OVL-C3904
overlap,483,c05,39,days_402.24_422.86,OVL-C3904
overlap,528,c05,39,days_402.24_422.86,OVL-C3904
overlap,531,c05,39,days_402.24_422.86,OVL-C3904
overlap,540,c05,39,days_402.24_422.86,OVL-C3904
overlap,582,c05,39,days_402.24_422.86,OVL-C3904
overlap,624,c05,39,days_402.24_422.86,OVL-C3904
overlap,640,c05,39,days_402.24_422.86,OVL-C3904
overlap,641,c05,39,days_402.24_422.86,OVL-C3904
overlap,669,c05,39,days_402.24_422.86,OVL-C3904
overlap,698,c05,39,days_402.24_422.86,OVL-C3904
overlap,700,c05,39,days_402.24_422.86,OVL-C3904
overlap,764,c05,39,days_402.24_422.86,OVL-C3904
overlap,775,c05,39,days_402.24_422.86,OVL-C3904
overlap,809,c05,39,days_402.24_422.86,OVL-C3904
overlap,819,c05,39,days_402.24_422.86,OVL-C3904
overlap,833,c05,39,days_402.24_422.86,OVL-C3904
overlap,840,c05,39,days_402.24_422.86,OVL-C3904
overlap,849,c05,39,days_402.24_422.86,OVL-C3904
overlap,867,c05,39,days_402.24_422.86,OVL-C3904
overlap,872,c05,39,days_402.24_422.86,OVL-C3904
overlap,873,c05,39,days_402.24_422.86,OVL-C3904
overlap,874,c05,39,days_402.24_422.86,OVL-C3904
overlap,925,c05,39,days_402.24_422.86,OVL-C3904
overlap,955,c05,39,days_402.24_422.86,OVL-C3904
overlap,987,c05,39,days_402.24_422.86,OVL-C3904
overlap,994,c05,39,days_402.24_422.86,OVL-C3904
overlap,17,c09,39,days_402.24_422.86,OVL-C3901
overlap,30,c09,39,days_402.24_422.86,OVL-C3901
overlap,31,c09,39,days_402.24_422.86,OVL-C3901
overlap,61,c09,39,days_402.24_422.86,OVL-C3901
overlap,66,c09,39,days_402.24_422.86,OVL-C3901
overlap,74,c09,39,days_402.24_422.86,OVL-C3901
overlap,77,c09,39,days_402.24_422.86,OVL-C3901
overlap,86,c09,39,days_402.24_422.86,OVL-C3901
overlap,92,c09,39,days_402.24_422.86,OVL-C3901
overlap,101,c09,39,days_402.24_422.86,OVL-C3901
overlap,104,c09,39,days_402.24_422.86,OVL-C3901
overlap,109,c09,39,days_402.24_422.86,OVL-C3901
overlap,111,c09,39,days_402.24_422.86,OVL-C3901
overlap,112,c09,39,days_402.24_422.86,OVL-C3901
overlap,114,c09,39,days_402.24_422.86,OVL-C3901
overlap,126,c09,39,days_402.24_422.86,OVL-C3901
overlap,133,c09,39,days_402.24_422.86,OVL-C3901
overlap,142,c09,39,days_402.24_422.86,OVL-C3901
overlap,152,c09,39,days_402.24_422.86,OVL-C3901
overlap,157,c09,39,days_402.24_422.86,OVL-C3901
overlap,165,c09,39,days_402.24_422.86,OVL-C3901
overlap,166,c09,39,days_402.24_422.86,OVL-C3901
overlap,168,c09,39,days_402.24_422.86,OVL-C3901
overlap,207,c09,39,days_402.24_422.86,OVL-C3901
overlap,227,c09,39,days_402.24_422.86,OVL-C3901
overlap,229,c09,39,days_402.24_422.86,OVL-C3901
overlap,232,c09,39,days_402.24_422.86,OVL-C3901
overlap,235,c09,39,days_402.24_422.86,OVL-C3901
overlap,256,c09,39,days_402.24_422.86,OVL-C3901
overlap,260,c09,39,days_402.24_422.86,OVL-C3901
overlap,266,c09,39,days_402.24_422.86,OVL-C3901
overlap,267,c09,39,days_402.24_422.86,OVL-C3901
overlap,294,c09,39,days_402.24_422.86,OVL-C3901
overlap,305,c09,39,days_402.24_422.86,OVL-C3901
overlap,313,c09,39,days_402.24_422.86,OVL-C3901
overlap,316,c09,39,days_402.24_422.86,OVL-C3901
overlap,317,c09,39,days_402.24_422.86,OVL-C3901
overlap,344,c09,39,days_402.24_422.86,OVL-C3901
overlap,349,c09,39,days_402.24_422.86,OVL-C3901
overlap,356,c09,39,days_402.24_422.86,OVL-C3901
overlap,362,c09,39,days_402.24_422.86,OVL-C3901
overlap,373,c09,39,days_402.24_422.86,OVL-C3901
overlap,383,c09,39,days_402.24_422.86,OVL-C3901
overlap,392,c09,39,days_402.24_422.86,OVL-C3901
overlap,398,c09,39,days_402.24_422.86,OVL-C3901
overlap,416,c09,39,days_402.24_422.86,OVL-C3901
overlap,425,c09,39,days_402.24_422.86,OVL-C3901
overlap,428,c09,39,days_402.24_422.86,OVL-C3901
overlap,439,c09,39,days_402.24_422.86,OVL-C3901
overlap,450,c09,39,days_402.24_422.86,OVL-C3901
overlap,472,c09,39,days_402.24_422.86,OVL-C3901
overlap,478,c09,39,days_402.24_422.86,OVL-C3901
overlap,490,c09,39,days_402.24_422.86,OVL-C3901
overlap,517,c09,39,days_402.24_422.86,OVL-C3901
overlap,523,c09,39,days_402.24_422.86,OVL-C3901
overlap,556,c09,39,days_402.24_422.86,OVL-C3901
overlap,565,c09,39,days_402.24_422.86,OVL-C3901
overlap,570,c09,39,days_402.24_422.86,OVL-C3901
overlap,571,c09,39,days_402.24_422.86,OVL-C3901
overlap,575,c09,39,days_402.24_422.86,OVL-C3901
overlap,586,c09,39,days_402.24_422.86,OVL-C3901
overlap,598,c09,39,days_402.24_422.86,OVL-C3901
overlap,602,c09,39,days_402.24_422.86,OVL-C3901
overlap,648,c09,39,days_402.24_422.86,OVL-C3901
overlap,661,c09,39,days_402.24_422.86,OVL-C3901
overlap,674,c09,39,days_402.24_422.86,OVL-C3901
overlap,704,c09,39,days_402.24_422.86,OVL-C3901
overlap,718,c09,39,days_402.24_422.86,OVL-C3901
overlap,721,c09,39,days_402.24_422.86,OVL-C3901
overlap,730,c09,39,days_402.24_422.86,OVL-C3901
overlap,743,c09,39,days_402.24_422.86,OVL-C3901
overlap,751,c09,39,days_402.24_422.86,OVL-C3901
overlap,759,c09,39,days_402.24_422.86,OVL-C3901
overlap,762,c09,39,days_402.24_422.86,OVL-C3901
overlap,765,c09,39,days_402.24_422.86,OVL-C3901
overlap,782,c09,39,days_402.24_422.86,OVL-C3901
overlap,790,c09,39,days_402.24_422.86,OVL-C3901
overlap,803,c09,39,days_402.24_422.86,OVL-C3901
overlap,835,c09,39,days_402.24_422.86,OVL-C3901
overlap,854,c09,39,days_402.24_422.86,OVL-C3901
overlap,857,c09,39,days_402.24_422.86,OVL-C3901
overlap,868,c09,39,days_402.24_422.86,OVL-C3901
overlap,885,c09,39,days_402.24_422.86,OVL-C3901
overlap,908,c09,39,days_402.24_422.86,OVL-C3901
overlap,912,c09,39,days_402.24_422.86,OVL-C3901
overlap,915,c09,39,days_402.24_422.86,OVL-C3901
overlap,946,c09,39,days_402.24_422.86,OVL-C3901
overlap,948,c09,39,days_402.24_422.86,OVL-C3901
overlap,949,c09,39,days_402.24_422.86,OVL-C3901
overlap,953,c09,39,days_402.24_422.86,OVL-C3901
overlap,966,c09,39,days_402.24_422.86,OVL-C3901
overlap,974,c09,39,days_402.24_422.86,OVL-C3901
overlap,984,c09,39,days_402.24_422.86,OVL-C3901
overlap,5,c10,39,days_402.24_422.86,OVL-C3905
overlap,13,c10,39,days_402.24_422.86,OVL-C3905
overlap,29,c10,39,days_402.24_422.86,OVL-C3905
overlap,107,c10,39,days_402.24_422.86,OVL-C3905
overlap,118,c10,39,days_402.24_422.86,OVL-C3905
overlap,127,c10,39,days_402.24_422.86,OVL-C3905
overlap,175,c10,39,days_402.24_422.86,OVL-C3905
overlap,192,c10,39,days_402.24_422.86,OVL-C3905
overlap,201,c10,39,days_402.24_422.86,OVL-C3905
overlap,208,c10,39,days_402.24_422.86,OVL-C3905
overlap,236,c10,39,days_402.24_422.86,OVL-C3905
overlap,275,c10,39,days_402.24_422.86,OVL-C3905
overlap,289,c10,39,days_402.24_422.86,OVL-C3905
overlap,320,c10,39,days_402.24_422.86,OVL-C3905
overlap,327,c10,39,days_402.24_422.86,OVL-C3905
overlap,335,c10,39,days_402.24_422.86,OVL-C3905
overlap,358,c10,39,days_402.24_422.86,OVL-C3905
overlap,365,c10,39,days_402.24_422.86,OVL-C3905
overlap,377,c10,39,days_402.24_422.86,OVL-C3905
overlap,381,c10,39,days_402.24_422.86,OVL-C3905
overlap,393,c10,39,days_402.24_422.86,OVL-C3905
overlap,440,c10,39,days_402.24_422.86,OVL-C3905
overlap,457,c10,39,days_402.24_422.86,OVL-C3905
overlap,464,c10,39,days_402.24_422.86,OVL-C3905
overlap,468,c10,39,days_402.24_422.86,OVL-C3905
overlap,516,c10,39,days_402.24_422.86,OVL-C3905
overlap,532,c10,39,days_402.24_422.86,OVL-C3905
overlap,537,c10,39,days_402.24_422.86,OVL-C3905
overlap,553,c10,39,days_402.24_422.86,OVL-C3905
overlap,643,c10,39,days_402.24_422.86,OVL-C3905
overlap,652,c10,39,days_402.24_422.86,OVL-C3905
overlap,664,c10,39,days_402.24_422.86,OVL-C3905
overlap,670,c10,39,days_402.24_422.86,OVL-C3905
overlap,688,c10,39,days_402.24_422.86,OVL-C3905
overlap,732,c10,39,days_402.24_422.86,OVL-C3905
overlap,737,c10,39,days_402.24_422.86,OVL-C3905
overlap,761,c10,39,days_402.24_422.86,OVL-C3905
overlap,804,c10,39,days_402.24_422.86,OVL-C3905
overlap,808,c10,39,days_402.24_422.86,OVL-C3905
overlap,810,c10,39,days_402.24_422.86,OVL-C3905
overlap,843,c10,39,days_402.24_422.86,OVL-C3905
overlap,898,c10,39,days_402.24_422.86,OVL-C3905
overlap,899,c10,39,days_402.24_422.86,OVL-C3905
overlap,907,c10,39,days_402.24_422.86,OVL-C3905
overlap,980,c10,39,days_402.24_422.86,OVL-C3905
overlap,985,c10,39,days_402.24_422.86,OVL-C3905
overlap,0,c11,39,days_402.24_422.86,OVL-C3906
overlap,6,c11,39,days_402.24_422.86,OVL-C3906
overlap,55,c11,39,days_402.24_422.86,OVL-C3906
overlap,78,c11,39,days_402.24_422.86,OVL-C3906
overlap,99,c11,39,days_402.24_422.86,OVL-C3906
overlap,149,c11,39,days_402.24_422.86,OVL-C3906
overlap,169,c11,39,days_402.24_422.86,OVL-C3906
overlap,178,c11,39,days_402.24_422.86,OVL-C3906
overlap,184,c11,39,days_402.24_422.86,OVL-C3906
overlap,228,c11,39,days_402.24_422.86,OVL-C3906
overlap,249,c11,39,days_402.24_422.86,OVL-C3906
overlap,281,c11,39,days_402.24_422.86,OVL-C3906
overlap,314,c11,39,days_402.24_422.86,OVL-C3906
overlap,333,c11,39,days_402.24_422.86,OVL-C3906
overlap,372,c11,39,days_402.24_422.86,OVL-C3906
overlap,404,c11,39,days_402.24_422.86,OVL-C3906
overlap,409,c11,39,days_402.24_422.86,OVL-C3906
overlap,470,c11,39,days_402.24_422.86,OVL-C3906
overlap,491,c11,39,days_402.24_422.86,OVL-C3906
overlap,502,c11,39,days_402.24_422.86,OVL-C3906
overlap,519,c11,39,days_402.24_422.86,OVL-C3906
overlap,538,c11,39,days_402.24_422.86,OVL-C3906
overlap,569,c11,39,days_402.24_422.86,OVL-C3906
overlap,580,c11,39,days_402.24_422.86,OVL-C3906
overlap,595,c11,39,days_402.24_422.86,OVL-C3906
overlap,599,c11,39,days_402.24_422.86,OVL-C3906
overlap,605,c11,39,days_402.24_422.86,OVL-C3906
overlap,693,c11,39,days_402.24_422.86,OVL-C3906
overlap,710,c11,39,days_402.24_422.86,OVL-C3906
overlap,716,c11,39,days_402.24_422.86,OVL-C3906
overlap,728,c11,39,days_402.24_422.86,OVL-C3906
overlap,767,c11,39,days_402.24_422.86,OVL-C3906
overlap,789,c11,39,days_402.24_422.86,OVL-C3906
overlap,791,c11,39,days_402.24_422.86,OVL-C3906
overlap,862,c11,39,days_402.24_422.86,OVL-C3906
overlap,929,c11,39,days_402.24_422.86,OVL-C3906
overlap,934,c11,39,days_402.24_422.86,OVL-C3906
overlap,969,c11,39,days_402.24_422.86,OVL-C3906
overlap,976,c11,39,days_402.24_422.86,OVL-C3906
overlap,991,c11,39,days_402.24_422.86,OVL-C3906
overlap,16,c01,40,days_412.55_433.18,OVL-C4005
overlap,38,c01,40,days_412.55_433.18,OVL-C4005
overlap,42,c01,40,days_412.55_433.18,OVL-C4005
overlap,46,c01,40,days_412.55_433.18,OVL-C4005
overlap,50,c01,40,days_412.55_433.18,OVL-C4005
overlap,65,c01,40,days_412.55_433.18,OVL-C4005
overlap,69,c01,40,days_412.55_433.18,OVL-C4005
overlap,70,c01,40,days_412.55_433.18,OVL-C4005
overlap,84,c01,40,days_412.55_433.18,OVL-C4005
overlap,88,c01,40,days_412.55_433.18,OVL-C4005
overlap,96,c01,40,days_412.55_433.18,OVL-C4005
overlap,103,c01,40,days_412.55_433.18,OVL-C4005
overlap,106,c01,40,days_412.55_433.18,OVL-C4005
overlap,125,c01,40,days_412.55_433.18,OVL-C4005
overlap,164,c01,40,days_412.55_433.18,OVL-C4005
overlap,174,c01,40,days_412.55_433.18,OVL-C4005
overlap,206,c01,40,days_412.55_433.18,OVL-C4005
overlap,223,c01,40,days_412.55_433.18,OVL-C4005
overlap,299,c01,40,days_412.55_433.18,OVL-C4005
overlap,309,c01,40,days_412.55_433.18,OVL-C4005
overlap,310,c01,40,days_412.55_433.18,OVL-C4005
overlap,322,c01,40,days_412.55_433.18,OVL-C4005
overlap,323,c01,40,days_412.55_433.18,OVL-C4005
overlap,337,c01,40,days_412.55_433.18,OVL-C4005
overlap,343,c01,40,days_412.55_433.18,OVL-C4005
overlap,346,c01,40,days_412.55_433.18,OVL-C4005
overlap,368,c01,40,days_412.55_433.18,OVL-C4005
overlap,376,c01,40,days_412.55_433.18,OVL-C4005
overlap,378,c01,40,days_412.55_433.18,OVL-C4005
overlap,388,c01,40,days_412.55_433.18,OVL-C4005
overlap,399,c01,40,days_412.55_433.18,OVL-C4005
overlap,402,c01,40,days_412.55_433.18,OVL-C4005
overlap,420,c01,40,days_412.55_433.18,OVL-C4005
overlap,460,c01,40,days_412.55_433.18,OVL-C4005
overlap,505,c01,40,days_412.55_433.18,OVL-C4005
overlap,509,c01,40,days_412.55_433.18,OVL-C4005
overlap,510,c01,40,days_412.55_433.18,OVL-C4005
overlap,534,c01,40,days_412.55_433.18,OVL-C4005
overlap,548,c01,40,days_412.55_433.18,OVL-C4005
overlap,559,c01,40,days_412.55_433.18,OVL-C4005
overlap,591,c01,40,days_412.55_433.18,OVL-C4005
overlap,603,c01,40,days_412.55_433.18,OVL-C4005
overlap,622,c01,40,days_412.55_433.18,OVL-C4005
overlap,634,c01,40,days_412.55_433.18,OVL-C4005
overlap,638,c01,40,days_412.55_433.18,OVL-C4005
overlap,649,c01,40,days_412.55_433.18,OVL-C4005
overlap,663,c01,40,days_412.55_433.18,OVL-C4005
overlap,676,c01,40,days_412.55_433.18,OVL-C4005
overlap,735,c01,40,days_412.55_433.18,OVL-C4005
overlap,740,c01,40,days_412.55_433.18,OVL-C4005
overlap,768,c01,40,days_412.55_433.18,OVL-C4005
overlap,788,c01,40,days_412.55_433.18,OVL-C4005
overlap,822,c01,40,days_412.55_433.18,OVL-C4005
overlap,832,c01,40,days_412.55_433.18,OVL-C4005
overlap,853,c01,40,days_412.55_433.18,OVL-C4005
overlap,879,c01,40,days_412.55_433.18,OVL-C4005
overlap,906,c01,40,days_412.55_433.18,OVL-C4005
overlap,939,c01,40,days_412.55_433.18,OVL-C4005
overlap,943,c01,40,days_412.55_433.18,OVL-C4005
overlap,4,c02,40,days_412.55_433.18,OVL-C4009
overlap,54,c02,40,days_412.55_433.18,OVL-C4009
overlap,82,c02,40,days_412.55_433.18,OVL-C4009
overlap,83,c02,40,days_412.55_433.18,OVL-C4009
overlap,135,c02,40,days_412.55_433.18,OVL-C4009
overlap,137,c02,40,days_412.55_433.18,OVL-C4009
overlap,152,c02,40,days_412.55_433.18,OVL-C4009
overlap,155,c02,40,days_412.55_433.18,OVL-C4009
overlap,170,c02,40,days_412.55_433.18,OVL-C4009
overlap,292,c02,40,days_412.55_433.18,OVL-C4009
overlap,304,c02,40,days_412.55_433.18,OVL-C4009
overlap,306,c02,40,days_412.55_433.18,OVL-C4009
overlap,317,c02,40,days_412.55_433.18,OVL-C4009
overlap,371,c02,40,days_412.55_433.18,OVL-C4009
overlap,374,c02,40,days_412.55_433.18,OVL-C4009
overlap,390,c02,40,days_412.55_433.18,OVL-C4009
overlap,400,c02,40,days_412.55_433.18,OVL-C4009
overlap,405,c02,40,days_412.55_433.18,OVL-C4009
overlap,441,c02,40,days_412.55_433.18,OVL-C4009
overlap,456,c02,40,days_412.55_433.18,OVL-C4009
overlap,523,c02,40,days_412.55_433.18,OVL-C4009
overlap,581,c02,40,days_412.55_433.18,OVL-C4009
overlap,592,c02,40,days_412.55_433.18,OVL-C4009
overlap,594,c02,40,days_412.55_433.18,OVL-C4009
overlap,626,c02,40,days_412.55_433.18,OVL-C4009
overlap,628,c02,40,days_412.55_433.18,OVL-C4009
overlap,659,c02,40,days_412.55_433.18,OVL-C4009
overlap,697,c02,40,days_412.55_433.18,OVL-C4009
overlap,703,c02,40,days_412.55_433.18,OVL-C4009
overlap,771,c02,40,days_412.55_433.18,OVL-C4009
overlap,784,c02,40,days_412.55_433.18,OVL-C4009
overlap,830,c02,40,days_412.55_433.18,OVL-C4009
overlap,835,c02,40,days_412.55_433.18,OVL-C4009
overlap,848,c02,40,days_412.55_433.18,OVL-C4009
overlap,855,c02,40,days_412.55_433.18,OVL-C4009
overlap,863,c02,40,days_412.55_433.18,OVL-C4009
overlap,870,c02,40,days_412.55_433.18,OVL-C4009
overlap,901,c02,40,days_412.55_433.18,OVL-C4009
overlap,936,c02,40,days_412.55_433.18,OVL-C4009
overlap,942,c02,40,days_412.55_433.18,OVL-C4009
overlap,993,c02,40,days_412.55_433.18,OVL-C4009
overlap,24,c03,40,days_412.55_433.18,OVL-C4004
overlap,32,c03,40,days_412.55_433.18,OVL-C4004
overlap,35,c03,40,days_412.55_433.18,OVL-C4004
overlap,67,c03,40,days_412.55_433.18,OVL-C4004
overlap,87,c03,40,days_412.55_433.18,OVL-C4004
overlap,141,c03,40,days_412.55_433.18,OVL-C4004
overlap,160,c03,40,days_412.55_433.18,OVL-C4004
overlap,167,c03,40,days_412.55_433.18,OVL-C4004
overlap,181,c03,40,days_412.55_433.18,OVL-C4004
overlap,188,c03,40,days_412.55_433.18,OVL-C4004
overlap,190,c03,40,days_412.55_433.18,OVL-C4004
overlap,197,c03,40,days_412.55_433.18,OVL-C4004
overlap,207,c03,40,days_412.55_433.18,OVL-C4004
overlap,241,c03,40,days_412.55_433.18,OVL-C4004
overlap,274,c03,40,days_412.55_433.18,OVL-C4004
overlap,280,c03,40,days_412.55_433.18,OVL-C4004
overlap,281,c03,40,days_412.55_433.18,OVL-C4004
overlap,288,c03,40,days_412.55_433.18,OVL-C4004
overlap,301,c03,40,days_412.55_433.18,OVL-C4004
overlap,353,c03,40,days_412.55_433.18,OVL-C4004
overlap,360,c03,40,days_412.55_433.18,OVL-C4004
overlap,373,c03,40,days_412.55_433.18,OVL-C4004
overlap,387,c03,40,days_412.55_433.18,OVL-C4004
overlap,391,c03,40,days_412.55_433.18,OVL-C4004
overlap,408,c03,40,days_412.55_433.18,OVL-C4004
overlap,414,c03,40,days_412.55_433.18,OVL-C4004
overlap,421,c03,40,days_412.55_433.18,OVL-C4004
overlap,424,c03,40,days_412.55_433.18,OVL-C4004
overlap,445,c03,40,days_412.55_433.18,OVL-C4004
overlap,451,c03,40,days_412.55_433.18,OVL-C4004
overlap,469,c03,40,days_412.55_433.18,OVL-C4004
overlap,484,c03,40,days_412.55_433.18,OVL-C4004
overlap,493,c03,40,days_412.55_433.18,OVL-C4004
overlap,512,c03,40,days_412.55_433.18,OVL-C4004
overlap,526,c03,40,days_412.55_433.18,OVL-C4004
overlap,530,c03,40,days_412.55_433.18,OVL-C4004
overlap,547,c03,40,days_412.55_433.18,OVL-C4004
overlap,552,c03,40,days_412.55_433.18,OVL-C4004
overlap,561,c03,40,days_412.55_433.18,OVL-C4004
overlap,614,c03,40,days_412.55_433.18,OVL-C4004
overlap,629,c03,40,days_412.55_433.18,OVL-C4004
overlap,630,c03,40,days_412.55_433.18,OVL-C4004
overlap,631,c03,40,days_412.55_433.18,OVL-C4004
overlap,656,c03,40,days_412.55_433.18,OVL-C4004
overlap,658,c03,40,days_412.55_433.18,OVL-C4004
overlap,685,c03,40,days_412.55_433.18,OVL-C4004
overlap,724,c03,40,days_412.55_433.18,OVL-C4004
overlap,750,c03,40,days_412.55_433.18,OVL-C4004
overlap,773,c03,40,days_412.55_433.18,OVL-C4004
overlap,791,c03,40,days_412.55_433.18,OVL-C4004
overlap,795,c03,40,days_412.55_433.18,OVL-C4004
overlap,817,c03,40,days_412.55_433.18,OVL-C4004
overlap,838,c03,40,days_412.55_433.18,OVL-C4004
overlap,846,c03,40,days_412.55_433.18,OVL-C4004
overlap,851,c03,40,days_412.55_433.18,OVL-C4004
overlap,891,c03,40,days_412.55_433.18,OVL-C4004
overlap,920,c03,40,days_412.55_433.18,OVL-C4004
overlap,954,c03,40,days_412.55_433.18,OVL-C4004
overlap,957,c03,40,days_412.55_433.18,OVL-C4004
overlap,963,c03,40,days_412.55_433.18,OVL-C4004
overlap,978,c03,40,days_412.55_433.18,OVL-C4004
overlap,988,c03,40,days_412.55_433.18,OVL-C4004
overlap,989,c03,40,days_412.55_433.18,OVL-C4004
overlap,28,c05,40,days_412.55_433.18,OVL-C4008
overlap,56,c05,40,days_412.55_433.18,OVL-C4008
overlap,68,c05,40,days_412.55_433.18,OVL-C4008
overlap,95,c05,40,days_412.55_433.18,OVL-C4008
overlap,231,c05,40,days_412.55_433.18,OVL-C4008
overlap,245,c05,40,days_412.55_433.18,OVL-C4008
overlap,251,c05,40,days_412.55_433.18,OVL-C4008
overlap,269,c05,40,days_412.55_433.18,OVL-C4008
overlap,275,c05,40,days_412.55_433.18,OVL-C4008
overlap,311,c05,40,days_412.55_433.18,OVL-C4008
overlap,329,c05,40,days_412.55_433.18,OVL-C4008
overlap,338,c05,40,days_412.55_433.18,OVL-C4008
overlap,361,c05,40,days_412.55_433.18,OVL-C4008
overlap,364,c05,40,days_412.55_433.18,OVL-C4008
overlap,427,c05,40,days_412.55_433.18,OVL-C4008
overlap,432,c05,40,days_412.55_433.18,OVL-C4008
overlap,433,c05,40,days_412.55_433.18,OVL-C4008
overlap,438,c05,40,days_412.55_433.18,OVL-C4008
overlap,480,c05,40,days_412.55_433.18,OVL-C4008
overlap,482,c05,40,days_412.55_433.18,OVL-C4008
overlap,483,c05,40,days_412.55_433.18,OVL-C4008
overlap,531,c05,40,days_412.55_433.18,OVL-C4008
overlap,540,c05,40,days_412.55_433.18,OVL-C4008
overlap,582,c05,40,days_412.55_433.18,OVL-C4008
overlap,624,c05,40,days_412.55_433.18,OVL-C4008
overlap,627,c05,40,days_412.55_433.18,OVL-C4008
overlap,641,c05,40,days_412.55_433.18,OVL-C4008
overlap,698,c05,40,days_412.55_433.18,OVL-C4008
overlap,764,c05,40,days_412.55_433.18,OVL-C4008
overlap,789,c05,40,days_412.55_433.18,OVL-C4008
overlap,796,c05,40,days_412.55_433.18,OVL-C4008
overlap,809,c05,40,days_412.55_433.18,OVL-C4008
overlap,819,c05,40,days_412.55_433.18,OVL-C4008
overlap,840,c05,40,days_412.55_433.18,OVL-C4008
overlap,849,c05,40,days_412.55_433.18,OVL-C4008
overlap,872,c05,40,days_412.55_433.18,OVL-C4008
overlap,873,c05,40,days_412.55_433.18,OVL-C4008
overlap,874,c05,40,days_412.55_433.18,OVL-C4008
overlap,925,c05,40,days_412.55_433.18,OVL-C4008
overlap,955,c05,40,days_412.55_433.18,OVL-C4008
overlap,987,c05,40,days_412.55_433.18,OVL-C4008
overlap,994,c05,40,days_412.55_433.18,OVL-C4008
overlap,2,c09,40,days_412.55_433.18,OVL-C4003
overlap,30,c09,40,days_412.55_433.18,OVL-C4003
overlap,45,c09,40,days_412.55_433.18,OVL-C4003
overlap,52,c09,40,days_412.55_433.18,OVL-C4003
overlap,66,c09,40,days_412.55_433.18,OVL-C4003
overlap,74,c09,40,days_412.55_433.18,OVL-C4003
overlap,77,c09,40,days_412.55_433.18,OVL-C4003
overlap,104,c09,40,days_412.55_433.18,OVL-C4003
overlap,109,c09,40,days_412.55_433.18,OVL-C4003
overlap,111,c09,40,days_412.55_433.18,OVL-C4003
overlap,112,c09,40,days_412.55_433.18,OVL-C4003
overlap,119,c09,40,days_412.55_433.18,OVL-C4003
overlap,126,c09,40,days_412.55_433.18,OVL-C4003
overlap,133,c09,40,days_412.55_433.18,OVL-C4003
overlap,166,c09,40,days_412.55_433.18,OVL-C4003
overlap,168,c09,40,days_412.55_433.18,OVL-C4003
overlap,232,c09,40,days_412.55_433.18,OVL-C4003
overlap,256,c09,40,days_412.55_433.18,OVL-C4003
overlap,260,c09,40,days_412.55_433.18,OVL-C4003
overlap,266,c09,40,days_412.55_433.18,OVL-C4003
overlap,267,c09,40,days_412.55_433.18,OVL-C4003
overlap,294,c09,40,days_412.55_433.18,OVL-C4003
overlap,305,c09,40,days_412.55_433.18,OVL-C4003
overlap,313,c09,40,days_412.55_433.18,OVL-C4003
overlap,356,c09,40,days_412.55_433.18,OVL-C4003
overlap,392,c09,40,days_412.55_433.18,OVL-C4003
overlap,398,c09,40,days_412.55_433.18,OVL-C4003
overlap,416,c09,40,days_412.55_433.18,OVL-C4003
overlap,425,c09,40,days_412.55_433.18,OVL-C4003
overlap,439,c09,40,days_412.55_433.18,OVL-C4003
overlap,465,c09,40,days_412.55_433.18,OVL-C4003
overlap,472,c09,40,days_412.55_433.18,OVL-C4003
overlap,478,c09,40,days_412.55_433.18,OVL-C4003
overlap,490,c09,40,days_412.55_433.18,OVL-C4003
overlap,517,c09,40,days_412.55_433.18,OVL-C4003
overlap,556,c09,40,days_412.55_433.18,OVL-C4003
overlap,570,c09,40,days_412.55_433.18,OVL-C4003
overlap,573,c09,40,days_412.55_433.18,OVL-C4003
overlap,575,c09,40,days_412.55_433.18,OVL-C4003
overlap,586,c09,40,days_412.55_433.18,OVL-C4003
overlap,602,c09,40,days_412.55_433.18,OVL-C4003
overlap,648,c09,40,days_412.55_433.18,OVL-C4003
overlap,674,c09,40,days_412.55_433.18,OVL-C4003
overlap,699,c09,40,days_412.55_433.18,OVL-C4003
overlap,700,c09,40,days_412.55_433.18,OVL-C4003
overlap,721,c09,40,days_412.55_433.18,OVL-C4003
overlap,730,c09,40,days_412.55_433.18,OVL-C4003
overlap,743,c09,40,days_412.55_433.18,OVL-C4003
overlap,751,c09,40,days_412.55_433.18,OVL-C4003
overlap,759,c09,40,days_412.55_433.18,OVL-C4003
overlap,762,c09,40,days_412.55_433.18,OVL-C4003
overlap,765,c09,40,days_412.55_433.18,OVL-C4003
overlap,782,c09,40,days_412.55_433.18,OVL-C4003
overlap,790,c09,40,days_412.55_433.18,OVL-C4003
overlap,803,c09,40,days_412.55_433.18,OVL-C4003
overlap,812,c09,40,days_412.55_433.18,OVL-C4003
overlap,867,c09,40,days_412.55_433.18,OVL-C4003
overlap,868,c09,40,days_412.55_433.18,OVL-C4003
overlap,885,c09,40,days_412.55_433.18,OVL-C4003
overlap,908,c09,40,days_412.55_433.18,OVL-C4003
overlap,912,c09,40,days_412.55_433.18,OVL-C4003
overlap,946,c09,40,days_412.55_433.18,OVL-C4003
overlap,948,c09,40,days_412.55_433.18,OVL-C4003
overlap,949,c09,40,days_412.55_433.18,OVL-C4003
overlap,966,c09,40,days_412.55_433.18,OVL-C4003
overlap,974,c09,40,days_412.55_433.18,OVL-C4003
overlap,984,c09,40,days_412.55_433.18,OVL-C4003
overlap,5,c10,40,days_412.55_433.18,OVL-C4002
overlap,7,c10,40,days_412.55_433.18,OVL-C4002
overlap,10,c10,40,days_412.55_433.18,OVL-C4002
overlap,13,c10,40,days_412.55_433.18,OVL-C4002
overlap,14,c10,40,days_412.55_433.18,OVL-C4002
overlap,29,c10,40,days_412.55_433.18,OVL-C4002
overlap,107,c10,40,days_412.55_433.18,OVL-C4002
overlap,118,c10,40,days_412.55_433.18,OVL-C4002
overlap,158,c10,40,days_412.55_433.18,OVL-C4002
overlap,173,c10,40,days_412.55_433.18,OVL-C4002
overlap,175,c10,40,days_412.55_433.18,OVL-C4002
overlap,180,c10,40,days_412.55_433.18,OVL-C4002
overlap,182,c10,40,days_412.55_433.18,OVL-C4002
overlap,186,c10,40,days_412.55_433.18,OVL-C4002
overlap,192,c10,40,days_412.55_433.18,OVL-C4002
overlap,199,c10,40,days_412.55_433.18,OVL-C4002
overlap,201,c10,40,days_412.55_433.18,OVL-C4002
overlap,208,c10,40,days_412.55_433.18,OVL-C4002
overlap,226,c10,40,days_412.55_433.18,OVL-C4002
overlap,236,c10,40,days_412.55_433.18,OVL-C4002
overlap,242,c10,40,days_412.55_433.18,OVL-C4002
overlap,264,c10,40,days_412.55_433.18,OVL-C4002
overlap,289,c10,40,days_412.55_433.18,OVL-C4002
overlap,320,c10,40,days_412.55_433.18,OVL-C4002
overlap,325,c10,40,days_412.55_433.18,OVL-C4002
overlap,327,c10,40,days_412.55_433.18,OVL-C4002
overlap,335,c10,40,days_412.55_433.18,OVL-C4002
overlap,358,c10,40,days_412.55_433.18,OVL-C4002
overlap,381,c10,40,days_412.55_433.18,OVL-C4002
overlap,382,c10,40,days_412.55_433.18,OVL-C4002
overlap,393,c10,40,days_412.55_433.18,OVL-C4002
overlap,419,c10,40,days_412.55_433.18,OVL-C4002
overlap,437,c10,40,days_412.55_433.18,OVL-C4002
overlap,440,c10,40,days_412.55_433.18,OVL-C4002
overlap,464,c10,40,days_412.55_433.18,OVL-C4002
overlap,468,c10,40,days_412.55_433.18,OVL-C4002
overlap,473,c10,40,days_412.55_433.18,OVL-C4002
overlap,491,c10,40,days_412.55_433.18,OVL-C4002
overlap,506,c10,40,days_412.55_433.18,OVL-C4002
overlap,516,c10,40,days_412.55_433.18,OVL-C4002
overlap,532,c10,40,days_412.55_433.18,OVL-C4002
overlap,537,c10,40,days_412.55_433.18,OVL-C4002
overlap,541,c10,40,days_412.55_433.18,OVL-C4002
overlap,553,c10,40,days_412.55_433.18,OVL-C4002
overlap,576,c10,40,days_412.55_433.18,OVL-C4002
overlap,597,c10,40,days_412.55_433.18,OVL-C4002
overlap,611,c10,40,days_412.55_433.18,OVL-C4002
overlap,643,c10,40,days_412.55_433.18,OVL-C4002
overlap,644,c10,40,days_412.55_433.18,OVL-C4002
overlap,650,c10,40,days_412.55_433.18,OVL-C4002
overlap,652,c10,40,days_412.55_433.18,OVL-C4002
overlap,654,c10,40,days_412.55_433.18,OVL-C4002
overlap,657,c10,40,days_412.55_433.18,OVL-C4002
overlap,664,c10,40,days_412.55_433.18,OVL-C4002
overlap,670,c10,40,days_412.55_433.18,OVL-C4002
overlap,682,c10,40,days_412.55_433.18,OVL-C4002
overlap,688,c10,40,days_412.55_433.18,OVL-C4002
overlap,702,c10,40,days_412.55_433.18,OVL-C4002
overlap,719,c10,40,days_412.55_433.18,OVL-C4002
overlap,737,c10,40,days_412.55_433.18,OVL-C4002
overlap,738,c10,40,days_412.55_433.18,OVL-C4002
overlap,745,c10,40,days_412.55_433.18,OVL-C4002
overlap,749,c10,40,days_412.55_433.18,OVL-C4002
overlap,761,c10,40,days_412.55_433.18,OVL-C4002
overlap,783,c10,40,days_412.55_433.18,OVL-C4002
overlap,804,c10,40,days_412.55_433.18,OVL-C4002
overlap,808,c10,40,days_412.55_433.18,OVL-C4002
overlap,810,c10,40,days_412.55_433.18,OVL-C4002
overlap,828,c10,40,days_412.55_433.18,OVL-C4002
overlap,837,c10,40,days_412.55_433.18,OVL-C4002
overlap,839,c10,40,days_412.55_433.18,OVL-C4002
overlap,850,c10,40,days_412.55_433.18,OVL-C4002
overlap,856,c10,40,days_412.55_433.18,OVL-C4002
overlap,881,c10,40,days_412.55_433.18,OVL-C4002
overlap,897,c10,40,days_412.55_433.18,OVL-C4002
overlap,898,c10,40,days_412.55_433.18,OVL-C4002
overlap,899,c10,40,days_412.55_433.18,OVL-C4002
overlap,903,c10,40,days_412.55_433.18,OVL-C4002
overlap,905,c10,40,days_412.55_433.18,OVL-C4002
overlap,921,c10,40,days_412.55_433.18,OVL-C4002
overlap,924,c10,40,days_412.55_433.18,OVL-C4002
overlap,945,c10,40,days_412.55_433.18,OVL-C4002
overlap,979,c10,40,days_412.55_433.18,OVL-C4002
overlap,980,c10,40,days_412.55_433.18,OVL-C4002
overlap,982,c10,40,days_412.55_433.18,OVL-C4002
overlap,985,c10,40,days_412.55_433.18,OVL-C4002
overlap,1001,c10,40,days_412.55_433.18,OVL-C4002
overlap,0,c11,40,days_412.55_433.18,OVL-C4010
overlap,6,c11,40,days_412.55_433.18,OVL-C4010
overlap,55,c11,40,days_412.55_433.18,OVL-C4010
overlap,78,c11,40,days_412.55_433.18,OVL-C4010
overlap,99,c11,40,days_412.55_433.18,OVL-C4010
overlap,102,c11,40,days_412.55_433.18,OVL-C4010
overlap,130,c11,40,days_412.55_433.18,OVL-C4010
overlap,178,c11,40,days_412.55_433.18,OVL-C4010
overlap,195,c11,40,days_412.55_433.18,OVL-C4010
overlap,228,c11,40,days_412.55_433.18,OVL-C4010
overlap,249,c11,40,days_412.55_433.18,OVL-C4010
overlap,295,c11,40,days_412.55_433.18,OVL-C4010
overlap,312,c11,40,days_412.55_433.18,OVL-C4010
overlap,314,c11,40,days_412.55_433.18,OVL-C4010
overlap,333,c11,40,days_412.55_433.18,OVL-C4010
overlap,339,c11,40,days_412.55_433.18,OVL-C4010
overlap,365,c11,40,days_412.55_433.18,OVL-C4010
overlap,409,c11,40,days_412.55_433.18,OVL-C4010
overlap,470,c11,40,days_412.55_433.18,OVL-C4010
overlap,502,c11,40,days_412.55_433.18,OVL-C4010
overlap,519,c11,40,days_412.55_433.18,OVL-C4010
overlap,527,c11,40,days_412.55_433.18,OVL-C4010
overlap,538,c11,40,days_412.55_433.18,OVL-C4010
overlap,569,c11,40,days_412.55_433.18,OVL-C4010
overlap,579,c11,40,days_412.55_433.18,OVL-C4010
overlap,580,c11,40,days_412.55_433.18,OVL-C4010
overlap,599,c11,40,days_412.55_433.18,OVL-C4010
overlap,605,c11,40,days_412.55_433.18,OVL-C4010
overlap,693,c11,40,days_412.55_433.18,OVL-C4010
overlap,705,c11,40,days_412.55_433.18,OVL-C4010
overlap,710,c11,40,days_412.55_433.18,OVL-C4010
overlap,732,c11,40,days_412.55_433.18,OVL-C4010
overlap,767,c11,40,days_412.55_433.18,OVL-C4010
overlap,858,c11,40,days_412.55_433.18,OVL-C4010
overlap,862,c11,40,days_412.55_433.18,OVL-C4010
overlap,929,c11,40,days_412.55_433.18,OVL-C4010
overlap,976,c11,40,days_412.55_433.18,OVL-C4010
overlap,991,c11,40,days_412.55_433.18,OVL-C4010
overlap,17,c12,40,days_412.55_433.18,OVL-C4006
overlap,31,c12,40,days_412.55_433.18,OVL-C4006
overlap,72,c12,40,days_412.55_433.18,OVL-C4006
overlap,92,c12,40,days_412.55_433.18,OVL-C4006
overlap,98,c12,40,days_412.55_433.18,OVL-C4006
overlap,117,c12,40,days_412.55_433.18,OVL-C4006
overlap,122,c12,40,days_412.55_433.18,OVL-C4006
overlap,134,c12,40,days_412.55_433.18,OVL-C4006
overlap,136,c12,40,days_412.55_433.18,OVL-C4006
overlap,142,c12,40,days_412.55_433.18,OVL-C4006
overlap,165,c12,40,days_412.55_433.18,OVL-C4006
overlap,194,c12,40,days_412.55_433.18,OVL-C4006
overlap,200,c12,40,days_412.55_433.18,OVL-C4006
overlap,224,c12,40,days_412.55_433.18,OVL-C4006
overlap,268,c12,40,days_412.55_433.18,OVL-C4006
overlap,278,c12,40,days_412.55_433.18,OVL-C4006
overlap,291,c12,40,days_412.55_433.18,OVL-C4006
overlap,297,c12,40,days_412.55_433.18,OVL-C4006
overlap,302,c12,40,days_412.55_433.18,OVL-C4006
overlap,316,c12,40,days_412.55_433.18,OVL-C4006
overlap,341,c12,40,days_412.55_433.18,OVL-C4006
overlap,344,c12,40,days_412.55_433.18,OVL-C4006
overlap,349,c12,40,days_412.55_433.18,OVL-C4006
overlap,397,c12,40,days_412.55_433.18,OVL-C4006
overlap,401,c12,40,days_412.55_433.18,OVL-C4006
overlap,415,c12,40,days_412.55_433.18,OVL-C4006
overlap,428,c12,40,days_412.55_433.18,OVL-C4006
overlap,429,c12,40,days_412.55_433.18,OVL-C4006
overlap,454,c12,40,days_412.55_433.18,OVL-C4006
overlap,543,c12,40,days_412.55_433.18,OVL-C4006
overlap,647,c12,40,days_412.55_433.18,OVL-C4006
overlap,651,c12,40,days_412.55_433.18,OVL-C4006
overlap,678,c12,40,days_412.55_433.18,OVL-C4006
overlap,681,c12,40,days_412.55_433.18,OVL-C4006
overlap,707,c12,40,days_412.55_433.18,OVL-C4006
overlap,713,c12,40,days_412.55_433.18,OVL-C4006
overlap,787,c12,40,days_412.55_433.18,OVL-C4006
overlap,802,c12,40,days_412.55_433.18,OVL-C4006
overlap,857,c12,40,days_412.55_433.18,OVL-C4006
overlap,888,c12,40,days_412.55_433.18,OVL-C4006
overlap,892,c12,40,days_412.55_433.18,OVL-C4006
overlap,915,c12,40,days_412.55_433.18,OVL-C4006
overlap,916,c12,40,days_412.55_433.18,OVL-C4006
overlap,952,c12,40,days_412.55_433.18,OVL-C4006
overlap,953,c12,40,days_412.55_433.18,OVL-C4006
overlap,971,c12,40,days_412.55_433.18,OVL-C4006
overlap,975,c12,40,days_412.55_433.18,OVL-C4006
overlap,990,c12,40,days_412.55_433.18,OVL-C4006
overlap,1003,c12,40,days_412.55_433.18,OVL-C4006
overlap,25,c13,40,days_412.55_433.18,OVL-C4007
overlap,41,c13,40,days_412.55_433.18,OVL-C4007
overlap,48,c13,40,days_412.55_433.18,OVL-C4007
overlap,73,c13,40,days_412.55_433.18,OVL-C4007
overlap,85,c13,40,days_412.55_433.18,OVL-C4007
overlap,129,c13,40,days_412.55_433.18,OVL-C4007
overlap,147,c13,40,days_412.55_433.18,OVL-C4007
overlap,157,c13,40,days_412.55_433.18,OVL-C4007
overlap,171,c13,40,days_412.55_433.18,OVL-C4007
overlap,176,c13,40,days_412.55_433.18,OVL-C4007
overlap,216,c13,40,days_412.55_433.18,OVL-C4007
overlap,230,c13,40,days_412.55_433.18,OVL-C4007
overlap,255,c13,40,days_412.55_433.18,OVL-C4007
overlap,277,c13,40,days_412.55_433.18,OVL-C4007
overlap,285,c13,40,days_412.55_433.18,OVL-C4007
overlap,318,c13,40,days_412.55_433.18,OVL-C4007
overlap,319,c13,40,days_412.55_433.18,OVL-C4007
overlap,321,c13,40,days_412.55_433.18,OVL-C4007
overlap,336,c13,40,days_412.55_433.18,OVL-C4007
overlap,347,c13,40,days_412.55_433.18,OVL-C4007
overlap,355,c13,40,days_412.55_433.18,OVL-C4007
overlap,366,c13,40,days_412.55_433.18,OVL-C4007
overlap,386,c13,40,days_412.55_433.18,OVL-C4007
overlap,458,c13,40,days_412.55_433.18,OVL-C4007
overlap,499,c13,40,days_412.55_433.18,OVL-C4007
overlap,503,c13,40,days_412.55_433.18,OVL-C4007
overlap,546,c13,40,days_412.55_433.18,OVL-C4007
overlap,550,c13,40,days_412.55_433.18,OVL-C4007
overlap,558,c13,40,days_412.55_433.18,OVL-C4007
overlap,565,c13,40,days_412.55_433.18,OVL-C4007
overlap,577,c13,40,days_412.55_433.18,OVL-C4007
overlap,590,c13,40,days_412.55_433.18,OVL-C4007
overlap,618,c13,40,days_412.55_433.18,OVL-C4007
overlap,672,c13,40,days_412.55_433.18,OVL-C4007
overlap,684,c13,40,days_412.55_433.18,OVL-C4007
overlap,686,c13,40,days_412.55_433.18,OVL-C4007
overlap,704,c13,40,days_412.55_433.18,OVL-C4007
overlap,715,c13,40,days_412.55_433.18,OVL-C4007
overlap,723,c13,40,days_412.55_433.18,OVL-C4007
overlap,748,c13,40,days_412.55_433.18,OVL-C4007
overlap,758,c13,40,days_412.55_433.18,OVL-C4007
overlap,844,c13,40,days_412.55_433.18,OVL-C4007
overlap,918,c13,40,days_412.55_433.18,OVL-C4007
overlap,926,c13,40,days_412.55_433.18,OVL-C4007
overlap,931,c13,40,days_412.55_433.18,OVL-C4007
overlap,933,c13,40,days_412.55_433.18,OVL-C4007
overlap,956,c13,40,days_412.55_433.18,OVL-C4007
overlap,972,c13,40,days_412.55_433.18,OVL-C4007
overlap,1000,c13,40,days_412.55_433.18,OVL-C4007
overlap,62,c14,40,days_412.55_433.18,OVL-C4011
overlap,113,c14,40,days_412.55_433.18,OVL-C4011
overlap,163,c14,40,days_412.55_433.18,OVL-C4011
overlap,250,c14,40,days_412.55_433.18,OVL-C4011
overlap,332,c14,40,days_412.55_433.18,OVL-C4011
overlap,369,c14,40,days_412.55_433.18,OVL-C4011
overlap,435,c14,40,days_412.55_433.18,OVL-C4011
overlap,444,c14,40,days_412.55_433.18,OVL-C4011
overlap,485,c14,40,days_412.55_433.18,OVL-C4011
overlap,500,c14,40,days_412.55_433.18,OVL-C4011
overlap,513,c14,40,days_412.55_433.18,OVL-C4011
overlap,518,c14,40,days_412.55_433.18,OVL-C4011
overlap,535,c14,40,days_412.55_433.18,OVL-C4011
overlap,539,c14,40,days_412.55_433.18,OVL-C4011
overlap,542,c14,40,days_412.55_433.18,OVL-C4011
overlap,551,c14,40,days_412.55_433.18,OVL-C4011
overlap,646,c14,40,days_412.55_433.18,OVL-C4011
overlap,722,c14,40,days_412.55_433.18,OVL-C4011
overlap,770,c14,40,days_412.55_433.18,OVL-C4011
overlap,799,c14,40,days_412.55_433.18,OVL-C4011
overlap,800,c14,40,days_412.55_433.18,OVL-C4011
overlap,814,c14,40,days_412.55_433.18,OVL-C4011
overlap,823,c14,40,days_412.55_433.18,OVL-C4011
overlap,854,c14,40,days_412.55_433.18,OVL-C4011
overlap,886,c14,40,days_412.55_433.18,OVL-C4011
overlap,895,c14,40,days_412.55_433.18,OVL-C4011
overlap,913,c14,40,days_412.55_433.18,OVL-C4011
overlap,16,c01,41,days_422.86_443.49,OVL-C4103
overlap,38,c01,41,days_422.86_443.49,OVL-C4103
overlap,42,c01,41,days_422.86_443.49,OVL-C4103
overlap,46,c01,41,days_422.86_443.49,OVL-C4103
overlap,50,c01,41,days_422.86_443.49,OVL-C4103
overlap,69,c01,41,days_422.86_443.49,OVL-C4103
overlap,70,c01,41,days_422.86_443.49,OVL-C4103
overlap,84,c01,41,days_422.86_443.49,OVL-C4103
overlap,88,c01,41,days_422.86_443.49,OVL-C4103
overlap,96,c01,41,days_422.86_443.49,OVL-C4103
overlap,103,c01,41,days_422.86_443.49,OVL-C4103
overlap,106,c01,41,days_422.86_443.49,OVL-C4103
overlap,125,c01,41,days_422.86_443.49,OVL-C4103
overlap,139,c01,41,days_422.86_443.49,OVL-C4103
overlap,164,c01,41,days_422.86_443.49,OVL-C4103
overlap,174,c01,41,days_422.86_443.49,OVL-C4103
overlap,206,c01,41,days_422.86_443.49,OVL-C4103
overlap,223,c01,41,days_422.86_443.49,OVL-C4103
overlap,247,c01,41,days_422.86_443.49,OVL-C4103
overlap,282,c01,41,days_422.86_443.49,OVL-C4103
overlap,299,c01,41,days_422.86_443.49,OVL-C4103
overlap,309,c01,41,days_422.86_443.49,OVL-C4103
overlap,310,c01,41,days_422.86_443.49,OVL-C4103
overlap,322,c01,41,days_422.86_443.49,OVL-C4103
overlap,323,c01,41,days_422.86_443.49,OVL-C4103
overlap,324,c01,41,days_422.86_443.49,OVL-C4103
overlap,337,c01,41,days_422.86_443.49,OVL-C4103
overlap,343,c01,41,days_422.86_443.49,OVL-C4103
overlap,346,c01,41,days_422.86_443.49,OVL-C4103
overlap,368,c01,41,days_422.86_443.49,OVL-C4103
overlap,376,c01,41,days_422.86_443.49,OVL-C4103
overlap,388,c01,41,days_422.86_443.49,OVL-C4103
overlap,399,c01,41,days_422.86_443.49,OVL-C4103
overlap,402,c01,41,days_422.86_443.49,OVL-C4103
overlap,420,c01,41,days_422.86_443.49,OVL-C4103
overlap,474,c01,41,days_422.86_443.49,OVL-C4103
overlap,489,c01,41,days_422.86_443.49,OVL-C4103
overlap,505,c01,41,days_422.86_443.49,OVL-C4103
overlap,509,c01,41,days_422.86_443.49,OVL-C4103
overlap,510,c01,41,days_422.86_443.49,OVL-C4103
overlap,534,c01,41,days_422.86_443.49,OVL-C4103
overlap,548,c01,41,days_422.86_443.49,OVL-C4103
overlap,559,c01,41,days_422.86_443.49,OVL-C4103
overlap,591,c01,41,days_422.86_443.49,OVL-C4103
overlap,601,c01,41,days_422.86_443.49,OVL-C4103
overlap,603,c01,41,days_422.86_443.49,OVL-C4103
overlap,622,c01,41,days_422.86_443.49,OVL-C4103
overlap,634,c01,41,days_422.86_443.49,OVL-C4103
overlap,649,c01,41,days_422.86_443.49,OVL-C4103
overlap,663,c01,41,days_422.86_443.49,OVL-C4103
overlap,676,c01,41,days_422.86_443.49,OVL-C4103
overlap,735,c01,41,days_422.86_443.49,OVL-C4103
overlap,740,c01,41,days_422.86_443.49,OVL-C4103
overlap,768,c01,41,days_422.86_443.49,OVL-C4103
overlap,788,c01,41,days_422.86_443.49,OVL-C4103
overlap,822,c01,41,days_422.86_443.49,OVL-C4103
overlap,832,c01,41,days_422.86_443.49,OVL-C4103
overlap,853,c01,41,days_422.86_443.49,OVL-C4103
overlap,879,c01,41,days_422.86_443.49,OVL-C4103
overlap,893,c01,41,days_422.86_443.49,OVL-C4103
overlap,906,c01,41,days_422.86_443.49,OVL-C4103
overlap,939,c01,41,days_422.86_443.49,OVL-C4103
overlap,943,c01,41,days_422.86_443.49,OVL-C4103
overlap,4,c02,41,days_422.86_443.49,OVL-C4106
overlap,54,c02,41,days_422.86_443.49,OVL-C4106
overlap,82,c02,41,days_422.86_443.49,OVL-C4106
overlap,83,c02,41,days_422.86_443.49,OVL-C4106
overlap,135,c02,41,days_422.86_443.49,OVL-C4106
overlap,137,c02,41,days_422.86_443.49,OVL-C4106
overlap,155,c02,41,days_422.86_443.49,OVL-C4106
overlap,161,c02,41,days_422.86_443.49,OVL-C4106
overlap,170,c02,41,days_422.86_443.49,OVL-C4106
overlap,292,c02,41,days_422.86_443.49,OVL-C4106
overlap,300,c02,41,days_422.86_443.49,OVL-C4106
overlap,304,c02,41,days_422.86_443.49,OVL-C4106
overlap,306,c02,41,days_422.86_443.49,OVL-C4106
overlap,308,c02,41,days_422.86_443.49,OVL-C4106
overlap,317,c02,41,days_422.86_443.49,OVL-C4106
overlap,326,c02,41,days_422.86_443.49,OVL-C4106
overlap,371,c02,41,days_422.86_443.49,OVL-C4106
overlap,374,c02,41,days_422.86_443.49,OVL-C4106
overlap,390,c02,41,days_422.86_443.49,OVL-C4106
overlap,400,c02,41,days_422.86_443.49,OVL-C4106
overlap,405,c02,41,days_422.86_443.49,OVL-C4106
overlap,441,c02,41,days_422.86_443.49,OVL-C4106
overlap,456,c02,41,days_422.86_443.49,OVL-C4106
overlap,523,c02,41,days_422.86_443.49,OVL-C4106
overlap,580,c02,41,days_422.86_443.49,OVL-C4106
overlap,581,c02,41,days_422.86_443.49,OVL-C4106
overlap,592,c02,41,days_422.86_443.49,OVL-C4106
overlap,594,c02,41,days_422.86_443.49,OVL-C4106
overlap,626,c02,41,days_422.86_443.49,OVL-C4106
overlap,628,c02,41,days_422.86_443.49,OVL-C4106
overlap,659,c02,41,days_422.86_443.49,OVL-C4106
overlap,673,c02,41,days_422.86_443.49,OVL-C4106
overlap,697,c02,41,days_422.86_443.49,OVL-C4106
overlap,703,c02,41,days_422.86_443.49,OVL-C4106
overlap,742,c02,41,days_422.86_443.49,OVL-C4106
overlap,769,c02,41,days_422.86_443.49,OVL-C4106
overlap,771,c02,41,days_422.86_443.49,OVL-C4106
overlap,784,c02,41,days_422.86_443.49,OVL-C4106
overlap,830,c02,41,days_422.86_443.49,OVL-C4106
overlap,835,c02,41,days_422.86_443.49,OVL-C4106
overlap,848,c02,41,days_422.86_443.49,OVL-C4106
overlap,855,c02,41,days_422.86_443.49,OVL-C4106
overlap,860,c02,41,days_422.86_443.49,OVL-C4106
overlap,863,c02,41,days_422.86_443.49,OVL-C4106
overlap,864,c02,41,days_422.86_443.49,OVL-C4106
overlap,870,c02,41,days_422.86_443.49,OVL-C4106
overlap,901,c02,41,days_422.86_443.49,OVL-C4106
overlap,930,c02,41,days_422.86_443.49,OVL-C4106
overlap,936,c02,41,days_422.86_443.49,OVL-C4106
overlap,938,c02,41,days_422.86_443.49,OVL-C4106
overlap,942,c02,41,days_422.86_443.49,OVL-C4106
overlap,981,c02,41,days_422.86_443.49,OVL-C4106
overlap,993,c02,41,days_422.86_443.49,OVL-C4106
overlap,24,c03,41,days_422.86_443.49,OVL-C4104
overlap,32,c03,41,days_422.86_443.49,OVL-C4104
overlap,35,c03,41,days_422.86_443.49,OVL-C4104
overlap,87,c03,41,days_422.86_443.49,OVL-C4104
overlap,141,c03,41,days_422.86_443.49,OVL-C4104
overlap,143,c03,41,days_422.86_443.49,OVL-C4104
overlap,160,c03,41,days_422.86_443.49,OVL-C4104
overlap,167,c03,41,days_422.86_443.49,OVL-C4104
overlap,181,c03,41,days_422.86_443.49,OVL-C4104
overlap,188,c03,41,days_422.86_443.49,OVL-C4104
overlap,190,c03,41,days_422.86_443.49,OVL-C4104
overlap,197,c03,41,days_422.86_443.49,OVL-C4104
overlap,207,c03,41,days_422.86_443.49,OVL-C4104
overlap,241,c03,41,days_422.86_443.49,OVL-C4104
overlap,274,c03,41,days_422.86_443.49,OVL-C4104
overlap,280,c03,41,days_422.86_443.49,OVL-C4104
overlap,281,c03,41,days_422.86_443.49,OVL-C4104
overlap,288,c03,41,days_422.86_443.49,OVL-C4104
overlap,301,c03,41,days_422.86_443.49,OVL-C4104
overlap,353,c03,41,days_422.86_443.49,OVL-C4104
overlap,360,c03,41,days_422.86_443.49,OVL-C4104
overlap,373,c03,41,days_422.86_443.49,OVL-C4104
overlap,387,c03,41,days_422.86_443.49,OVL-C4104
overlap,391,c03,41,days_422.86_443.49,OVL-C4104
overlap,408,c03,41,days_422.86_443.49,OVL-C4104
overlap,414,c03,41,days_422.86_443.49,OVL-C4104
overlap,421,c03,41,days_422.86_443.49,OVL-C4104
overlap,424,c03,41,days_422.86_443.49,OVL-C4104
overlap,445,c03,41,days_422.86_443.49,OVL-C4104
overlap,451,c03,41,days_422.86_443.49,OVL-C4104
overlap,469,c03,41,days_422.86_443.49,OVL-C4104
overlap,484,c03,41,days_422.86_443.49,OVL-C4104
overlap,493,c03,41,days_422.86_443.49,OVL-C4104
overlap,512,c03,41,days_422.86_443.49,OVL-C4104
overlap,526,c03,41,days_422.86_443.49,OVL-C4104
overlap,530,c03,41,days_422.86_443.49,OVL-C4104
overlap,547,c03,41,days_422.86_443.49,OVL-C4104
overlap,552,c03,41,days_422.86_443.49,OVL-C4104
overlap,561,c03,41,days_422.86_443.49,OVL-C4104
overlap,614,c03,41,days_422.86_443.49,OVL-C4104
overlap,629,c03,41,days_422.86_443.49,OVL-C4104
overlap,630,c03,41,days_422.86_443.49,OVL-C4104
overlap,631,c03,41,days_422.86_443.49,OVL-C4104
overlap,656,c03,41,days_422.86_443.49,OVL-C4104
overlap,658,c03,41,days_422.86_443.49,OVL-C4104
overlap,685,c03,41,days_422.86_443.49,OVL-C4104
overlap,750,c03,41,days_422.86_443.49,OVL-C4104
overlap,773,c03,41,days_422.86_443.49,OVL-C4104
overlap,791,c03,41,days_422.86_443.49,OVL-C4104
overlap,795,c03,41,days_422.86_443.49,OVL-C4104
overlap,817,c03,41,days_422.86_443.49,OVL-C4104
overlap,846,c03,41,days_422.86_443.49,OVL-C4104
overlap,851,c03,41,days_422.86_443.49,OVL-C4104
overlap,891,c03,41,days_422.86_443.49,OVL-C4104
overlap,905,c03,41,days_422.86_443.49,OVL-C4104
overlap,920,c03,41,days_422.86_443.49,OVL-C4104
overlap,954,c03,41,days_422.86_443.49,OVL-C4104
overlap,957,c03,41,days_422.86_443.49,OVL-C4104
overlap,978,c03,41,days_422.86_443.49,OVL-C4104
overlap,988,c03,41,days_422.86_443.49,OVL-C4104
overlap,989,c03,41,days_422.86_443.49,OVL-C4104
overlap,28,c05,41,days_422.86_443.49,OVL-C4110
overlap,56,c05,41,days_422.86_443.49,OVL-C4110
overlap,65,c05,41,days_422.86_443.49,OVL-C4110
overlap,68,c05,41,days_422.86_443.49,OVL-C4110
overlap,95,c05,41,days_422.86_443.49,OVL-C4110
overlap,226,c05,41,days_422.86_443.49,OVL-C4110
overlap,231,c05,41,days_422.86_443.49,OVL-C4110
overlap,245,c05,41,days_422.86_443.49,OVL-C4110
overlap,251,c05,41,days_422.86_443.49,OVL-C4110
overlap,264,c05,41,days_422.86_443.49,OVL-C4110
overlap,269,c05,41,days_422.86_443.49,OVL-C4110
overlap,311,c05,41,days_422.86_443.49,OVL-C4110
overlap,329,c05,41,days_422.86_443.49,OVL-C4110
overlap,338,c05,41,days_422.86_443.49,OVL-C4110
overlap,361,c05,41,days_422.86_443.49,OVL-C4110
overlap,427,c05,41,days_422.86_443.49,OVL-C4110
overlap,432,c05,41,days_422.86_443.49,OVL-C4110
overlap,433,c05,41,days_422.86_443.49,OVL-C4110
overlap,438,c05,41,days_422.86_443.49,OVL-C4110
overlap,480,c05,41,days_422.86_443.49,OVL-C4110
overlap,482,c05,41,days_422.86_443.49,OVL-C4110
overlap,531,c05,41,days_422.86_443.49,OVL-C4110
overlap,540,c05,41,days_422.86_443.49,OVL-C4110
overlap,582,c05,41,days_422.86_443.49,OVL-C4110
overlap,624,c05,41,days_422.86_443.49,OVL-C4110
overlap,627,c05,41,days_422.86_443.49,OVL-C4110
overlap,641,c05,41,days_422.86_443.49,OVL-C4110
overlap,698,c05,41,days_422.86_443.49,OVL-C4110
overlap,764,c05,41,days_422.86_443.49,OVL-C4110
overlap,789,c05,41,days_422.86_443.49,OVL-C4110
overlap,796,c05,41,days_422.86_443.49,OVL-C4110
overlap,809,c05,41,days_422.86_443.49,OVL-C4110
overlap,819,c05,41,days_422.86_443.49,OVL-C4110
overlap,840,c05,41,days_422.86_443.49,OVL-C4110
overlap,849,c05,41,days_422.86_443.49,OVL-C4110
overlap,872,c05,41,days_422.86_443.49,OVL-C4110
overlap,873,c05,41,days_422.86_443.49,OVL-C4110
overlap,874,c05,41,days_422.86_443.49,OVL-C4110
overlap,925,c05,41,days_422.86_443.49,OVL-C4110
overlap,955,c05,41,days_422.86_443.49,OVL-C4110
overlap,987,c05,41,days_422.86_443.49,OVL-C4110
overlap,994,c05,41,days_422.86_443.49,OVL-C4110
overlap,2,c09,41,days_422.86_443.49,OVL-C4102
overlap,30,c09,41,days_422.86_443.49,OVL-C4102
overlap,52,c09,41,days_422.86_443.49,OVL-C4102
overlap,74,c09,41,days_422.86_443.49,OVL-C4102
overlap,77,c09,41,days_422.86_443.49,OVL-C4102
overlap,104,c09,41,days_422.86_443.49,OVL-C4102
overlap,109,c09,41,days_422.86_443.49,OVL-C4102
overlap,112,c09,41,days_422.86_443.49,OVL-C4102
overlap,119,c09,41,days_422.86_443.49,OVL-C4102
overlap,126,c09,41,days_422.86_443.49,OVL-C4102
overlap,133,c09,41,days_422.86_443.49,OVL-C4102
overlap,166,c09,41,days_422.86_443.49,OVL-C4102
overlap,168,c09,41,days_422.86_443.49,OVL-C4102
overlap,232,c09,41,days_422.86_443.49,OVL-C4102
overlap,256,c09,41,days_422.86_443.49,OVL-C4102
overlap,260,c09,41,days_422.86_443.49,OVL-C4102
overlap,266,c09,41,days_422.86_443.49,OVL-C4102
overlap,267,c09,41,days_422.86_443.49,OVL-C4102
overlap,294,c09,41,days_422.86_443.49,OVL-C4102
overlap,305,c09,41,days_422.86_443.49,OVL-C4102
overlap,307,c09,41,days_422.86_443.49,OVL-C4102
overlap,313,c09,41,days_422.86_443.49,OVL-C4102
overlap,332,c09,41,days_422.86_443.49,OVL-C4102
overlap,356,c09,41,days_422.86_443.49,OVL-C4102
overlap,406,c09,41,days_422.86_443.49,OVL-C4102
overlap,416,c09,41,days_422.86_443.49,OVL-C4102
overlap,425,c09,41,days_422.86_443.49,OVL-C4102
overlap,435,c09,41,days_422.86_443.49,OVL-C4102
overlap,439,c09,41,days_422.86_443.49,OVL-C4102
overlap,447,c09,41,days_422.86_443.49,OVL-C4102
overlap,460,c09,41,days_422.86_443.49,OVL-C4102
overlap,465,c09,41,days_422.86_443.49,OVL-C4102
overlap,472,c09,41,days_422.86_443.49,OVL-C4102
overlap,478,c09,41,days_422.86_443.49,OVL-C4102
overlap,500,c09,41,days_422.86_443.49,OVL-C4102
overlap,517,c09,41,days_422.86_443.49,OVL-C4102
overlap,539,c09,41,days_422.86_443.49,OVL-C4102
overlap,556,c09,41,days_422.86_443.49,OVL-C4102
overlap,557,c09,41,days_422.86_443.49,OVL-C4102
overlap,570,c09,41,days_422.86_443.49,OVL-C4102
overlap,573,c09,41,days_422.86_443.49,OVL-C4102
overlap,575,c09,41,days_422.86_443.49,OVL-C4102
overlap,583,c09,41,days_422.86_443.49,OVL-C4102
overlap,586,c09,41,days_422.86_443.49,OVL-C4102
overlap,602,c09,41,days_422.86_443.49,OVL-C4102
overlap,638,c09,41,days_422.86_443.49,OVL-C4102
overlap,648,c09,41,days_422.86_443.49,OVL-C4102
overlap,699,c09,41,days_422.86_443.49,OVL-C4102
overlap,700,c09,41,days_422.86_443.49,OVL-C4102
overlap,721,c09,41,days_422.86_443.49,OVL-C4102
overlap,730,c09,41,days_422.86_443.49,OVL-C4102
overlap,744,c09,41,days_422.86_443.49,OVL-C4102
overlap,751,c09,41,days_422.86_443.49,OVL-C4102
overlap,759,c09,41,days_422.86_443.49,OVL-C4102
overlap,762,c09,41,days_422.86_443.49,OVL-C4102
overlap,765,c09,41,days_422.86_443.49,OVL-C4102
overlap,782,c09,41,days_422.86_443.49,OVL-C4102
overlap,790,c09,41,days_422.86_443.49,OVL-C4102
overlap,803,c09,41,days_422.86_443.49,OVL-C4102
overlap,812,c09,41,days_422.86_443.49,OVL-C4102
overlap,814,c09,41,days_422.86_443.49,OVL-C4102
overlap,867,c09,41,days_422.86_443.49,OVL-C4102
overlap,868,c09,41,days_422.86_443.49,OVL-C4102
overlap,871,c09,41,days_422.86_443.49,OVL-C4102
overlap,880,c09,41,days_422.86_443.49,OVL-C4102
overlap,885,c09,41,days_422.86_443.49,OVL-C4102
overlap,889,c09,41,days_422.86_443.49,OVL-C4102
overlap,912,c09,41,days_422.86_443.49,OVL-C4102
overlap,946,c09,41,days_422.86_443.49,OVL-C4102
overlap,948,c09,41,days_422.86_443.49,OVL-C4102
overlap,949,c09,41,days_422.86_443.49,OVL-C4102
overlap,966,c09,41,days_422.86_443.49,OVL-C4102
overlap,974,c09,41,days_422.86_443.49,OVL-C4102
overlap,984,c09,41,days_422.86_443.49,OVL-C4102
overlap,13,c10,41,days_422.86_443.49,OVL-C4101
overlap,14,c10,41,days_422.86_443.49,OVL-C4101
overlap,76,c10,41,days_422.86_443.49,OVL-C4101
overlap,101,c10,41,days_422.86_443.49,OVL-C4101
overlap,105,c10,41,days_422.86_443.49,OVL-C4101
overlap,153,c10,41,days_422.86_443.49,OVL-C4101
overlap,158,c10,41,days_422.86_443.49,OVL-C4101
overlap,173,c10,41,days_422.86_443.49,OVL-C4101
overlap,180,c10,41,days_422.86_443.49,OVL-C4101
overlap,182,c10,41,days_422.86_443.49,OVL-C4101
overlap,186,c10,41,days_422.86_443.49,OVL-C4101
overlap,192,c10,41,days_422.86_443.49,OVL-C4101
overlap,199,c10,41,days_422.86_443.49,OVL-C4101
overlap,215,c10,41,days_422.86_443.49,OVL-C4101
overlap,242,c10,41,days_422.86_443.49,OVL-C4101
overlap,246,c10,41,days_422.86_443.49,OVL-C4101
overlap,270,c10,41,days_422.86_443.49,OVL-C4101
overlap,325,c10,41,days_422.86_443.49,OVL-C4101
overlap,327,c10,41,days_422.86_443.49,OVL-C4101
overlap,364,c10,41,days_422.86_443.49,OVL-C4101
overlap,365,c10,41,days_422.86_443.49,OVL-C4101
overlap,377,c10,41,days_422.86_443.49,OVL-C4101
overlap,378,c10,41,days_422.86_443.49,OVL-C4101
overlap,381,c10,41,days_422.86_443.49,OVL-C4101
overlap,382,c10,41,days_422.86_443.49,OVL-C4101
overlap,395,c10,41,days_422.86_443.49,OVL-C4101
overlap,410,c10,41,days_422.86_443.49,OVL-C4101
overlap,411,c10,41,days_422.86_443.49,OVL-C4101
overlap,418,c10,41,days_422.86_443.49,OVL-C4101
overlap,423,c10,41,days_422.86_443.49,OVL-C4101
overlap,437,c10,41,days_422.86_443.49,OVL-C4101
overlap,457,c10,41,days_422.86_443.49,OVL-C4101
overlap,473,c10,41,days_422.86_443.49,OVL-C4101
overlap,506,c10,41,days_422.86_443.49,OVL-C4101
overlap,514,c10,41,days_422.86_443.49,OVL-C4101
overlap,516,c10,41,days_422.86_443.49,OVL-C4101
overlap,532,c10,41,days_422.86_443.49,OVL-C4101
overlap,541,c10,41,days_422.86_443.49,OVL-C4101
overlap,576,c10,41,days_422.86_443.49,OVL-C4101
overlap,597,c10,41,days_422.86_443.49,OVL-C4101
overlap,611,c10,41,days_422.86_443.49,OVL-C4101
overlap,644,c10,41,days_422.86_443.49,OVL-C4101
overlap,650,c10,41,days_422.86_443.49,OVL-C4101
overlap,654,c10,41,days_422.86_443.49,OVL-C4101
overlap,657,c10,41,days_422.86_443.49,OVL-C4101
overlap,682,c10,41,days_422.86_443.49,OVL-C4101
overlap,702,c10,41,days_422.86_443.49,OVL-C4101
overlap,719,c10,41,days_422.86_443.49,OVL-C4101
overlap,727,c10,41,days_422.86_443.49,OVL-C4101
overlap,738,c10,41,days_422.86_443.49,OVL-C4101
overlap,745,c10,41,days_422.86_443.49,OVL-C4101
overlap,761,c10,41,days_422.86_443.49,OVL-C4101
overlap,780,c10,41,days_422.86_443.49,OVL-C4101
overlap,783,c10,41,days_422.86_443.49,OVL-C4101
overlap,804,c10,41,days_422.86_443.49,OVL-C4101
overlap,808,c10,41,days_422.86_443.49,OVL-C4101
overlap,828,c10,41,days_422.86_443.49,OVL-C4101
overlap,837,c10,41,days_422.86_443.49,OVL-C4101
overlap,839,c10,41,days_422.86_443.49,OVL-C4101
overlap,850,c10,41,days_422.86_443.49,OVL-C4101
overlap,856,c10,41,days_422.86_443.49,OVL-C4101
overlap,858,c10,41,days_422.86_443.49,OVL-C4101
overlap,881,c10,41,days_422.86_443.49,OVL-C4101
overlap,897,c10,41,days_422.86_443.49,OVL-C4101
overlap,903,c10,41,days_422.86_443.49,OVL-C4101
overlap,921,c10,41,days_422.86_443.49,OVL-C4101
overlap,924,c10,41,days_422.86_443.49,OVL-C4101
overlap,928,c10,41,days_422.86_443.49,OVL-C4101
overlap,945,c10,41,days_422.86_443.49,OVL-C4101
overlap,950,c10,41,days_422.86_443.49,OVL-C4101
overlap,977,c10,41,days_422.86_443.49,OVL-C4101
overlap,979,c10,41,days_422.86_443.49,OVL-C4101
overlap,982,c10,41,days_422.86_443.49,OVL-C4101
overlap,991,c10,41,days_422.86_443.49,OVL-C4101
overlap,996,c10,41,days_422.86_443.49,OVL-C4101
overlap,1001,c10,41,days_422.86_443.49,OVL-C4101
overlap,1004,c10,41,days_422.86_443.49,OVL-C4101
overlap,0,c11,41,days_422.86_443.49,OVL-C4111
overlap,6,c11,41,days_422.86_443.49,OVL-C4111
overlap,55,c11,41,days_422.86_443.49,OVL-C4111
overlap,78,c11,41,days_422.86_443.49,OVL-C4111
overlap,99,c11,41,days_422.86_443.49,OVL-C4111
overlap,102,c11,41,days_422.86_443.49,OVL-C4111
overlap,118,c11,41,days_422.86_443.49,OVL-C4111
overlap,130,c11,41,days_422.86_443.49,OVL-C4111
overlap,178,c11,41,days_422.86_443.49,OVL-C4111
overlap,195,c11,41,days_422.86_443.49,OVL-C4111
overlap,228,c11,41,days_422.86_443.49,OVL-C4111
overlap,249,c11,41,days_422.86_443.49,OVL-C4111
overlap,295,c11,41,days_422.86_443.49,OVL-C4111
overlap,312,c11,41,days_422.86_443.49,OVL-C4111
overlap,314,c11,41,days_422.86_443.49,OVL-C4111
overlap,333,c11,41,days_422.86_443.49,OVL-C4111
overlap,339,c11,41,days_422.86_443.49,OVL-C4111
overlap,359,c11,41,days_422.86_443.49,OVL-C4111
overlap,409,c11,41,days_422.86_443.49,OVL-C4111
overlap,470,c11,41,days_422.86_443.49,OVL-C4111
overlap,502,c11,41,days_422.86_443.49,OVL-C4111
overlap,527,c11,41,days_422.86_443.49,OVL-C4111
overlap,538,c11,41,days_422.86_443.49,OVL-C4111
overlap,569,c11,41,days_422.86_443.49,OVL-C4111
overlap,579,c11,41,days_422.86_443.49,OVL-C4111
overlap,599,c11,41,days_422.86_443.49,OVL-C4111
overlap,605,c11,41,days_422.86_443.49,OVL-C4111
overlap,693,c11,41,days_422.86_443.49,OVL-C4111
overlap,705,c11,41,days_422.86_443.49,OVL-C4111
overlap,710,c11,41,days_422.86_443.49,OVL-C4111
overlap,732,c11,41,days_422.86_443.49,OVL-C4111
overlap,767,c11,41,days_422.86_443.49,OVL-C4111
overlap,786,c11,41,days_422.86_443.49,OVL-C4111
overlap,862,c11,41,days_422.86_443.49,OVL-C4111
overlap,929,c11,41,days_422.86_443.49,OVL-C4111
overlap,976,c11,41,days_422.86_443.49,OVL-C4111
overlap,11,c12,41,days_422.86_443.49,OVL-C4108
overlap,17,c12,41,days_422.86_443.49,OVL-C4108
overlap,31,c12,41,days_422.86_443.49,OVL-C4108
overlap,45,c12,41,days_422.86_443.49,OVL-C4108
overlap,66,c12,41,days_422.86_443.49,OVL-C4108
overlap,67,c12,41,days_422.86_443.49,OVL-C4108
overlap,72,c12,41,days_422.86_443.49,OVL-C4108
overlap,92,c12,41,days_422.86_443.49,OVL-C4108
overlap,122,c12,41,days_422.86_443.49,OVL-C4108
overlap,136,c12,41,days_422.86_443.49,OVL-C4108
overlap,142,c12,41,days_422.86_443.49,OVL-C4108
overlap,165,c12,41,days_422.86_443.49,OVL-C4108
overlap,194,c12,41,days_422.86_443.49,OVL-C4108
overlap,200,c12,41,days_422.86_443.49,OVL-C4108
overlap,224,c12,41,days_422.86_443.49,OVL-C4108
overlap,297,c12,41,days_422.86_443.49,OVL-C4108
overlap,302,c12,41,days_422.86_443.49,OVL-C4108
overlap,316,c12,41,days_422.86_443.49,OVL-C4108
overlap,341,c12,41,days_422.86_443.49,OVL-C4108
overlap,344,c12,41,days_422.86_443.49,OVL-C4108
overlap,349,c12,41,days_422.86_443.49,OVL-C4108
overlap,392,c12,41,days_422.86_443.49,OVL-C4108
overlap,397,c12,41,days_422.86_443.49,OVL-C4108
overlap,401,c12,41,days_422.86_443.49,OVL-C4108
overlap,415,c12,41,days_422.86_443.49,OVL-C4108
overlap,428,c12,41,days_422.86_443.49,OVL-C4108
overlap,429,c12,41,days_422.86_443.49,OVL-C4108
overlap,454,c12,41,days_422.86_443.49,OVL-C4108
overlap,543,c12,41,days_422.86_443.49,OVL-C4108
overlap,619,c12,41,days_422.86_443.49,OVL-C4108
overlap,647,c12,41,days_422.86_443.49,OVL-C4108
overlap,651,c12,41,days_422.86_443.49,OVL-C4108
overlap,674,c12,41,days_422.86_443.49,OVL-C4108
overlap,678,c12,41,days_422.86_443.49,OVL-C4108
overlap,681,c12,41,days_422.86_443.49,OVL-C4108
overlap,787,c12,41,days_422.86_443.49,OVL-C4108
overlap,838,c12,41,days_422.86_443.49,OVL-C4108
overlap,857,c12,41,days_422.86_443.49,OVL-C4108
overlap,888,c12,41,days_422.86_443.49,OVL-C4108
overlap,892,c12,41,days_422.86_443.49,OVL-C4108
overlap,915,c12,41,days_422.86_443.49,OVL-C4108
overlap,916,c12,41,days_422.86_443.49,OVL-C4108
overlap,952,c12,41,days_422.86_443.49,OVL-C4108
overlap,953,c12,41,days_422.86_443.49,OVL-C4108
overlap,963,c12,41,days_422.86_443.49,OVL-C4108
overlap,971,c12,41,days_422.86_443.49,OVL-C4108
overlap,975,c12,41,days_422.86_443.49,OVL-C4108
overlap,990,c12,41,days_422.86_443.49,OVL-C4108
overlap,1003,c12,41,days_422.86_443.49,OVL-C4108
overlap,25,c13,41,days_422.86_443.49,OVL-C4107
overlap,41,c13,41,days_422.86_443.49,OVL-C4107
overlap,48,c13,41,days_422.86_443.49,OVL-C4107
overlap,73,c13,41,days_422.86_443.49,OVL-C4107
overlap,85,c13,41,days_422.86_443.49,OVL-C4107
overlap,129,c13,41,days_422.86_443.49,OVL-C4107
overlap,147,c13,41,days_422.86_443.49,OVL-C4107
overlap,157,c13,41,days_422.86_443.49,OVL-C4107
overlap,171,c13,41,days_422.86_443.49,OVL-C4107
overlap,176,c13,41,days_422.86_443.49,OVL-C4107
overlap,216,c13,41,days_422.86_443.49,OVL-C4107
overlap,255,c13,41,days_422.86_443.49,OVL-C4107
overlap,277,c13,41,days_422.86_443.49,OVL-C4107
overlap,285,c13,41,days_422.86_443.49,OVL-C4107
overlap,319,c13,41,days_422.86_443.49,OVL-C4107
overlap,321,c13,41,days_422.86_443.49,OVL-C4107
overlap,336,c13,41,days_422.86_443.49,OVL-C4107
overlap,347,c13,41,days_422.86_443.49,OVL-C4107
overlap,355,c13,41,days_422.86_443.49,OVL-C4107
overlap,366,c13,41,days_422.86_443.49,OVL-C4107
overlap,372,c13,41,days_422.86_443.49,OVL-C4107
overlap,386,c13,41,days_422.86_443.49,OVL-C4107
overlap,458,c13,41,days_422.86_443.49,OVL-C4107
overlap,499,c13,41,days_422.86_443.49,OVL-C4107
overlap,503,c13,41,days_422.86_443.49,OVL-C4107
overlap,546,c13,41,days_422.86_443.49,OVL-C4107
overlap,550,c13,41,days_422.86_443.49,OVL-C4107
overlap,558,c13,41,days_422.86_443.49,OVL-C4107
overlap,565,c13,41,days_422.86_443.49,OVL-C4107
overlap,577,c13,41,days_422.86_443.49,OVL-C4107
overlap,590,c13,41,days_422.86_443.49,OVL-C4107
overlap,618,c13,41,days_422.86_443.49,OVL-C4107
overlap,672,c13,41,days_422.86_443.49,OVL-C4107
overlap,679,c13,41,days_422.86_443.49,OVL-C4107
overlap,684,c13,41,days_422.86_443.49,OVL-C4107
overlap,686,c13,41,days_422.86_443.49,OVL-C4107
overlap,704,c13,41,days_422.86_443.49,OVL-C4107
overlap,715,c13,41,days_422.86_443.49,OVL-C4107
overlap,723,c13,41,days_422.86_443.49,OVL-C4107
overlap,743,c13,41,days_422.86_443.49,OVL-C4107
overlap,748,c13,41,days_422.86_443.49,OVL-C4107
overlap,758,c13,41,days_422.86_443.49,OVL-C4107
overlap,844,c13,41,days_422.86_443.49,OVL-C4107
overlap,918,c13,41,days_422.86_443.49,OVL-C4107
overlap,926,c13,41,days_422.86_443.49,OVL-C4107
overlap,931,c13,41,days_422.86_443.49,OVL-C4107
overlap,933,c13,41,days_422.86_443.49,OVL-C4107
overlap,956,c13,41,days_422.86_443.49,OVL-C4107
overlap,972,c13,41,days_422.86_443.49,OVL-C4107
overlap,1000,c13,41,days_422.86_443.49,OVL-C4107
overlap,1002,c13,41,days_422.86_443.49,OVL-C4107
overlap,62,c14,41,days_422.86_443.49,OVL-C4114
overlap,113,c14,41,days_422.86_443.49,OVL-C4114
overlap,163,c14,41,days_422.86_443.49,OVL-C4114
overlap,250,c14,41,days_422.86_443.49,OVL-C4114
overlap,369,c14,41,days_422.86_443.49,OVL-C4114
overlap,444,c14,41,days_422.86_443.49,OVL-C4114
overlap,485,c14,41,days_422.86_443.49,OVL-C4114
overlap,513,c14,41,days_422.86_443.49,OVL-C4114
overlap,518,c14,41,days_422.86_443.49,OVL-C4114
overlap,535,c14,41,days_422.86_443.49,OVL-C4114
overlap,542,c14,41,days_422.86_443.49,OVL-C4114
overlap,551,c14,41,days_422.86_443.49,OVL-C4114
overlap,646,c14,41,days_422.86_443.49,OVL-C4114
overlap,722,c14,41,days_422.86_443.49,OVL-C4114
overlap,770,c14,41,days_422.86_443.49,OVL-C4114
overlap,799,c14,41,days_422.86_443.49,OVL-C4114
overlap,800,c14,41,days_422.86_443.49,OVL-C4114
overlap,854,c14,41,days_422.86_443.49,OVL-C4114
overlap,886,c14,41,days_422.86_443.49,OVL-C4114
overlap,895,c14,41,days_422.86_443.49,OVL-C4114
overlap,913,c14,41,days_422.86_443.49,OVL-C4114
overlap,16,c01,42,days_433.18_453.80,OVL-C4201
overlap,19,c01,42,days_433.18_453.80,OVL-C4201
overlap,38,c01,42,days_433.18_453.80,OVL-C4201
overlap,42,c01,42,days_433.18_453.80,OVL-C4201
overlap,46,c01,42,days_433.18_453.80,OVL-C4201
overlap,50,c01,42,days_433.18_453.80,OVL-C4201
overlap,55,c01,42,days_433.18_453.80,OVL-C4201
overlap,61,c01,42,days_433.18_453.80,OVL-C4201
overlap,69,c01,42,days_433.18_453.80,OVL-C4201
overlap,70,c01,42,days_433.18_453.80,OVL-C4201
overlap,71,c01,42,days_433.18_453.80,OVL-C4201
overlap,84,c01,42,days_433.18_453.80,OVL-C4201
overlap,88,c01,42,days_433.18_453.80,OVL-C4201
overlap,96,c01,42,days_433.18_453.80,OVL-C4201
overlap,101,c01,42,days_433.18_453.80,OVL-C4201
overlap,103,c01,42,days_433.18_453.80,OVL-C4201
overlap,106,c01,42,days_433.18_453.80,OVL-C4201
overlap,125,c01,42,days_433.18_453.80,OVL-C4201
overlap,132,c01,42,days_433.18_453.80,OVL-C4201
overlap,139,c01,42,days_433.18_453.80,OVL-C4201
overlap,149,c01,42,days_433.18_453.80,OVL-C4201
overlap,164,c01,42,days_433.18_453.80,OVL-C4201
overlap,169,c01,42,days_433.18_453.80,OVL-C4201
overlap,184,c01,42,days_433.18_453.80,OVL-C4201
overlap,189,c01,42,days_433.18_453.80,OVL-C4201
overlap,195,c01,42,days_433.18_453.80,OVL-C4201
overlap,206,c01,42,days_433.18_453.80,OVL-C4201
overlap,225,c01,42,days_433.18_453.80,OVL-C4201
overlap,229,c01,42,days_433.18_453.80,OVL-C4201
overlap,243,c01,42,days_433.18_453.80,OVL-C4201
overlap,246,c01,42,days_433.18_453.80,OVL-C4201
overlap,247,c01,42,days_433.18_453.80,OVL-C4201
overlap,273,c01,42,days_433.18_453.80,OVL-C4201
overlap,279,c01,42,days_433.18_453.80,OVL-C4201
overlap,281,c01,42,days_433.18_453.80,OVL-C4201
overlap,282,c01,42,days_433.18_453.80,OVL-C4201
overlap,296,c01,42,days_433.18_453.80,OVL-C4201
overlap,299,c01,42,days_433.18_453.80,OVL-C4201
overlap,309,c01,42,days_433.18_453.80,OVL-C4201
overlap,310,c01,42,days_433.18_453.80,OVL-C4201
overlap,322,c01,42,days_433.18_453.80,OVL-C4201
overlap,323,c01,42,days_433.18_453.80,OVL-C4201
overlap,324,c01,42,days_433.18_453.80,OVL-C4201
overlap,334,c01,42,days_433.18_453.80,OVL-C4201
overlap,337,c01,42,days_433.18_453.80,OVL-C4201
overlap,343,c01,42,days_433.18_453.80,OVL-C4201
overlap,346,c01,42,days_433.18_453.80,OVL-C4201
overlap,365,c01,42,days_433.18_453.80,OVL-C4201
overlap,372,c01,42,days_433.18_453.80,OVL-C4201
overlap,376,c01,42,days_433.18_453.80,OVL-C4201
overlap,377,c01,42,days_433.18_453.80,OVL-C4201
overlap,378,c01,42,days_433.18_453.80,OVL-C4201
overlap,388,c01,42,days_433.18_453.80,OVL-C4201
overlap,393,c01,42,days_433.18_453.80,OVL-C4201
overlap,395,c01,42,days_433.18_453.80,OVL-C4201
overlap,399,c01,42,days_433.18_453.80,OVL-C4201
overlap,402,c01,42,days_433.18_453.80,OVL-C4201
overlap,404,c01,42,days_433.18_453.80,OVL-C4201
overlap,407,c01,42,days_433.18_453.80,OVL-C4201
overlap,410,c01,42,days_433.18_453.80,OVL-C4201
overlap,419,c01,42,days_433.18_453.80,OVL-C4201
overlap,420,c01,42,days_433.18_453.80,OVL-C4201
overlap,423,c01,42,days_433.18_453.80,OVL-C4201
overlap,426,c01,42,days_433.18_453.80,OVL-C4201
overlap,457,c01,42,days_433.18_453.80,OVL-C4201
overlap,474,c01,42,days_433.18_453.80,OVL-C4201
overlap,477,c01,42,days_433.18_453.80,OVL-C4201
overlap,479,c01,42,days_433.18_453.80,OVL-C4201
overlap,487,c01,42,days_433.18_453.80,OVL-C4201
overlap,489,c01,42,days_433.18_453.80,OVL-C4201
overlap,491,c01,42,days_433.18_453.80,OVL-C4201
overlap,497,c01,42,days_433.18_453.80,OVL-C4201
overlap,505,c01,42,days_433.18_453.80,OVL-C4201
overlap,509,c01,42,days_433.18_453.80,OVL-C4201
overlap,510,c01,42,days_433.18_453.80,OVL-C4201
overlap,514,c01,42,days_433.18_453.80,OVL-C4201
overlap,517,c01,42,days_433.18_453.80,OVL-C4201
overlap,522,c01,42,days_433.18_453.80,OVL-C4201
overlap,534,c01,42,days_433.18_453.80,OVL-C4201
overlap,559,c01,42,days_433.18_453.80,OVL-C4201
overlap,562,c01,42,days_433.18_453.80,OVL-C4201
overlap,591,c01,42,days_433.18_453.80,OVL-C4201
overlap,595,c01,42,days_433.18_453.80,OVL-C4201
overlap,601,c01,42,days_433.18_453.80,OVL-C4201
overlap,603,c01,42,days_433.18_453.80,OVL-C4201
overlap,607,c01,42,days_433.18_453.80,OVL-C4201
overlap,615,c01,42,days_433.18_453.80,OVL-C4201
overlap,622,c01,42,days_433.18_453.80,OVL-C4201
overlap,634,c01,42,days_433.18_453.80,OVL-C4201
overlap,638,c01,42,days_433.18_453.80,OVL-C4201
overlap,649,c01,42,days_433.18_453.80,OVL-C4201
overlap,652,c01,42,days_433.18_453.80,OVL-C4201
overlap,654,c01,42,days_433.18_453.80,OVL-C4201
overlap,663,c01,42,days_433.18_453.80,OVL-C4201
overlap,676,c01,42,days_433.18_453.80,OVL-C4201
overlap,696,c01,42,days_433.18_453.80,OVL-C4201
overlap,701,c01,42,days_433.18_453.80,OVL-C4201
overlap,706,c01,42,days_433.18_453.80,OVL-C4201
overlap,708,c01,42,days_433.18_453.80,OVL-C4201
overlap,711,c01,42,days_433.18_453.80,OVL-C4201
overlap,716,c01,42,days_433.18_453.80,OVL-C4201
overlap,718,c01,42,days_433.18_453.80,OVL-C4201
overlap,724,c01,42,days_433.18_453.80,OVL-C4201
overlap,732,c01,42,days_433.18_453.80,OVL-C4201
overlap,733,c01,42,days_433.18_453.80,OVL-C4201
overlap,740,c01,42,days_433.18_453.80,OVL-C4201
overlap,754,c01,42,days_433.18_453.80,OVL-C4201
overlap,779,c01,42,days_433.18_453.80,OVL-C4201
overlap,780,c01,42,days_433.18_453.80,OVL-C4201
overlap,788,c01,42,days_433.18_453.80,OVL-C4201
overlap,832,c01,42,days_433.18_453.80,OVL-C4201
overlap,843,c01,42,days_433.18_453.80,OVL-C4201
overlap,858,c01,42,days_433.18_453.80,OVL-C4201
overlap,861,c01,42,days_433.18_453.80,OVL-C4201
overlap,866,c01,42,days_433.18_453.80,OVL-C4201
overlap,869,c01,42,days_433.18_453.80,OVL-C4201
overlap,879,c01,42,days_433.18_453.80,OVL-C4201
overlap,883,c01,42,days_433.18_453.80,OVL-C4201
overlap,884,c01,42,days_433.18_453.80,OVL-C4201
overlap,893,c01,42,days_433.18_453.80,OVL-C4201
overlap,896,c01,42,days_433.18_453.80,OVL-C4201
overlap,904,c01,42,days_433.18_453.80,OVL-C4201
overlap,906,c01,42,days_433.18_453.80,OVL-C4201
overlap,907,c01,42,days_433.18_453.80,OVL-C4201
overlap,919,c01,42,days_433.18_453.80,OVL-C4201
overlap,934,c01,42,days_433.18_453.80,OVL-C4201
overlap,939,c01,42,days_433.18_453.80,OVL-C4201
overlap,943,c01,42,days_433.18_453.80,OVL-C4201
overlap,950,c01,42,days_433.18_453.80,OVL-C4201
overlap,951,c01,42,days_433.18_453.80,OVL-C4201
overlap,969,c01,42,days_433.18_453.80,OVL-C4201
overlap,977,c01,42,days_433.18_453.80,OVL-C4201
overlap,991,c01,42,days_433.18_453.80,OVL-C4201
overlap,999,c01,42,days_433.18_453.80,OVL-C4201
overlap,1004,c01,42,days_433.18_453.80,OVL-C4201
overlap,4,c02,42,days_433.18_453.80,OVL-C4204
overlap,40,c02,42,days_433.18_453.80,OVL-C4204
overlap,60,c02,42,days_433.18_453.80,OVL-C4204
overlap,72,c02,42,days_433.18_453.80,OVL-C4204
overlap,82,c02,42,days_433.18_453.80,OVL-C4204
overlap,83,c02,42,days_433.18_453.80,OVL-C4204
overlap,86,c02,42,days_433.18_453.80,OVL-C4204
overlap,135,c02,42,days_433.18_453.80,OVL-C4204
overlap,137,c02,42,days_433.18_453.80,OVL-C4204
overlap,138,c02,42,days_433.18_453.80,OVL-C4204
overlap,152,c02,42,days_433.18_453.80,OVL-C4204
overlap,161,c02,42,days_433.18_453.80,OVL-C4204
overlap,187,c02,42,days_433.18_453.80,OVL-C4204
overlap,203,c02,42,days_433.18_453.80,OVL-C4204
overlap,254,c02,42,days_433.18_453.80,OVL-C4204
overlap,272,c02,42,days_433.18_453.80,OVL-C4204
overlap,292,c02,42,days_433.18_453.80,OVL-C4204
overlap,300,c02,42,days_433.18_453.80,OVL-C4204
overlap,304,c02,42,days_433.18_453.80,OVL-C4204
overlap,306,c02,42,days_433.18_453.80,OVL-C4204
overlap,308,c02,42,days_433.18_453.80,OVL-C4204
overlap,362,c02,42,days_433.18_453.80,OVL-C4204
overlap,371,c02,42,days_433.18_453.80,OVL-C4204
overlap,374,c02,42,days_433.18_453.80,OVL-C4204
overlap,380,c02,42,days_433.18_453.80,OVL-C4204
overlap,383,c02,42,days_433.18_453.80,OVL-C4204
overlap,390,c02,42,days_433.18_453.80,OVL-C4204
overlap,394,c02,42,days_433.18_453.80,OVL-C4204
overlap,400,c02,42,days_433.18_453.80,OVL-C4204
overlap,405,c02,42,days_433.18_453.80,OVL-C4204
overlap,441,c02,42,days_433.18_453.80,OVL-C4204
overlap,443,c02,42,days_433.18_453.80,OVL-C4204
overlap,450,c02,42,days_433.18_453.80,OVL-C4204
overlap,466,c02,42,days_433.18_453.80,OVL-C4204
overlap,483,c02,42,days_433.18_453.80,OVL-C4204
overlap,528,c02,42,days_433.18_453.80,OVL-C4204
overlap,571,c02,42,days_433.18_453.80,OVL-C4204
overlap,572,c02,42,days_433.18_453.80,OVL-C4204
overlap,580,c02,42,days_433.18_453.80,OVL-C4204
overlap,581,c02,42,days_433.18_453.80,OVL-C4204
overlap,589,c02,42,days_433.18_453.80,OVL-C4204
overlap,626,c02,42,days_433.18_453.80,OVL-C4204
overlap,628,c02,42,days_433.18_453.80,OVL-C4204
overlap,659,c02,42,days_433.18_453.80,OVL-C4204
overlap,662,c02,42,days_433.18_453.80,OVL-C4204
overlap,668,c02,42,days_433.18_453.80,OVL-C4204
overlap,673,c02,42,days_433.18_453.80,OVL-C4204
overlap,684,c02,42,days_433.18_453.80,OVL-C4204
overlap,695,c02,42,days_433.18_453.80,OVL-C4204
overlap,703,c02,42,days_433.18_453.80,OVL-C4204
overlap,712,c02,42,days_433.18_453.80,OVL-C4204
overlap,720,c02,42,days_433.18_453.80,OVL-C4204
overlap,742,c02,42,days_433.18_453.80,OVL-C4204
overlap,746,c02,42,days_433.18_453.80,OVL-C4204
overlap,769,c02,42,days_433.18_453.80,OVL-C4204
overlap,771,c02,42,days_433.18_453.80,OVL-C4204
overlap,776,c02,42,days_433.18_453.80,OVL-C4204
overlap,784,c02,42,days_433.18_453.80,OVL-C4204
overlap,802,c02,42,days_433.18_453.80,OVL-C4204
overlap,807,c02,42,days_433.18_453.80,OVL-C4204
overlap,813,c02,42,days_433.18_453.80,OVL-C4204
overlap,834,c02,42,days_433.18_453.80,OVL-C4204
overlap,848,c02,42,days_433.18_453.80,OVL-C4204
overlap,860,c02,42,days_433.18_453.80,OVL-C4204
overlap,863,c02,42,days_433.18_453.80,OVL-C4204
overlap,864,c02,42,days_433.18_453.80,OVL-C4204
overlap,870,c02,42,days_433.18_453.80,OVL-C4204
overlap,887,c02,42,days_433.18_453.80,OVL-C4204
overlap,900,c02,42,days_433.18_453.80,OVL-C4204
overlap,901,c02,42,days_433.18_453.80,OVL-C4204
overlap,922,c02,42,days_433.18_453.80,OVL-C4204
overlap,935,c02,42,days_433.18_453.80,OVL-C4204
overlap,936,c02,42,days_433.18_453.80,OVL-C4204
overlap,937,c02,42,days_433.18_453.80,OVL-C4204
overlap,942,c02,42,days_433.18_453.80,OVL-C4204
overlap,947,c02,42,days_433.18_453.80,OVL-C4204
overlap,981,c02,42,days_433.18_453.80,OVL-C4204
overlap,993,c02,42,days_433.18_453.80,OVL-C4204
overlap,24,c03,42,days_433.18_453.80,OVL-C4208
overlap,87,c03,42,days_433.18_453.80,OVL-C4208
overlap,150,c03,42,days_433.18_453.80,OVL-C4208
overlap,157,c03,42,days_433.18_453.80,OVL-C4208
overlap,160,c03,42,days_433.18_453.80,OVL-C4208
overlap,181,c03,42,days_433.18_453.80,OVL-C4208
overlap,190,c03,42,days_433.18_453.80,OVL-C4208
overlap,205,c03,42,days_433.18_453.80,OVL-C4208
overlap,248,c03,42,days_433.18_453.80,OVL-C4208
overlap,274,c03,42,days_433.18_453.80,OVL-C4208
overlap,280,c03,42,days_433.18_453.80,OVL-C4208
overlap,288,c03,42,days_433.18_453.80,OVL-C4208
overlap,315,c03,42,days_433.18_453.80,OVL-C4208
overlap,353,c03,42,days_433.18_453.80,OVL-C4208
overlap,360,c03,42,days_433.18_453.80,OVL-C4208
overlap,373,c03,42,days_433.18_453.80,OVL-C4208
overlap,391,c03,42,days_433.18_453.80,OVL-C4208
overlap,392,c03,42,days_433.18_453.80,OVL-C4208
overlap,414,c03,42,days_433.18_453.80,OVL-C4208
overlap,445,c03,42,days_433.18_453.80,OVL-C4208
overlap,471,c03,42,days_433.18_453.80,OVL-C4208
overlap,484,c03,42,days_433.18_453.80,OVL-C4208
overlap,493,c03,42,days_433.18_453.80,OVL-C4208
overlap,526,c03,42,days_433.18_453.80,OVL-C4208
overlap,530,c03,42,days_433.18_453.80,OVL-C4208
overlap,561,c03,42,days_433.18_453.80,OVL-C4208
overlap,610,c03,42,days_433.18_453.80,OVL-C4208
overlap,629,c03,42,days_433.18_453.80,OVL-C4208
overlap,630,c03,42,days_433.18_453.80,OVL-C4208
overlap,631,c03,42,days_433.18_453.80,OVL-C4208
overlap,656,c03,42,days_433.18_453.80,OVL-C4208
overlap,658,c03,42,days_433.18_453.80,OVL-C4208
overlap,674,c03,42,days_433.18_453.80,OVL-C4208
overlap,685,c03,42,days_433.18_453.80,OVL-C4208
overlap,750,c03,42,days_433.18_453.80,OVL-C4208
overlap,773,c03,42,days_433.18_453.80,OVL-C4208
overlap,830,c03,42,days_433.18_453.80,OVL-C4208
overlap,846,c03,42,days_433.18_453.80,OVL-C4208
overlap,891,c03,42,days_433.18_453.80,OVL-C4208
overlap,902,c03,42,days_433.18_453.80,OVL-C4208
overlap,920,c03,42,days_433.18_453.80,OVL-C4208
overlap,28,c05,42,days_433.18_453.80,OVL-C4206
overlap,33,c05,42,days_433.18_453.80,OVL-C4206
overlap,56,c05,42,days_433.18_453.80,OVL-C4206
overlap,68,c05,42,days_433.18_453.80,OVL-C4206
overlap,95,c05,42,days_433.18_453.80,OVL-C4206
overlap,170,c05,42,days_433.18_453.80,OVL-C4206
overlap,226,c05,42,days_433.18_453.80,OVL-C4206
overlap,231,c05,42,days_433.18_453.80,OVL-C4206
overlap,233,c05,42,days_433.18_453.80,OVL-C4206
overlap,245,c05,42,days_433.18_453.80,OVL-C4206
overlap,251,c05,42,days_433.18_453.80,OVL-C4206
overlap,264,c05,42,days_433.18_453.80,OVL-C4206
overlap,269,c05,42,days_433.18_453.80,OVL-C4206
overlap,278,c05,42,days_433.18_453.80,OVL-C4206
overlap,293,c05,42,days_433.18_453.80,OVL-C4206
overlap,311,c05,42,days_433.18_453.80,OVL-C4206
overlap,329,c05,42,days_433.18_453.80,OVL-C4206
overlap,338,c05,42,days_433.18_453.80,OVL-C4206
overlap,361,c05,42,days_433.18_453.80,OVL-C4206
overlap,379,c05,42,days_433.18_453.80,OVL-C4206
overlap,427,c05,42,days_433.18_453.80,OVL-C4206
overlap,432,c05,42,days_433.18_453.80,OVL-C4206
overlap,433,c05,42,days_433.18_453.80,OVL-C4206
overlap,480,c05,42,days_433.18_453.80,OVL-C4206
overlap,482,c05,42,days_433.18_453.80,OVL-C4206
overlap,531,c05,42,days_433.18_453.80,OVL-C4206
overlap,540,c05,42,days_433.18_453.80,OVL-C4206
overlap,568,c05,42,days_433.18_453.80,OVL-C4206
overlap,582,c05,42,days_433.18_453.80,OVL-C4206
overlap,624,c05,42,days_433.18_453.80,OVL-C4206
overlap,641,c05,42,days_433.18_453.80,OVL-C4206
overlap,660,c05,42,days_433.18_453.80,OVL-C4206
overlap,692,c05,42,days_433.18_453.80,OVL-C4206
overlap,697,c05,42,days_433.18_453.80,OVL-C4206
overlap,698,c05,42,days_433.18_453.80,OVL-C4206
overlap,736,c05,42,days_433.18_453.80,OVL-C4206
overlap,764,c05,42,days_433.18_453.80,OVL-C4206
overlap,789,c05,42,days_433.18_453.80,OVL-C4206
overlap,796,c05,42,days_433.18_453.80,OVL-C4206
overlap,809,c05,42,days_433.18_453.80,OVL-C4206
overlap,835,c05,42,days_433.18_453.80,OVL-C4206
overlap,840,c05,42,days_433.18_453.80,OVL-C4206
overlap,855,c05,42,days_433.18_453.80,OVL-C4206
overlap,872,c05,42,days_433.18_453.80,OVL-C4206
overlap,873,c05,42,days_433.18_453.80,OVL-C4206
overlap,874,c05,42,days_433.18_453.80,OVL-C4206
overlap,925,c05,42,days_433.18_453.80,OVL-C4206
overlap,955,c05,42,days_433.18_453.80,OVL-C4206
overlap,987,c05,42,days_433.18_453.80,OVL-C4206
overlap,994,c05,42,days_433.18_453.80,OVL-C4206
overlap,2,c09,42,days_433.18_453.80,OVL-C4202
overlap,30,c09,42,days_433.18_453.80,OVL-C4202
overlap,45,c09,42,days_433.18_453.80,OVL-C4202
overlap,52,c09,42,days_433.18_453.80,OVL-C4202
overlap,66,c09,42,days_433.18_453.80,OVL-C4202
overlap,74,c09,42,days_433.18_453.80,OVL-C4202
overlap,77,c09,42,days_433.18_453.80,OVL-C4202
overlap,90,c09,42,days_433.18_453.80,OVL-C4202
overlap,104,c09,42,days_433.18_453.80,OVL-C4202
overlap,109,c09,42,days_433.18_453.80,OVL-C4202
overlap,111,c09,42,days_433.18_453.80,OVL-C4202
overlap,112,c09,42,days_433.18_453.80,OVL-C4202
overlap,119,c09,42,days_433.18_453.80,OVL-C4202
overlap,126,c09,42,days_433.18_453.80,OVL-C4202
overlap,133,c09,42,days_433.18_453.80,OVL-C4202
overlap,166,c09,42,days_433.18_453.80,OVL-C4202
overlap,168,c09,42,days_433.18_453.80,OVL-C4202
overlap,176,c09,42,days_433.18_453.80,OVL-C4202
overlap,194,c09,42,days_433.18_453.80,OVL-C4202
overlap,210,c09,42,days_433.18_453.80,OVL-C4202
overlap,218,c09,42,days_433.18_453.80,OVL-C4202
overlap,227,c09,42,days_433.18_453.80,OVL-C4202
overlap,232,c09,42,days_433.18_453.80,OVL-C4202
overlap,256,c09,42,days_433.18_453.80,OVL-C4202
overlap,260,c09,42,days_433.18_453.80,OVL-C4202
overlap,266,c09,42,days_433.18_453.80,OVL-C4202
overlap,267,c09,42,days_433.18_453.80,OVL-C4202
overlap,283,c09,42,days_433.18_453.80,OVL-C4202
overlap,294,c09,42,days_433.18_453.80,OVL-C4202
overlap,305,c09,42,days_433.18_453.80,OVL-C4202
overlap,307,c09,42,days_433.18_453.80,OVL-C4202
overlap,313,c09,42,days_433.18_453.80,OVL-C4202
overlap,326,c09,42,days_433.18_453.80,OVL-C4202
overlap,332,c09,42,days_433.18_453.80,OVL-C4202
overlap,356,c09,42,days_433.18_453.80,OVL-C4202
overlap,368,c09,42,days_433.18_453.80,OVL-C4202
overlap,406,c09,42,days_433.18_453.80,OVL-C4202
overlap,416,c09,42,days_433.18_453.80,OVL-C4202
overlap,425,c09,42,days_433.18_453.80,OVL-C4202
overlap,435,c09,42,days_433.18_453.80,OVL-C4202
overlap,439,c09,42,days_433.18_453.80,OVL-C4202
overlap,447,c09,42,days_433.18_453.80,OVL-C4202
overlap,460,c09,42,days_433.18_453.80,OVL-C4202
overlap,465,c09,42,days_433.18_453.80,OVL-C4202
overlap,472,c09,42,days_433.18_453.80,OVL-C4202
overlap,478,c09,42,days_433.18_453.80,OVL-C4202
overlap,486,c09,42,days_433.18_453.80,OVL-C4202
overlap,490,c09,42,days_433.18_453.80,OVL-C4202
overlap,496,c09,42,days_433.18_453.80,OVL-C4202
overlap,500,c09,42,days_433.18_453.80,OVL-C4202
overlap,523,c09,42,days_433.18_453.80,OVL-C4202
overlap,524,c09,42,days_433.18_453.80,OVL-C4202
overlap,548,c09,42,days_433.18_453.80,OVL-C4202
overlap,556,c09,42,days_433.18_453.80,OVL-C4202
overlap,557,c09,42,days_433.18_453.80,OVL-C4202
overlap,560,c09,42,days_433.18_453.80,OVL-C4202
overlap,570,c09,42,days_433.18_453.80,OVL-C4202
overlap,573,c09,42,days_433.18_453.80,OVL-C4202
overlap,575,c09,42,days_433.18_453.80,OVL-C4202
overlap,583,c09,42,days_433.18_453.80,OVL-C4202
overlap,586,c09,42,days_433.18_453.80,OVL-C4202
overlap,587,c09,42,days_433.18_453.80,OVL-C4202
overlap,602,c09,42,days_433.18_453.80,OVL-C4202
overlap,606,c09,42,days_433.18_453.80,OVL-C4202
overlap,613,c09,42,days_433.18_453.80,OVL-C4202
overlap,648,c09,42,days_433.18_453.80,OVL-C4202
overlap,699,c09,42,days_433.18_453.80,OVL-C4202
overlap,700,c09,42,days_433.18_453.80,OVL-C4202
overlap,721,c09,42,days_433.18_453.80,OVL-C4202
overlap,730,c09,42,days_433.18_453.80,OVL-C4202
overlap,735,c09,42,days_433.18_453.80,OVL-C4202
overlap,743,c09,42,days_433.18_453.80,OVL-C4202
overlap,744,c09,42,days_433.18_453.80,OVL-C4202
overlap,751,c09,42,days_433.18_453.80,OVL-C4202
overlap,759,c09,42,days_433.18_453.80,OVL-C4202
overlap,762,c09,42,days_433.18_453.80,OVL-C4202
overlap,765,c09,42,days_433.18_453.80,OVL-C4202
overlap,777,c09,42,days_433.18_453.80,OVL-C4202
overlap,782,c09,42,days_433.18_453.80,OVL-C4202
overlap,790,c09,42,days_433.18_453.80,OVL-C4202
overlap,798,c09,42,days_433.18_453.80,OVL-C4202
overlap,803,c09,42,days_433.18_453.80,OVL-C4202
overlap,812,c09,42,days_433.18_453.80,OVL-C4202
overlap,814,c09,42,days_433.18_453.80,OVL-C4202
overlap,841,c09,42,days_433.18_453.80,OVL-C4202
overlap,853,c09,42,days_433.18_453.80,OVL-C4202
overlap,867,c09,42,days_433.18_453.80,OVL-C4202
overlap,868,c09,42,days_433.18_453.80,OVL-C4202
overlap,871,c09,42,days_433.18_453.80,OVL-C4202
overlap,880,c09,42,days_433.18_453.80,OVL-C4202
overlap,885,c09,42,days_433.18_453.80,OVL-C4202
overlap,889,c09,42,days_433.18_453.80,OVL-C4202
overlap,890,c09,42,days_433.18_453.80,OVL-C4202
overlap,908,c09,42,days_433.18_453.80,OVL-C4202
overlap,912,c09,42,days_433.18_453.80,OVL-C4202
overlap,930,c09,42,days_433.18_453.80,OVL-C4202
overlap,938,c09,42,days_433.18_453.80,OVL-C4202
overlap,946,c09,42,days_433.18_453.80,OVL-C4202
overlap,948,c09,42,days_433.18_453.80,OVL-C4202
overlap,949,c09,42,days_433.18_453.80,OVL-C4202
overlap,962,c09,42,days_433.18_453.80,OVL-C4202
overlap,966,c09,42,days_433.18_453.80,OVL-C4202
overlap,974,c09,42,days_433.18_453.80,OVL-C4202
overlap,984,c09,42,days_433.18_453.80,OVL-C4202
overlap,5,c10,42,days_433.18_453.80,OVL-C4203
overlap,13,c10,42,days_433.18_453.80,OVL-C4203
overlap,14,c10,42,days_433.18_453.80,OVL-C4203
overlap,29,c10,42,days_433.18_453.80,OVL-C4203
overlap,105,c10,42,days_433.18_453.80,OVL-C4203
overlap,107,c10,42,days_433.18_453.80,OVL-C4203
overlap,114,c10,42,days_433.18_453.80,OVL-C4203
overlap,131,c10,42,days_433.18_453.80,OVL-C4203
overlap,134,c10,42,days_433.18_453.80,OVL-C4203
overlap,153,c10,42,days_433.18_453.80,OVL-C4203
overlap,173,c10,42,days_433.18_453.80,OVL-C4203
overlap,175,c10,42,days_433.18_453.80,OVL-C4203
overlap,180,c10,42,days_433.18_453.80,OVL-C4203
overlap,192,c10,42,days_433.18_453.80,OVL-C4203
overlap,199,c10,42,days_433.18_453.80,OVL-C4203
overlap,201,c10,42,days_433.18_453.80,OVL-C4203
overlap,208,c10,42,days_433.18_453.80,OVL-C4203
overlap,215,c10,42,days_433.18_453.80,OVL-C4203
overlap,236,c10,42,days_433.18_453.80,OVL-C4203
overlap,270,c10,42,days_433.18_453.80,OVL-C4203
overlap,275,c10,42,days_433.18_453.80,OVL-C4203
overlap,289,c10,42,days_433.18_453.80,OVL-C4203
overlap,320,c10,42,days_433.18_453.80,OVL-C4203
overlap,327,c10,42,days_433.18_453.80,OVL-C4203
overlap,335,c10,42,days_433.18_453.80,OVL-C4203
overlap,364,c10,42,days_433.18_453.80,OVL-C4203
overlap,381,c10,42,days_433.18_453.80,OVL-C4203
overlap,418,c10,42,days_433.18_453.80,OVL-C4203
overlap,437,c10,42,days_433.18_453.80,OVL-C4203
overlap,440,c10,42,days_433.18_453.80,OVL-C4203
overlap,464,c10,42,days_433.18_453.80,OVL-C4203
overlap,468,c10,42,days_433.18_453.80,OVL-C4203
overlap,506,c10,42,days_433.18_453.80,OVL-C4203
overlap,516,c10,42,days_433.18_453.80,OVL-C4203
overlap,532,c10,42,days_433.18_453.80,OVL-C4203
overlap,537,c10,42,days_433.18_453.80,OVL-C4203
overlap,541,c10,42,days_433.18_453.80,OVL-C4203
overlap,553,c10,42,days_433.18_453.80,OVL-C4203
overlap,576,c10,42,days_433.18_453.80,OVL-C4203
overlap,597,c10,42,days_433.18_453.80,OVL-C4203
overlap,611,c10,42,days_433.18_453.80,OVL-C4203
overlap,643,c10,42,days_433.18_453.80,OVL-C4203
overlap,644,c10,42,days_433.18_453.80,OVL-C4203
overlap,650,c10,42,days_433.18_453.80,OVL-C4203
overlap,657,c10,42,days_433.18_453.80,OVL-C4203
overlap,664,c10,42,days_433.18_453.80,OVL-C4203
overlap,670,c10,42,days_433.18_453.80,OVL-C4203
overlap,682,c10,42,days_433.18_453.80,OVL-C4203
overlap,688,c10,42,days_433.18_453.80,OVL-C4203
overlap,702,c10,42,days_433.18_453.80,OVL-C4203
overlap,719,c10,42,days_433.18_453.80,OVL-C4203
overlap,727,c10,42,days_433.18_453.80,OVL-C4203
overlap,737,c10,42,days_433.18_453.80,OVL-C4203
overlap,738,c10,42,days_433.18_453.80,OVL-C4203
overlap,745,c10,42,days_433.18_453.80,OVL-C4203
overlap,761,c10,42,days_433.18_453.80,OVL-C4203
overlap,774,c10,42,days_433.18_453.80,OVL-C4203
overlap,775,c10,42,days_433.18_453.80,OVL-C4203
overlap,783,c10,42,days_433.18_453.80,OVL-C4203
overlap,804,c10,42,days_433.18_453.80,OVL-C4203
overlap,808,c10,42,days_433.18_453.80,OVL-C4203
overlap,810,c10,42,days_433.18_453.80,OVL-C4203
overlap,828,c10,42,days_433.18_453.80,OVL-C4203
overlap,829,c10,42,days_433.18_453.80,OVL-C4203
overlap,837,c10,42,days_433.18_453.80,OVL-C4203
overlap,849,c10,42,days_433.18_453.80,OVL-C4203
overlap,850,c10,42,days_433.18_453.80,OVL-C4203
overlap,881,c10,42,days_433.18_453.80,OVL-C4203
overlap,897,c10,42,days_433.18_453.80,OVL-C4203
overlap,898,c10,42,days_433.18_453.80,OVL-C4203
overlap,899,c10,42,days_433.18_453.80,OVL-C4203
overlap,921,c10,42,days_433.18_453.80,OVL-C4203
overlap,924,c10,42,days_433.18_453.80,OVL-C4203
overlap,945,c10,42,days_433.18_453.80,OVL-C4203
overlap,958,c10,42,days_433.18_453.80,OVL-C4203
overlap,979,c10,42,days_433.18_453.80,OVL-C4203
overlap,980,c10,42,days_433.18_453.80,OVL-C4203
overlap,985,c10,42,days_433.18_453.80,OVL-C4203
overlap,996,c10,42,days_433.18_453.80,OVL-C4203
overlap,1001,c10,42,days_433.18_453.80,OVL-C4203
overlap,0,c11,42,days_433.18_453.80,OVL-C4209
overlap,6,c11,42,days_433.18_453.80,OVL-C4209
overlap,58,c11,42,days_433.18_453.80,OVL-C4209
overlap,78,c11,42,days_433.18_453.80,OVL-C4209
overlap,99,c11,42,days_433.18_453.80,OVL-C4209
overlap,102,c11,42,days_433.18_453.80,OVL-C4209
overlap,118,c11,42,days_433.18_453.80,OVL-C4209
overlap,122,c11,42,days_433.18_453.80,OVL-C4209
overlap,178,c11,42,days_433.18_453.80,OVL-C4209
overlap,228,c11,42,days_433.18_453.80,OVL-C4209
overlap,249,c11,42,days_433.18_453.80,OVL-C4209
overlap,295,c11,42,days_433.18_453.80,OVL-C4209
overlap,314,c11,42,days_433.18_453.80,OVL-C4209
overlap,333,c11,42,days_433.18_453.80,OVL-C4209
overlap,339,c11,42,days_433.18_453.80,OVL-C4209
overlap,359,c11,42,days_433.18_453.80,OVL-C4209
overlap,409,c11,42,days_433.18_453.80,OVL-C4209
overlap,470,c11,42,days_433.18_453.80,OVL-C4209
overlap,502,c11,42,days_433.18_453.80,OVL-C4209
overlap,519,c11,42,days_433.18_453.80,OVL-C4209
overlap,527,c11,42,days_433.18_453.80,OVL-C4209
overlap,538,c11,42,days_433.18_453.80,OVL-C4209
overlap,569,c11,42,days_433.18_453.80,OVL-C4209
overlap,599,c11,42,days_433.18_453.80,OVL-C4209
overlap,605,c11,42,days_433.18_453.80,OVL-C4209
overlap,693,c11,42,days_433.18_453.80,OVL-C4209
overlap,705,c11,42,days_433.18_453.80,OVL-C4209
overlap,710,c11,42,days_433.18_453.80,OVL-C4209
overlap,749,c11,42,days_433.18_453.80,OVL-C4209
overlap,767,c11,42,days_433.18_453.80,OVL-C4209
overlap,786,c11,42,days_433.18_453.80,OVL-C4209
overlap,862,c11,42,days_433.18_453.80,OVL-C4209
overlap,878,c11,42,days_433.18_453.80,OVL-C4209
overlap,909,c11,42,days_433.18_453.80,OVL-C4209
overlap,929,c11,42,days_433.18_453.80,OVL-C4209
overlap,976,c11,42,days_433.18_453.80,OVL-C4209
overlap,17,c12,42,days_433.18_453.80,OVL-C4210
overlap,31,c12,42,days_433.18_453.80,OVL-C4210
overlap,32,c12,42,days_433.18_453.80,OVL-C4210
overlap,67,c12,42,days_433.18_453.80,OVL-C4210
overlap,92,c12,42,days_433.18_453.80,OVL-C4210
overlap,136,c12,42,days_433.18_453.80,OVL-C4210
overlap,142,c12,42,days_433.18_453.80,OVL-C4210
overlap,165,c12,42,days_433.18_453.80,OVL-C4210
overlap,200,c12,42,days_433.18_453.80,OVL-C4210
overlap,224,c12,42,days_433.18_453.80,OVL-C4210
overlap,302,c12,42,days_433.18_453.80,OVL-C4210
overlap,316,c12,42,days_433.18_453.80,OVL-C4210
overlap,344,c12,42,days_433.18_453.80,OVL-C4210
overlap,349,c12,42,days_433.18_453.80,OVL-C4210
overlap,351,c12,42,days_433.18_453.80,OVL-C4210
overlap,408,c12,42,days_433.18_453.80,OVL-C4210
overlap,428,c12,42,days_433.18_453.80,OVL-C4210
overlap,543,c12,42,days_433.18_453.80,OVL-C4210
overlap,647,c12,42,days_433.18_453.80,OVL-C4210
overlap,806,c12,42,days_433.18_453.80,OVL-C4210
overlap,838,c12,42,days_433.18_453.80,OVL-C4210
overlap,857,c12,42,days_433.18_453.80,OVL-C4210
overlap,888,c12,42,days_433.18_453.80,OVL-C4210
overlap,915,c12,42,days_433.18_453.80,OVL-C4210
overlap,952,c12,42,days_433.18_453.80,OVL-C4210
overlap,953,c12,42,days_433.18_453.80,OVL-C4210
overlap,963,c12,42,days_433.18_453.80,OVL-C4210
overlap,971,c12,42,days_433.18_453.80,OVL-C4210
overlap,990,c12,42,days_433.18_453.80,OVL-C4210
overlap,25,c13,42,days_433.18_453.80,OVL-C4207
overlap,41,c13,42,days_433.18_453.80,OVL-C4207
overlap,48,c13,42,days_433.18_453.80,OVL-C4207
overlap,73,c13,42,days_433.18_453.80,OVL-C4207
overlap,85,c13,42,days_433.18_453.80,OVL-C4207
overlap,129,c13,42,days_433.18_453.80,OVL-C4207
overlap,147,c13,42,days_433.18_453.80,OVL-C4207
overlap,171,c13,42,days_433.18_453.80,OVL-C4207
overlap,216,c13,42,days_433.18_453.80,OVL-C4207
overlap,230,c13,42,days_433.18_453.80,OVL-C4207
overlap,257,c13,42,days_433.18_453.80,OVL-C4207
overlap,277,c13,42,days_433.18_453.80,OVL-C4207
overlap,285,c13,42,days_433.18_453.80,OVL-C4207
overlap,318,c13,42,days_433.18_453.80,OVL-C4207
overlap,319,c13,42,days_433.18_453.80,OVL-C4207
overlap,321,c13,42,days_433.18_453.80,OVL-C4207
overlap,336,c13,42,days_433.18_453.80,OVL-C4207
overlap,347,c13,42,days_433.18_453.80,OVL-C4207
overlap,355,c13,42,days_433.18_453.80,OVL-C4207
overlap,386,c13,42,days_433.18_453.80,OVL-C4207
overlap,458,c13,42,days_433.18_453.80,OVL-C4207
overlap,499,c13,42,days_433.18_453.80,OVL-C4207
overlap,503,c13,42,days_433.18_453.80,OVL-C4207
overlap,558,c13,42,days_433.18_453.80,OVL-C4207
overlap,565,c13,42,days_433.18_453.80,OVL-C4207
overlap,577,c13,42,days_433.18_453.80,OVL-C4207
overlap,590,c13,42,days_433.18_453.80,OVL-C4207
overlap,600,c13,42,days_433.18_453.80,OVL-C4207
overlap,618,c13,42,days_433.18_453.80,OVL-C4207
overlap,672,c13,42,days_433.18_453.80,OVL-C4207
overlap,679,c13,42,days_433.18_453.80,OVL-C4207
overlap,683,c13,42,days_433.18_453.80,OVL-C4207
overlap,686,c13,42,days_433.18_453.80,OVL-C4207
overlap,704,c13,42,days_433.18_453.80,OVL-C4207
overlap,715,c13,42,days_433.18_453.80,OVL-C4207
overlap,723,c13,42,days_433.18_453.80,OVL-C4207
overlap,748,c13,42,days_433.18_453.80,OVL-C4207
overlap,758,c13,42,days_433.18_453.80,OVL-C4207
overlap,844,c13,42,days_433.18_453.80,OVL-C4207
overlap,918,c13,42,days_433.18_453.80,OVL-C4207
overlap,926,c13,42,days_433.18_453.80,OVL-C4207
overlap,931,c13,42,days_433.18_453.80,OVL-C4207
overlap,933,c13,42,days_433.18_453.80,OVL-C4207
overlap,956,c13,42,days_433.18_453.80,OVL-C4207
overlap,972,c13,42,days_433.18_453.80,OVL-C4207
overlap,1000,c13,42,days_433.18_453.80,OVL-C4207
overlap,1002,c13,42,days_433.18_453.80,OVL-C4207
overlap,62,c14,42,days_433.18_453.80,OVL-C4212
overlap,113,c14,42,days_433.18_453.80,OVL-C4212
overlap,163,c14,42,days_433.18_453.80,OVL-C4212
overlap,250,c14,42,days_433.18_453.80,OVL-C4212
overlap,369,c14,42,days_433.18_453.80,OVL-C4212
overlap,444,c14,42,days_433.18_453.80,OVL-C4212
overlap,485,c14,42,days_433.18_453.80,OVL-C4212
overlap,513,c14,42,days_433.18_453.80,OVL-C4212
overlap,518,c14,42,days_433.18_453.80,OVL-C4212
overlap,535,c14,42,days_433.18_453.80,OVL-C4212
overlap,542,c14,42,days_433.18_453.80,OVL-C4212
overlap,551,c14,42,days_433.18_453.80,OVL-C4212
overlap,604,c14,42,days_433.18_453.80,OVL-C4212
overlap,646,c14,42,days_433.18_453.80,OVL-C4212
overlap,722,c14,42,days_433.18_453.80,OVL-C4212
overlap,799,c14,42,days_433.18_453.80,OVL-C4212
overlap,800,c14,42,days_433.18_453.80,OVL-C4212
overlap,854,c14,42,days_433.18_453.80,OVL-C4212
overlap,886,c14,42,days_433.18_453.80,OVL-C4212
overlap,895,c14,42,days_433.18_453.80,OVL-C4212
overlap,913,c14,42,days_433.18_453.80,OVL-C4212
overlap,38,c01,43,days_443.49_464.12,OVL-C4301
overlap,46,c01,43,days_443.49_464.12,OVL-C4301
overlap,50,c01,43,days_443.49_464.12,OVL-C4301
overlap,55,c01,43,days_443.49_464.12,OVL-C4301
overlap,61,c01,43,days_443.49_464.12,OVL-C4301
overlap,69,c01,43,days_443.49_464.12,OVL-C4301
overlap,71,c01,43,days_443.49_464.12,OVL-C4301
overlap,84,c01,43,days_443.49_464.12,OVL-C4301
overlap,88,c01,43,days_443.49_464.12,OVL-C4301
overlap,89,c01,43,days_443.49_464.12,OVL-C4301
overlap,96,c01,43,days_443.49_464.12,OVL-C4301
overlap,101,c01,43,days_443.49_464.12,OVL-C4301
overlap,103,c01,43,days_443.49_464.12,OVL-C4301
overlap,106,c01,43,days_443.49_464.12,OVL-C4301
overlap,125,c01,43,days_443.49_464.12,OVL-C4301
overlap,127,c01,43,days_443.49_464.12,OVL-C4301
overlap,132,c01,43,days_443.49_464.12,OVL-C4301
overlap,139,c01,43,days_443.49_464.12,OVL-C4301
overlap,149,c01,43,days_443.49_464.12,OVL-C4301
overlap,153,c01,43,days_443.49_464.12,OVL-C4301
overlap,164,c01,43,days_443.49_464.12,OVL-C4301
overlap,169,c01,43,days_443.49_464.12,OVL-C4301
overlap,184,c01,43,days_443.49_464.12,OVL-C4301
overlap,195,c01,43,days_443.49_464.12,OVL-C4301
overlap,206,c01,43,days_443.49_464.12,OVL-C4301
overlap,225,c01,43,days_443.49_464.12,OVL-C4301
overlap,239,c01,43,days_443.49_464.12,OVL-C4301
overlap,246,c01,43,days_443.49_464.12,OVL-C4301
overlap,247,c01,43,days_443.49_464.12,OVL-C4301
overlap,273,c01,43,days_443.49_464.12,OVL-C4301
overlap,279,c01,43,days_443.49_464.12,OVL-C4301
overlap,281,c01,43,days_443.49_464.12,OVL-C4301
overlap,282,c01,43,days_443.49_464.12,OVL-C4301
overlap,296,c01,43,days_443.49_464.12,OVL-C4301
overlap,299,c01,43,days_443.49_464.12,OVL-C4301
overlap,309,c01,43,days_443.49_464.12,OVL-C4301
overlap,310,c01,43,days_443.49_464.12,OVL-C4301
overlap,322,c01,43,days_443.49_464.12,OVL-C4301
overlap,323,c01,43,days_443.49_464.12,OVL-C4301
overlap,324,c01,43,days_443.49_464.12,OVL-C4301
overlap,337,c01,43,days_443.49_464.12,OVL-C4301
overlap,343,c01,43,days_443.49_464.12,OVL-C4301
overlap,346,c01,43,days_443.49_464.12,OVL-C4301
overlap,365,c01,43,days_443.49_464.12,OVL-C4301
overlap,372,c01,43,days_443.49_464.12,OVL-C4301
overlap,376,c01,43,days_443.49_464.12,OVL-C4301
overlap,377,c01,43,days_443.49_464.12,OVL-C4301
overlap,378,c01,43,days_443.49_464.12,OVL-C4301
overlap,393,c01,43,days_443.49_464.12,OVL-C4301
overlap,398,c01,43,days_443.49_464.12,OVL-C4301
overlap,399,c01,43,days_443.49_464.12,OVL-C4301
overlap,402,c01,43,days_443.49_464.12,OVL-C4301
overlap,404,c01,43,days_443.49_464.12,OVL-C4301
overlap,407,c01,43,days_443.49_464.12,OVL-C4301
overlap,410,c01,43,days_443.49_464.12,OVL-C4301
overlap,419,c01,43,days_443.49_464.12,OVL-C4301
overlap,420,c01,43,days_443.49_464.12,OVL-C4301
overlap,423,c01,43,days_443.49_464.12,OVL-C4301
overlap,426,c01,43,days_443.49_464.12,OVL-C4301
overlap,457,c01,43,days_443.49_464.12,OVL-C4301
overlap,460,c01,43,days_443.49_464.12,OVL-C4301
overlap,474,c01,43,days_443.49_464.12,OVL-C4301
overlap,487,c01,43,days_443.49_464.12,OVL-C4301
overlap,505,c01,43,days_443.49_464.12,OVL-C4301
overlap,509,c01,43,days_443.49_464.12,OVL-C4301
overlap,510,c01,43,days_443.49_464.12,OVL-C4301
overlap,514,c01,43,days_443.49_464.12,OVL-C4301
overlap,522,c01,43,days_443.49_464.12,OVL-C4301
overlap,524,c01,43,days_443.49_464.12,OVL-C4301
overlap,559,c01,43,days_443.49_464.12,OVL-C4301
overlap,562,c01,43,days_443.49_464.12,OVL-C4301
overlap,595,c01,43,days_443.49_464.12,OVL-C4301
overlap,597,c01,43,days_443.49_464.12,OVL-C4301
overlap,601,c01,43,days_443.49_464.12,OVL-C4301
overlap,603,c01,43,days_443.49_464.12,OVL-C4301
overlap,615,c01,43,days_443.49_464.12,OVL-C4301
overlap,622,c01,43,days_443.49_464.12,OVL-C4301
overlap,634,c01,43,days_443.49_464.12,OVL-C4301
overlap,638,c01,43,days_443.49_464.12,OVL-C4301
overlap,649,c01,43,days_443.49_464.12,OVL-C4301
overlap,652,c01,43,days_443.49_464.12,OVL-C4301
overlap,663,c01,43,days_443.49_464.12,OVL-C4301
overlap,676,c01,43,days_443.49_464.12,OVL-C4301
overlap,701,c01,43,days_443.49_464.12,OVL-C4301
overlap,706,c01,43,days_443.49_464.12,OVL-C4301
overlap,708,c01,43,days_443.49_464.12,OVL-C4301
overlap,711,c01,43,days_443.49_464.12,OVL-C4301
overlap,716,c01,43,days_443.49_464.12,OVL-C4301
overlap,718,c01,43,days_443.49_464.12,OVL-C4301
overlap,724,c01,43,days_443.49_464.12,OVL-C4301
overlap,732,c01,43,days_443.49_464.12,OVL-C4301
overlap,733,c01,43,days_443.49_464.12,OVL-C4301
overlap,735,c01,43,days_443.49_464.12,OVL-C4301
overlap,754,c01,43,days_443.49_464.12,OVL-C4301
overlap,779,c01,43,days_443.49_464.12,OVL-C4301
overlap,780,c01,43,days_443.49_464.12,OVL-C4301
overlap,788,c01,43,days_443.49_464.12,OVL-C4301
overlap,832,c01,43,days_443.49_464.12,OVL-C4301
overlap,843,c01,43,days_443.49_464.12,OVL-C4301
overlap,853,c01,43,days_443.49_464.12,OVL-C4301
overlap,861,c01,43,days_443.49_464.12,OVL-C4301
overlap,866,c01,43,days_443.49_464.12,OVL-C4301
overlap,869,c01,43,days_443.49_464.12,OVL-C4301
overlap,879,c01,43,days_443.49_464.12,OVL-C4301
overlap,884,c01,43,days_443.49_464.12,OVL-C4301
overlap,893,c01,43,days_443.49_464.12,OVL-C4301
overlap,896,c01,43,days_443.49_464.12,OVL-C4301
overlap,904,c01,43,days_443.49_464.12,OVL-C4301
overlap,906,c01,43,days_443.49_464.12,OVL-C4301
overlap,907,c01,43,days_443.49_464.12,OVL-C4301
overlap,934,c01,43,days_443.49_464.12,OVL-C4301
overlap,939,c01,43,days_443.49_464.12,OVL-C4301
overlap,943,c01,43,days_443.49_464.12,OVL-C4301
overlap,950,c01,43,days_443.49_464.12,OVL-C4301
overlap,951,c01,43,days_443.49_464.12,OVL-C4301
overlap,969,c01,43,days_443.49_464.12,OVL-C4301
overlap,977,c01,43,days_443.49_464.12,OVL-C4301
overlap,999,c01,43,days_443.49_464.12,OVL-C4301
overlap,1004,c01,43,days_443.49_464.12,OVL-C4301
overlap,4,c02,43,days_443.49_464.12,OVL-C4304
overlap,40,c02,43,days_443.49_464.12,OVL-C4304
overlap,60,c02,43,days_443.49_464.12,OVL-C4304
overlap,72,c02,43,days_443.49_464.12,OVL-C4304
overlap,82,c02,43,days_443.49_464.12,OVL-C4304
overlap,83,c02,43,days_443.49_464.12,OVL-C4304
overlap,85,c02,43,days_443.49_464.12,OVL-C4304
overlap,86,c02,43,days_443.49_464.12,OVL-C4304
overlap,135,c02,43,days_443.49_464.12,OVL-C4304
overlap,137,c02,43,days_443.49_464.12,OVL-C4304
overlap,138,c02,43,days_443.49_464.12,OVL-C4304
overlap,152,c02,43,days_443.49_464.12,OVL-C4304
overlap,161,c02,43,days_443.49_464.12,OVL-C4304
overlap,185,c02,43,days_443.49_464.12,OVL-C4304
overlap,187,c02,43,days_443.49_464.12,OVL-C4304
overlap,203,c02,43,days_443.49_464.12,OVL-C4304
overlap,254,c02,43,days_443.49_464.12,OVL-C4304
overlap,272,c02,43,days_443.49_464.12,OVL-C4304
overlap,292,c02,43,days_443.49_464.12,OVL-C4304
overlap,300,c02,43,days_443.49_464.12,OVL-C4304
overlap,304,c02,43,days_443.49_464.12,OVL-C4304
overlap,306,c02,43,days_443.49_464.12,OVL-C4304
overlap,362,c02,43,days_443.49_464.12,OVL-C4304
overlap,371,c02,43,days_443.49_464.12,OVL-C4304
overlap,374,c02,43,days_443.49_464.12,OVL-C4304
overlap,379,c02,43,days_443.49_464.12,OVL-C4304
overlap,383,c02,43,days_443.49_464.12,OVL-C4304
overlap,390,c02,43,days_443.49_464.12,OVL-C4304
overlap,394,c02,43,days_443.49_464.12,OVL-C4304
overlap,400,c02,43,days_443.49_464.12,OVL-C4304
overlap,405,c02,43,days_443.49_464.12,OVL-C4304
overlap,441,c02,43,days_443.49_464.12,OVL-C4304
overlap,443,c02,43,days_443.49_464.12,OVL-C4304
overlap,450,c02,43,days_443.49_464.12,OVL-C4304
overlap,466,c02,43,days_443.49_464.12,OVL-C4304
overlap,488,c02,43,days_443.49_464.12,OVL-C4304
overlap,501,c02,43,days_443.49_464.12,OVL-C4304
overlap,528,c02,43,days_443.49_464.12,OVL-C4304
overlap,568,c02,43,days_443.49_464.12,OVL-C4304
overlap,571,c02,43,days_443.49_464.12,OVL-C4304
overlap,572,c02,43,days_443.49_464.12,OVL-C4304
overlap,581,c02,43,days_443.49_464.12,OVL-C4304
overlap,585,c02,43,days_443.49_464.12,OVL-C4304
overlap,589,c02,43,days_443.49_464.12,OVL-C4304
overlap,626,c02,43,days_443.49_464.12,OVL-C4304
overlap,628,c02,43,days_443.49_464.12,OVL-C4304
overlap,659,c02,43,days_443.49_464.12,OVL-C4304
overlap,660,c02,43,days_443.49_464.12,OVL-C4304
overlap,662,c02,43,days_443.49_464.12,OVL-C4304
overlap,668,c02,43,days_443.49_464.12,OVL-C4304
overlap,684,c02,43,days_443.49_464.12,OVL-C4304
overlap,695,c02,43,days_443.49_464.12,OVL-C4304
overlap,703,c02,43,days_443.49_464.12,OVL-C4304
overlap,712,c02,43,days_443.49_464.12,OVL-C4304
overlap,720,c02,43,days_443.49_464.12,OVL-C4304
overlap,742,c02,43,days_443.49_464.12,OVL-C4304
overlap,746,c02,43,days_443.49_464.12,OVL-C4304
overlap,769,c02,43,days_443.49_464.12,OVL-C4304
overlap,771,c02,43,days_443.49_464.12,OVL-C4304
overlap,784,c02,43,days_443.49_464.12,OVL-C4304
overlap,802,c02,43,days_443.49_464.12,OVL-C4304
overlap,813,c02,43,days_443.49_464.12,OVL-C4304
overlap,822,c02,43,days_443.49_464.12,OVL-C4304
overlap,833,c02,43,days_443.49_464.12,OVL-C4304
overlap,844,c02,43,days_443.49_464.12,OVL-C4304
overlap,863,c02,43,days_443.49_464.12,OVL-C4304
overlap,870,c02,43,days_443.49_464.12,OVL-C4304
overlap,887,c02,43,days_443.49_464.12,OVL-C4304
overlap,900,c02,43,days_443.49_464.12,OVL-C4304
overlap,901,c02,43,days_443.49_464.12,OVL-C4304
overlap,922,c02,43,days_443.49_464.12,OVL-C4304
overlap,935,c02,43,days_443.49_464.12,OVL-C4304
overlap,936,c02,43,days_443.49_464.12,OVL-C4304
overlap,937,c02,43,days_443.49_464.12,OVL-C4304
overlap,942,c02,43,days_443.49_464.12,OVL-C4304
overlap,947,c02,43,days_443.49_464.12,OVL-C4304
overlap,993,c02,43,days_443.49_464.12,OVL-C4304
overlap,24,c03,43,days_443.49_464.12,OVL-C4305
overlap,35,c03,43,days_443.49_464.12,OVL-C4305
overlap,87,c03,43,days_443.49_464.12,OVL-C4305
overlap,141,c03,43,days_443.49_464.12,OVL-C4305
overlap,157,c03,43,days_443.49_464.12,OVL-C4305
overlap,158,c03,43,days_443.49_464.12,OVL-C4305
overlap,160,c03,43,days_443.49_464.12,OVL-C4305
overlap,167,c03,43,days_443.49_464.12,OVL-C4305
overlap,181,c03,43,days_443.49_464.12,OVL-C4305
overlap,188,c03,43,days_443.49_464.12,OVL-C4305
overlap,190,c03,43,days_443.49_464.12,OVL-C4305
overlap,205,c03,43,days_443.49_464.12,OVL-C4305
overlap,207,c03,43,days_443.49_464.12,OVL-C4305
overlap,241,c03,43,days_443.49_464.12,OVL-C4305
overlap,248,c03,43,days_443.49_464.12,OVL-C4305
overlap,274,c03,43,days_443.49_464.12,OVL-C4305
overlap,280,c03,43,days_443.49_464.12,OVL-C4305
overlap,288,c03,43,days_443.49_464.12,OVL-C4305
overlap,301,c03,43,days_443.49_464.12,OVL-C4305
overlap,315,c03,43,days_443.49_464.12,OVL-C4305
overlap,353,c03,43,days_443.49_464.12,OVL-C4305
overlap,360,c03,43,days_443.49_464.12,OVL-C4305
overlap,373,c03,43,days_443.49_464.12,OVL-C4305
overlap,387,c03,43,days_443.49_464.12,OVL-C4305
overlap,391,c03,43,days_443.49_464.12,OVL-C4305
overlap,414,c03,43,days_443.49_464.12,OVL-C4305
overlap,421,c03,43,days_443.49_464.12,OVL-C4305
overlap,424,c03,43,days_443.49_464.12,OVL-C4305
overlap,431,c03,43,days_443.49_464.12,OVL-C4305
overlap,445,c03,43,days_443.49_464.12,OVL-C4305
overlap,451,c03,43,days_443.49_464.12,OVL-C4305
overlap,469,c03,43,days_443.49_464.12,OVL-C4305
overlap,484,c03,43,days_443.49_464.12,OVL-C4305
overlap,512,c03,43,days_443.49_464.12,OVL-C4305
overlap,526,c03,43,days_443.49_464.12,OVL-C4305
overlap,530,c03,43,days_443.49_464.12,OVL-C4305
overlap,547,c03,43,days_443.49_464.12,OVL-C4305
overlap,552,c03,43,days_443.49_464.12,OVL-C4305
overlap,561,c03,43,days_443.49_464.12,OVL-C4305
overlap,610,c03,43,days_443.49_464.12,OVL-C4305
overlap,614,c03,43,days_443.49_464.12,OVL-C4305
overlap,629,c03,43,days_443.49_464.12,OVL-C4305
overlap,630,c03,43,days_443.49_464.12,OVL-C4305
overlap,631,c03,43,days_443.49_464.12,OVL-C4305
overlap,656,c03,43,days_443.49_464.12,OVL-C4305
overlap,658,c03,43,days_443.49_464.12,OVL-C4305
overlap,685,c03,43,days_443.49_464.12,OVL-C4305
overlap,739,c03,43,days_443.49_464.12,OVL-C4305
overlap,740,c03,43,days_443.49_464.12,OVL-C4305
overlap,750,c03,43,days_443.49_464.12,OVL-C4305
overlap,773,c03,43,days_443.49_464.12,OVL-C4305
overlap,795,c03,43,days_443.49_464.12,OVL-C4305
overlap,817,c03,43,days_443.49_464.12,OVL-C4305
overlap,824,c03,43,days_443.49_464.12,OVL-C4305
overlap,830,c03,43,days_443.49_464.12,OVL-C4305
overlap,846,c03,43,days_443.49_464.12,OVL-C4305
overlap,851,c03,43,days_443.49_464.12,OVL-C4305
overlap,891,c03,43,days_443.49_464.12,OVL-C4305
overlap,902,c03,43,days_443.49_464.12,OVL-C4305
overlap,920,c03,43,days_443.49_464.12,OVL-C4305
overlap,954,c03,43,days_443.49_464.12,OVL-C4305
overlap,957,c03,43,days_443.49_464.12,OVL-C4305
overlap,978,c03,43,days_443.49_464.12,OVL-C4305
overlap,988,c03,43,days_443.49_464.12,OVL-C4305
overlap,19,c05,43,days_443.49_464.12,OVL-C4307
overlap,28,c05,43,days_443.49_464.12,OVL-C4307
overlap,33,c05,43,days_443.49_464.12,OVL-C4307
overlap,56,c05,43,days_443.49_464.12,OVL-C4307
overlap,68,c05,43,days_443.49_464.12,OVL-C4307
overlap,95,c05,43,days_443.49_464.12,OVL-C4307
overlap,170,c05,43,days_443.49_464.12,OVL-C4307
overlap,194,c05,43,days_443.49_464.12,OVL-C4307
overlap,231,c05,43,days_443.49_464.12,OVL-C4307
overlap,238,c05,43,days_443.49_464.12,OVL-C4307
overlap,245,c05,43,days_443.49_464.12,OVL-C4307
overlap,251,c05,43,days_443.49_464.12,OVL-C4307
overlap,264,c05,43,days_443.49_464.12,OVL-C4307
overlap,293,c05,43,days_443.49_464.12,OVL-C4307
overlap,311,c05,43,days_443.49_464.12,OVL-C4307
overlap,329,c05,43,days_443.49_464.12,OVL-C4307
overlap,338,c05,43,days_443.49_464.12,OVL-C4307
overlap,361,c05,43,days_443.49_464.12,OVL-C4307
overlap,364,c05,43,days_443.49_464.12,OVL-C4307
overlap,427,c05,43,days_443.49_464.12,OVL-C4307
overlap,432,c05,43,days_443.49_464.12,OVL-C4307
overlap,433,c05,43,days_443.49_464.12,OVL-C4307
overlap,455,c05,43,days_443.49_464.12,OVL-C4307
overlap,480,c05,43,days_443.49_464.12,OVL-C4307
overlap,482,c05,43,days_443.49_464.12,OVL-C4307
overlap,511,c05,43,days_443.49_464.12,OVL-C4307
overlap,531,c05,43,days_443.49_464.12,OVL-C4307
overlap,540,c05,43,days_443.49_464.12,OVL-C4307
overlap,582,c05,43,days_443.49_464.12,OVL-C4307
overlap,587,c05,43,days_443.49_464.12,OVL-C4307
overlap,624,c05,43,days_443.49_464.12,OVL-C4307
overlap,641,c05,43,days_443.49_464.12,OVL-C4307
overlap,678,c05,43,days_443.49_464.12,OVL-C4307
overlap,697,c05,43,days_443.49_464.12,OVL-C4307
overlap,698,c05,43,days_443.49_464.12,OVL-C4307
overlap,736,c05,43,days_443.49_464.12,OVL-C4307
overlap,764,c05,43,days_443.49_464.12,OVL-C4307
overlap,789,c05,43,days_443.49_464.12,OVL-C4307
overlap,796,c05,43,days_443.49_464.12,OVL-C4307
overlap,807,c05,43,days_443.49_464.12,OVL-C4307
overlap,809,c05,43,days_443.49_464.12,OVL-C4307
overlap,819,c05,43,days_443.49_464.12,OVL-C4307
overlap,836,c05,43,days_443.49_464.12,OVL-C4307
overlap,840,c05,43,days_443.49_464.12,OVL-C4307
overlap,849,c05,43,days_443.49_464.12,OVL-C4307
overlap,855,c05,43,days_443.49_464.12,OVL-C4307
overlap,872,c05,43,days_443.49_464.12,OVL-C4307
overlap,873,c05,43,days_443.49_464.12,OVL-C4307
overlap,874,c05,43,days_443.49_464.12,OVL-C4307
overlap,925,c05,43,days_443.49_464.12,OVL-C4307
overlap,955,c05,43,days_443.49_464.12,OVL-C4307
overlap,962,c05,43,days_443.49_464.12,OVL-C4307
overlap,987,c05,43,days_443.49_464.12,OVL-C4307
overlap,994,c05,43,days_443.49_464.12,OVL-C4307
overlap,5,c06,43,days_443.49_464.12,OVL-C4306
overlap,29,c06,43,days_443.49_464.12,OVL-C4306
overlap,91,c06,43,days_443.49_464.12,OVL-C4306
overlap,98,c06,43,days_443.49_464.12,OVL-C4306
overlap,107,c06,43,days_443.49_464.12,OVL-C4306
overlap,114,c06,43,days_443.49_464.12,OVL-C4306
overlap,117,c06,43,days_443.49_464.12,OVL-C4306
overlap,134,c06,43,days_443.49_464.12,OVL-C4306
overlap,150,c06,43,days_443.49_464.12,OVL-C4306
overlap,175,c06,43,days_443.49_464.12,OVL-C4306
overlap,192,c06,43,days_443.49_464.12,OVL-C4306
overlap,201,c06,43,days_443.49_464.12,OVL-C4306
overlap,208,c06,43,days_443.49_464.12,OVL-C4306
overlap,223,c06,43,days_443.49_464.12,OVL-C4306
overlap,236,c06,43,days_443.49_464.12,OVL-C4306
overlap,268,c06,43,days_443.49_464.12,OVL-C4306
overlap,275,c06,43,days_443.49_464.12,OVL-C4306
overlap,289,c06,43,days_443.49_464.12,OVL-C4306
overlap,291,c06,43,days_443.49_464.12,OVL-C4306
overlap,320,c06,43,days_443.49_464.12,OVL-C4306
overlap,327,c06,43,days_443.49_464.12,OVL-C4306
overlap,335,c06,43,days_443.49_464.12,OVL-C4306
overlap,341,c06,43,days_443.49_464.12,OVL-C4306
overlap,381,c06,43,days_443.49_464.12,OVL-C4306
overlap,385,c06,43,days_443.49_464.12,OVL-C4306
overlap,401,c06,43,days_443.49_464.12,OVL-C4306
overlap,415,c06,43,days_443.49_464.12,OVL-C4306
overlap,429,c06,43,days_443.49_464.12,OVL-C4306
overlap,440,c06,43,days_443.49_464.12,OVL-C4306
overlap,454,c06,43,days_443.49_464.12,OVL-C4306
overlap,464,c06,43,days_443.49_464.12,OVL-C4306
overlap,468,c06,43,days_443.49_464.12,OVL-C4306
overlap,473,c06,43,days_443.49_464.12,OVL-C4306
overlap,479,c06,43,days_443.49_464.12,OVL-C4306
overlap,491,c06,43,days_443.49_464.12,OVL-C4306
overlap,497,c06,43,days_443.49_464.12,OVL-C4306
overlap,532,c06,43,days_443.49_464.12,OVL-C4306
overlap,537,c06,43,days_443.49_464.12,OVL-C4306
overlap,553,c06,43,days_443.49_464.12,OVL-C4306
overlap,592,c06,43,days_443.49_464.12,OVL-C4306
overlap,643,c06,43,days_443.49_464.12,OVL-C4306
overlap,664,c06,43,days_443.49_464.12,OVL-C4306
overlap,670,c06,43,days_443.49_464.12,OVL-C4306
overlap,688,c06,43,days_443.49_464.12,OVL-C4306
overlap,713,c06,43,days_443.49_464.12,OVL-C4306
overlap,737,c06,43,days_443.49_464.12,OVL-C4306
overlap,808,c06,43,days_443.49_464.12,OVL-C4306
overlap,810,c06,43,days_443.49_464.12,OVL-C4306
overlap,811,c06,43,days_443.49_464.12,OVL-C4306
overlap,897,c06,43,days_443.49_464.12,OVL-C4306
overlap,898,c06,43,days_443.49_464.12,OVL-C4306
overlap,899,c06,43,days_443.49_464.12,OVL-C4306
overlap,980,c06,43,days_443.49_464.12,OVL-C4306
overlap,985,c06,43,days_443.49_464.12,OVL-C4306
overlap,2,c09,43,days_443.49_464.12,OVL-C4302
overlap,30,c09,43,days_443.49_464.12,OVL-C4302
overlap,45,c09,43,days_443.49_464.12,OVL-C4302
overlap,52,c09,43,days_443.49_464.12,OVL-C4302
overlap,66,c09,43,days_443.49_464.12,OVL-C4302
overlap,74,c09,43,days_443.49_464.12,OVL-C4302
overlap,77,c09,43,days_443.49_464.12,OVL-C4302
overlap,100,c09,43,days_443.49_464.12,OVL-C4302
overlap,104,c09,43,days_443.49_464.12,OVL-C4302
overlap,111,c09,43,days_443.49_464.12,OVL-C4302
overlap,112,c09,43,days_443.49_464.12,OVL-C4302
overlap,119,c09,43,days_443.49_464.12,OVL-C4302
overlap,126,c09,43,days_443.49_464.12,OVL-C4302
overlap,133,c09,43,days_443.49_464.12,OVL-C4302
overlap,166,c09,43,days_443.49_464.12,OVL-C4302
overlap,168,c09,43,days_443.49_464.12,OVL-C4302
overlap,176,c09,43,days_443.49_464.12,OVL-C4302
overlap,210,c09,43,days_443.49_464.12,OVL-C4302
overlap,218,c09,43,days_443.49_464.12,OVL-C4302
overlap,227,c09,43,days_443.49_464.12,OVL-C4302
overlap,232,c09,43,days_443.49_464.12,OVL-C4302
overlap,256,c09,43,days_443.49_464.12,OVL-C4302
overlap,260,c09,43,days_443.49_464.12,OVL-C4302
overlap,266,c09,43,days_443.49_464.12,OVL-C4302
overlap,267,c09,43,days_443.49_464.12,OVL-C4302
overlap,294,c09,43,days_443.49_464.12,OVL-C4302
overlap,305,c09,43,days_443.49_464.12,OVL-C4302
overlap,313,c09,43,days_443.49_464.12,OVL-C4302
overlap,326,c09,43,days_443.49_464.12,OVL-C4302
overlap,328,c09,43,days_443.49_464.12,OVL-C4302
overlap,332,c09,43,days_443.49_464.12,OVL-C4302
overlap,356,c09,43,days_443.49_464.12,OVL-C4302
overlap,368,c09,43,days_443.49_464.12,OVL-C4302
overlap,392,c09,43,days_443.49_464.12,OVL-C4302
overlap,416,c09,43,days_443.49_464.12,OVL-C4302
overlap,425,c09,43,days_443.49_464.12,OVL-C4302
overlap,434,c09,43,days_443.49_464.12,OVL-C4302
overlap,435,c09,43,days_443.49_464.12,OVL-C4302
overlap,439,c09,43,days_443.49_464.12,OVL-C4302
overlap,447,c09,43,days_443.49_464.12,OVL-C4302
overlap,465,c09,43,days_443.49_464.12,OVL-C4302
overlap,472,c09,43,days_443.49_464.12,OVL-C4302
overlap,478,c09,43,days_443.49_464.12,OVL-C4302
overlap,486,c09,43,days_443.49_464.12,OVL-C4302
overlap,490,c09,43,days_443.49_464.12,OVL-C4302
overlap,496,c09,43,days_443.49_464.12,OVL-C4302
overlap,500,c09,43,days_443.49_464.12,OVL-C4302
overlap,517,c09,43,days_443.49_464.12,OVL-C4302
overlap,523,c09,43,days_443.49_464.12,OVL-C4302
overlap,548,c09,43,days_443.49_464.12,OVL-C4302
overlap,556,c09,43,days_443.49_464.12,OVL-C4302
overlap,560,c09,43,days_443.49_464.12,OVL-C4302
overlap,573,c09,43,days_443.49_464.12,OVL-C4302
overlap,575,c09,43,days_443.49_464.12,OVL-C4302
overlap,586,c09,43,days_443.49_464.12,OVL-C4302
overlap,602,c09,43,days_443.49_464.12,OVL-C4302
overlap,606,c09,43,days_443.49_464.12,OVL-C4302
overlap,612,c09,43,days_443.49_464.12,OVL-C4302
overlap,648,c09,43,days_443.49_464.12,OVL-C4302
overlap,674,c09,43,days_443.49_464.12,OVL-C4302
overlap,699,c09,43,days_443.49_464.12,OVL-C4302
overlap,700,c09,43,days_443.49_464.12,OVL-C4302
overlap,704,c09,43,days_443.49_464.12,OVL-C4302
overlap,721,c09,43,days_443.49_464.12,OVL-C4302
overlap,730,c09,43,days_443.49_464.12,OVL-C4302
overlap,743,c09,43,days_443.49_464.12,OVL-C4302
overlap,744,c09,43,days_443.49_464.12,OVL-C4302
overlap,751,c09,43,days_443.49_464.12,OVL-C4302
overlap,759,c09,43,days_443.49_464.12,OVL-C4302
overlap,762,c09,43,days_443.49_464.12,OVL-C4302
overlap,765,c09,43,days_443.49_464.12,OVL-C4302
overlap,768,c09,43,days_443.49_464.12,OVL-C4302
overlap,777,c09,43,days_443.49_464.12,OVL-C4302
overlap,782,c09,43,days_443.49_464.12,OVL-C4302
overlap,790,c09,43,days_443.49_464.12,OVL-C4302
overlap,803,c09,43,days_443.49_464.12,OVL-C4302
overlap,812,c09,43,days_443.49_464.12,OVL-C4302
overlap,814,c09,43,days_443.49_464.12,OVL-C4302
overlap,868,c09,43,days_443.49_464.12,OVL-C4302
overlap,885,c09,43,days_443.49_464.12,OVL-C4302
overlap,889,c09,43,days_443.49_464.12,OVL-C4302
overlap,908,c09,43,days_443.49_464.12,OVL-C4302
overlap,912,c09,43,days_443.49_464.12,OVL-C4302
overlap,946,c09,43,days_443.49_464.12,OVL-C4302
overlap,948,c09,43,days_443.49_464.12,OVL-C4302
overlap,949,c09,43,days_443.49_464.12,OVL-C4302
overlap,966,c09,43,days_443.49_464.12,OVL-C4302
overlap,974,c09,43,days_443.49_464.12,OVL-C4302
overlap,984,c09,43,days_443.49_464.12,OVL-C4302
overlap,13,c10,43,days_443.49_464.12,OVL-C4309
overlap,14,c10,43,days_443.49_464.12,OVL-C4309
overlap,105,c10,43,days_443.49_464.12,OVL-C4309
overlap,131,c10,43,days_443.49_464.12,OVL-C4309
overlap,173,c10,43,days_443.49_464.12,OVL-C4309
overlap,189,c10,43,days_443.49_464.12,OVL-C4309
overlap,199,c10,43,days_443.49_464.12,OVL-C4309
overlap,226,c10,43,days_443.49_464.12,OVL-C4309
overlap,270,c10,43,days_443.49_464.12,OVL-C4309
overlap,308,c10,43,days_443.49_464.12,OVL-C4309
overlap,418,c10,43,days_443.49_464.12,OVL-C4309
overlap,437,c10,43,days_443.49_464.12,OVL-C4309
overlap,506,c10,43,days_443.49_464.12,OVL-C4309
overlap,516,c10,43,days_443.49_464.12,OVL-C4309
overlap,541,c10,43,days_443.49_464.12,OVL-C4309
overlap,576,c10,43,days_443.49_464.12,OVL-C4309
overlap,611,c10,43,days_443.49_464.12,OVL-C4309
overlap,644,c10,43,days_443.49_464.12,OVL-C4309
overlap,650,c10,43,days_443.49_464.12,OVL-C4309
overlap,654,c10,43,days_443.49_464.12,OVL-C4309
overlap,657,c10,43,days_443.49_464.12,OVL-C4309
overlap,682,c10,43,days_443.49_464.12,OVL-C4309
overlap,702,c10,43,days_443.49_464.12,OVL-C4309
overlap,719,c10,43,days_443.49_464.12,OVL-C4309
overlap,738,c10,43,days_443.49_464.12,OVL-C4309
overlap,745,c10,43,days_443.49_464.12,OVL-C4309
overlap,760,c10,43,days_443.49_464.12,OVL-C4309
overlap,761,c10,43,days_443.49_464.12,OVL-C4309
overlap,775,c10,43,days_443.49_464.12,OVL-C4309
overlap,783,c10,43,days_443.49_464.12,OVL-C4309
overlap,804,c10,43,days_443.49_464.12,OVL-C4309
overlap,828,c10,43,days_443.49_464.12,OVL-C4309
overlap,837,c10,43,days_443.49_464.12,OVL-C4309
overlap,850,c10,43,days_443.49_464.12,OVL-C4309
overlap,858,c10,43,days_443.49_464.12,OVL-C4309
overlap,881,c10,43,days_443.49_464.12,OVL-C4309
overlap,883,c10,43,days_443.49_464.12,OVL-C4309
overlap,921,c10,43,days_443.49_464.12,OVL-C4309
overlap,924,c10,43,days_443.49_464.12,OVL-C4309
overlap,945,c10,43,days_443.49_464.12,OVL-C4309
overlap,979,c10,43,days_443.49_464.12,OVL-C4309
overlap,991,c10,43,days_443.49_464.12,OVL-C4309
overlap,996,c10,43,days_443.49_464.12,OVL-C4309
overlap,1001,c10,43,days_443.49_464.12,OVL-C4309
overlap,0,c11,43,days_443.49_464.12,OVL-C4310
overlap,6,c11,43,days_443.49_464.12,OVL-C4310
overlap,58,c11,43,days_443.49_464.12,OVL-C4310
overlap,78,c11,43,days_443.49_464.12,OVL-C4310
overlap,99,c11,43,days_443.49_464.12,OVL-C4310
overlap,102,c11,43,days_443.49_464.12,OVL-C4310
overlap,118,c11,43,days_443.49_464.12,OVL-C4310
overlap,122,c11,43,days_443.49_464.12,OVL-C4310
overlap,178,c11,43,days_443.49_464.12,OVL-C4310
overlap,228,c11,43,days_443.49_464.12,OVL-C4310
overlap,249,c11,43,days_443.49_464.12,OVL-C4310
overlap,295,c11,43,days_443.49_464.12,OVL-C4310
overlap,314,c11,43,days_443.49_464.12,OVL-C4310
overlap,333,c11,43,days_443.49_464.12,OVL-C4310
overlap,339,c11,43,days_443.49_464.12,OVL-C4310
overlap,359,c11,43,days_443.49_464.12,OVL-C4310
overlap,409,c11,43,days_443.49_464.12,OVL-C4310
overlap,470,c11,43,days_443.49_464.12,OVL-C4310
overlap,502,c11,43,days_443.49_464.12,OVL-C4310
overlap,519,c11,43,days_443.49_464.12,OVL-C4310
overlap,527,c11,43,days_443.49_464.12,OVL-C4310
overlap,538,c11,43,days_443.49_464.12,OVL-C4310
overlap,569,c11,43,days_443.49_464.12,OVL-C4310
overlap,599,c11,43,days_443.49_464.12,OVL-C4310
overlap,605,c11,43,days_443.49_464.12,OVL-C4310
overlap,693,c11,43,days_443.49_464.12,OVL-C4310
overlap,705,c11,43,days_443.49_464.12,OVL-C4310
overlap,710,c11,43,days_443.49_464.12,OVL-C4310
overlap,767,c11,43,days_443.49_464.12,OVL-C4310
overlap,862,c11,43,days_443.49_464.12,OVL-C4310
overlap,867,c11,43,days_443.49_464.12,OVL-C4310
overlap,878,c11,43,days_443.49_464.12,OVL-C4310
overlap,909,c11,43,days_443.49_464.12,OVL-C4310
overlap,929,c11,43,days_443.49_464.12,OVL-C4310
overlap,976,c11,43,days_443.49_464.12,OVL-C4310
overlap,17,c12,43,days_443.49_464.12,OVL-C4311
overlap,31,c12,43,days_443.49_464.12,OVL-C4311
overlap,67,c12,43,days_443.49_464.12,OVL-C4311
overlap,92,c12,43,days_443.49_464.12,OVL-C4311
overlap,136,c12,43,days_443.49_464.12,OVL-C4311
overlap,142,c12,43,days_443.49_464.12,OVL-C4311
overlap,165,c12,43,days_443.49_464.12,OVL-C4311
overlap,200,c12,43,days_443.49_464.12,OVL-C4311
overlap,224,c12,43,days_443.49_464.12,OVL-C4311
overlap,302,c12,43,days_443.49_464.12,OVL-C4311
overlap,316,c12,43,days_443.49_464.12,OVL-C4311
overlap,344,c12,43,days_443.49_464.12,OVL-C4311
overlap,349,c12,43,days_443.49_464.12,OVL-C4311
overlap,351,c12,43,days_443.49_464.12,OVL-C4311
overlap,408,c12,43,days_443.49_464.12,OVL-C4311
overlap,428,c12,43,days_443.49_464.12,OVL-C4311
overlap,493,c12,43,days_443.49_464.12,OVL-C4311
overlap,543,c12,43,days_443.49_464.12,OVL-C4311
overlap,647,c12,43,days_443.49_464.12,OVL-C4311
overlap,806,c12,43,days_443.49_464.12,OVL-C4311
overlap,838,c12,43,days_443.49_464.12,OVL-C4311
overlap,857,c12,43,days_443.49_464.12,OVL-C4311
overlap,888,c12,43,days_443.49_464.12,OVL-C4311
overlap,892,c12,43,days_443.49_464.12,OVL-C4311
overlap,915,c12,43,days_443.49_464.12,OVL-C4311
overlap,917,c12,43,days_443.49_464.12,OVL-C4311
overlap,952,c12,43,days_443.49_464.12,OVL-C4311
overlap,953,c12,43,days_443.49_464.12,OVL-C4311
overlap,963,c12,43,days_443.49_464.12,OVL-C4311
overlap,971,c12,43,days_443.49_464.12,OVL-C4311
overlap,990,c12,43,days_443.49_464.12,OVL-C4311
overlap,25,c13,43,days_443.49_464.12,OVL-C4308
overlap,41,c13,43,days_443.49_464.12,OVL-C4308
overlap,48,c13,43,days_443.49_464.12,OVL-C4308
overlap,73,c13,43,days_443.49_464.12,OVL-C4308
overlap,129,c13,43,days_443.49_464.12,OVL-C4308
overlap,147,c13,43,days_443.49_464.12,OVL-C4308
overlap,171,c13,43,days_443.49_464.12,OVL-C4308
overlap,216,c13,43,days_443.49_464.12,OVL-C4308
overlap,230,c13,43,days_443.49_464.12,OVL-C4308
overlap,257,c13,43,days_443.49_464.12,OVL-C4308
overlap,277,c13,43,days_443.49_464.12,OVL-C4308
overlap,285,c13,43,days_443.49_464.12,OVL-C4308
overlap,318,c13,43,days_443.49_464.12,OVL-C4308
overlap,319,c13,43,days_443.49_464.12,OVL-C4308
overlap,321,c13,43,days_443.49_464.12,OVL-C4308
overlap,336,c13,43,days_443.49_464.12,OVL-C4308
overlap,347,c13,43,days_443.49_464.12,OVL-C4308
overlap,355,c13,43,days_443.49_464.12,OVL-C4308
overlap,386,c13,43,days_443.49_464.12,OVL-C4308
overlap,458,c13,43,days_443.49_464.12,OVL-C4308
overlap,499,c13,43,days_443.49_464.12,OVL-C4308
overlap,503,c13,43,days_443.49_464.12,OVL-C4308
overlap,558,c13,43,days_443.49_464.12,OVL-C4308
overlap,565,c13,43,days_443.49_464.12,OVL-C4308
overlap,577,c13,43,days_443.49_464.12,OVL-C4308
overlap,590,c13,43,days_443.49_464.12,OVL-C4308
overlap,600,c13,43,days_443.49_464.12,OVL-C4308
overlap,618,c13,43,days_443.49_464.12,OVL-C4308
overlap,672,c13,43,days_443.49_464.12,OVL-C4308
overlap,679,c13,43,days_443.49_464.12,OVL-C4308
overlap,683,c13,43,days_443.49_464.12,OVL-C4308
overlap,686,c13,43,days_443.49_464.12,OVL-C4308
overlap,715,c13,43,days_443.49_464.12,OVL-C4308
overlap,723,c13,43,days_443.49_464.12,OVL-C4308
overlap,748,c13,43,days_443.49_464.12,OVL-C4308
overlap,758,c13,43,days_443.49_464.12,OVL-C4308
overlap,918,c13,43,days_443.49_464.12,OVL-C4308
overlap,919,c13,43,days_443.49_464.12,OVL-C4308
overlap,926,c13,43,days_443.49_464.12,OVL-C4308
overlap,931,c13,43,days_443.49_464.12,OVL-C4308
overlap,933,c13,43,days_443.49_464.12,OVL-C4308
overlap,956,c13,43,days_443.49_464.12,OVL-C4308
overlap,972,c13,43,days_443.49_464.12,OVL-C4308
overlap,1000,c13,43,days_443.49_464.12,OVL-C4308
overlap,1002,c13,43,days_443.49_464.12,OVL-C4308
overlap,62,c14,43,days_443.49_464.12,OVL-C4312
overlap,109,c14,43,days_443.49_464.12,OVL-C4312
overlap,113,c14,43,days_443.49_464.12,OVL-C4312
overlap,163,c14,43,days_443.49_464.12,OVL-C4312
overlap,250,c14,43,days_443.49_464.12,OVL-C4312
overlap,369,c14,43,days_443.49_464.12,OVL-C4312
overlap,389,c14,43,days_443.49_464.12,OVL-C4312
overlap,444,c14,43,days_443.49_464.12,OVL-C4312
overlap,471,c14,43,days_443.49_464.12,OVL-C4312
overlap,483,c14,43,days_443.49_464.12,OVL-C4312
overlap,485,c14,43,days_443.49_464.12,OVL-C4312
overlap,513,c14,43,days_443.49_464.12,OVL-C4312
overlap,518,c14,43,days_443.49_464.12,OVL-C4312
overlap,535,c14,43,days_443.49_464.12,OVL-C4312
overlap,542,c14,43,days_443.49_464.12,OVL-C4312
overlap,551,c14,43,days_443.49_464.12,OVL-C4312
overlap,604,c14,43,days_443.49_464.12,OVL-C4312
overlap,646,c14,43,days_443.49_464.12,OVL-C4312
overlap,722,c14,43,days_443.49_464.12,OVL-C4312
overlap,799,c14,43,days_443.49_464.12,OVL-C4312
overlap,800,c14,43,days_443.49_464.12,OVL-C4312
overlap,823,c14,43,days_443.49_464.12,OVL-C4312
overlap,854,c14,43,days_443.49_464.12,OVL-C4312
overlap,886,c14,43,days_443.49_464.12,OVL-C4312
overlap,895,c14,43,days_443.49_464.12,OVL-C4312
overlap,913,c14,43,days_443.49_464.12,OVL-C4312
overlap,16,c01,44,days_453.80_474.43,OVL-C4403
overlap,38,c01,44,days_453.80_474.43,OVL-C4403
overlap,42,c01,44,days_453.80_474.43,OVL-C4403
overlap,46,c01,44,days_453.80_474.43,OVL-C4403
overlap,50,c01,44,days_453.80_474.43,OVL-C4403
overlap,64,c01,44,days_453.80_474.43,OVL-C4403
overlap,69,c01,44,days_453.80_474.43,OVL-C4403
overlap,70,c01,44,days_453.80_474.43,OVL-C4403
overlap,84,c01,44,days_453.80_474.43,OVL-C4403
overlap,88,c01,44,days_453.80_474.43,OVL-C4403
overlap,96,c01,44,days_453.80_474.43,OVL-C4403
overlap,102,c01,44,days_453.80_474.43,OVL-C4403
overlap,103,c01,44,days_453.80_474.43,OVL-C4403
overlap,106,c01,44,days_453.80_474.43,OVL-C4403
overlap,125,c01,44,days_453.80_474.43,OVL-C4403
overlap,132,c01,44,days_453.80_474.43,OVL-C4403
overlap,139,c01,44,days_453.80_474.43,OVL-C4403
overlap,153,c01,44,days_453.80_474.43,OVL-C4403
overlap,154,c01,44,days_453.80_474.43,OVL-C4403
overlap,164,c01,44,days_453.80_474.43,OVL-C4403
overlap,206,c01,44,days_453.80_474.43,OVL-C4403
overlap,247,c01,44,days_453.80_474.43,OVL-C4403
overlap,282,c01,44,days_453.80_474.43,OVL-C4403
overlap,299,c01,44,days_453.80_474.43,OVL-C4403
overlap,309,c01,44,days_453.80_474.43,OVL-C4403
overlap,310,c01,44,days_453.80_474.43,OVL-C4403
overlap,322,c01,44,days_453.80_474.43,OVL-C4403
overlap,323,c01,44,days_453.80_474.43,OVL-C4403
overlap,324,c01,44,days_453.80_474.43,OVL-C4403
overlap,337,c01,44,days_453.80_474.43,OVL-C4403
overlap,343,c01,44,days_453.80_474.43,OVL-C4403
overlap,346,c01,44,days_453.80_474.43,OVL-C4403
overlap,378,c01,44,days_453.80_474.43,OVL-C4403
overlap,388,c01,44,days_453.80_474.43,OVL-C4403
overlap,399,c01,44,days_453.80_474.43,OVL-C4403
overlap,402,c01,44,days_453.80_474.43,OVL-C4403
overlap,420,c01,44,days_453.80_474.43,OVL-C4403
overlap,460,c01,44,days_453.80_474.43,OVL-C4403
overlap,474,c01,44,days_453.80_474.43,OVL-C4403
overlap,477,c01,44,days_453.80_474.43,OVL-C4403
overlap,487,c01,44,days_453.80_474.43,OVL-C4403
overlap,489,c01,44,days_453.80_474.43,OVL-C4403
overlap,505,c01,44,days_453.80_474.43,OVL-C4403
overlap,509,c01,44,days_453.80_474.43,OVL-C4403
overlap,510,c01,44,days_453.80_474.43,OVL-C4403
overlap,514,c01,44,days_453.80_474.43,OVL-C4403
overlap,524,c01,44,days_453.80_474.43,OVL-C4403
overlap,534,c01,44,days_453.80_474.43,OVL-C4403
overlap,559,c01,44,days_453.80_474.43,OVL-C4403
overlap,562,c01,44,days_453.80_474.43,OVL-C4403
overlap,603,c01,44,days_453.80_474.43,OVL-C4403
overlap,622,c01,44,days_453.80_474.43,OVL-C4403
overlap,634,c01,44,days_453.80_474.43,OVL-C4403
overlap,638,c01,44,days_453.80_474.43,OVL-C4403
overlap,663,c01,44,days_453.80_474.43,OVL-C4403
overlap,676,c01,44,days_453.80_474.43,OVL-C4403
overlap,735,c01,44,days_453.80_474.43,OVL-C4403
overlap,777,c01,44,days_453.80_474.43,OVL-C4403
overlap,780,c01,44,days_453.80_474.43,OVL-C4403
overlap,788,c01,44,days_453.80_474.43,OVL-C4403
overlap,832,c01,44,days_453.80_474.43,OVL-C4403
overlap,853,c01,44,days_453.80_474.43,OVL-C4403
overlap,879,c01,44,days_453.80_474.43,OVL-C4403
overlap,893,c01,44,days_453.80_474.43,OVL-C4403
overlap,906,c01,44,days_453.80_474.43,OVL-C4403
overlap,943,c01,44,days_453.80_474.43,OVL-C4403
overlap,950,c01,44,days_453.80_474.43,OVL-C4403
overlap,969,c01,44,days_453.80_474.43,OVL-C4403
overlap,977,c01,44,days_453.80_474.43,OVL-C4403
overlap,1004,c01,44,days_453.80_474.43,OVL-C4403
overlap,4,c02,44,days_453.80_474.43,OVL-C4406
overlap,40,c02,44,days_453.80_474.43,OVL-C4406
overlap,60,c02,44,days_453.80_474.43,OVL-C4406
overlap,82,c02,44,days_453.80_474.43,OVL-C4406
overlap,83,c02,44,days_453.80_474.43,OVL-C4406
overlap,86,c02,44,days_453.80_474.43,OVL-C4406
overlap,135,c02,44,days_453.80_474.43,OVL-C4406
overlap,137,c02,44,days_453.80_474.43,OVL-C4406
overlap,152,c02,44,days_453.80_474.43,OVL-C4406
overlap,161,c02,44,days_453.80_474.43,OVL-C4406
overlap,187,c02,44,days_453.80_474.43,OVL-C4406
overlap,254,c02,44,days_453.80_474.43,OVL-C4406
overlap,272,c02,44,days_453.80_474.43,OVL-C4406
overlap,292,c02,44,days_453.80_474.43,OVL-C4406
overlap,304,c02,44,days_453.80_474.43,OVL-C4406
overlap,306,c02,44,days_453.80_474.43,OVL-C4406
overlap,315,c02,44,days_453.80_474.43,OVL-C4406
overlap,371,c02,44,days_453.80_474.43,OVL-C4406
overlap,374,c02,44,days_453.80_474.43,OVL-C4406
overlap,379,c02,44,days_453.80_474.43,OVL-C4406
overlap,390,c02,44,days_453.80_474.43,OVL-C4406
overlap,400,c02,44,days_453.80_474.43,OVL-C4406
overlap,405,c02,44,days_453.80_474.43,OVL-C4406
overlap,441,c02,44,days_453.80_474.43,OVL-C4406
overlap,443,c02,44,days_453.80_474.43,OVL-C4406
overlap,450,c02,44,days_453.80_474.43,OVL-C4406
overlap,466,c02,44,days_453.80_474.43,OVL-C4406
overlap,488,c02,44,days_453.80_474.43,OVL-C4406
overlap,523,c02,44,days_453.80_474.43,OVL-C4406
overlap,533,c02,44,days_453.80_474.43,OVL-C4406
overlap,568,c02,44,days_453.80_474.43,OVL-C4406
overlap,572,c02,44,days_453.80_474.43,OVL-C4406
overlap,581,c02,44,days_453.80_474.43,OVL-C4406
overlap,585,c02,44,days_453.80_474.43,OVL-C4406
overlap,626,c02,44,days_453.80_474.43,OVL-C4406
overlap,628,c02,44,days_453.80_474.43,OVL-C4406
overlap,659,c02,44,days_453.80_474.43,OVL-C4406
overlap,662,c02,44,days_453.80_474.43,OVL-C4406
overlap,695,c02,44,days_453.80_474.43,OVL-C4406
overlap,703,c02,44,days_453.80_474.43,OVL-C4406
overlap,712,c02,44,days_453.80_474.43,OVL-C4406
overlap,725,c02,44,days_453.80_474.43,OVL-C4406
overlap,742,c02,44,days_453.80_474.43,OVL-C4406
overlap,774,c02,44,days_453.80_474.43,OVL-C4406
overlap,784,c02,44,days_453.80_474.43,OVL-C4406
overlap,802,c02,44,days_453.80_474.43,OVL-C4406
overlap,822,c02,44,days_453.80_474.43,OVL-C4406
overlap,863,c02,44,days_453.80_474.43,OVL-C4406
overlap,870,c02,44,days_453.80_474.43,OVL-C4406
overlap,900,c02,44,days_453.80_474.43,OVL-C4406
overlap,901,c02,44,days_453.80_474.43,OVL-C4406
overlap,922,c02,44,days_453.80_474.43,OVL-C4406
overlap,936,c02,44,days_453.80_474.43,OVL-C4406
overlap,937,c02,44,days_453.80_474.43,OVL-C4406
overlap,942,c02,44,days_453.80_474.43,OVL-C4406
overlap,945,c02,44,days_453.80_474.43,OVL-C4406
overlap,947,c02,44,days_453.80_474.43,OVL-C4406
overlap,965,c02,44,days_453.80_474.43,OVL-C4406
overlap,993,c02,44,days_453.80_474.43,OVL-C4406
overlap,24,c03,44,days_453.80_474.43,OVL-C4404
overlap,35,c03,44,days_453.80_474.43,OVL-C4404
overlap,141,c03,44,days_453.80_474.43,OVL-C4404
overlap,148,c03,44,days_453.80_474.43,OVL-C4404
overlap,158,c03,44,days_453.80_474.43,OVL-C4404
overlap,160,c03,44,days_453.80_474.43,OVL-C4404
overlap,167,c03,44,days_453.80_474.43,OVL-C4404
overlap,181,c03,44,days_453.80_474.43,OVL-C4404
overlap,188,c03,44,days_453.80_474.43,OVL-C4404
overlap,190,c03,44,days_453.80_474.43,OVL-C4404
overlap,241,c03,44,days_453.80_474.43,OVL-C4404
overlap,248,c03,44,days_453.80_474.43,OVL-C4404
overlap,274,c03,44,days_453.80_474.43,OVL-C4404
overlap,280,c03,44,days_453.80_474.43,OVL-C4404
overlap,288,c03,44,days_453.80_474.43,OVL-C4404
overlap,301,c03,44,days_453.80_474.43,OVL-C4404
overlap,353,c03,44,days_453.80_474.43,OVL-C4404
overlap,360,c03,44,days_453.80_474.43,OVL-C4404
overlap,373,c03,44,days_453.80_474.43,OVL-C4404
overlap,391,c03,44,days_453.80_474.43,OVL-C4404
overlap,394,c03,44,days_453.80_474.43,OVL-C4404
overlap,397,c03,44,days_453.80_474.43,OVL-C4404
overlap,408,c03,44,days_453.80_474.43,OVL-C4404
overlap,414,c03,44,days_453.80_474.43,OVL-C4404
overlap,431,c03,44,days_453.80_474.43,OVL-C4404
overlap,445,c03,44,days_453.80_474.43,OVL-C4404
overlap,451,c03,44,days_453.80_474.43,OVL-C4404
overlap,469,c03,44,days_453.80_474.43,OVL-C4404
overlap,484,c03,44,days_453.80_474.43,OVL-C4404
overlap,486,c03,44,days_453.80_474.43,OVL-C4404
overlap,493,c03,44,days_453.80_474.43,OVL-C4404
overlap,496,c03,44,days_453.80_474.43,OVL-C4404
overlap,507,c03,44,days_453.80_474.43,OVL-C4404
overlap,512,c03,44,days_453.80_474.43,OVL-C4404
overlap,526,c03,44,days_453.80_474.43,OVL-C4404
overlap,530,c03,44,days_453.80_474.43,OVL-C4404
overlap,547,c03,44,days_453.80_474.43,OVL-C4404
overlap,550,c03,44,days_453.80_474.43,OVL-C4404
overlap,552,c03,44,days_453.80_474.43,OVL-C4404
overlap,561,c03,44,days_453.80_474.43,OVL-C4404
overlap,571,c03,44,days_453.80_474.43,OVL-C4404
overlap,610,c03,44,days_453.80_474.43,OVL-C4404
overlap,614,c03,44,days_453.80_474.43,OVL-C4404
overlap,629,c03,44,days_453.80_474.43,OVL-C4404
overlap,630,c03,44,days_453.80_474.43,OVL-C4404
overlap,631,c03,44,days_453.80_474.43,OVL-C4404
overlap,656,c03,44,days_453.80_474.43,OVL-C4404
overlap,658,c03,44,days_453.80_474.43,OVL-C4404
overlap,685,c03,44,days_453.80_474.43,OVL-C4404
overlap,739,c03,44,days_453.80_474.43,OVL-C4404
overlap,740,c03,44,days_453.80_474.43,OVL-C4404
overlap,750,c03,44,days_453.80_474.43,OVL-C4404
overlap,773,c03,44,days_453.80_474.43,OVL-C4404
overlap,817,c03,44,days_453.80_474.43,OVL-C4404
overlap,824,c03,44,days_453.80_474.43,OVL-C4404
overlap,846,c03,44,days_453.80_474.43,OVL-C4404
overlap,851,c03,44,days_453.80_474.43,OVL-C4404
overlap,891,c03,44,days_453.80_474.43,OVL-C4404
overlap,902,c03,44,days_453.80_474.43,OVL-C4404
overlap,920,c03,44,days_453.80_474.43,OVL-C4404
overlap,954,c03,44,days_453.80_474.43,OVL-C4404
overlap,957,c03,44,days_453.80_474.43,OVL-C4404
overlap,975,c03,44,days_453.80_474.43,OVL-C4404
overlap,978,c03,44,days_453.80_474.43,OVL-C4404
overlap,988,c03,44,days_453.80_474.43,OVL-C4404
overlap,5,c05,44,days_453.80_474.43,OVL-C4405
overlap,28,c05,44,days_453.80_474.43,OVL-C4405
overlap,56,c05,44,days_453.80_474.43,OVL-C4405
overlap,68,c05,44,days_453.80_474.43,OVL-C4405
overlap,95,c05,44,days_453.80_474.43,OVL-C4405
overlap,114,c05,44,days_453.80_474.43,OVL-C4405
overlap,170,c05,44,days_453.80_474.43,OVL-C4405
overlap,175,c05,44,days_453.80_474.43,OVL-C4405
overlap,194,c05,44,days_453.80_474.43,OVL-C4405
overlap,231,c05,44,days_453.80_474.43,OVL-C4405
overlap,238,c05,44,days_453.80_474.43,OVL-C4405
overlap,245,c05,44,days_453.80_474.43,OVL-C4405
overlap,251,c05,44,days_453.80_474.43,OVL-C4405
overlap,264,c05,44,days_453.80_474.43,OVL-C4405
overlap,275,c05,44,days_453.80_474.43,OVL-C4405
overlap,281,c05,44,days_453.80_474.43,OVL-C4405
overlap,293,c05,44,days_453.80_474.43,OVL-C4405
overlap,311,c05,44,days_453.80_474.43,OVL-C4405
overlap,329,c05,44,days_453.80_474.43,OVL-C4405
overlap,338,c05,44,days_453.80_474.43,OVL-C4405
overlap,361,c05,44,days_453.80_474.43,OVL-C4405
overlap,364,c05,44,days_453.80_474.43,OVL-C4405
overlap,427,c05,44,days_453.80_474.43,OVL-C4405
overlap,432,c05,44,days_453.80_474.43,OVL-C4405
overlap,433,c05,44,days_453.80_474.43,OVL-C4405
overlap,440,c05,44,days_453.80_474.43,OVL-C4405
overlap,455,c05,44,days_453.80_474.43,OVL-C4405
overlap,480,c05,44,days_453.80_474.43,OVL-C4405
overlap,482,c05,44,days_453.80_474.43,OVL-C4405
overlap,491,c05,44,days_453.80_474.43,OVL-C4405
overlap,511,c05,44,days_453.80_474.43,OVL-C4405
overlap,531,c05,44,days_453.80_474.43,OVL-C4405
overlap,540,c05,44,days_453.80_474.43,OVL-C4405
overlap,582,c05,44,days_453.80_474.43,OVL-C4405
overlap,587,c05,44,days_453.80_474.43,OVL-C4405
overlap,624,c05,44,days_453.80_474.43,OVL-C4405
overlap,641,c05,44,days_453.80_474.43,OVL-C4405
overlap,678,c05,44,days_453.80_474.43,OVL-C4405
overlap,697,c05,44,days_453.80_474.43,OVL-C4405
overlap,698,c05,44,days_453.80_474.43,OVL-C4405
overlap,736,c05,44,days_453.80_474.43,OVL-C4405
overlap,737,c05,44,days_453.80_474.43,OVL-C4405
overlap,764,c05,44,days_453.80_474.43,OVL-C4405
overlap,771,c05,44,days_453.80_474.43,OVL-C4405
overlap,796,c05,44,days_453.80_474.43,OVL-C4405
overlap,798,c05,44,days_453.80_474.43,OVL-C4405
overlap,807,c05,44,days_453.80_474.43,OVL-C4405
overlap,809,c05,44,days_453.80_474.43,OVL-C4405
overlap,819,c05,44,days_453.80_474.43,OVL-C4405
overlap,836,c05,44,days_453.80_474.43,OVL-C4405
overlap,840,c05,44,days_453.80_474.43,OVL-C4405
overlap,849,c05,44,days_453.80_474.43,OVL-C4405
overlap,855,c05,44,days_453.80_474.43,OVL-C4405
overlap,872,c05,44,days_453.80_474.43,OVL-C4405
overlap,873,c05,44,days_453.80_474.43,OVL-C4405
overlap,874,c05,44,days_453.80_474.43,OVL-C4405
overlap,925,c05,44,days_453.80_474.43,OVL-C4405
overlap,955,c05,44,days_453.80_474.43,OVL-C4405
overlap,987,c05,44,days_453.80_474.43,OVL-C4405
overlap,994,c05,44,days_453.80_474.43,OVL-C4405
overlap,29,c06,44,days_453.80_474.43,OVL-C4407
overlap,31,c06,44,days_453.80_474.43,OVL-C4407
overlap,67,c06,44,days_453.80_474.43,OVL-C4407
overlap,91,c06,44,days_453.80_474.43,OVL-C4407
overlap,98,c06,44,days_453.80_474.43,OVL-C4407
overlap,107,c06,44,days_453.80_474.43,OVL-C4407
overlap,117,c06,44,days_453.80_474.43,OVL-C4407
overlap,134,c06,44,days_453.80_474.43,OVL-C4407
overlap,165,c06,44,days_453.80_474.43,OVL-C4407
overlap,192,c06,44,days_453.80_474.43,OVL-C4407
overlap,201,c06,44,days_453.80_474.43,OVL-C4407
overlap,208,c06,44,days_453.80_474.43,OVL-C4407
overlap,236,c06,44,days_453.80_474.43,OVL-C4407
overlap,257,c06,44,days_453.80_474.43,OVL-C4407
overlap,268,c06,44,days_453.80_474.43,OVL-C4407
overlap,289,c06,44,days_453.80_474.43,OVL-C4407
overlap,291,c06,44,days_453.80_474.43,OVL-C4407
overlap,320,c06,44,days_453.80_474.43,OVL-C4407
overlap,327,c06,44,days_453.80_474.43,OVL-C4407
overlap,335,c06,44,days_453.80_474.43,OVL-C4407
overlap,341,c06,44,days_453.80_474.43,OVL-C4407
overlap,381,c06,44,days_453.80_474.43,OVL-C4407
overlap,385,c06,44,days_453.80_474.43,OVL-C4407
overlap,393,c06,44,days_453.80_474.43,OVL-C4407
overlap,401,c06,44,days_453.80_474.43,OVL-C4407
overlap,415,c06,44,days_453.80_474.43,OVL-C4407
overlap,429,c06,44,days_453.80_474.43,OVL-C4407
overlap,454,c06,44,days_453.80_474.43,OVL-C4407
overlap,464,c06,44,days_453.80_474.43,OVL-C4407
overlap,468,c06,44,days_453.80_474.43,OVL-C4407
overlap,473,c06,44,days_453.80_474.43,OVL-C4407
overlap,479,c06,44,days_453.80_474.43,OVL-C4407
overlap,532,c06,44,days_453.80_474.43,OVL-C4407
overlap,537,c06,44,days_453.80_474.43,OVL-C4407
overlap,553,c06,44,days_453.80_474.43,OVL-C4407
overlap,592,c06,44,days_453.80_474.43,OVL-C4407
overlap,643,c06,44,days_453.80_474.43,OVL-C4407
overlap,652,c06,44,days_453.80_474.43,OVL-C4407
overlap,664,c06,44,days_453.80_474.43,OVL-C4407
overlap,670,c06,44,days_453.80_474.43,OVL-C4407
overlap,688,c06,44,days_453.80_474.43,OVL-C4407
overlap,707,c06,44,days_453.80_474.43,OVL-C4407
overlap,713,c06,44,days_453.80_474.43,OVL-C4407
overlap,808,c06,44,days_453.80_474.43,OVL-C4407
overlap,810,c06,44,days_453.80_474.43,OVL-C4407
overlap,811,c06,44,days_453.80_474.43,OVL-C4407
overlap,880,c06,44,days_453.80_474.43,OVL-C4407
overlap,898,c06,44,days_453.80_474.43,OVL-C4407
overlap,899,c06,44,days_453.80_474.43,OVL-C4407
overlap,963,c06,44,days_453.80_474.43,OVL-C4407
overlap,980,c06,44,days_453.80_474.43,OVL-C4407
overlap,985,c06,44,days_453.80_474.43,OVL-C4407
overlap,1003,c06,44,days_453.80_474.43,OVL-C4407
overlap,3,c09,44,days_453.80_474.43,OVL-C4402
overlap,21,c09,44,days_453.80_474.43,OVL-C4402
overlap,30,c09,44,days_453.80_474.43,OVL-C4402
overlap,45,c09,44,days_453.80_474.43,OVL-C4402
overlap,52,c09,44,days_453.80_474.43,OVL-C4402
overlap,66,c09,44,days_453.80_474.43,OVL-C4402
overlap,74,c09,44,days_453.80_474.43,OVL-C4402
overlap,77,c09,44,days_453.80_474.43,OVL-C4402
overlap,100,c09,44,days_453.80_474.43,OVL-C4402
overlap,104,c09,44,days_453.80_474.43,OVL-C4402
overlap,111,c09,44,days_453.80_474.43,OVL-C4402
overlap,112,c09,44,days_453.80_474.43,OVL-C4402
overlap,126,c09,44,days_453.80_474.43,OVL-C4402
overlap,133,c09,44,days_453.80_474.43,OVL-C4402
overlap,166,c09,44,days_453.80_474.43,OVL-C4402
overlap,168,c09,44,days_453.80_474.43,OVL-C4402
overlap,232,c09,44,days_453.80_474.43,OVL-C4402
overlap,240,c09,44,days_453.80_474.43,OVL-C4402
overlap,250,c09,44,days_453.80_474.43,OVL-C4402
overlap,256,c09,44,days_453.80_474.43,OVL-C4402
overlap,260,c09,44,days_453.80_474.43,OVL-C4402
overlap,266,c09,44,days_453.80_474.43,OVL-C4402
overlap,267,c09,44,days_453.80_474.43,OVL-C4402
overlap,294,c09,44,days_453.80_474.43,OVL-C4402
overlap,305,c09,44,days_453.80_474.43,OVL-C4402
overlap,313,c09,44,days_453.80_474.43,OVL-C4402
overlap,332,c09,44,days_453.80_474.43,OVL-C4402
overlap,356,c09,44,days_453.80_474.43,OVL-C4402
overlap,392,c09,44,days_453.80_474.43,OVL-C4402
overlap,416,c09,44,days_453.80_474.43,OVL-C4402
overlap,425,c09,44,days_453.80_474.43,OVL-C4402
overlap,435,c09,44,days_453.80_474.43,OVL-C4402
overlap,439,c09,44,days_453.80_474.43,OVL-C4402
overlap,447,c09,44,days_453.80_474.43,OVL-C4402
overlap,459,c09,44,days_453.80_474.43,OVL-C4402
overlap,472,c09,44,days_453.80_474.43,OVL-C4402
overlap,478,c09,44,days_453.80_474.43,OVL-C4402
overlap,500,c09,44,days_453.80_474.43,OVL-C4402
overlap,517,c09,44,days_453.80_474.43,OVL-C4402
overlap,539,c09,44,days_453.80_474.43,OVL-C4402
overlap,556,c09,44,days_453.80_474.43,OVL-C4402
overlap,557,c09,44,days_453.80_474.43,OVL-C4402
overlap,573,c09,44,days_453.80_474.43,OVL-C4402
overlap,574,c09,44,days_453.80_474.43,OVL-C4402
overlap,575,c09,44,days_453.80_474.43,OVL-C4402
overlap,586,c09,44,days_453.80_474.43,OVL-C4402
overlap,598,c09,44,days_453.80_474.43,OVL-C4402
overlap,602,c09,44,days_453.80_474.43,OVL-C4402
overlap,648,c09,44,days_453.80_474.43,OVL-C4402
overlap,674,c09,44,days_453.80_474.43,OVL-C4402
overlap,677,c09,44,days_453.80_474.43,OVL-C4402
overlap,699,c09,44,days_453.80_474.43,OVL-C4402
overlap,717,c09,44,days_453.80_474.43,OVL-C4402
overlap,721,c09,44,days_453.80_474.43,OVL-C4402
overlap,730,c09,44,days_453.80_474.43,OVL-C4402
overlap,743,c09,44,days_453.80_474.43,OVL-C4402
overlap,744,c09,44,days_453.80_474.43,OVL-C4402
overlap,751,c09,44,days_453.80_474.43,OVL-C4402
overlap,759,c09,44,days_453.80_474.43,OVL-C4402
overlap,762,c09,44,days_453.80_474.43,OVL-C4402
overlap,765,c09,44,days_453.80_474.43,OVL-C4402
overlap,782,c09,44,days_453.80_474.43,OVL-C4402
overlap,803,c09,44,days_453.80_474.43,OVL-C4402
overlap,814,c09,44,days_453.80_474.43,OVL-C4402
overlap,867,c09,44,days_453.80_474.43,OVL-C4402
overlap,868,c09,44,days_453.80_474.43,OVL-C4402
overlap,885,c09,44,days_453.80_474.43,OVL-C4402
overlap,886,c09,44,days_453.80_474.43,OVL-C4402
overlap,889,c09,44,days_453.80_474.43,OVL-C4402
overlap,908,c09,44,days_453.80_474.43,OVL-C4402
overlap,912,c09,44,days_453.80_474.43,OVL-C4402
overlap,946,c09,44,days_453.80_474.43,OVL-C4402
overlap,948,c09,44,days_453.80_474.43,OVL-C4402
overlap,949,c09,44,days_453.80_474.43,OVL-C4402
overlap,966,c09,44,days_453.80_474.43,OVL-C4402
overlap,974,c09,44,days_453.80_474.43,OVL-C4402
overlap,984,c09,44,days_453.80_474.43,OVL-C4402
overlap,13,c10,44,days_453.80_474.43,OVL-C4408
overlap,14,c10,44,days_453.80_474.43,OVL-C4408
overlap,105,c10,44,days_453.80_474.43,OVL-C4408
overlap,173,c10,44,days_453.80_474.43,OVL-C4408
overlap,199,c10,44,days_453.80_474.43,OVL-C4408
overlap,270,c10,44,days_453.80_474.43,OVL-C4408
overlap,308,c10,44,days_453.80_474.43,OVL-C4408
overlap,396,c10,44,days_453.80_474.43,OVL-C4408
overlap,410,c10,44,days_453.80_474.43,OVL-C4408
overlap,418,c10,44,days_453.80_474.43,OVL-C4408
overlap,437,c10,44,days_453.80_474.43,OVL-C4408
overlap,506,c10,44,days_453.80_474.43,OVL-C4408
overlap,516,c10,44,days_453.80_474.43,OVL-C4408
overlap,541,c10,44,days_453.80_474.43,OVL-C4408
overlap,576,c10,44,days_453.80_474.43,OVL-C4408
overlap,611,c10,44,days_453.80_474.43,OVL-C4408
overlap,644,c10,44,days_453.80_474.43,OVL-C4408
overlap,650,c10,44,days_453.80_474.43,OVL-C4408
overlap,654,c10,44,days_453.80_474.43,OVL-C4408
overlap,657,c10,44,days_453.80_474.43,OVL-C4408
overlap,682,c10,44,days_453.80_474.43,OVL-C4408
overlap,702,c10,44,days_453.80_474.43,OVL-C4408
overlap,719,c10,44,days_453.80_474.43,OVL-C4408
overlap,738,c10,44,days_453.80_474.43,OVL-C4408
overlap,745,c10,44,days_453.80_474.43,OVL-C4408
overlap,760,c10,44,days_453.80_474.43,OVL-C4408
overlap,761,c10,44,days_453.80_474.43,OVL-C4408
overlap,778,c10,44,days_453.80_474.43,OVL-C4408
overlap,783,c10,44,days_453.80_474.43,OVL-C4408
overlap,804,c10,44,days_453.80_474.43,OVL-C4408
overlap,828,c10,44,days_453.80_474.43,OVL-C4408
overlap,837,c10,44,days_453.80_474.43,OVL-C4408
overlap,850,c10,44,days_453.80_474.43,OVL-C4408
overlap,858,c10,44,days_453.80_474.43,OVL-C4408
overlap,881,c10,44,days_453.80_474.43,OVL-C4408
overlap,921,c10,44,days_453.80_474.43,OVL-C4408
overlap,924,c10,44,days_453.80_474.43,OVL-C4408
overlap,979,c10,44,days_453.80_474.43,OVL-C4408
overlap,991,c10,44,days_453.80_474.43,OVL-C4408
overlap,996,c10,44,days_453.80_474.43,OVL-C4408
overlap,1001,c10,44,days_453.80_474.43,OVL-C4408
overlap,0,c11,44,days_453.80_474.43,OVL-C4410
overlap,6,c11,44,days_453.80_474.43,OVL-C4410
overlap,19,c11,44,days_453.80_474.43,OVL-C4410
overlap,58,c11,44,days_453.80_474.43,OVL-C4410
overlap,78,c11,44,days_453.80_474.43,OVL-C4410
overlap,99,c11,44,days_453.80_474.43,OVL-C4410
overlap,130,c11,44,days_453.80_474.43,OVL-C4410
overlap,178,c11,44,days_453.80_474.43,OVL-C4410
overlap,228,c11,44,days_453.80_474.43,OVL-C4410
overlap,249,c11,44,days_453.80_474.43,OVL-C4410
overlap,295,c11,44,days_453.80_474.43,OVL-C4410
overlap,314,c11,44,days_453.80_474.43,OVL-C4410
overlap,333,c11,44,days_453.80_474.43,OVL-C4410
overlap,339,c11,44,days_453.80_474.43,OVL-C4410
overlap,359,c11,44,days_453.80_474.43,OVL-C4410
overlap,409,c11,44,days_453.80_474.43,OVL-C4410
overlap,470,c11,44,days_453.80_474.43,OVL-C4410
overlap,502,c11,44,days_453.80_474.43,OVL-C4410
overlap,519,c11,44,days_453.80_474.43,OVL-C4410
overlap,527,c11,44,days_453.80_474.43,OVL-C4410
overlap,538,c11,44,days_453.80_474.43,OVL-C4410
overlap,569,c11,44,days_453.80_474.43,OVL-C4410
overlap,599,c11,44,days_453.80_474.43,OVL-C4410
overlap,605,c11,44,days_453.80_474.43,OVL-C4410
overlap,693,c11,44,days_453.80_474.43,OVL-C4410
overlap,705,c11,44,days_453.80_474.43,OVL-C4410
overlap,710,c11,44,days_453.80_474.43,OVL-C4410
overlap,767,c11,44,days_453.80_474.43,OVL-C4410
overlap,789,c11,44,days_453.80_474.43,OVL-C4410
overlap,862,c11,44,days_453.80_474.43,OVL-C4410
overlap,878,c11,44,days_453.80_474.43,OVL-C4410
overlap,909,c11,44,days_453.80_474.43,OVL-C4410
overlap,929,c11,44,days_453.80_474.43,OVL-C4410
overlap,976,c11,44,days_453.80_474.43,OVL-C4410
overlap,17,c12,44,days_453.80_474.43,OVL-C4411
overlap,92,c12,44,days_453.80_474.43,OVL-C4411
overlap,136,c12,44,days_453.80_474.43,OVL-C4411
overlap,142,c12,44,days_453.80_474.43,OVL-C4411
overlap,200,c12,44,days_453.80_474.43,OVL-C4411
overlap,207,c12,44,days_453.80_474.43,OVL-C4411
overlap,224,c12,44,days_453.80_474.43,OVL-C4411
overlap,302,c12,44,days_453.80_474.43,OVL-C4411
overlap,316,c12,44,days_453.80_474.43,OVL-C4411
overlap,344,c12,44,days_453.80_474.43,OVL-C4411
overlap,349,c12,44,days_453.80_474.43,OVL-C4411
overlap,351,c12,44,days_453.80_474.43,OVL-C4411
overlap,387,c12,44,days_453.80_474.43,OVL-C4411
overlap,421,c12,44,days_453.80_474.43,OVL-C4411
overlap,424,c12,44,days_453.80_474.43,OVL-C4411
overlap,428,c12,44,days_453.80_474.43,OVL-C4411
overlap,543,c12,44,days_453.80_474.43,OVL-C4411
overlap,647,c12,44,days_453.80_474.43,OVL-C4411
overlap,795,c12,44,days_453.80_474.43,OVL-C4411
overlap,806,c12,44,days_453.80_474.43,OVL-C4411
overlap,838,c12,44,days_453.80_474.43,OVL-C4411
overlap,857,c12,44,days_453.80_474.43,OVL-C4411
overlap,888,c12,44,days_453.80_474.43,OVL-C4411
overlap,892,c12,44,days_453.80_474.43,OVL-C4411
overlap,915,c12,44,days_453.80_474.43,OVL-C4411
overlap,917,c12,44,days_453.80_474.43,OVL-C4411
overlap,952,c12,44,days_453.80_474.43,OVL-C4411
overlap,953,c12,44,days_453.80_474.43,OVL-C4411
overlap,962,c12,44,days_453.80_474.43,OVL-C4411
overlap,971,c12,44,days_453.80_474.43,OVL-C4411
overlap,990,c12,44,days_453.80_474.43,OVL-C4411
overlap,25,c13,44,days_453.80_474.43,OVL-C4412
overlap,41,c13,44,days_453.80_474.43,OVL-C4412
overlap,48,c13,44,days_453.80_474.43,OVL-C4412
overlap,73,c13,44,days_453.80_474.43,OVL-C4412
overlap,216,c13,44,days_453.80_474.43,OVL-C4412
overlap,318,c13,44,days_453.80_474.43,OVL-C4412
overlap,319,c13,44,days_453.80_474.43,OVL-C4412
overlap,321,c13,44,days_453.80_474.43,OVL-C4412
overlap,434,c13,44,days_453.80_474.43,OVL-C4412
overlap,458,c13,44,days_453.80_474.43,OVL-C4412
overlap,499,c13,44,days_453.80_474.43,OVL-C4412
overlap,503,c13,44,days_453.80_474.43,OVL-C4412
overlap,558,c13,44,days_453.80_474.43,OVL-C4412
overlap,565,c13,44,days_453.80_474.43,OVL-C4412
overlap,600,c13,44,days_453.80_474.43,OVL-C4412
overlap,601,c13,44,days_453.80_474.43,OVL-C4412
overlap,618,c13,44,days_453.80_474.43,OVL-C4412
overlap,672,c13,44,days_453.80_474.43,OVL-C4412
overlap,679,c13,44,days_453.80_474.43,OVL-C4412
overlap,684,c13,44,days_453.80_474.43,OVL-C4412
overlap,704,c13,44,days_453.80_474.43,OVL-C4412
overlap,723,c13,44,days_453.80_474.43,OVL-C4412
overlap,758,c13,44,days_453.80_474.43,OVL-C4412
overlap,844,c13,44,days_453.80_474.43,OVL-C4412
overlap,918,c13,44,days_453.80_474.43,OVL-C4412
overlap,919,c13,44,days_453.80_474.43,OVL-C4412
overlap,956,c13,44,days_453.80_474.43,OVL-C4412
overlap,1000,c13,44,days_453.80_474.43,OVL-C4412
overlap,1002,c13,44,days_453.80_474.43,OVL-C4412
overlap,62,c14,44,days_453.80_474.43,OVL-C4413
overlap,109,c14,44,days_453.80_474.43,OVL-C4413
overlap,113,c14,44,days_453.80_474.43,OVL-C4413
overlap,124,c14,44,days_453.80_474.43,OVL-C4413
overlap,163,c14,44,days_453.80_474.43,OVL-C4413
overlap,369,c14,44,days_453.80_474.43,OVL-C4413
overlap,389,c14,44,days_453.80_474.43,OVL-C4413
overlap,444,c14,44,days_453.80_474.43,OVL-C4413
overlap,485,c14,44,days_453.80_474.43,OVL-C4413
overlap,513,c14,44,days_453.80_474.43,OVL-C4413
overlap,518,c14,44,days_453.80_474.43,OVL-C4413
overlap,535,c14,44,days_453.80_474.43,OVL-C4413
overlap,542,c14,44,days_453.80_474.43,OVL-C4413
overlap,551,c14,44,days_453.80_474.43,OVL-C4413
overlap,604,c14,44,days_453.80_474.43,OVL-C4413
overlap,646,c14,44,days_453.80_474.43,OVL-C4413
overlap,683,c14,44,days_453.80_474.43,OVL-C4413
overlap,722,c14,44,days_453.80_474.43,OVL-C4413
overlap,799,c14,44,days_453.80_474.43,OVL-C4413
overlap,800,c14,44,days_453.80_474.43,OVL-C4413
overlap,823,c14,44,days_453.80_474.43,OVL-C4413
overlap,854,c14,44,days_453.80_474.43,OVL-C4413
overlap,895,c14,44,days_453.80_474.43,OVL-C4413
overlap,913,c14,44,days_453.80_474.43,OVL-C4413
overlap,38,c01,45,days_464.12_484.75,OVL-C4502
overlap,42,c01,45,days_464.12_484.75,OVL-C4502
overlap,46,c01,45,days_464.12_484.75,OVL-C4502
overlap,50,c01,45,days_464.12_484.75,OVL-C4502
overlap,64,c01,45,days_464.12_484.75,OVL-C4502
overlap,69,c01,45,days_464.12_484.75,OVL-C4502
overlap,84,c01,45,days_464.12_484.75,OVL-C4502
overlap,88,c01,45,days_464.12_484.75,OVL-C4502
overlap,96,c01,45,days_464.12_484.75,OVL-C4502
overlap,101,c01,45,days_464.12_484.75,OVL-C4502
overlap,102,c01,45,days_464.12_484.75,OVL-C4502
overlap,103,c01,45,days_464.12_484.75,OVL-C4502
overlap,105,c01,45,days_464.12_484.75,OVL-C4502
overlap,106,c01,45,days_464.12_484.75,OVL-C4502
overlap,114,c01,45,days_464.12_484.75,OVL-C4502
overlap,125,c01,45,days_464.12_484.75,OVL-C4502
overlap,132,c01,45,days_464.12_484.75,OVL-C4502
overlap,139,c01,45,days_464.12_484.75,OVL-C4502
overlap,153,c01,45,days_464.12_484.75,OVL-C4502
overlap,154,c01,45,days_464.12_484.75,OVL-C4502
overlap,164,c01,45,days_464.12_484.75,OVL-C4502
overlap,184,c01,45,days_464.12_484.75,OVL-C4502
overlap,206,c01,45,days_464.12_484.75,OVL-C4502
overlap,246,c01,45,days_464.12_484.75,OVL-C4502
overlap,247,c01,45,days_464.12_484.75,OVL-C4502
overlap,282,c01,45,days_464.12_484.75,OVL-C4502
overlap,299,c01,45,days_464.12_484.75,OVL-C4502
overlap,308,c01,45,days_464.12_484.75,OVL-C4502
overlap,309,c01,45,days_464.12_484.75,OVL-C4502
overlap,310,c01,45,days_464.12_484.75,OVL-C4502
overlap,320,c01,45,days_464.12_484.75,OVL-C4502
overlap,322,c01,45,days_464.12_484.75,OVL-C4502
overlap,323,c01,45,days_464.12_484.75,OVL-C4502
overlap,337,c01,45,days_464.12_484.75,OVL-C4502
overlap,343,c01,45,days_464.12_484.75,OVL-C4502
overlap,346,c01,45,days_464.12_484.75,OVL-C4502
overlap,368,c01,45,days_464.12_484.75,OVL-C4502
overlap,376,c01,45,days_464.12_484.75,OVL-C4502
overlap,378,c01,45,days_464.12_484.75,OVL-C4502
overlap,388,c01,45,days_464.12_484.75,OVL-C4502
overlap,399,c01,45,days_464.12_484.75,OVL-C4502
overlap,402,c01,45,days_464.12_484.75,OVL-C4502
overlap,407,c01,45,days_464.12_484.75,OVL-C4502
overlap,418,c01,45,days_464.12_484.75,OVL-C4502
overlap,420,c01,45,days_464.12_484.75,OVL-C4502
overlap,423,c01,45,days_464.12_484.75,OVL-C4502
overlap,460,c01,45,days_464.12_484.75,OVL-C4502
overlap,474,c01,45,days_464.12_484.75,OVL-C4502
overlap,477,c01,45,days_464.12_484.75,OVL-C4502
overlap,489,c01,45,days_464.12_484.75,OVL-C4502
overlap,505,c01,45,days_464.12_484.75,OVL-C4502
overlap,509,c01,45,days_464.12_484.75,OVL-C4502
overlap,510,c01,45,days_464.12_484.75,OVL-C4502
overlap,514,c01,45,days_464.12_484.75,OVL-C4502
overlap,534,c01,45,days_464.12_484.75,OVL-C4502
overlap,559,c01,45,days_464.12_484.75,OVL-C4502
overlap,562,c01,45,days_464.12_484.75,OVL-C4502
overlap,588,c01,45,days_464.12_484.75,OVL-C4502
overlap,601,c01,45,days_464.12_484.75,OVL-C4502
overlap,603,c01,45,days_464.12_484.75,OVL-C4502
overlap,622,c01,45,days_464.12_484.75,OVL-C4502
overlap,634,c01,45,days_464.12_484.75,OVL-C4502
overlap,638,c01,45,days_464.12_484.75,OVL-C4502
overlap,649,c01,45,days_464.12_484.75,OVL-C4502
overlap,663,c01,45,days_464.12_484.75,OVL-C4502
overlap,676,c01,45,days_464.12_484.75,OVL-C4502
overlap,724,c01,45,days_464.12_484.75,OVL-C4502
overlap,735,c01,45,days_464.12_484.75,OVL-C4502
overlap,754,c01,45,days_464.12_484.75,OVL-C4502
overlap,779,c01,45,days_464.12_484.75,OVL-C4502
overlap,780,c01,45,days_464.12_484.75,OVL-C4502
overlap,788,c01,45,days_464.12_484.75,OVL-C4502
overlap,822,c01,45,days_464.12_484.75,OVL-C4502
overlap,832,c01,45,days_464.12_484.75,OVL-C4502
overlap,836,c01,45,days_464.12_484.75,OVL-C4502
overlap,843,c01,45,days_464.12_484.75,OVL-C4502
overlap,853,c01,45,days_464.12_484.75,OVL-C4502
overlap,879,c01,45,days_464.12_484.75,OVL-C4502
overlap,883,c01,45,days_464.12_484.75,OVL-C4502
overlap,893,c01,45,days_464.12_484.75,OVL-C4502
overlap,906,c01,45,days_464.12_484.75,OVL-C4502
overlap,907,c01,45,days_464.12_484.75,OVL-C4502
overlap,919,c01,45,days_464.12_484.75,OVL-C4502
overlap,939,c01,45,days_464.12_484.75,OVL-C4502
overlap,943,c01,45,days_464.12_484.75,OVL-C4502
overlap,950,c01,45,days_464.12_484.75,OVL-C4502
overlap,969,c01,45,days_464.12_484.75,OVL-C4502
overlap,977,c01,45,days_464.12_484.75,OVL-C4502
overlap,996,c01,45,days_464.12_484.75,OVL-C4502
overlap,1004,c01,45,days_464.12_484.75,OVL-C4502
overlap,4,c02,45,days_464.12_484.75,OVL-C4511
overlap,60,c02,45,days_464.12_484.75,OVL-C4511
overlap,82,c02,45,days_464.12_484.75,OVL-C4511
overlap,83,c02,45,days_464.12_484.75,OVL-C4511
overlap,135,c02,45,days_464.12_484.75,OVL-C4511
overlap,137,c02,45,days_464.12_484.75,OVL-C4511
overlap,155,c02,45,days_464.12_484.75,OVL-C4511
overlap,292,c02,45,days_464.12_484.75,OVL-C4511
overlap,300,c02,45,days_464.12_484.75,OVL-C4511
overlap,304,c02,45,days_464.12_484.75,OVL-C4511
overlap,306,c02,45,days_464.12_484.75,OVL-C4511
overlap,317,c02,45,days_464.12_484.75,OVL-C4511
overlap,326,c02,45,days_464.12_484.75,OVL-C4511
overlap,371,c02,45,days_464.12_484.75,OVL-C4511
overlap,374,c02,45,days_464.12_484.75,OVL-C4511
overlap,390,c02,45,days_464.12_484.75,OVL-C4511
overlap,400,c02,45,days_464.12_484.75,OVL-C4511
overlap,405,c02,45,days_464.12_484.75,OVL-C4511
overlap,441,c02,45,days_464.12_484.75,OVL-C4511
overlap,488,c02,45,days_464.12_484.75,OVL-C4511
overlap,533,c02,45,days_464.12_484.75,OVL-C4511
overlap,581,c02,45,days_464.12_484.75,OVL-C4511
overlap,587,c02,45,days_464.12_484.75,OVL-C4511
overlap,628,c02,45,days_464.12_484.75,OVL-C4511
overlap,659,c02,45,days_464.12_484.75,OVL-C4511
overlap,703,c02,45,days_464.12_484.75,OVL-C4511
overlap,725,c02,45,days_464.12_484.75,OVL-C4511
overlap,769,c02,45,days_464.12_484.75,OVL-C4511
overlap,774,c02,45,days_464.12_484.75,OVL-C4511
overlap,784,c02,45,days_464.12_484.75,OVL-C4511
overlap,870,c02,45,days_464.12_484.75,OVL-C4511
overlap,901,c02,45,days_464.12_484.75,OVL-C4511
overlap,937,c02,45,days_464.12_484.75,OVL-C4511
overlap,942,c02,45,days_464.12_484.75,OVL-C4511
overlap,947,c02,45,days_464.12_484.75,OVL-C4511
overlap,24,c03,45,days_464.12_484.75,OVL-C4503
overlap,35,c03,45,days_464.12_484.75,OVL-C4503
overlap,67,c03,45,days_464.12_484.75,OVL-C4503
overlap,141,c03,45,days_464.12_484.75,OVL-C4503
overlap,148,c03,45,days_464.12_484.75,OVL-C4503
overlap,160,c03,45,days_464.12_484.75,OVL-C4503
overlap,167,c03,45,days_464.12_484.75,OVL-C4503
overlap,181,c03,45,days_464.12_484.75,OVL-C4503
overlap,188,c03,45,days_464.12_484.75,OVL-C4503
overlap,190,c03,45,days_464.12_484.75,OVL-C4503
overlap,207,c03,45,days_464.12_484.75,OVL-C4503
overlap,229,c03,45,days_464.12_484.75,OVL-C4503
overlap,241,c03,45,days_464.12_484.75,OVL-C4503
overlap,267,c03,45,days_464.12_484.75,OVL-C4503
overlap,274,c03,45,days_464.12_484.75,OVL-C4503
overlap,280,c03,45,days_464.12_484.75,OVL-C4503
overlap,281,c03,45,days_464.12_484.75,OVL-C4503
overlap,288,c03,45,days_464.12_484.75,OVL-C4503
overlap,301,c03,45,days_464.12_484.75,OVL-C4503
overlap,353,c03,45,days_464.12_484.75,OVL-C4503
overlap,360,c03,45,days_464.12_484.75,OVL-C4503
overlap,373,c03,45,days_464.12_484.75,OVL-C4503
overlap,387,c03,45,days_464.12_484.75,OVL-C4503
overlap,391,c03,45,days_464.12_484.75,OVL-C4503
overlap,397,c03,45,days_464.12_484.75,OVL-C4503
overlap,414,c03,45,days_464.12_484.75,OVL-C4503
overlap,421,c03,45,days_464.12_484.75,OVL-C4503
overlap,424,c03,45,days_464.12_484.75,OVL-C4503
overlap,431,c03,45,days_464.12_484.75,OVL-C4503
overlap,445,c03,45,days_464.12_484.75,OVL-C4503
overlap,451,c03,45,days_464.12_484.75,OVL-C4503
overlap,469,c03,45,days_464.12_484.75,OVL-C4503
overlap,478,c03,45,days_464.12_484.75,OVL-C4503
overlap,484,c03,45,days_464.12_484.75,OVL-C4503
overlap,486,c03,45,days_464.12_484.75,OVL-C4503
overlap,493,c03,45,days_464.12_484.75,OVL-C4503
overlap,497,c03,45,days_464.12_484.75,OVL-C4503
overlap,512,c03,45,days_464.12_484.75,OVL-C4503
overlap,526,c03,45,days_464.12_484.75,OVL-C4503
overlap,530,c03,45,days_464.12_484.75,OVL-C4503
overlap,547,c03,45,days_464.12_484.75,OVL-C4503
overlap,552,c03,45,days_464.12_484.75,OVL-C4503
overlap,561,c03,45,days_464.12_484.75,OVL-C4503
overlap,585,c03,45,days_464.12_484.75,OVL-C4503
overlap,610,c03,45,days_464.12_484.75,OVL-C4503
overlap,614,c03,45,days_464.12_484.75,OVL-C4503
overlap,629,c03,45,days_464.12_484.75,OVL-C4503
overlap,630,c03,45,days_464.12_484.75,OVL-C4503
overlap,631,c03,45,days_464.12_484.75,OVL-C4503
overlap,656,c03,45,days_464.12_484.75,OVL-C4503
overlap,658,c03,45,days_464.12_484.75,OVL-C4503
overlap,671,c03,45,days_464.12_484.75,OVL-C4503
overlap,685,c03,45,days_464.12_484.75,OVL-C4503
overlap,750,c03,45,days_464.12_484.75,OVL-C4503
overlap,751,c03,45,days_464.12_484.75,OVL-C4503
overlap,773,c03,45,days_464.12_484.75,OVL-C4503
overlap,795,c03,45,days_464.12_484.75,OVL-C4503
overlap,817,c03,45,days_464.12_484.75,OVL-C4503
overlap,846,c03,45,days_464.12_484.75,OVL-C4503
overlap,851,c03,45,days_464.12_484.75,OVL-C4503
overlap,865,c03,45,days_464.12_484.75,OVL-C4503
overlap,891,c03,45,days_464.12_484.75,OVL-C4503
overlap,902,c03,45,days_464.12_484.75,OVL-C4503
overlap,905,c03,45,days_464.12_484.75,OVL-C4503
overlap,920,c03,45,days_464.12_484.75,OVL-C4503
overlap,954,c03,45,days_464.12_484.75,OVL-C4503
overlap,957,c03,45,days_464.12_484.75,OVL-C4503
overlap,963,c03,45,days_464.12_484.75,OVL-C4503
overlap,975,c03,45,days_464.12_484.75,OVL-C4503
overlap,978,c03,45,days_464.12_484.75,OVL-C4503
overlap,988,c03,45,days_464.12_484.75,OVL-C4503
overlap,995,c03,45,days_464.12_484.75,OVL-C4503
overlap,8,c05,45,days_464.12_484.75,OVL-C4505
overlap,28,c05,45,days_464.12_484.75,OVL-C4505
overlap,32,c05,45,days_464.12_484.75,OVL-C4505
overlap,56,c05,45,days_464.12_484.75,OVL-C4505
overlap,68,c05,45,days_464.12_484.75,OVL-C4505
overlap,95,c05,45,days_464.12_484.75,OVL-C4505
overlap,143,c05,45,days_464.12_484.75,OVL-C4505
overlap,144,c05,45,days_464.12_484.75,OVL-C4505
overlap,170,c05,45,days_464.12_484.75,OVL-C4505
overlap,197,c05,45,days_464.12_484.75,OVL-C4505
overlap,226,c05,45,days_464.12_484.75,OVL-C4505
overlap,231,c05,45,days_464.12_484.75,OVL-C4505
overlap,245,c05,45,days_464.12_484.75,OVL-C4505
overlap,251,c05,45,days_464.12_484.75,OVL-C4505
overlap,264,c05,45,days_464.12_484.75,OVL-C4505
overlap,293,c05,45,days_464.12_484.75,OVL-C4505
overlap,311,c05,45,days_464.12_484.75,OVL-C4505
overlap,329,c05,45,days_464.12_484.75,OVL-C4505
overlap,338,c05,45,days_464.12_484.75,OVL-C4505
overlap,361,c05,45,days_464.12_484.75,OVL-C4505
overlap,364,c05,45,days_464.12_484.75,OVL-C4505
overlap,427,c05,45,days_464.12_484.75,OVL-C4505
overlap,433,c05,45,days_464.12_484.75,OVL-C4505
overlap,480,c05,45,days_464.12_484.75,OVL-C4505
overlap,482,c05,45,days_464.12_484.75,OVL-C4505
overlap,511,c05,45,days_464.12_484.75,OVL-C4505
overlap,523,c05,45,days_464.12_484.75,OVL-C4505
overlap,531,c05,45,days_464.12_484.75,OVL-C4505
overlap,540,c05,45,days_464.12_484.75,OVL-C4505
overlap,544,c05,45,days_464.12_484.75,OVL-C4505
overlap,580,c05,45,days_464.12_484.75,OVL-C4505
overlap,582,c05,45,days_464.12_484.75,OVL-C4505
overlap,624,c05,45,days_464.12_484.75,OVL-C4505
overlap,626,c05,45,days_464.12_484.75,OVL-C4505
overlap,641,c05,45,days_464.12_484.75,OVL-C4505
overlap,669,c05,45,days_464.12_484.75,OVL-C4505
overlap,697,c05,45,days_464.12_484.75,OVL-C4505
overlap,698,c05,45,days_464.12_484.75,OVL-C4505
overlap,736,c05,45,days_464.12_484.75,OVL-C4505
overlap,739,c05,45,days_464.12_484.75,OVL-C4505
overlap,764,c05,45,days_464.12_484.75,OVL-C4505
overlap,771,c05,45,days_464.12_484.75,OVL-C4505
overlap,791,c05,45,days_464.12_484.75,OVL-C4505
overlap,796,c05,45,days_464.12_484.75,OVL-C4505
overlap,798,c05,45,days_464.12_484.75,OVL-C4505
overlap,809,c05,45,days_464.12_484.75,OVL-C4505
overlap,819,c05,45,days_464.12_484.75,OVL-C4505
overlap,840,c05,45,days_464.12_484.75,OVL-C4505
overlap,849,c05,45,days_464.12_484.75,OVL-C4505
overlap,855,c05,45,days_464.12_484.75,OVL-C4505
overlap,863,c05,45,days_464.12_484.75,OVL-C4505
overlap,872,c05,45,days_464.12_484.75,OVL-C4505
overlap,873,c05,45,days_464.12_484.75,OVL-C4505
overlap,874,c05,45,days_464.12_484.75,OVL-C4505
overlap,925,c05,45,days_464.12_484.75,OVL-C4505
overlap,955,c05,45,days_464.12_484.75,OVL-C4505
overlap,987,c05,45,days_464.12_484.75,OVL-C4505
overlap,994,c05,45,days_464.12_484.75,OVL-C4505
overlap,5,c06,45,days_464.12_484.75,OVL-C4508
overlap,29,c06,45,days_464.12_484.75,OVL-C4508
overlap,93,c06,45,days_464.12_484.75,OVL-C4508
overlap,107,c06,45,days_464.12_484.75,OVL-C4508
overlap,118,c06,45,days_464.12_484.75,OVL-C4508
overlap,175,c06,45,days_464.12_484.75,OVL-C4508
overlap,192,c06,45,days_464.12_484.75,OVL-C4508
overlap,201,c06,45,days_464.12_484.75,OVL-C4508
overlap,208,c06,45,days_464.12_484.75,OVL-C4508
overlap,236,c06,45,days_464.12_484.75,OVL-C4508
overlap,275,c06,45,days_464.12_484.75,OVL-C4508
overlap,289,c06,45,days_464.12_484.75,OVL-C4508
overlap,327,c06,45,days_464.12_484.75,OVL-C4508
overlap,335,c06,45,days_464.12_484.75,OVL-C4508
overlap,365,c06,45,days_464.12_484.75,OVL-C4508
overlap,380,c06,45,days_464.12_484.75,OVL-C4508
overlap,381,c06,45,days_464.12_484.75,OVL-C4508
overlap,393,c06,45,days_464.12_484.75,OVL-C4508
overlap,440,c06,45,days_464.12_484.75,OVL-C4508
overlap,464,c06,45,days_464.12_484.75,OVL-C4508
overlap,468,c06,45,days_464.12_484.75,OVL-C4508
overlap,479,c06,45,days_464.12_484.75,OVL-C4508
overlap,491,c06,45,days_464.12_484.75,OVL-C4508
overlap,532,c06,45,days_464.12_484.75,OVL-C4508
overlap,537,c06,45,days_464.12_484.75,OVL-C4508
overlap,553,c06,45,days_464.12_484.75,OVL-C4508
overlap,643,c06,45,days_464.12_484.75,OVL-C4508
overlap,652,c06,45,days_464.12_484.75,OVL-C4508
overlap,664,c06,45,days_464.12_484.75,OVL-C4508
overlap,670,c06,45,days_464.12_484.75,OVL-C4508
overlap,688,c06,45,days_464.12_484.75,OVL-C4508
overlap,732,c06,45,days_464.12_484.75,OVL-C4508
overlap,737,c06,45,days_464.12_484.75,OVL-C4508
overlap,808,c06,45,days_464.12_484.75,OVL-C4508
overlap,810,c06,45,days_464.12_484.75,OVL-C4508
overlap,898,c06,45,days_464.12_484.75,OVL-C4508
overlap,899,c06,45,days_464.12_484.75,OVL-C4508
overlap,980,c06,45,days_464.12_484.75,OVL-C4508
overlap,985,c06,45,days_464.12_484.75,OVL-C4508
overlap,16,c07,45,days_464.12_484.75,OVL-C4504
overlap,55,c07,45,days_464.12_484.75,OVL-C4504
overlap,61,c07,45,days_464.12_484.75,OVL-C4504
overlap,71,c07,45,days_464.12_484.75,OVL-C4504
overlap,122,c07,45,days_464.12_484.75,OVL-C4504
overlap,127,c07,45,days_464.12_484.75,OVL-C4504
overlap,129,c07,45,days_464.12_484.75,OVL-C4504
overlap,147,c07,45,days_464.12_484.75,OVL-C4504
overlap,149,c07,45,days_464.12_484.75,OVL-C4504
overlap,150,c07,45,days_464.12_484.75,OVL-C4504
overlap,157,c07,45,days_464.12_484.75,OVL-C4504
overlap,169,c07,45,days_464.12_484.75,OVL-C4504
overlap,171,c07,45,days_464.12_484.75,OVL-C4504
overlap,189,c07,45,days_464.12_484.75,OVL-C4504
overlap,223,c07,45,days_464.12_484.75,OVL-C4504
overlap,225,c07,45,days_464.12_484.75,OVL-C4504
overlap,237,c07,45,days_464.12_484.75,OVL-C4504
overlap,248,c07,45,days_464.12_484.75,OVL-C4504
overlap,255,c07,45,days_464.12_484.75,OVL-C4504
overlap,273,c07,45,days_464.12_484.75,OVL-C4504
overlap,277,c07,45,days_464.12_484.75,OVL-C4504
overlap,285,c07,45,days_464.12_484.75,OVL-C4504
overlap,324,c07,45,days_464.12_484.75,OVL-C4504
overlap,336,c07,45,days_464.12_484.75,OVL-C4504
overlap,347,c07,45,days_464.12_484.75,OVL-C4504
overlap,355,c07,45,days_464.12_484.75,OVL-C4504
overlap,372,c07,45,days_464.12_484.75,OVL-C4504
overlap,377,c07,45,days_464.12_484.75,OVL-C4504
overlap,404,c07,45,days_464.12_484.75,OVL-C4504
overlap,410,c07,45,days_464.12_484.75,OVL-C4504
overlap,457,c07,45,days_464.12_484.75,OVL-C4504
overlap,459,c07,45,days_464.12_484.75,OVL-C4504
overlap,471,c07,45,days_464.12_484.75,OVL-C4504
overlap,517,c07,45,days_464.12_484.75,OVL-C4504
overlap,522,c07,45,days_464.12_484.75,OVL-C4504
overlap,546,c07,45,days_464.12_484.75,OVL-C4504
overlap,550,c07,45,days_464.12_484.75,OVL-C4504
overlap,577,c07,45,days_464.12_484.75,OVL-C4504
overlap,590,c07,45,days_464.12_484.75,OVL-C4504
overlap,595,c07,45,days_464.12_484.75,OVL-C4504
overlap,660,c07,45,days_464.12_484.75,OVL-C4504
overlap,681,c07,45,days_464.12_484.75,OVL-C4504
overlap,686,c07,45,days_464.12_484.75,OVL-C4504
overlap,706,c07,45,days_464.12_484.75,OVL-C4504
overlap,708,c07,45,days_464.12_484.75,OVL-C4504
overlap,711,c07,45,days_464.12_484.75,OVL-C4504
overlap,715,c07,45,days_464.12_484.75,OVL-C4504
overlap,716,c07,45,days_464.12_484.75,OVL-C4504
overlap,718,c07,45,days_464.12_484.75,OVL-C4504
overlap,748,c07,45,days_464.12_484.75,OVL-C4504
overlap,777,c07,45,days_464.12_484.75,OVL-C4504
overlap,866,c07,45,days_464.12_484.75,OVL-C4504
overlap,904,c07,45,days_464.12_484.75,OVL-C4504
overlap,916,c07,45,days_464.12_484.75,OVL-C4504
overlap,926,c07,45,days_464.12_484.75,OVL-C4504
overlap,931,c07,45,days_464.12_484.75,OVL-C4504
overlap,933,c07,45,days_464.12_484.75,OVL-C4504
overlap,934,c07,45,days_464.12_484.75,OVL-C4504
overlap,951,c07,45,days_464.12_484.75,OVL-C4504
overlap,972,c07,45,days_464.12_484.75,OVL-C4504
overlap,3,c08,45,days_464.12_484.75,OVL-C4510
overlap,21,c08,45,days_464.12_484.75,OVL-C4510
overlap,45,c08,45,days_464.12_484.75,OVL-C4510
overlap,66,c08,45,days_464.12_484.75,OVL-C4510
overlap,74,c08,45,days_464.12_484.75,OVL-C4510
overlap,112,c08,45,days_464.12_484.75,OVL-C4510
overlap,126,c08,45,days_464.12_484.75,OVL-C4510
overlap,166,c08,45,days_464.12_484.75,OVL-C4510
overlap,240,c08,45,days_464.12_484.75,OVL-C4510
overlap,294,c08,45,days_464.12_484.75,OVL-C4510
overlap,332,c08,45,days_464.12_484.75,OVL-C4510
overlap,392,c08,45,days_464.12_484.75,OVL-C4510
overlap,435,c08,45,days_464.12_484.75,OVL-C4510
overlap,447,c08,45,days_464.12_484.75,OVL-C4510
overlap,466,c08,45,days_464.12_484.75,OVL-C4510
overlap,500,c08,45,days_464.12_484.75,OVL-C4510
overlap,507,c08,45,days_464.12_484.75,OVL-C4510
overlap,515,c08,45,days_464.12_484.75,OVL-C4510
overlap,539,c08,45,days_464.12_484.75,OVL-C4510
overlap,573,c08,45,days_464.12_484.75,OVL-C4510
overlap,586,c08,45,days_464.12_484.75,OVL-C4510
overlap,674,c08,45,days_464.12_484.75,OVL-C4510
overlap,677,c08,45,days_464.12_484.75,OVL-C4510
overlap,717,c08,45,days_464.12_484.75,OVL-C4510
overlap,759,c08,45,days_464.12_484.75,OVL-C4510
overlap,762,c08,45,days_464.12_484.75,OVL-C4510
overlap,782,c08,45,days_464.12_484.75,OVL-C4510
overlap,803,c08,45,days_464.12_484.75,OVL-C4510
overlap,814,c08,45,days_464.12_484.75,OVL-C4510
overlap,825,c08,45,days_464.12_484.75,OVL-C4510
overlap,867,c08,45,days_464.12_484.75,OVL-C4510
overlap,869,c08,45,days_464.12_484.75,OVL-C4510
overlap,885,c08,45,days_464.12_484.75,OVL-C4510
overlap,889,c08,45,days_464.12_484.75,OVL-C4510
overlap,974,c08,45,days_464.12_484.75,OVL-C4510
overlap,984,c08,45,days_464.12_484.75,OVL-C4510
overlap,30,c09,45,days_464.12_484.75,OVL-C4506
overlap,52,c09,45,days_464.12_484.75,OVL-C4506
overlap,77,c09,45,days_464.12_484.75,OVL-C4506
overlap,104,c09,45,days_464.12_484.75,OVL-C4506
overlap,109,c09,45,days_464.12_484.75,OVL-C4506
overlap,111,c09,45,days_464.12_484.75,OVL-C4506
overlap,133,c09,45,days_464.12_484.75,OVL-C4506
overlap,168,c09,45,days_464.12_484.75,OVL-C4506
overlap,182,c09,45,days_464.12_484.75,OVL-C4506
overlap,232,c09,45,days_464.12_484.75,OVL-C4506
overlap,250,c09,45,days_464.12_484.75,OVL-C4506
overlap,256,c09,45,days_464.12_484.75,OVL-C4506
overlap,257,c09,45,days_464.12_484.75,OVL-C4506
overlap,260,c09,45,days_464.12_484.75,OVL-C4506
overlap,266,c09,45,days_464.12_484.75,OVL-C4506
overlap,313,c09,45,days_464.12_484.75,OVL-C4506
overlap,356,c09,45,days_464.12_484.75,OVL-C4506
overlap,416,c09,45,days_464.12_484.75,OVL-C4506
overlap,425,c09,45,days_464.12_484.75,OVL-C4506
overlap,439,c09,45,days_464.12_484.75,OVL-C4506
overlap,472,c09,45,days_464.12_484.75,OVL-C4506
overlap,521,c09,45,days_464.12_484.75,OVL-C4506
overlap,545,c09,45,days_464.12_484.75,OVL-C4506
overlap,556,c09,45,days_464.12_484.75,OVL-C4506
overlap,557,c09,45,days_464.12_484.75,OVL-C4506
overlap,574,c09,45,days_464.12_484.75,OVL-C4506
overlap,575,c09,45,days_464.12_484.75,OVL-C4506
overlap,598,c09,45,days_464.12_484.75,OVL-C4506
overlap,602,c09,45,days_464.12_484.75,OVL-C4506
overlap,648,c09,45,days_464.12_484.75,OVL-C4506
overlap,672,c09,45,days_464.12_484.75,OVL-C4506
overlap,699,c09,45,days_464.12_484.75,OVL-C4506
overlap,721,c09,45,days_464.12_484.75,OVL-C4506
overlap,730,c09,45,days_464.12_484.75,OVL-C4506
overlap,743,c09,45,days_464.12_484.75,OVL-C4506
overlap,744,c09,45,days_464.12_484.75,OVL-C4506
overlap,765,c09,45,days_464.12_484.75,OVL-C4506
overlap,790,c09,45,days_464.12_484.75,OVL-C4506
overlap,868,c09,45,days_464.12_484.75,OVL-C4506
overlap,886,c09,45,days_464.12_484.75,OVL-C4506
overlap,908,c09,45,days_464.12_484.75,OVL-C4506
overlap,912,c09,45,days_464.12_484.75,OVL-C4506
overlap,946,c09,45,days_464.12_484.75,OVL-C4506
overlap,948,c09,45,days_464.12_484.75,OVL-C4506
overlap,949,c09,45,days_464.12_484.75,OVL-C4506
overlap,966,c09,45,days_464.12_484.75,OVL-C4506
overlap,13,c10,45,days_464.12_484.75,OVL-C4509
overlap,14,c10,45,days_464.12_484.75,OVL-C4509
overlap,158,c10,45,days_464.12_484.75,OVL-C4509
overlap,173,c10,45,days_464.12_484.75,OVL-C4509
overlap,199,c10,45,days_464.12_484.75,OVL-C4509
overlap,270,c10,45,days_464.12_484.75,OVL-C4509
overlap,382,c10,45,days_464.12_484.75,OVL-C4509
overlap,396,c10,45,days_464.12_484.75,OVL-C4509
overlap,437,c10,45,days_464.12_484.75,OVL-C4509
overlap,506,c10,45,days_464.12_484.75,OVL-C4509
overlap,516,c10,45,days_464.12_484.75,OVL-C4509
overlap,541,c10,45,days_464.12_484.75,OVL-C4509
overlap,576,c10,45,days_464.12_484.75,OVL-C4509
overlap,611,c10,45,days_464.12_484.75,OVL-C4509
overlap,644,c10,45,days_464.12_484.75,OVL-C4509
overlap,650,c10,45,days_464.12_484.75,OVL-C4509
overlap,654,c10,45,days_464.12_484.75,OVL-C4509
overlap,657,c10,45,days_464.12_484.75,OVL-C4509
overlap,682,c10,45,days_464.12_484.75,OVL-C4509
overlap,702,c10,45,days_464.12_484.75,OVL-C4509
overlap,719,c10,45,days_464.12_484.75,OVL-C4509
overlap,738,c10,45,days_464.12_484.75,OVL-C4509
overlap,745,c10,45,days_464.12_484.75,OVL-C4509
overlap,761,c10,45,days_464.12_484.75,OVL-C4509
overlap,778,c10,45,days_464.12_484.75,OVL-C4509
overlap,783,c10,45,days_464.12_484.75,OVL-C4509
overlap,804,c10,45,days_464.12_484.75,OVL-C4509
overlap,828,c10,45,days_464.12_484.75,OVL-C4509
overlap,837,c10,45,days_464.12_484.75,OVL-C4509
overlap,850,c10,45,days_464.12_484.75,OVL-C4509
overlap,858,c10,45,days_464.12_484.75,OVL-C4509
overlap,881,c10,45,days_464.12_484.75,OVL-C4509
overlap,921,c10,45,days_464.12_484.75,OVL-C4509
overlap,924,c10,45,days_464.12_484.75,OVL-C4509
overlap,945,c10,45,days_464.12_484.75,OVL-C4509
overlap,979,c10,45,days_464.12_484.75,OVL-C4509
overlap,991,c10,45,days_464.12_484.75,OVL-C4509
overlap,1001,c10,45,days_464.12_484.75,OVL-C4509
overlap,0,c11,45,days_464.12_484.75,OVL-C4507
overlap,2,c11,45,days_464.12_484.75,OVL-C4507
overlap,6,c11,45,days_464.12_484.75,OVL-C4507
overlap,19,c11,45,days_464.12_484.75,OVL-C4507
overlap,78,c11,45,days_464.12_484.75,OVL-C4507
overlap,99,c11,45,days_464.12_484.75,OVL-C4507
overlap,119,c11,45,days_464.12_484.75,OVL-C4507
overlap,130,c11,45,days_464.12_484.75,OVL-C4507
overlap,178,c11,45,days_464.12_484.75,OVL-C4507
overlap,228,c11,45,days_464.12_484.75,OVL-C4507
overlap,249,c11,45,days_464.12_484.75,OVL-C4507
overlap,295,c11,45,days_464.12_484.75,OVL-C4507
overlap,314,c11,45,days_464.12_484.75,OVL-C4507
overlap,333,c11,45,days_464.12_484.75,OVL-C4507
overlap,339,c11,45,days_464.12_484.75,OVL-C4507
overlap,359,c11,45,days_464.12_484.75,OVL-C4507
overlap,409,c11,45,days_464.12_484.75,OVL-C4507
overlap,465,c11,45,days_464.12_484.75,OVL-C4507
overlap,470,c11,45,days_464.12_484.75,OVL-C4507
overlap,502,c11,45,days_464.12_484.75,OVL-C4507
overlap,519,c11,45,days_464.12_484.75,OVL-C4507
overlap,527,c11,45,days_464.12_484.75,OVL-C4507
overlap,538,c11,45,days_464.12_484.75,OVL-C4507
overlap,569,c11,45,days_464.12_484.75,OVL-C4507
overlap,599,c11,45,days_464.12_484.75,OVL-C4507
overlap,605,c11,45,days_464.12_484.75,OVL-C4507
overlap,693,c11,45,days_464.12_484.75,OVL-C4507
overlap,700,c11,45,days_464.12_484.75,OVL-C4507
overlap,705,c11,45,days_464.12_484.75,OVL-C4507
overlap,710,c11,45,days_464.12_484.75,OVL-C4507
overlap,749,c11,45,days_464.12_484.75,OVL-C4507
overlap,767,c11,45,days_464.12_484.75,OVL-C4507
overlap,768,c11,45,days_464.12_484.75,OVL-C4507
overlap,786,c11,45,days_464.12_484.75,OVL-C4507
overlap,789,c11,45,days_464.12_484.75,OVL-C4507
overlap,812,c11,45,days_464.12_484.75,OVL-C4507
overlap,862,c11,45,days_464.12_484.75,OVL-C4507
overlap,878,c11,45,days_464.12_484.75,OVL-C4507
overlap,929,c11,45,days_464.12_484.75,OVL-C4507
overlap,976,c11,45,days_464.12_484.75,OVL-C4507
overlap,17,c12,45,days_464.12_484.75,OVL-C4513
overlap,92,c12,45,days_464.12_484.75,OVL-C4513
overlap,136,c12,45,days_464.12_484.75,OVL-C4513
overlap,142,c12,45,days_464.12_484.75,OVL-C4513
overlap,200,c12,45,days_464.12_484.75,OVL-C4513
overlap,224,c12,45,days_464.12_484.75,OVL-C4513
overlap,302,c12,45,days_464.12_484.75,OVL-C4513
overlap,316,c12,45,days_464.12_484.75,OVL-C4513
overlap,344,c12,45,days_464.12_484.75,OVL-C4513
overlap,349,c12,45,days_464.12_484.75,OVL-C4513
overlap,351,c12,45,days_464.12_484.75,OVL-C4513
overlap,428,c12,45,days_464.12_484.75,OVL-C4513
overlap,543,c12,45,days_464.12_484.75,OVL-C4513
overlap,647,c12,45,days_464.12_484.75,OVL-C4513
overlap,806,c12,45,days_464.12_484.75,OVL-C4513
overlap,838,c12,45,days_464.12_484.75,OVL-C4513
overlap,857,c12,45,days_464.12_484.75,OVL-C4513
overlap,888,c12,45,days_464.12_484.75,OVL-C4513
overlap,892,c12,45,days_464.12_484.75,OVL-C4513
overlap,915,c12,45,days_464.12_484.75,OVL-C4513
overlap,917,c12,45,days_464.12_484.75,OVL-C4513
overlap,952,c12,45,days_464.12_484.75,OVL-C4513
overlap,953,c12,45,days_464.12_484.75,OVL-C4513
overlap,971,c12,45,days_464.12_484.75,OVL-C4513
overlap,990,c12,45,days_464.12_484.75,OVL-C4513
overlap,25,c13,45,days_464.12_484.75,OVL-C4512
overlap,41,c13,45,days_464.12_484.75,OVL-C4512
overlap,48,c13,45,days_464.12_484.75,OVL-C4512
overlap,73,c13,45,days_464.12_484.75,OVL-C4512
overlap,216,c13,45,days_464.12_484.75,OVL-C4512
overlap,318,c13,45,days_464.12_484.75,OVL-C4512
overlap,319,c13,45,days_464.12_484.75,OVL-C4512
overlap,321,c13,45,days_464.12_484.75,OVL-C4512
overlap,386,c13,45,days_464.12_484.75,OVL-C4512
overlap,458,c13,45,days_464.12_484.75,OVL-C4512
overlap,499,c13,45,days_464.12_484.75,OVL-C4512
overlap,503,c13,45,days_464.12_484.75,OVL-C4512
overlap,558,c13,45,days_464.12_484.75,OVL-C4512
overlap,565,c13,45,days_464.12_484.75,OVL-C4512
overlap,600,c13,45,days_464.12_484.75,OVL-C4512
overlap,618,c13,45,days_464.12_484.75,OVL-C4512
overlap,679,c13,45,days_464.12_484.75,OVL-C4512
overlap,683,c13,45,days_464.12_484.75,OVL-C4512
overlap,684,c13,45,days_464.12_484.75,OVL-C4512
overlap,704,c13,45,days_464.12_484.75,OVL-C4512
overlap,723,c13,45,days_464.12_484.75,OVL-C4512
overlap,758,c13,45,days_464.12_484.75,OVL-C4512
overlap,844,c13,45,days_464.12_484.75,OVL-C4512
overlap,918,c13,45,days_464.12_484.75,OVL-C4512
overlap,956,c13,45,days_464.12_484.75,OVL-C4512
overlap,1000,c13,45,days_464.12_484.75,OVL-C4512
overlap,1002,c13,45,days_464.12_484.75,OVL-C4512
overlap,62,c14,45,days_464.12_484.75,OVL-C4514
overlap,113,c14,45,days_464.12_484.75,OVL-C4514
overlap,124,c14,45,days_464.12_484.75,OVL-C4514
overlap,163,c14,45,days_464.12_484.75,OVL-C4514
overlap,263,c14,45,days_464.12_484.75,OVL-C4514
overlap,369,c14,45,days_464.12_484.75,OVL-C4514
overlap,444,c14,45,days_464.12_484.75,OVL-C4514
overlap,485,c14,45,days_464.12_484.75,OVL-C4514
overlap,513,c14,45,days_464.12_484.75,OVL-C4514
overlap,518,c14,45,days_464.12_484.75,OVL-C4514
overlap,535,c14,45,days_464.12_484.75,OVL-C4514
overlap,542,c14,45,days_464.12_484.75,OVL-C4514
overlap,551,c14,45,days_464.12_484.75,OVL-C4514
overlap,646,c14,45,days_464.12_484.75,OVL-C4514
overlap,722,c14,45,days_464.12_484.75,OVL-C4514
overlap,740,c14,45,days_464.12_484.75,OVL-C4514
overlap,799,c14,45,days_464.12_484.75,OVL-C4514
overlap,800,c14,45,days_464.12_484.75,OVL-C4514
overlap,823,c14,45,days_464.12_484.75,OVL-C4514
overlap,854,c14,45,days_464.12_484.75,OVL-C4514
overlap,895,c14,45,days_464.12_484.75,OVL-C4514
overlap,913,c14,45,days_464.12_484.75,OVL-C4514
overlap,22,c01,46,days_474.43_495.06,OVL-C4601
overlap,38,c01,46,days_474.43_495.06,OVL-C4601
overlap,42,c01,46,days_474.43_495.06,OVL-C4601
overlap,46,c01,46,days_474.43_495.06,OVL-C4601
overlap,50,c01,46,days_474.43_495.06,OVL-C4601
overlap,64,c01,46,days_474.43_495.06,OVL-C4601
overlap,70,c01,46,days_474.43_495.06,OVL-C4601
overlap,84,c01,46,days_474.43_495.06,OVL-C4601
overlap,88,c01,46,days_474.43_495.06,OVL-C4601
overlap,96,c01,46,days_474.43_495.06,OVL-C4601
overlap,102,c01,46,days_474.43_495.06,OVL-C4601
overlap,103,c01,46,days_474.43_495.06,OVL-C4601
overlap,106,c01,46,days_474.43_495.06,OVL-C4601
overlap,125,c01,46,days_474.43_495.06,OVL-C4601
overlap,132,c01,46,days_474.43_495.06,OVL-C4601
overlap,139,c01,46,days_474.43_495.06,OVL-C4601
overlap,153,c01,46,days_474.43_495.06,OVL-C4601
overlap,154,c01,46,days_474.43_495.06,OVL-C4601
overlap,164,c01,46,days_474.43_495.06,OVL-C4601
overlap,206,c01,46,days_474.43_495.06,OVL-C4601
overlap,247,c01,46,days_474.43_495.06,OVL-C4601
overlap,299,c01,46,days_474.43_495.06,OVL-C4601
overlap,308,c01,46,days_474.43_495.06,OVL-C4601
overlap,309,c01,46,days_474.43_495.06,OVL-C4601
overlap,310,c01,46,days_474.43_495.06,OVL-C4601
overlap,322,c01,46,days_474.43_495.06,OVL-C4601
overlap,323,c01,46,days_474.43_495.06,OVL-C4601
overlap,324,c01,46,days_474.43_495.06,OVL-C4601
overlap,337,c01,46,days_474.43_495.06,OVL-C4601
overlap,343,c01,46,days_474.43_495.06,OVL-C4601
overlap,346,c01,46,days_474.43_495.06,OVL-C4601
overlap,368,c01,46,days_474.43_495.06,OVL-C4601
overlap,376,c01,46,days_474.43_495.06,OVL-C4601
overlap,378,c01,46,days_474.43_495.06,OVL-C4601
overlap,388,c01,46,days_474.43_495.06,OVL-C4601
overlap,399,c01,46,days_474.43_495.06,OVL-C4601
overlap,402,c01,46,days_474.43_495.06,OVL-C4601
overlap,411,c01,46,days_474.43_495.06,OVL-C4601
overlap,418,c01,46,days_474.43_495.06,OVL-C4601
overlap,420,c01,46,days_474.43_495.06,OVL-C4601
overlap,460,c01,46,days_474.43_495.06,OVL-C4601
overlap,474,c01,46,days_474.43_495.06,OVL-C4601
overlap,477,c01,46,days_474.43_495.06,OVL-C4601
overlap,487,c01,46,days_474.43_495.06,OVL-C4601
overlap,489,c01,46,days_474.43_495.06,OVL-C4601
overlap,505,c01,46,days_474.43_495.06,OVL-C4601
overlap,509,c01,46,days_474.43_495.06,OVL-C4601
overlap,510,c01,46,days_474.43_495.06,OVL-C4601
overlap,514,c01,46,days_474.43_495.06,OVL-C4601
overlap,534,c01,46,days_474.43_495.06,OVL-C4601
overlap,559,c01,46,days_474.43_495.06,OVL-C4601
overlap,562,c01,46,days_474.43_495.06,OVL-C4601
overlap,588,c01,46,days_474.43_495.06,OVL-C4601
overlap,591,c01,46,days_474.43_495.06,OVL-C4601
overlap,601,c01,46,days_474.43_495.06,OVL-C4601
overlap,603,c01,46,days_474.43_495.06,OVL-C4601
overlap,622,c01,46,days_474.43_495.06,OVL-C4601
overlap,634,c01,46,days_474.43_495.06,OVL-C4601
overlap,638,c01,46,days_474.43_495.06,OVL-C4601
overlap,649,c01,46,days_474.43_495.06,OVL-C4601
overlap,663,c01,46,days_474.43_495.06,OVL-C4601
overlap,676,c01,46,days_474.43_495.06,OVL-C4601
overlap,735,c01,46,days_474.43_495.06,OVL-C4601
overlap,740,c01,46,days_474.43_495.06,OVL-C4601
overlap,780,c01,46,days_474.43_495.06,OVL-C4601
overlap,788,c01,46,days_474.43_495.06,OVL-C4601
overlap,822,c01,46,days_474.43_495.06,OVL-C4601
overlap,832,c01,46,days_474.43_495.06,OVL-C4601
overlap,853,c01,46,days_474.43_495.06,OVL-C4601
overlap,879,c01,46,days_474.43_495.06,OVL-C4601
overlap,906,c01,46,days_474.43_495.06,OVL-C4601
overlap,919,c01,46,days_474.43_495.06,OVL-C4601
overlap,939,c01,46,days_474.43_495.06,OVL-C4601
overlap,943,c01,46,days_474.43_495.06,OVL-C4601
overlap,950,c01,46,days_474.43_495.06,OVL-C4601
overlap,969,c01,46,days_474.43_495.06,OVL-C4601
overlap,977,c01,46,days_474.43_495.06,OVL-C4601
overlap,996,c01,46,days_474.43_495.06,OVL-C4601
overlap,1004,c01,46,days_474.43_495.06,OVL-C4601
overlap,4,c02,46,days_474.43_495.06,OVL-C4603
overlap,26,c02,46,days_474.43_495.06,OVL-C4603
overlap,40,c02,46,days_474.43_495.06,OVL-C4603
overlap,60,c02,46,days_474.43_495.06,OVL-C4603
overlap,72,c02,46,days_474.43_495.06,OVL-C4603
overlap,82,c02,46,days_474.43_495.06,OVL-C4603
overlap,83,c02,46,days_474.43_495.06,OVL-C4603
overlap,86,c02,46,days_474.43_495.06,OVL-C4603
overlap,105,c02,46,days_474.43_495.06,OVL-C4603
overlap,135,c02,46,days_474.43_495.06,OVL-C4603
overlap,137,c02,46,days_474.43_495.06,OVL-C4603
overlap,152,c02,46,days_474.43_495.06,OVL-C4603
overlap,155,c02,46,days_474.43_495.06,OVL-C4603
overlap,161,c02,46,days_474.43_495.06,OVL-C4603
overlap,170,c02,46,days_474.43_495.06,OVL-C4603
overlap,187,c02,46,days_474.43_495.06,OVL-C4603
overlap,198,c02,46,days_474.43_495.06,OVL-C4603
overlap,254,c02,46,days_474.43_495.06,OVL-C4603
overlap,272,c02,46,days_474.43_495.06,OVL-C4603
overlap,292,c02,46,days_474.43_495.06,OVL-C4603
overlap,293,c02,46,days_474.43_495.06,OVL-C4603
overlap,300,c02,46,days_474.43_495.06,OVL-C4603
overlap,306,c02,46,days_474.43_495.06,OVL-C4603
overlap,326,c02,46,days_474.43_495.06,OVL-C4603
overlap,371,c02,46,days_474.43_495.06,OVL-C4603
overlap,374,c02,46,days_474.43_495.06,OVL-C4603
overlap,379,c02,46,days_474.43_495.06,OVL-C4603
overlap,390,c02,46,days_474.43_495.06,OVL-C4603
overlap,400,c02,46,days_474.43_495.06,OVL-C4603
overlap,405,c02,46,days_474.43_495.06,OVL-C4603
overlap,443,c02,46,days_474.43_495.06,OVL-C4603
overlap,450,c02,46,days_474.43_495.06,OVL-C4603
overlap,466,c02,46,days_474.43_495.06,OVL-C4603
overlap,488,c02,46,days_474.43_495.06,OVL-C4603
overlap,523,c02,46,days_474.43_495.06,OVL-C4603
overlap,533,c02,46,days_474.43_495.06,OVL-C4603
overlap,568,c02,46,days_474.43_495.06,OVL-C4603
overlap,570,c02,46,days_474.43_495.06,OVL-C4603
overlap,572,c02,46,days_474.43_495.06,OVL-C4603
overlap,581,c02,46,days_474.43_495.06,OVL-C4603
overlap,587,c02,46,days_474.43_495.06,OVL-C4603
overlap,626,c02,46,days_474.43_495.06,OVL-C4603
overlap,628,c02,46,days_474.43_495.06,OVL-C4603
overlap,659,c02,46,days_474.43_495.06,OVL-C4603
overlap,662,c02,46,days_474.43_495.06,OVL-C4603
overlap,695,c02,46,days_474.43_495.06,OVL-C4603
overlap,697,c02,46,days_474.43_495.06,OVL-C4603
overlap,703,c02,46,days_474.43_495.06,OVL-C4603
overlap,712,c02,46,days_474.43_495.06,OVL-C4603
overlap,742,c02,46,days_474.43_495.06,OVL-C4603
overlap,771,c02,46,days_474.43_495.06,OVL-C4603
overlap,774,c02,46,days_474.43_495.06,OVL-C4603
overlap,784,c02,46,days_474.43_495.06,OVL-C4603
overlap,802,c02,46,days_474.43_495.06,OVL-C4603
overlap,855,c02,46,days_474.43_495.06,OVL-C4603
overlap,863,c02,46,days_474.43_495.06,OVL-C4603
overlap,870,c02,46,days_474.43_495.06,OVL-C4603
overlap,900,c02,46,days_474.43_495.06,OVL-C4603
overlap,901,c02,46,days_474.43_495.06,OVL-C4603
overlap,942,c02,46,days_474.43_495.06,OVL-C4603
overlap,947,c02,46,days_474.43_495.06,OVL-C4603
overlap,965,c02,46,days_474.43_495.06,OVL-C4603
overlap,21,c03,46,days_474.43_495.06,OVL-C4612
overlap,24,c03,46,days_474.43_495.06,OVL-C4612
overlap,160,c03,46,days_474.43_495.06,OVL-C4612
overlap,248,c03,46,days_474.43_495.06,OVL-C4612
overlap,280,c03,46,days_474.43_495.06,OVL-C4612
overlap,281,c03,46,days_474.43_495.06,OVL-C4612
overlap,288,c03,46,days_474.43_495.06,OVL-C4612
overlap,353,c03,46,days_474.43_495.06,OVL-C4612
overlap,360,c03,46,days_474.43_495.06,OVL-C4612
overlap,373,c03,46,days_474.43_495.06,OVL-C4612
overlap,391,c03,46,days_474.43_495.06,OVL-C4612
overlap,397,c03,46,days_474.43_495.06,OVL-C4612
overlap,414,c03,46,days_474.43_495.06,OVL-C4612
overlap,484,c03,46,days_474.43_495.06,OVL-C4612
overlap,493,c03,46,days_474.43_495.06,OVL-C4612
overlap,497,c03,46,days_474.43_495.06,OVL-C4612
overlap,526,c03,46,days_474.43_495.06,OVL-C4612
overlap,530,c03,46,days_474.43_495.06,OVL-C4612
overlap,561,c03,46,days_474.43_495.06,OVL-C4612
overlap,610,c03,46,days_474.43_495.06,OVL-C4612
overlap,629,c03,46,days_474.43_495.06,OVL-C4612
overlap,630,c03,46,days_474.43_495.06,OVL-C4612
overlap,631,c03,46,days_474.43_495.06,OVL-C4612
overlap,658,c03,46,days_474.43_495.06,OVL-C4612
overlap,671,c03,46,days_474.43_495.06,OVL-C4612
overlap,685,c03,46,days_474.43_495.06,OVL-C4612
overlap,750,c03,46,days_474.43_495.06,OVL-C4612
overlap,773,c03,46,days_474.43_495.06,OVL-C4612
overlap,846,c03,46,days_474.43_495.06,OVL-C4612
overlap,891,c03,46,days_474.43_495.06,OVL-C4612
overlap,902,c03,46,days_474.43_495.06,OVL-C4612
overlap,905,c03,46,days_474.43_495.06,OVL-C4612
overlap,975,c03,46,days_474.43_495.06,OVL-C4612
overlap,995,c03,46,days_474.43_495.06,OVL-C4612
overlap,28,c05,46,days_474.43_495.06,OVL-C4606
overlap,56,c05,46,days_474.43_495.06,OVL-C4606
overlap,68,c05,46,days_474.43_495.06,OVL-C4606
overlap,95,c05,46,days_474.43_495.06,OVL-C4606
overlap,175,c05,46,days_474.43_495.06,OVL-C4606
overlap,231,c05,46,days_474.43_495.06,OVL-C4606
overlap,245,c05,46,days_474.43_495.06,OVL-C4606
overlap,251,c05,46,days_474.43_495.06,OVL-C4606
overlap,264,c05,46,days_474.43_495.06,OVL-C4606
overlap,269,c05,46,days_474.43_495.06,OVL-C4606
overlap,275,c05,46,days_474.43_495.06,OVL-C4606
overlap,311,c05,46,days_474.43_495.06,OVL-C4606
overlap,329,c05,46,days_474.43_495.06,OVL-C4606
overlap,338,c05,46,days_474.43_495.06,OVL-C4606
overlap,361,c05,46,days_474.43_495.06,OVL-C4606
overlap,364,c05,46,days_474.43_495.06,OVL-C4606
overlap,380,c05,46,days_474.43_495.06,OVL-C4606
overlap,427,c05,46,days_474.43_495.06,OVL-C4606
overlap,433,c05,46,days_474.43_495.06,OVL-C4606
overlap,440,c05,46,days_474.43_495.06,OVL-C4606
overlap,448,c05,46,days_474.43_495.06,OVL-C4606
overlap,480,c05,46,days_474.43_495.06,OVL-C4606
overlap,482,c05,46,days_474.43_495.06,OVL-C4606
overlap,531,c05,46,days_474.43_495.06,OVL-C4606
overlap,540,c05,46,days_474.43_495.06,OVL-C4606
overlap,582,c05,46,days_474.43_495.06,OVL-C4606
overlap,624,c05,46,days_474.43_495.06,OVL-C4606
overlap,641,c05,46,days_474.43_495.06,OVL-C4606
overlap,698,c05,46,days_474.43_495.06,OVL-C4606
overlap,736,c05,46,days_474.43_495.06,OVL-C4606
overlap,737,c05,46,days_474.43_495.06,OVL-C4606
overlap,764,c05,46,days_474.43_495.06,OVL-C4606
overlap,796,c05,46,days_474.43_495.06,OVL-C4606
overlap,809,c05,46,days_474.43_495.06,OVL-C4606
overlap,819,c05,46,days_474.43_495.06,OVL-C4606
overlap,830,c05,46,days_474.43_495.06,OVL-C4606
overlap,840,c05,46,days_474.43_495.06,OVL-C4606
overlap,849,c05,46,days_474.43_495.06,OVL-C4606
overlap,872,c05,46,days_474.43_495.06,OVL-C4606
overlap,873,c05,46,days_474.43_495.06,OVL-C4606
overlap,874,c05,46,days_474.43_495.06,OVL-C4606
overlap,910,c05,46,days_474.43_495.06,OVL-C4606
overlap,925,c05,46,days_474.43_495.06,OVL-C4606
overlap,955,c05,46,days_474.43_495.06,OVL-C4606
overlap,987,c05,46,days_474.43_495.06,OVL-C4606
overlap,994,c05,46,days_474.43_495.06,OVL-C4606
overlap,5,c06,46,days_474.43_495.06,OVL-C4607
overlap,7,c06,46,days_474.43_495.06,OVL-C4607
overlap,29,c06,46,days_474.43_495.06,OVL-C4607
overlap,98,c06,46,days_474.43_495.06,OVL-C4607
overlap,107,c06,46,days_474.43_495.06,OVL-C4607
overlap,117,c06,46,days_474.43_495.06,OVL-C4607
overlap,118,c06,46,days_474.43_495.06,OVL-C4607
overlap,134,c06,46,days_474.43_495.06,OVL-C4607
overlap,192,c06,46,days_474.43_495.06,OVL-C4607
overlap,201,c06,46,days_474.43_495.06,OVL-C4607
overlap,208,c06,46,days_474.43_495.06,OVL-C4607
overlap,236,c06,46,days_474.43_495.06,OVL-C4607
overlap,262,c06,46,days_474.43_495.06,OVL-C4607
overlap,268,c06,46,days_474.43_495.06,OVL-C4607
overlap,270,c06,46,days_474.43_495.06,OVL-C4607
overlap,278,c06,46,days_474.43_495.06,OVL-C4607
overlap,289,c06,46,days_474.43_495.06,OVL-C4607
overlap,320,c06,46,days_474.43_495.06,OVL-C4607
overlap,327,c06,46,days_474.43_495.06,OVL-C4607
overlap,335,c06,46,days_474.43_495.06,OVL-C4607
overlap,381,c06,46,days_474.43_495.06,OVL-C4607
overlap,393,c06,46,days_474.43_495.06,OVL-C4607
overlap,464,c06,46,days_474.43_495.06,OVL-C4607
overlap,468,c06,46,days_474.43_495.06,OVL-C4607
overlap,491,c06,46,days_474.43_495.06,OVL-C4607
overlap,532,c06,46,days_474.43_495.06,OVL-C4607
overlap,537,c06,46,days_474.43_495.06,OVL-C4607
overlap,553,c06,46,days_474.43_495.06,OVL-C4607
overlap,643,c06,46,days_474.43_495.06,OVL-C4607
overlap,652,c06,46,days_474.43_495.06,OVL-C4607
overlap,664,c06,46,days_474.43_495.06,OVL-C4607
overlap,670,c06,46,days_474.43_495.06,OVL-C4607
overlap,688,c06,46,days_474.43_495.06,OVL-C4607
overlap,707,c06,46,days_474.43_495.06,OVL-C4607
overlap,713,c06,46,days_474.43_495.06,OVL-C4607
overlap,808,c06,46,days_474.43_495.06,OVL-C4607
overlap,810,c06,46,days_474.43_495.06,OVL-C4607
overlap,898,c06,46,days_474.43_495.06,OVL-C4607
overlap,899,c06,46,days_474.43_495.06,OVL-C4607
overlap,980,c06,46,days_474.43_495.06,OVL-C4607
overlap,985,c06,46,days_474.43_495.06,OVL-C4607
overlap,16,c07,46,days_474.43_495.06,OVL-C4605
overlap,61,c07,46,days_474.43_495.06,OVL-C4605
overlap,71,c07,46,days_474.43_495.06,OVL-C4605
overlap,76,c07,46,days_474.43_495.06,OVL-C4605
overlap,89,c07,46,days_474.43_495.06,OVL-C4605
overlap,101,c07,46,days_474.43_495.06,OVL-C4605
overlap,114,c07,46,days_474.43_495.06,OVL-C4605
overlap,127,c07,46,days_474.43_495.06,OVL-C4605
overlap,149,c07,46,days_474.43_495.06,OVL-C4605
overlap,169,c07,46,days_474.43_495.06,OVL-C4605
overlap,184,c07,46,days_474.43_495.06,OVL-C4605
overlap,189,c07,46,days_474.43_495.06,OVL-C4605
overlap,195,c07,46,days_474.43_495.06,OVL-C4605
overlap,225,c07,46,days_474.43_495.06,OVL-C4605
overlap,237,c07,46,days_474.43_495.06,OVL-C4605
overlap,243,c07,46,days_474.43_495.06,OVL-C4605
overlap,246,c07,46,days_474.43_495.06,OVL-C4605
overlap,365,c07,46,days_474.43_495.06,OVL-C4605
overlap,372,c07,46,days_474.43_495.06,OVL-C4605
overlap,377,c07,46,days_474.43_495.06,OVL-C4605
overlap,404,c07,46,days_474.43_495.06,OVL-C4605
overlap,407,c07,46,days_474.43_495.06,OVL-C4605
overlap,410,c07,46,days_474.43_495.06,OVL-C4605
overlap,423,c07,46,days_474.43_495.06,OVL-C4605
overlap,457,c07,46,days_474.43_495.06,OVL-C4605
overlap,479,c07,46,days_474.43_495.06,OVL-C4605
overlap,522,c07,46,days_474.43_495.06,OVL-C4605
overlap,595,c07,46,days_474.43_495.06,OVL-C4605
overlap,597,c07,46,days_474.43_495.06,OVL-C4605
overlap,621,c07,46,days_474.43_495.06,OVL-C4605
overlap,654,c07,46,days_474.43_495.06,OVL-C4605
overlap,708,c07,46,days_474.43_495.06,OVL-C4605
overlap,711,c07,46,days_474.43_495.06,OVL-C4605
overlap,716,c07,46,days_474.43_495.06,OVL-C4605
overlap,718,c07,46,days_474.43_495.06,OVL-C4605
overlap,724,c07,46,days_474.43_495.06,OVL-C4605
overlap,732,c07,46,days_474.43_495.06,OVL-C4605
overlap,754,c07,46,days_474.43_495.06,OVL-C4605
overlap,777,c07,46,days_474.43_495.06,OVL-C4605
overlap,779,c07,46,days_474.43_495.06,OVL-C4605
overlap,841,c07,46,days_474.43_495.06,OVL-C4605
overlap,843,c07,46,days_474.43_495.06,OVL-C4605
overlap,858,c07,46,days_474.43_495.06,OVL-C4605
overlap,861,c07,46,days_474.43_495.06,OVL-C4605
overlap,866,c07,46,days_474.43_495.06,OVL-C4605
overlap,883,c07,46,days_474.43_495.06,OVL-C4605
overlap,904,c07,46,days_474.43_495.06,OVL-C4605
overlap,907,c07,46,days_474.43_495.06,OVL-C4605
overlap,934,c07,46,days_474.43_495.06,OVL-C4605
overlap,991,c07,46,days_474.43_495.06,OVL-C4605
overlap,45,c08,46,days_474.43_495.06,OVL-C4609
overlap,66,c08,46,days_474.43_495.06,OVL-C4609
overlap,74,c08,46,days_474.43_495.06,OVL-C4609
overlap,111,c08,46,days_474.43_495.06,OVL-C4609
overlap,112,c08,46,days_474.43_495.06,OVL-C4609
overlap,126,c08,46,days_474.43_495.06,OVL-C4609
overlap,166,c08,46,days_474.43_495.06,OVL-C4609
overlap,214,c08,46,days_474.43_495.06,OVL-C4609
overlap,240,c08,46,days_474.43_495.06,OVL-C4609
overlap,267,c08,46,days_474.43_495.06,OVL-C4609
overlap,294,c08,46,days_474.43_495.06,OVL-C4609
overlap,332,c08,46,days_474.43_495.06,OVL-C4609
overlap,334,c08,46,days_474.43_495.06,OVL-C4609
overlap,392,c08,46,days_474.43_495.06,OVL-C4609
overlap,435,c08,46,days_474.43_495.06,OVL-C4609
overlap,447,c08,46,days_474.43_495.06,OVL-C4609
overlap,478,c08,46,days_474.43_495.06,OVL-C4609
overlap,490,c08,46,days_474.43_495.06,OVL-C4609
overlap,500,c08,46,days_474.43_495.06,OVL-C4609
overlap,507,c08,46,days_474.43_495.06,OVL-C4609
overlap,515,c08,46,days_474.43_495.06,OVL-C4609
overlap,517,c08,46,days_474.43_495.06,OVL-C4609
overlap,573,c08,46,days_474.43_495.06,OVL-C4609
overlap,586,c08,46,days_474.43_495.06,OVL-C4609
overlap,674,c08,46,days_474.43_495.06,OVL-C4609
overlap,696,c08,46,days_474.43_495.06,OVL-C4609
overlap,751,c08,46,days_474.43_495.06,OVL-C4609
overlap,759,c08,46,days_474.43_495.06,OVL-C4609
overlap,762,c08,46,days_474.43_495.06,OVL-C4609
overlap,776,c08,46,days_474.43_495.06,OVL-C4609
overlap,782,c08,46,days_474.43_495.06,OVL-C4609
overlap,803,c08,46,days_474.43_495.06,OVL-C4609
overlap,814,c08,46,days_474.43_495.06,OVL-C4609
overlap,825,c08,46,days_474.43_495.06,OVL-C4609
overlap,869,c08,46,days_474.43_495.06,OVL-C4609
overlap,885,c08,46,days_474.43_495.06,OVL-C4609
overlap,940,c08,46,days_474.43_495.06,OVL-C4609
overlap,974,c08,46,days_474.43_495.06,OVL-C4609
overlap,983,c08,46,days_474.43_495.06,OVL-C4609
overlap,984,c08,46,days_474.43_495.06,OVL-C4609
overlap,2,c09,46,days_474.43_495.06,OVL-C4604
overlap,30,c09,46,days_474.43_495.06,OVL-C4604
overlap,43,c09,46,days_474.43_495.06,OVL-C4604
overlap,52,c09,46,days_474.43_495.06,OVL-C4604
overlap,77,c09,46,days_474.43_495.06,OVL-C4604
overlap,90,c09,46,days_474.43_495.06,OVL-C4604
overlap,104,c09,46,days_474.43_495.06,OVL-C4604
overlap,109,c09,46,days_474.43_495.06,OVL-C4604
overlap,119,c09,46,days_474.43_495.06,OVL-C4604
overlap,133,c09,46,days_474.43_495.06,OVL-C4604
overlap,168,c09,46,days_474.43_495.06,OVL-C4604
overlap,182,c09,46,days_474.43_495.06,OVL-C4604
overlap,218,c09,46,days_474.43_495.06,OVL-C4604
overlap,232,c09,46,days_474.43_495.06,OVL-C4604
overlap,244,c09,46,days_474.43_495.06,OVL-C4604
overlap,250,c09,46,days_474.43_495.06,OVL-C4604
overlap,256,c09,46,days_474.43_495.06,OVL-C4604
overlap,257,c09,46,days_474.43_495.06,OVL-C4604
overlap,260,c09,46,days_474.43_495.06,OVL-C4604
overlap,266,c09,46,days_474.43_495.06,OVL-C4604
overlap,313,c09,46,days_474.43_495.06,OVL-C4604
overlap,356,c09,46,days_474.43_495.06,OVL-C4604
overlap,384,c09,46,days_474.43_495.06,OVL-C4604
overlap,416,c09,46,days_474.43_495.06,OVL-C4604
overlap,425,c09,46,days_474.43_495.06,OVL-C4604
overlap,439,c09,46,days_474.43_495.06,OVL-C4604
overlap,465,c09,46,days_474.43_495.06,OVL-C4604
overlap,472,c09,46,days_474.43_495.06,OVL-C4604
overlap,521,c09,46,days_474.43_495.06,OVL-C4604
overlap,545,c09,46,days_474.43_495.06,OVL-C4604
overlap,556,c09,46,days_474.43_495.06,OVL-C4604
overlap,574,c09,46,days_474.43_495.06,OVL-C4604
overlap,575,c09,46,days_474.43_495.06,OVL-C4604
overlap,598,c09,46,days_474.43_495.06,OVL-C4604
overlap,602,c09,46,days_474.43_495.06,OVL-C4604
overlap,625,c09,46,days_474.43_495.06,OVL-C4604
overlap,648,c09,46,days_474.43_495.06,OVL-C4604
overlap,651,c09,46,days_474.43_495.06,OVL-C4604
overlap,672,c09,46,days_474.43_495.06,OVL-C4604
overlap,689,c09,46,days_474.43_495.06,OVL-C4604
overlap,699,c09,46,days_474.43_495.06,OVL-C4604
overlap,700,c09,46,days_474.43_495.06,OVL-C4604
overlap,721,c09,46,days_474.43_495.06,OVL-C4604
overlap,730,c09,46,days_474.43_495.06,OVL-C4604
overlap,743,c09,46,days_474.43_495.06,OVL-C4604
overlap,744,c09,46,days_474.43_495.06,OVL-C4604
overlap,765,c09,46,days_474.43_495.06,OVL-C4604
overlap,768,c09,46,days_474.43_495.06,OVL-C4604
overlap,790,c09,46,days_474.43_495.06,OVL-C4604
overlap,812,c09,46,days_474.43_495.06,OVL-C4604
overlap,845,c09,46,days_474.43_495.06,OVL-C4604
overlap,868,c09,46,days_474.43_495.06,OVL-C4604
overlap,886,c09,46,days_474.43_495.06,OVL-C4604
overlap,889,c09,46,days_474.43_495.06,OVL-C4604
overlap,908,c09,46,days_474.43_495.06,OVL-C4604
overlap,912,c09,46,days_474.43_495.06,OVL-C4604
overlap,946,c09,46,days_474.43_495.06,OVL-C4604
overlap,948,c09,46,days_474.43_495.06,OVL-C4604
overlap,949,c09,46,days_474.43_495.06,OVL-C4604
overlap,966,c09,46,days_474.43_495.06,OVL-C4604
overlap,10,c10,46,days_474.43_495.06,OVL-C4611
overlap,13,c10,46,days_474.43_495.06,OVL-C4611
overlap,14,c10,46,days_474.43_495.06,OVL-C4611
overlap,173,c10,46,days_474.43_495.06,OVL-C4611
overlap,199,c10,46,days_474.43_495.06,OVL-C4611
overlap,226,c10,46,days_474.43_495.06,OVL-C4611
overlap,382,c10,46,days_474.43_495.06,OVL-C4611
overlap,437,c10,46,days_474.43_495.06,OVL-C4611
overlap,506,c10,46,days_474.43_495.06,OVL-C4611
overlap,516,c10,46,days_474.43_495.06,OVL-C4611
overlap,541,c10,46,days_474.43_495.06,OVL-C4611
overlap,576,c10,46,days_474.43_495.06,OVL-C4611
overlap,611,c10,46,days_474.43_495.06,OVL-C4611
overlap,644,c10,46,days_474.43_495.06,OVL-C4611
overlap,650,c10,46,days_474.43_495.06,OVL-C4611
overlap,657,c10,46,days_474.43_495.06,OVL-C4611
overlap,682,c10,46,days_474.43_495.06,OVL-C4611
overlap,702,c10,46,days_474.43_495.06,OVL-C4611
overlap,719,c10,46,days_474.43_495.06,OVL-C4611
overlap,738,c10,46,days_474.43_495.06,OVL-C4611
overlap,745,c10,46,days_474.43_495.06,OVL-C4611
overlap,761,c10,46,days_474.43_495.06,OVL-C4611
overlap,778,c10,46,days_474.43_495.06,OVL-C4611
overlap,783,c10,46,days_474.43_495.06,OVL-C4611
overlap,804,c10,46,days_474.43_495.06,OVL-C4611
overlap,828,c10,46,days_474.43_495.06,OVL-C4611
overlap,837,c10,46,days_474.43_495.06,OVL-C4611
overlap,850,c10,46,days_474.43_495.06,OVL-C4611
overlap,881,c10,46,days_474.43_495.06,OVL-C4611
overlap,921,c10,46,days_474.43_495.06,OVL-C4611
overlap,924,c10,46,days_474.43_495.06,OVL-C4611
overlap,945,c10,46,days_474.43_495.06,OVL-C4611
overlap,979,c10,46,days_474.43_495.06,OVL-C4611
overlap,1001,c10,46,days_474.43_495.06,OVL-C4611
overlap,0,c11,46,days_474.43_495.06,OVL-C4610
overlap,6,c11,46,days_474.43_495.06,OVL-C4610
overlap,19,c11,46,days_474.43_495.06,OVL-C4610
overlap,78,c11,46,days_474.43_495.06,OVL-C4610
overlap,99,c11,46,days_474.43_495.06,OVL-C4610
overlap,130,c11,46,days_474.43_495.06,OVL-C4610
overlap,178,c11,46,days_474.43_495.06,OVL-C4610
overlap,228,c11,46,days_474.43_495.06,OVL-C4610
overlap,249,c11,46,days_474.43_495.06,OVL-C4610
overlap,295,c11,46,days_474.43_495.06,OVL-C4610
overlap,314,c11,46,days_474.43_495.06,OVL-C4610
overlap,333,c11,46,days_474.43_495.06,OVL-C4610
overlap,339,c11,46,days_474.43_495.06,OVL-C4610
overlap,359,c11,46,days_474.43_495.06,OVL-C4610
overlap,409,c11,46,days_474.43_495.06,OVL-C4610
overlap,432,c11,46,days_474.43_495.06,OVL-C4610
overlap,442,c11,46,days_474.43_495.06,OVL-C4610
overlap,470,c11,46,days_474.43_495.06,OVL-C4610
overlap,502,c11,46,days_474.43_495.06,OVL-C4610
overlap,519,c11,46,days_474.43_495.06,OVL-C4610
overlap,527,c11,46,days_474.43_495.06,OVL-C4610
overlap,538,c11,46,days_474.43_495.06,OVL-C4610
overlap,569,c11,46,days_474.43_495.06,OVL-C4610
overlap,599,c11,46,days_474.43_495.06,OVL-C4610
overlap,605,c11,46,days_474.43_495.06,OVL-C4610
overlap,693,c11,46,days_474.43_495.06,OVL-C4610
overlap,705,c11,46,days_474.43_495.06,OVL-C4610
overlap,710,c11,46,days_474.43_495.06,OVL-C4610
overlap,767,c11,46,days_474.43_495.06,OVL-C4610
overlap,786,c11,46,days_474.43_495.06,OVL-C4610
overlap,789,c11,46,days_474.43_495.06,OVL-C4610
overlap,862,c11,46,days_474.43_495.06,OVL-C4610
overlap,878,c11,46,days_474.43_495.06,OVL-C4610
overlap,929,c11,46,days_474.43_495.06,OVL-C4610
overlap,976,c11,46,days_474.43_495.06,OVL-C4610
overlap,17,c12,46,days_474.43_495.06,OVL-C4608
overlap,31,c12,46,days_474.43_495.06,OVL-C4608
overlap,67,c12,46,days_474.43_495.06,OVL-C4608
overlap,92,c12,46,days_474.43_495.06,OVL-C4608
overlap,122,c12,46,days_474.43_495.06,OVL-C4608
overlap,136,c12,46,days_474.43_495.06,OVL-C4608
overlap,142,c12,46,days_474.43_495.06,OVL-C4608
overlap,165,c12,46,days_474.43_495.06,OVL-C4608
overlap,185,c12,46,days_474.43_495.06,OVL-C4608
overlap,200,c12,46,days_474.43_495.06,OVL-C4608
overlap,223,c12,46,days_474.43_495.06,OVL-C4608
overlap,224,c12,46,days_474.43_495.06,OVL-C4608
overlap,302,c12,46,days_474.43_495.06,OVL-C4608
overlap,316,c12,46,days_474.43_495.06,OVL-C4608
overlap,344,c12,46,days_474.43_495.06,OVL-C4608
overlap,349,c12,46,days_474.43_495.06,OVL-C4608
overlap,351,c12,46,days_474.43_495.06,OVL-C4608
overlap,401,c12,46,days_474.43_495.06,OVL-C4608
overlap,415,c12,46,days_474.43_495.06,OVL-C4608
overlap,428,c12,46,days_474.43_495.06,OVL-C4608
overlap,429,c12,46,days_474.43_495.06,OVL-C4608
overlap,454,c12,46,days_474.43_495.06,OVL-C4608
overlap,511,c12,46,days_474.43_495.06,OVL-C4608
overlap,543,c12,46,days_474.43_495.06,OVL-C4608
overlap,647,c12,46,days_474.43_495.06,OVL-C4608
overlap,683,c12,46,days_474.43_495.06,OVL-C4608
overlap,806,c12,46,days_474.43_495.06,OVL-C4608
overlap,811,c12,46,days_474.43_495.06,OVL-C4608
overlap,833,c12,46,days_474.43_495.06,OVL-C4608
overlap,838,c12,46,days_474.43_495.06,OVL-C4608
overlap,857,c12,46,days_474.43_495.06,OVL-C4608
overlap,888,c12,46,days_474.43_495.06,OVL-C4608
overlap,915,c12,46,days_474.43_495.06,OVL-C4608
overlap,917,c12,46,days_474.43_495.06,OVL-C4608
overlap,952,c12,46,days_474.43_495.06,OVL-C4608
overlap,953,c12,46,days_474.43_495.06,OVL-C4608
overlap,963,c12,46,days_474.43_495.06,OVL-C4608
overlap,971,c12,46,days_474.43_495.06,OVL-C4608
overlap,990,c12,46,days_474.43_495.06,OVL-C4608
overlap,1003,c12,46,days_474.43_495.06,OVL-C4608
overlap,25,c13,46,days_474.43_495.06,OVL-C4615
overlap,41,c13,46,days_474.43_495.06,OVL-C4615
overlap,48,c13,46,days_474.43_495.06,OVL-C4615
overlap,73,c13,46,days_474.43_495.06,OVL-C4615
overlap,216,c13,46,days_474.43_495.06,OVL-C4615
overlap,318,c13,46,days_474.43_495.06,OVL-C4615
overlap,319,c13,46,days_474.43_495.06,OVL-C4615
overlap,321,c13,46,days_474.43_495.06,OVL-C4615
overlap,362,c13,46,days_474.43_495.06,OVL-C4615
overlap,386,c13,46,days_474.43_495.06,OVL-C4615
overlap,458,c13,46,days_474.43_495.06,OVL-C4615
overlap,499,c13,46,days_474.43_495.06,OVL-C4615
overlap,503,c13,46,days_474.43_495.06,OVL-C4615
overlap,558,c13,46,days_474.43_495.06,OVL-C4615
overlap,565,c13,46,days_474.43_495.06,OVL-C4615
overlap,618,c13,46,days_474.43_495.06,OVL-C4615
overlap,679,c13,46,days_474.43_495.06,OVL-C4615
overlap,684,c13,46,days_474.43_495.06,OVL-C4615
overlap,704,c13,46,days_474.43_495.06,OVL-C4615
overlap,723,c13,46,days_474.43_495.06,OVL-C4615
overlap,758,c13,46,days_474.43_495.06,OVL-C4615
overlap,844,c13,46,days_474.43_495.06,OVL-C4615
overlap,918,c13,46,days_474.43_495.06,OVL-C4615
overlap,956,c13,46,days_474.43_495.06,OVL-C4615
overlap,1000,c13,46,days_474.43_495.06,OVL-C4615
overlap,62,c14,46,days_474.43_495.06,OVL-C4616
overlap,113,c14,46,days_474.43_495.06,OVL-C4616
overlap,124,c14,46,days_474.43_495.06,OVL-C4616
overlap,163,c14,46,days_474.43_495.06,OVL-C4616
overlap,263,c14,46,days_474.43_495.06,OVL-C4616
overlap,369,c14,46,days_474.43_495.06,OVL-C4616
overlap,444,c14,46,days_474.43_495.06,OVL-C4616
overlap,485,c14,46,days_474.43_495.06,OVL-C4616
overlap,513,c14,46,days_474.43_495.06,OVL-C4616
overlap,518,c14,46,days_474.43_495.06,OVL-C4616
overlap,535,c14,46,days_474.43_495.06,OVL-C4616
overlap,542,c14,46,days_474.43_495.06,OVL-C4616
overlap,551,c14,46,days_474.43_495.06,OVL-C4616
overlap,646,c14,46,days_474.43_495.06,OVL-C4616
overlap,722,c14,46,days_474.43_495.06,OVL-C4616
overlap,799,c14,46,days_474.43_495.06,OVL-C4616
overlap,800,c14,46,days_474.43_495.06,OVL-C4616
overlap,823,c14,46,days_474.43_495.06,OVL-C4616
overlap,854,c14,46,days_474.43_495.06,OVL-C4616
overlap,895,c14,46,days_474.43_495.06,OVL-C4616
overlap,913,c14,46,days_474.43_495.06,OVL-C4616
overlap,936,c14,46,days_474.43_495.06,OVL-C4616
overlap,22,c01,47,days_484.75_505.37,OVL-C4701
overlap,38,c01,47,days_484.75_505.37,OVL-C4701
overlap,39,c01,47,days_484.75_505.37,OVL-C4701
overlap,42,c01,47,days_484.75_505.37,OVL-C4701
overlap,46,c01,47,days_484.75_505.37,OVL-C4701
overlap,50,c01,47,days_484.75_505.37,OVL-C4701
overlap,53,c01,47,days_484.75_505.37,OVL-C4701
overlap,64,c01,47,days_484.75_505.37,OVL-C4701
overlap,65,c01,47,days_484.75_505.37,OVL-C4701
overlap,69,c01,47,days_484.75_505.37,OVL-C4701
overlap,70,c01,47,days_484.75_505.37,OVL-C4701
overlap,75,c01,47,days_484.75_505.37,OVL-C4701
overlap,84,c01,47,days_484.75_505.37,OVL-C4701
overlap,88,c01,47,days_484.75_505.37,OVL-C4701
overlap,91,c01,47,days_484.75_505.37,OVL-C4701
overlap,96,c01,47,days_484.75_505.37,OVL-C4701
overlap,102,c01,47,days_484.75_505.37,OVL-C4701
overlap,103,c01,47,days_484.75_505.37,OVL-C4701
overlap,106,c01,47,days_484.75_505.37,OVL-C4701
overlap,120,c01,47,days_484.75_505.37,OVL-C4701
overlap,125,c01,47,days_484.75_505.37,OVL-C4701
overlap,132,c01,47,days_484.75_505.37,OVL-C4701
overlap,139,c01,47,days_484.75_505.37,OVL-C4701
overlap,150,c01,47,days_484.75_505.37,OVL-C4701
overlap,151,c01,47,days_484.75_505.37,OVL-C4701
overlap,154,c01,47,days_484.75_505.37,OVL-C4701
overlap,159,c01,47,days_484.75_505.37,OVL-C4701
overlap,161,c01,47,days_484.75_505.37,OVL-C4701
overlap,164,c01,47,days_484.75_505.37,OVL-C4701
overlap,191,c01,47,days_484.75_505.37,OVL-C4701
overlap,193,c01,47,days_484.75_505.37,OVL-C4701
overlap,196,c01,47,days_484.75_505.37,OVL-C4701
overlap,197,c01,47,days_484.75_505.37,OVL-C4701
overlap,203,c01,47,days_484.75_505.37,OVL-C4701
overlap,205,c01,47,days_484.75_505.37,OVL-C4701
overlap,206,c01,47,days_484.75_505.37,OVL-C4701
overlap,214,c01,47,days_484.75_505.37,OVL-C4701
overlap,220,c01,47,days_484.75_505.37,OVL-C4701
overlap,235,c01,47,days_484.75_505.37,OVL-C4701
overlap,242,c01,47,days_484.75_505.37,OVL-C4701
overlap,247,c01,47,days_484.75_505.37,OVL-C4701
overlap,253,c01,47,days_484.75_505.37,OVL-C4701
overlap,283,c01,47,days_484.75_505.37,OVL-C4701
overlap,290,c01,47,days_484.75_505.37,OVL-C4701
overlap,292,c01,47,days_484.75_505.37,OVL-C4701
overlap,299,c01,47,days_484.75_505.37,OVL-C4701
overlap,309,c01,47,days_484.75_505.37,OVL-C4701
overlap,310,c01,47,days_484.75_505.37,OVL-C4701
overlap,322,c01,47,days_484.75_505.37,OVL-C4701
overlap,323,c01,47,days_484.75_505.37,OVL-C4701
overlap,324,c01,47,days_484.75_505.37,OVL-C4701
overlap,326,c01,47,days_484.75_505.37,OVL-C4701
overlap,334,c01,47,days_484.75_505.37,OVL-C4701
overlap,337,c01,47,days_484.75_505.37,OVL-C4701
overlap,340,c01,47,days_484.75_505.37,OVL-C4701
overlap,343,c01,47,days_484.75_505.37,OVL-C4701
overlap,346,c01,47,days_484.75_505.37,OVL-C4701
overlap,367,c01,47,days_484.75_505.37,OVL-C4701
overlap,376,c01,47,days_484.75_505.37,OVL-C4701
overlap,378,c01,47,days_484.75_505.37,OVL-C4701
overlap,388,c01,47,days_484.75_505.37,OVL-C4701
overlap,399,c01,47,days_484.75_505.37,OVL-C4701
overlap,402,c01,47,days_484.75_505.37,OVL-C4701
overlap,420,c01,47,days_484.75_505.37,OVL-C4701
overlap,460,c01,47,days_484.75_505.37,OVL-C4701
overlap,471,c01,47,days_484.75_505.37,OVL-C4701
overlap,474,c01,47,days_484.75_505.37,OVL-C4701
overlap,476,c01,47,days_484.75_505.37,OVL-C4701
overlap,477,c01,47,days_484.75_505.37,OVL-C4701
overlap,483,c01,47,days_484.75_505.37,OVL-C4701
overlap,487,c01,47,days_484.75_505.37,OVL-C4701
overlap,489,c01,47,days_484.75_505.37,OVL-C4701
overlap,505,c01,47,days_484.75_505.37,OVL-C4701
overlap,509,c01,47,days_484.75_505.37,OVL-C4701
overlap,510,c01,47,days_484.75_505.37,OVL-C4701
overlap,514,c01,47,days_484.75_505.37,OVL-C4701
overlap,534,c01,47,days_484.75_505.37,OVL-C4701
overlap,557,c01,47,days_484.75_505.37,OVL-C4701
overlap,559,c01,47,days_484.75_505.37,OVL-C4701
overlap,562,c01,47,days_484.75_505.37,OVL-C4701
overlap,566,c01,47,days_484.75_505.37,OVL-C4701
overlap,591,c01,47,days_484.75_505.37,OVL-C4701
overlap,607,c01,47,days_484.75_505.37,OVL-C4701
overlap,609,c01,47,days_484.75_505.37,OVL-C4701
overlap,617,c01,47,days_484.75_505.37,OVL-C4701
overlap,622,c01,47,days_484.75_505.37,OVL-C4701
overlap,626,c01,47,days_484.75_505.37,OVL-C4701
overlap,633,c01,47,days_484.75_505.37,OVL-C4701
overlap,634,c01,47,days_484.75_505.37,OVL-C4701
overlap,638,c01,47,days_484.75_505.37,OVL-C4701
overlap,640,c01,47,days_484.75_505.37,OVL-C4701
overlap,649,c01,47,days_484.75_505.37,OVL-C4701
overlap,663,c01,47,days_484.75_505.37,OVL-C4701
overlap,676,c01,47,days_484.75_505.37,OVL-C4701
overlap,687,c01,47,days_484.75_505.37,OVL-C4701
overlap,701,c01,47,days_484.75_505.37,OVL-C4701
overlap,728,c01,47,days_484.75_505.37,OVL-C4701
overlap,740,c01,47,days_484.75_505.37,OVL-C4701
overlap,752,c01,47,days_484.75_505.37,OVL-C4701
overlap,763,c01,47,days_484.75_505.37,OVL-C4701
overlap,768,c01,47,days_484.75_505.37,OVL-C4701
overlap,772,c01,47,days_484.75_505.37,OVL-C4701
overlap,776,c01,47,days_484.75_505.37,OVL-C4701
overlap,780,c01,47,days_484.75_505.37,OVL-C4701
overlap,787,c01,47,days_484.75_505.37,OVL-C4701
overlap,788,c01,47,days_484.75_505.37,OVL-C4701
overlap,816,c01,47,days_484.75_505.37,OVL-C4701
overlap,822,c01,47,days_484.75_505.37,OVL-C4701
overlap,832,c01,47,days_484.75_505.37,OVL-C4701
overlap,836,c01,47,days_484.75_505.37,OVL-C4701
overlap,852,c01,47,days_484.75_505.37,OVL-C4701
overlap,853,c01,47,days_484.75_505.37,OVL-C4701
overlap,865,c01,47,days_484.75_505.37,OVL-C4701
overlap,875,c01,47,days_484.75_505.37,OVL-C4701
overlap,879,c01,47,days_484.75_505.37,OVL-C4701
overlap,890,c01,47,days_484.75_505.37,OVL-C4701
overlap,893,c01,47,days_484.75_505.37,OVL-C4701
overlap,906,c01,47,days_484.75_505.37,OVL-C4701
overlap,923,c01,47,days_484.75_505.37,OVL-C4701
overlap,927,c01,47,days_484.75_505.37,OVL-C4701
overlap,939,c01,47,days_484.75_505.37,OVL-C4701
overlap,940,c01,47,days_484.75_505.37,OVL-C4701
overlap,943,c01,47,days_484.75_505.37,OVL-C4701
overlap,950,c01,47,days_484.75_505.37,OVL-C4701
overlap,962,c01,47,days_484.75_505.37,OVL-C4701
overlap,970,c01,47,days_484.75_505.37,OVL-C4701
overlap,983,c01,47,days_484.75_505.37,OVL-C4701
overlap,997,c01,47,days_484.75_505.37,OVL-C4701
overlap,4,c02,47,days_484.75_505.37,OVL-C4703
overlap,26,c02,47,days_484.75_505.37,OVL-C4703
overlap,40,c02,47,days_484.75_505.37,OVL-C4703
overlap,60,c02,47,days_484.75_505.37,OVL-C4703
overlap,72,c02,47,days_484.75_505.37,OVL-C4703
overlap,82,c02,47,days_484.75_505.37,OVL-C4703
overlap,83,c02,47,days_484.75_505.37,OVL-C4703
overlap,86,c02,47,days_484.75_505.37,OVL-C4703
overlap,105,c02,47,days_484.75_505.37,OVL-C4703
overlap,135,c02,47,days_484.75_505.37,OVL-C4703
overlap,137,c02,47,days_484.75_505.37,OVL-C4703
overlap,152,c02,47,days_484.75_505.37,OVL-C4703
overlap,155,c02,47,days_484.75_505.37,OVL-C4703
overlap,170,c02,47,days_484.75_505.37,OVL-C4703
overlap,187,c02,47,days_484.75_505.37,OVL-C4703
overlap,198,c02,47,days_484.75_505.37,OVL-C4703
overlap,254,c02,47,days_484.75_505.37,OVL-C4703
overlap,272,c02,47,days_484.75_505.37,OVL-C4703
overlap,293,c02,47,days_484.75_505.37,OVL-C4703
overlap,300,c02,47,days_484.75_505.37,OVL-C4703
overlap,304,c02,47,days_484.75_505.37,OVL-C4703
overlap,306,c02,47,days_484.75_505.37,OVL-C4703
overlap,317,c02,47,days_484.75_505.37,OVL-C4703
overlap,371,c02,47,days_484.75_505.37,OVL-C4703
overlap,374,c02,47,days_484.75_505.37,OVL-C4703
overlap,379,c02,47,days_484.75_505.37,OVL-C4703
overlap,390,c02,47,days_484.75_505.37,OVL-C4703
overlap,400,c02,47,days_484.75_505.37,OVL-C4703
overlap,405,c02,47,days_484.75_505.37,OVL-C4703
overlap,441,c02,47,days_484.75_505.37,OVL-C4703
overlap,443,c02,47,days_484.75_505.37,OVL-C4703
overlap,450,c02,47,days_484.75_505.37,OVL-C4703
overlap,466,c02,47,days_484.75_505.37,OVL-C4703
overlap,488,c02,47,days_484.75_505.37,OVL-C4703
overlap,568,c02,47,days_484.75_505.37,OVL-C4703
overlap,572,c02,47,days_484.75_505.37,OVL-C4703
overlap,581,c02,47,days_484.75_505.37,OVL-C4703
overlap,585,c02,47,days_484.75_505.37,OVL-C4703
overlap,587,c02,47,days_484.75_505.37,OVL-C4703
overlap,628,c02,47,days_484.75_505.37,OVL-C4703
overlap,659,c02,47,days_484.75_505.37,OVL-C4703
overlap,662,c02,47,days_484.75_505.37,OVL-C4703
overlap,695,c02,47,days_484.75_505.37,OVL-C4703
overlap,697,c02,47,days_484.75_505.37,OVL-C4703
overlap,703,c02,47,days_484.75_505.37,OVL-C4703
overlap,712,c02,47,days_484.75_505.37,OVL-C4703
overlap,742,c02,47,days_484.75_505.37,OVL-C4703
overlap,784,c02,47,days_484.75_505.37,OVL-C4703
overlap,802,c02,47,days_484.75_505.37,OVL-C4703
overlap,855,c02,47,days_484.75_505.37,OVL-C4703
overlap,863,c02,47,days_484.75_505.37,OVL-C4703
overlap,870,c02,47,days_484.75_505.37,OVL-C4703
overlap,900,c02,47,days_484.75_505.37,OVL-C4703
overlap,901,c02,47,days_484.75_505.37,OVL-C4703
overlap,925,c02,47,days_484.75_505.37,OVL-C4703
overlap,937,c02,47,days_484.75_505.37,OVL-C4703
overlap,942,c02,47,days_484.75_505.37,OVL-C4703
overlap,947,c02,47,days_484.75_505.37,OVL-C4703
overlap,965,c02,47,days_484.75_505.37,OVL-C4703
overlap,981,c02,47,days_484.75_505.37,OVL-C4703
overlap,21,c03,47,days_484.75_505.37,OVL-C4707
overlap,24,c03,47,days_484.75_505.37,OVL-C4707
overlap,148,c03,47,days_484.75_505.37,OVL-C4707
overlap,160,c03,47,days_484.75_505.37,OVL-C4707
overlap,181,c03,47,days_484.75_505.37,OVL-C4707
overlap,190,c03,47,days_484.75_505.37,OVL-C4707
overlap,248,c03,47,days_484.75_505.37,OVL-C4707
overlap,274,c03,47,days_484.75_505.37,OVL-C4707
overlap,280,c03,47,days_484.75_505.37,OVL-C4707
overlap,288,c03,47,days_484.75_505.37,OVL-C4707
overlap,327,c03,47,days_484.75_505.37,OVL-C4707
overlap,353,c03,47,days_484.75_505.37,OVL-C4707
overlap,360,c03,47,days_484.75_505.37,OVL-C4707
overlap,373,c03,47,days_484.75_505.37,OVL-C4707
overlap,391,c03,47,days_484.75_505.37,OVL-C4707
overlap,394,c03,47,days_484.75_505.37,OVL-C4707
overlap,397,c03,47,days_484.75_505.37,OVL-C4707
overlap,414,c03,47,days_484.75_505.37,OVL-C4707
overlap,445,c03,47,days_484.75_505.37,OVL-C4707
overlap,484,c03,47,days_484.75_505.37,OVL-C4707
overlap,486,c03,47,days_484.75_505.37,OVL-C4707
overlap,493,c03,47,days_484.75_505.37,OVL-C4707
overlap,507,c03,47,days_484.75_505.37,OVL-C4707
overlap,526,c03,47,days_484.75_505.37,OVL-C4707
overlap,530,c03,47,days_484.75_505.37,OVL-C4707
overlap,546,c03,47,days_484.75_505.37,OVL-C4707
overlap,550,c03,47,days_484.75_505.37,OVL-C4707
overlap,561,c03,47,days_484.75_505.37,OVL-C4707
overlap,563,c03,47,days_484.75_505.37,OVL-C4707
overlap,571,c03,47,days_484.75_505.37,OVL-C4707
overlap,610,c03,47,days_484.75_505.37,OVL-C4707
overlap,629,c03,47,days_484.75_505.37,OVL-C4707
overlap,630,c03,47,days_484.75_505.37,OVL-C4707
overlap,631,c03,47,days_484.75_505.37,OVL-C4707
overlap,656,c03,47,days_484.75_505.37,OVL-C4707
overlap,658,c03,47,days_484.75_505.37,OVL-C4707
overlap,671,c03,47,days_484.75_505.37,OVL-C4707
overlap,685,c03,47,days_484.75_505.37,OVL-C4707
overlap,750,c03,47,days_484.75_505.37,OVL-C4707
overlap,773,c03,47,days_484.75_505.37,OVL-C4707
overlap,775,c03,47,days_484.75_505.37,OVL-C4707
overlap,846,c03,47,days_484.75_505.37,OVL-C4707
overlap,891,c03,47,days_484.75_505.37,OVL-C4707
overlap,902,c03,47,days_484.75_505.37,OVL-C4707
overlap,920,c03,47,days_484.75_505.37,OVL-C4707
overlap,975,c03,47,days_484.75_505.37,OVL-C4707
overlap,995,c03,47,days_484.75_505.37,OVL-C4707
overlap,28,c05,47,days_484.75_505.37,OVL-C4706
overlap,56,c05,47,days_484.75_505.37,OVL-C4706
overlap,68,c05,47,days_484.75_505.37,OVL-C4706
overlap,95,c05,47,days_484.75_505.37,OVL-C4706
overlap,175,c05,47,days_484.75_505.37,OVL-C4706
overlap,231,c05,47,days_484.75_505.37,OVL-C4706
overlap,245,c05,47,days_484.75_505.37,OVL-C4706
overlap,251,c05,47,days_484.75_505.37,OVL-C4706
overlap,264,c05,47,days_484.75_505.37,OVL-C4706
overlap,269,c05,47,days_484.75_505.37,OVL-C4706
overlap,275,c05,47,days_484.75_505.37,OVL-C4706
overlap,311,c05,47,days_484.75_505.37,OVL-C4706
overlap,329,c05,47,days_484.75_505.37,OVL-C4706
overlap,338,c05,47,days_484.75_505.37,OVL-C4706
overlap,361,c05,47,days_484.75_505.37,OVL-C4706
overlap,364,c05,47,days_484.75_505.37,OVL-C4706
overlap,427,c05,47,days_484.75_505.37,OVL-C4706
overlap,432,c05,47,days_484.75_505.37,OVL-C4706
overlap,433,c05,47,days_484.75_505.37,OVL-C4706
overlap,448,c05,47,days_484.75_505.37,OVL-C4706
overlap,479,c05,47,days_484.75_505.37,OVL-C4706
overlap,480,c05,47,days_484.75_505.37,OVL-C4706
overlap,482,c05,47,days_484.75_505.37,OVL-C4706
overlap,531,c05,47,days_484.75_505.37,OVL-C4706
overlap,540,c05,47,days_484.75_505.37,OVL-C4706
overlap,582,c05,47,days_484.75_505.37,OVL-C4706
overlap,606,c05,47,days_484.75_505.37,OVL-C4706
overlap,624,c05,47,days_484.75_505.37,OVL-C4706
overlap,641,c05,47,days_484.75_505.37,OVL-C4706
overlap,698,c05,47,days_484.75_505.37,OVL-C4706
overlap,736,c05,47,days_484.75_505.37,OVL-C4706
overlap,737,c05,47,days_484.75_505.37,OVL-C4706
overlap,764,c05,47,days_484.75_505.37,OVL-C4706
overlap,789,c05,47,days_484.75_505.37,OVL-C4706
overlap,796,c05,47,days_484.75_505.37,OVL-C4706
overlap,798,c05,47,days_484.75_505.37,OVL-C4706
overlap,809,c05,47,days_484.75_505.37,OVL-C4706
overlap,819,c05,47,days_484.75_505.37,OVL-C4706
overlap,830,c05,47,days_484.75_505.37,OVL-C4706
overlap,840,c05,47,days_484.75_505.37,OVL-C4706
overlap,849,c05,47,days_484.75_505.37,OVL-C4706
overlap,872,c05,47,days_484.75_505.37,OVL-C4706
overlap,873,c05,47,days_484.75_505.37,OVL-C4706
overlap,874,c05,47,days_484.75_505.37,OVL-C4706
overlap,910,c05,47,days_484.75_505.37,OVL-C4706
overlap,955,c05,47,days_484.75_505.37,OVL-C4706
overlap,987,c05,47,days_484.75_505.37,OVL-C4706
overlap,994,c05,47,days_484.75_505.37,OVL-C4706
overlap,5,c06,47,days_484.75_505.37,OVL-C4705
overlap,29,c06,47,days_484.75_505.37,OVL-C4705
overlap,31,c06,47,days_484.75_505.37,OVL-C4705
overlap,67,c06,47,days_484.75_505.37,OVL-C4705
overlap,93,c06,47,days_484.75_505.37,OVL-C4705
overlap,98,c06,47,days_484.75_505.37,OVL-C4705
overlap,107,c06,47,days_484.75_505.37,OVL-C4705
overlap,117,c06,47,days_484.75_505.37,OVL-C4705
overlap,118,c06,47,days_484.75_505.37,OVL-C4705
overlap,134,c06,47,days_484.75_505.37,OVL-C4705
overlap,165,c06,47,days_484.75_505.37,OVL-C4705
overlap,185,c06,47,days_484.75_505.37,OVL-C4705
overlap,192,c06,47,days_484.75_505.37,OVL-C4705
overlap,201,c06,47,days_484.75_505.37,OVL-C4705
overlap,208,c06,47,days_484.75_505.37,OVL-C4705
overlap,226,c06,47,days_484.75_505.37,OVL-C4705
overlap,236,c06,47,days_484.75_505.37,OVL-C4705
overlap,262,c06,47,days_484.75_505.37,OVL-C4705
overlap,268,c06,47,days_484.75_505.37,OVL-C4705
overlap,270,c06,47,days_484.75_505.37,OVL-C4705
overlap,278,c06,47,days_484.75_505.37,OVL-C4705
overlap,289,c06,47,days_484.75_505.37,OVL-C4705
overlap,291,c06,47,days_484.75_505.37,OVL-C4705
overlap,320,c06,47,days_484.75_505.37,OVL-C4705
overlap,335,c06,47,days_484.75_505.37,OVL-C4705
overlap,344,c06,47,days_484.75_505.37,OVL-C4705
overlap,381,c06,47,days_484.75_505.37,OVL-C4705
overlap,401,c06,47,days_484.75_505.37,OVL-C4705
overlap,415,c06,47,days_484.75_505.37,OVL-C4705
overlap,429,c06,47,days_484.75_505.37,OVL-C4705
overlap,440,c06,47,days_484.75_505.37,OVL-C4705
overlap,454,c06,47,days_484.75_505.37,OVL-C4705
overlap,464,c06,47,days_484.75_505.37,OVL-C4705
overlap,468,c06,47,days_484.75_505.37,OVL-C4705
overlap,537,c06,47,days_484.75_505.37,OVL-C4705
overlap,553,c06,47,days_484.75_505.37,OVL-C4705
overlap,639,c06,47,days_484.75_505.37,OVL-C4705
overlap,643,c06,47,days_484.75_505.37,OVL-C4705
overlap,652,c06,47,days_484.75_505.37,OVL-C4705
overlap,664,c06,47,days_484.75_505.37,OVL-C4705
overlap,670,c06,47,days_484.75_505.37,OVL-C4705
overlap,683,c06,47,days_484.75_505.37,OVL-C4705
overlap,688,c06,47,days_484.75_505.37,OVL-C4705
overlap,707,c06,47,days_484.75_505.37,OVL-C4705
overlap,713,c06,47,days_484.75_505.37,OVL-C4705
overlap,808,c06,47,days_484.75_505.37,OVL-C4705
overlap,810,c06,47,days_484.75_505.37,OVL-C4705
overlap,811,c06,47,days_484.75_505.37,OVL-C4705
overlap,833,c06,47,days_484.75_505.37,OVL-C4705
overlap,880,c06,47,days_484.75_505.37,OVL-C4705
overlap,898,c06,47,days_484.75_505.37,OVL-C4705
overlap,899,c06,47,days_484.75_505.37,OVL-C4705
overlap,963,c06,47,days_484.75_505.37,OVL-C4705
overlap,980,c06,47,days_484.75_505.37,OVL-C4705
overlap,985,c06,47,days_484.75_505.37,OVL-C4705
overlap,1003,c06,47,days_484.75_505.37,OVL-C4705
overlap,7,c07,47,days_484.75_505.37,OVL-C4702
overlap,16,c07,47,days_484.75_505.37,OVL-C4702
overlap,19,c07,47,days_484.75_505.37,OVL-C4702
overlap,32,c07,47,days_484.75_505.37,OVL-C4702
overlap,55,c07,47,days_484.75_505.37,OVL-C4702
overlap,61,c07,47,days_484.75_505.37,OVL-C4702
overlap,71,c07,47,days_484.75_505.37,OVL-C4702
overlap,76,c07,47,days_484.75_505.37,OVL-C4702
overlap,89,c07,47,days_484.75_505.37,OVL-C4702
overlap,101,c07,47,days_484.75_505.37,OVL-C4702
overlap,114,c07,47,days_484.75_505.37,OVL-C4702
overlap,127,c07,47,days_484.75_505.37,OVL-C4702
overlap,149,c07,47,days_484.75_505.37,OVL-C4702
overlap,153,c07,47,days_484.75_505.37,OVL-C4702
overlap,169,c07,47,days_484.75_505.37,OVL-C4702
overlap,184,c07,47,days_484.75_505.37,OVL-C4702
overlap,189,c07,47,days_484.75_505.37,OVL-C4702
overlap,195,c07,47,days_484.75_505.37,OVL-C4702
overlap,223,c07,47,days_484.75_505.37,OVL-C4702
overlap,225,c07,47,days_484.75_505.37,OVL-C4702
overlap,243,c07,47,days_484.75_505.37,OVL-C4702
overlap,246,c07,47,days_484.75_505.37,OVL-C4702
overlap,281,c07,47,days_484.75_505.37,OVL-C4702
overlap,315,c07,47,days_484.75_505.37,OVL-C4702
overlap,365,c07,47,days_484.75_505.37,OVL-C4702
overlap,372,c07,47,days_484.75_505.37,OVL-C4702
overlap,377,c07,47,days_484.75_505.37,OVL-C4702
overlap,393,c07,47,days_484.75_505.37,OVL-C4702
overlap,404,c07,47,days_484.75_505.37,OVL-C4702
overlap,407,c07,47,days_484.75_505.37,OVL-C4702
overlap,410,c07,47,days_484.75_505.37,OVL-C4702
overlap,411,c07,47,days_484.75_505.37,OVL-C4702
overlap,418,c07,47,days_484.75_505.37,OVL-C4702
overlap,423,c07,47,days_484.75_505.37,OVL-C4702
overlap,491,c07,47,days_484.75_505.37,OVL-C4702
overlap,497,c07,47,days_484.75_505.37,OVL-C4702
overlap,522,c07,47,days_484.75_505.37,OVL-C4702
overlap,593,c07,47,days_484.75_505.37,OVL-C4702
overlap,595,c07,47,days_484.75_505.37,OVL-C4702
overlap,621,c07,47,days_484.75_505.37,OVL-C4702
overlap,654,c07,47,days_484.75_505.37,OVL-C4702
overlap,708,c07,47,days_484.75_505.37,OVL-C4702
overlap,711,c07,47,days_484.75_505.37,OVL-C4702
overlap,716,c07,47,days_484.75_505.37,OVL-C4702
overlap,718,c07,47,days_484.75_505.37,OVL-C4702
overlap,724,c07,47,days_484.75_505.37,OVL-C4702
overlap,732,c07,47,days_484.75_505.37,OVL-C4702
overlap,754,c07,47,days_484.75_505.37,OVL-C4702
overlap,777,c07,47,days_484.75_505.37,OVL-C4702
overlap,779,c07,47,days_484.75_505.37,OVL-C4702
overlap,781,c07,47,days_484.75_505.37,OVL-C4702
overlap,786,c07,47,days_484.75_505.37,OVL-C4702
overlap,791,c07,47,days_484.75_505.37,OVL-C4702
overlap,841,c07,47,days_484.75_505.37,OVL-C4702
overlap,843,c07,47,days_484.75_505.37,OVL-C4702
overlap,858,c07,47,days_484.75_505.37,OVL-C4702
overlap,861,c07,47,days_484.75_505.37,OVL-C4702
overlap,866,c07,47,days_484.75_505.37,OVL-C4702
overlap,883,c07,47,days_484.75_505.37,OVL-C4702
overlap,896,c07,47,days_484.75_505.37,OVL-C4702
overlap,904,c07,47,days_484.75_505.37,OVL-C4702
overlap,905,c07,47,days_484.75_505.37,OVL-C4702
overlap,907,c07,47,days_484.75_505.37,OVL-C4702
overlap,934,c07,47,days_484.75_505.37,OVL-C4702
overlap,969,c07,47,days_484.75_505.37,OVL-C4702
overlap,977,c07,47,days_484.75_505.37,OVL-C4702
overlap,991,c07,47,days_484.75_505.37,OVL-C4702
overlap,996,c07,47,days_484.75_505.37,OVL-C4702
overlap,1004,c07,47,days_484.75_505.37,OVL-C4702
overlap,45,c08,47,days_484.75_505.37,OVL-C4710
overlap,66,c08,47,days_484.75_505.37,OVL-C4710
overlap,74,c08,47,days_484.75_505.37,OVL-C4710
overlap,111,c08,47,days_484.75_505.37,OVL-C4710
overlap,112,c08,47,days_484.75_505.37,OVL-C4710
overlap,126,c08,47,days_484.75_505.37,OVL-C4710
overlap,166,c08,47,days_484.75_505.37,OVL-C4710
overlap,267,c08,47,days_484.75_505.37,OVL-C4710
overlap,294,c08,47,days_484.75_505.37,OVL-C4710
overlap,332,c08,47,days_484.75_505.37,OVL-C4710
overlap,392,c08,47,days_484.75_505.37,OVL-C4710
overlap,435,c08,47,days_484.75_505.37,OVL-C4710
overlap,447,c08,47,days_484.75_505.37,OVL-C4710
overlap,478,c08,47,days_484.75_505.37,OVL-C4710
overlap,490,c08,47,days_484.75_505.37,OVL-C4710
overlap,500,c08,47,days_484.75_505.37,OVL-C4710
overlap,517,c08,47,days_484.75_505.37,OVL-C4710
overlap,573,c08,47,days_484.75_505.37,OVL-C4710
overlap,586,c08,47,days_484.75_505.37,OVL-C4710
overlap,674,c08,47,days_484.75_505.37,OVL-C4710
overlap,696,c08,47,days_484.75_505.37,OVL-C4710
overlap,751,c08,47,days_484.75_505.37,OVL-C4710
overlap,759,c08,47,days_484.75_505.37,OVL-C4710
overlap,762,c08,47,days_484.75_505.37,OVL-C4710
overlap,782,c08,47,days_484.75_505.37,OVL-C4710
overlap,803,c08,47,days_484.75_505.37,OVL-C4710
overlap,814,c08,47,days_484.75_505.37,OVL-C4710
overlap,869,c08,47,days_484.75_505.37,OVL-C4710
overlap,885,c08,47,days_484.75_505.37,OVL-C4710
overlap,974,c08,47,days_484.75_505.37,OVL-C4710
overlap,984,c08,47,days_484.75_505.37,OVL-C4710
overlap,2,c09,47,days_484.75_505.37,OVL-C4704
overlap,30,c09,47,days_484.75_505.37,OVL-C4704
overlap,43,c09,47,days_484.75_505.37,OVL-C4704
overlap,52,c09,47,days_484.75_505.37,OVL-C4704
overlap,57,c09,47,days_484.75_505.37,OVL-C4704
overlap,77,c09,47,days_484.75_505.37,OVL-C4704
overlap,90,c09,47,days_484.75_505.37,OVL-C4704
overlap,104,c09,47,days_484.75_505.37,OVL-C4704
overlap,109,c09,47,days_484.75_505.37,OVL-C4704
overlap,119,c09,47,days_484.75_505.37,OVL-C4704
overlap,133,c09,47,days_484.75_505.37,OVL-C4704
overlap,168,c09,47,days_484.75_505.37,OVL-C4704
overlap,218,c09,47,days_484.75_505.37,OVL-C4704
overlap,232,c09,47,days_484.75_505.37,OVL-C4704
overlap,250,c09,47,days_484.75_505.37,OVL-C4704
overlap,256,c09,47,days_484.75_505.37,OVL-C4704
overlap,257,c09,47,days_484.75_505.37,OVL-C4704
overlap,260,c09,47,days_484.75_505.37,OVL-C4704
overlap,266,c09,47,days_484.75_505.37,OVL-C4704
overlap,313,c09,47,days_484.75_505.37,OVL-C4704
overlap,356,c09,47,days_484.75_505.37,OVL-C4704
overlap,384,c09,47,days_484.75_505.37,OVL-C4704
overlap,416,c09,47,days_484.75_505.37,OVL-C4704
overlap,425,c09,47,days_484.75_505.37,OVL-C4704
overlap,439,c09,47,days_484.75_505.37,OVL-C4704
overlap,465,c09,47,days_484.75_505.37,OVL-C4704
overlap,472,c09,47,days_484.75_505.37,OVL-C4704
overlap,521,c09,47,days_484.75_505.37,OVL-C4704
overlap,523,c09,47,days_484.75_505.37,OVL-C4704
overlap,545,c09,47,days_484.75_505.37,OVL-C4704
overlap,556,c09,47,days_484.75_505.37,OVL-C4704
overlap,575,c09,47,days_484.75_505.37,OVL-C4704
overlap,598,c09,47,days_484.75_505.37,OVL-C4704
overlap,602,c09,47,days_484.75_505.37,OVL-C4704
overlap,648,c09,47,days_484.75_505.37,OVL-C4704
overlap,665,c09,47,days_484.75_505.37,OVL-C4704
overlap,689,c09,47,days_484.75_505.37,OVL-C4704
overlap,699,c09,47,days_484.75_505.37,OVL-C4704
overlap,700,c09,47,days_484.75_505.37,OVL-C4704
overlap,721,c09,47,days_484.75_505.37,OVL-C4704
overlap,730,c09,47,days_484.75_505.37,OVL-C4704
overlap,743,c09,47,days_484.75_505.37,OVL-C4704
overlap,744,c09,47,days_484.75_505.37,OVL-C4704
overlap,765,c09,47,days_484.75_505.37,OVL-C4704
overlap,790,c09,47,days_484.75_505.37,OVL-C4704
overlap,812,c09,47,days_484.75_505.37,OVL-C4704
overlap,845,c09,47,days_484.75_505.37,OVL-C4704
overlap,868,c09,47,days_484.75_505.37,OVL-C4704
overlap,886,c09,47,days_484.75_505.37,OVL-C4704
overlap,889,c09,47,days_484.75_505.37,OVL-C4704
overlap,908,c09,47,days_484.75_505.37,OVL-C4704
overlap,912,c09,47,days_484.75_505.37,OVL-C4704
overlap,944,c09,47,days_484.75_505.37,OVL-C4704
overlap,946,c09,47,days_484.75_505.37,OVL-C4704
overlap,948,c09,47,days_484.75_505.37,OVL-C4704
overlap,949,c09,47,days_484.75_505.37,OVL-C4704
overlap,966,c09,47,days_484.75_505.37,OVL-C4704
overlap,1002,c09,47,days_484.75_505.37,OVL-C4704
overlap,10,c10,47,days_484.75_505.37,OVL-C4708
overlap,11,c10,47,days_484.75_505.37,OVL-C4708
overlap,13,c10,47,days_484.75_505.37,OVL-C4708
overlap,14,c10,47,days_484.75_505.37,OVL-C4708
overlap,131,c10,47,days_484.75_505.37,OVL-C4708
overlap,173,c10,47,days_484.75_505.37,OVL-C4708
overlap,199,c10,47,days_484.75_505.37,OVL-C4708
overlap,437,c10,47,days_484.75_505.37,OVL-C4708
overlap,506,c10,47,days_484.75_505.37,OVL-C4708
overlap,516,c10,47,days_484.75_505.37,OVL-C4708
overlap,532,c10,47,days_484.75_505.37,OVL-C4708
overlap,541,c10,47,days_484.75_505.37,OVL-C4708
overlap,576,c10,47,days_484.75_505.37,OVL-C4708
overlap,597,c10,47,days_484.75_505.37,OVL-C4708
overlap,611,c10,47,days_484.75_505.37,OVL-C4708
overlap,644,c10,47,days_484.75_505.37,OVL-C4708
overlap,650,c10,47,days_484.75_505.37,OVL-C4708
overlap,657,c10,47,days_484.75_505.37,OVL-C4708
overlap,682,c10,47,days_484.75_505.37,OVL-C4708
overlap,702,c10,47,days_484.75_505.37,OVL-C4708
overlap,719,c10,47,days_484.75_505.37,OVL-C4708
overlap,738,c10,47,days_484.75_505.37,OVL-C4708
overlap,745,c10,47,days_484.75_505.37,OVL-C4708
overlap,761,c10,47,days_484.75_505.37,OVL-C4708
overlap,783,c10,47,days_484.75_505.37,OVL-C4708
overlap,804,c10,47,days_484.75_505.37,OVL-C4708
overlap,828,c10,47,days_484.75_505.37,OVL-C4708
overlap,837,c10,47,days_484.75_505.37,OVL-C4708
overlap,850,c10,47,days_484.75_505.37,OVL-C4708
overlap,881,c10,47,days_484.75_505.37,OVL-C4708
overlap,921,c10,47,days_484.75_505.37,OVL-C4708
overlap,924,c10,47,days_484.75_505.37,OVL-C4708
overlap,945,c10,47,days_484.75_505.37,OVL-C4708
overlap,979,c10,47,days_484.75_505.37,OVL-C4708
overlap,1001,c10,47,days_484.75_505.37,OVL-C4708
overlap,0,c11,47,days_484.75_505.37,OVL-C4711
overlap,6,c11,47,days_484.75_505.37,OVL-C4711
overlap,78,c11,47,days_484.75_505.37,OVL-C4711
overlap,99,c11,47,days_484.75_505.37,OVL-C4711
overlap,130,c11,47,days_484.75_505.37,OVL-C4711
overlap,178,c11,47,days_484.75_505.37,OVL-C4711
overlap,228,c11,47,days_484.75_505.37,OVL-C4711
overlap,249,c11,47,days_484.75_505.37,OVL-C4711
overlap,295,c11,47,days_484.75_505.37,OVL-C4711
overlap,314,c11,47,days_484.75_505.37,OVL-C4711
overlap,333,c11,47,days_484.75_505.37,OVL-C4711
overlap,339,c11,47,days_484.75_505.37,OVL-C4711
overlap,409,c11,47,days_484.75_505.37,OVL-C4711
overlap,442,c11,47,days_484.75_505.37,OVL-C4711
overlap,470,c11,47,days_484.75_505.37,OVL-C4711
overlap,502,c11,47,days_484.75_505.37,OVL-C4711
overlap,519,c11,47,days_484.75_505.37,OVL-C4711
overlap,527,c11,47,days_484.75_505.37,OVL-C4711
overlap,538,c11,47,days_484.75_505.37,OVL-C4711
overlap,569,c11,47,days_484.75_505.37,OVL-C4711
overlap,599,c11,47,days_484.75_505.37,OVL-C4711
overlap,605,c11,47,days_484.75_505.37,OVL-C4711
overlap,693,c11,47,days_484.75_505.37,OVL-C4711
overlap,705,c11,47,days_484.75_505.37,OVL-C4711
overlap,710,c11,47,days_484.75_505.37,OVL-C4711
overlap,767,c11,47,days_484.75_505.37,OVL-C4711
overlap,862,c11,47,days_484.75_505.37,OVL-C4711
overlap,878,c11,47,days_484.75_505.37,OVL-C4711
overlap,929,c11,47,days_484.75_505.37,OVL-C4711
overlap,976,c11,47,days_484.75_505.37,OVL-C4711
overlap,17,c12,47,days_484.75_505.37,OVL-C4715
overlap,92,c12,47,days_484.75_505.37,OVL-C4715
overlap,122,c12,47,days_484.75_505.37,OVL-C4715
overlap,136,c12,47,days_484.75_505.37,OVL-C4715
overlap,142,c12,47,days_484.75_505.37,OVL-C4715
overlap,200,c12,47,days_484.75_505.37,OVL-C4715
overlap,224,c12,47,days_484.75_505.37,OVL-C4715
overlap,302,c12,47,days_484.75_505.37,OVL-C4715
overlap,316,c12,47,days_484.75_505.37,OVL-C4715
overlap,341,c12,47,days_484.75_505.37,OVL-C4715
overlap,349,c12,47,days_484.75_505.37,OVL-C4715
overlap,351,c12,47,days_484.75_505.37,OVL-C4715
overlap,428,c12,47,days_484.75_505.37,OVL-C4715
overlap,511,c12,47,days_484.75_505.37,OVL-C4715
overlap,543,c12,47,days_484.75_505.37,OVL-C4715
overlap,647,c12,47,days_484.75_505.37,OVL-C4715
overlap,806,c12,47,days_484.75_505.37,OVL-C4715
overlap,838,c12,47,days_484.75_505.37,OVL-C4715
overlap,857,c12,47,days_484.75_505.37,OVL-C4715
overlap,888,c12,47,days_484.75_505.37,OVL-C4715
overlap,915,c12,47,days_484.75_505.37,OVL-C4715
overlap,952,c12,47,days_484.75_505.37,OVL-C4715
overlap,953,c12,47,days_484.75_505.37,OVL-C4715
overlap,971,c12,47,days_484.75_505.37,OVL-C4715
overlap,990,c12,47,days_484.75_505.37,OVL-C4715
overlap,25,c13,47,days_484.75_505.37,OVL-C4712
overlap,41,c13,47,days_484.75_505.37,OVL-C4712
overlap,48,c13,47,days_484.75_505.37,OVL-C4712
overlap,73,c13,47,days_484.75_505.37,OVL-C4712
overlap,216,c13,47,days_484.75_505.37,OVL-C4712
overlap,318,c13,47,days_484.75_505.37,OVL-C4712
overlap,319,c13,47,days_484.75_505.37,OVL-C4712
overlap,321,c13,47,days_484.75_505.37,OVL-C4712
overlap,386,c13,47,days_484.75_505.37,OVL-C4712
overlap,458,c13,47,days_484.75_505.37,OVL-C4712
overlap,481,c13,47,days_484.75_505.37,OVL-C4712
overlap,499,c13,47,days_484.75_505.37,OVL-C4712
overlap,503,c13,47,days_484.75_505.37,OVL-C4712
overlap,558,c13,47,days_484.75_505.37,OVL-C4712
overlap,565,c13,47,days_484.75_505.37,OVL-C4712
overlap,601,c13,47,days_484.75_505.37,OVL-C4712
overlap,618,c13,47,days_484.75_505.37,OVL-C4712
overlap,679,c13,47,days_484.75_505.37,OVL-C4712
overlap,684,c13,47,days_484.75_505.37,OVL-C4712
overlap,704,c13,47,days_484.75_505.37,OVL-C4712
overlap,723,c13,47,days_484.75_505.37,OVL-C4712
overlap,758,c13,47,days_484.75_505.37,OVL-C4712
overlap,844,c13,47,days_484.75_505.37,OVL-C4712
overlap,918,c13,47,days_484.75_505.37,OVL-C4712
overlap,919,c13,47,days_484.75_505.37,OVL-C4712
overlap,956,c13,47,days_484.75_505.37,OVL-C4712
overlap,1000,c13,47,days_484.75_505.37,OVL-C4712
overlap,62,c14,47,days_484.75_505.37,OVL-C4716
overlap,113,c14,47,days_484.75_505.37,OVL-C4716
overlap,163,c14,47,days_484.75_505.37,OVL-C4716
overlap,369,c14,47,days_484.75_505.37,OVL-C4716
overlap,444,c14,47,days_484.75_505.37,OVL-C4716
overlap,485,c14,47,days_484.75_505.37,OVL-C4716
overlap,513,c14,47,days_484.75_505.37,OVL-C4716
overlap,518,c14,47,days_484.75_505.37,OVL-C4716
overlap,535,c14,47,days_484.75_505.37,OVL-C4716
overlap,542,c14,47,days_484.75_505.37,OVL-C4716
overlap,551,c14,47,days_484.75_505.37,OVL-C4716
overlap,646,c14,47,days_484.75_505.37,OVL-C4716
overlap,722,c14,47,days_484.75_505.37,OVL-C4716
overlap,799,c14,47,days_484.75_505.37,OVL-C4716
overlap,800,c14,47,days_484.75_505.37,OVL-C4716
overlap,823,c14,47,days_484.75_505.37,OVL-C4716
overlap,854,c14,47,days_484.75_505.37,OVL-C4716
overlap,895,c14,47,days_484.75_505.37,OVL-C4716
overlap,913,c14,47,days_484.75_505.37,OVL-C4716
overlap,936,c14,47,days_484.75_505.37,OVL-C4716
overlap,21,c01,48,days_495.06_515.69,OVL-C4801
overlap,39,c01,48,days_495.06_515.69,OVL-C4801
overlap,53,c01,48,days_495.06_515.69,OVL-C4801
overlap,65,c01,48,days_495.06_515.69,OVL-C4801
overlap,70,c01,48,days_495.06_515.69,OVL-C4801
overlap,72,c01,48,days_495.06_515.69,OVL-C4801
overlap,75,c01,48,days_495.06_515.69,OVL-C4801
overlap,76,c01,48,days_495.06_515.69,OVL-C4801
overlap,84,c01,48,days_495.06_515.69,OVL-C4801
overlap,90,c01,48,days_495.06_515.69,OVL-C4801
overlap,91,c01,48,days_495.06_515.69,OVL-C4801
overlap,120,c01,48,days_495.06_515.69,OVL-C4801
overlap,129,c01,48,days_495.06_515.69,OVL-C4801
overlap,147,c01,48,days_495.06_515.69,OVL-C4801
overlap,148,c01,48,days_495.06_515.69,OVL-C4801
overlap,150,c01,48,days_495.06_515.69,OVL-C4801
overlap,151,c01,48,days_495.06_515.69,OVL-C4801
overlap,159,c01,48,days_495.06_515.69,OVL-C4801
overlap,171,c01,48,days_495.06_515.69,OVL-C4801
overlap,181,c01,48,days_495.06_515.69,OVL-C4801
overlap,190,c01,48,days_495.06_515.69,OVL-C4801
overlap,191,c01,48,days_495.06_515.69,OVL-C4801
overlap,193,c01,48,days_495.06_515.69,OVL-C4801
overlap,196,c01,48,days_495.06_515.69,OVL-C4801
overlap,214,c01,48,days_495.06_515.69,OVL-C4801
overlap,220,c01,48,days_495.06_515.69,OVL-C4801
overlap,225,c01,48,days_495.06_515.69,OVL-C4801
overlap,230,c01,48,days_495.06_515.69,OVL-C4801
overlap,235,c01,48,days_495.06_515.69,OVL-C4801
overlap,239,c01,48,days_495.06_515.69,OVL-C4801
overlap,242,c01,48,days_495.06_515.69,OVL-C4801
overlap,247,c01,48,days_495.06_515.69,OVL-C4801
overlap,248,c01,48,days_495.06_515.69,OVL-C4801
overlap,253,c01,48,days_495.06_515.69,OVL-C4801
overlap,273,c01,48,days_495.06_515.69,OVL-C4801
overlap,274,c01,48,days_495.06_515.69,OVL-C4801
overlap,283,c01,48,days_495.06_515.69,OVL-C4801
overlap,285,c01,48,days_495.06_515.69,OVL-C4801
overlap,290,c01,48,days_495.06_515.69,OVL-C4801
overlap,299,c01,48,days_495.06_515.69,OVL-C4801
overlap,322,c01,48,days_495.06_515.69,OVL-C4801
overlap,324,c01,48,days_495.06_515.69,OVL-C4801
overlap,334,c01,48,days_495.06_515.69,OVL-C4801
overlap,336,c01,48,days_495.06_515.69,OVL-C4801
overlap,347,c01,48,days_495.06_515.69,OVL-C4801
overlap,355,c01,48,days_495.06_515.69,OVL-C4801
overlap,367,c01,48,days_495.06_515.69,OVL-C4801
overlap,388,c01,48,days_495.06_515.69,OVL-C4801
overlap,403,c01,48,days_495.06_515.69,OVL-C4801
overlap,451,c01,48,days_495.06_515.69,OVL-C4801
overlap,460,c01,48,days_495.06_515.69,OVL-C4801
overlap,471,c01,48,days_495.06_515.69,OVL-C4801
overlap,474,c01,48,days_495.06_515.69,OVL-C4801
overlap,476,c01,48,days_495.06_515.69,OVL-C4801
overlap,486,c01,48,days_495.06_515.69,OVL-C4801
overlap,515,c01,48,days_495.06_515.69,OVL-C4801
overlap,534,c01,48,days_495.06_515.69,OVL-C4801
overlap,546,c01,48,days_495.06_515.69,OVL-C4801
overlap,550,c01,48,days_495.06_515.69,OVL-C4801
overlap,554,c01,48,days_495.06_515.69,OVL-C4801
overlap,557,c01,48,days_495.06_515.69,OVL-C4801
overlap,566,c01,48,days_495.06_515.69,OVL-C4801
overlap,577,c01,48,days_495.06_515.69,OVL-C4801
overlap,590,c01,48,days_495.06_515.69,OVL-C4801
overlap,591,c01,48,days_495.06_515.69,OVL-C4801
overlap,600,c01,48,days_495.06_515.69,OVL-C4801
overlap,609,c01,48,days_495.06_515.69,OVL-C4801
overlap,613,c01,48,days_495.06_515.69,OVL-C4801
overlap,633,c01,48,days_495.06_515.69,OVL-C4801
overlap,640,c01,48,days_495.06_515.69,OVL-C4801
overlap,649,c01,48,days_495.06_515.69,OVL-C4801
overlap,656,c01,48,days_495.06_515.69,OVL-C4801
overlap,660,c01,48,days_495.06_515.69,OVL-C4801
overlap,675,c01,48,days_495.06_515.69,OVL-C4801
overlap,686,c01,48,days_495.06_515.69,OVL-C4801
overlap,687,c01,48,days_495.06_515.69,OVL-C4801
overlap,703,c01,48,days_495.06_515.69,OVL-C4801
overlap,706,c01,48,days_495.06_515.69,OVL-C4801
overlap,715,c01,48,days_495.06_515.69,OVL-C4801
overlap,748,c01,48,days_495.06_515.69,OVL-C4801
overlap,752,c01,48,days_495.06_515.69,OVL-C4801
overlap,768,c01,48,days_495.06_515.69,OVL-C4801
overlap,772,c01,48,days_495.06_515.69,OVL-C4801
overlap,841,c01,48,days_495.06_515.69,OVL-C4801
overlap,852,c01,48,days_495.06_515.69,OVL-C4801
overlap,853,c01,48,days_495.06_515.69,OVL-C4801
overlap,865,c01,48,days_495.06_515.69,OVL-C4801
overlap,875,c01,48,days_495.06_515.69,OVL-C4801
overlap,880,c01,48,days_495.06_515.69,OVL-C4801
overlap,890,c01,48,days_495.06_515.69,OVL-C4801
overlap,920,c01,48,days_495.06_515.69,OVL-C4801
overlap,923,c01,48,days_495.06_515.69,OVL-C4801
overlap,926,c01,48,days_495.06_515.69,OVL-C4801
overlap,927,c01,48,days_495.06_515.69,OVL-C4801
overlap,933,c01,48,days_495.06_515.69,OVL-C4801
overlap,939,c01,48,days_495.06_515.69,OVL-C4801
overlap,940,c01,48,days_495.06_515.69,OVL-C4801
overlap,941,c01,48,days_495.06_515.69,OVL-C4801
overlap,943,c01,48,days_495.06_515.69,OVL-C4801
overlap,944,c01,48,days_495.06_515.69,OVL-C4801
overlap,951,c01,48,days_495.06_515.69,OVL-C4801
overlap,962,c01,48,days_495.06_515.69,OVL-C4801
overlap,972,c01,48,days_495.06_515.69,OVL-C4801
overlap,983,c01,48,days_495.06_515.69,OVL-C4801
overlap,1002,c01,48,days_495.06_515.69,OVL-C4801
overlap,40,c02,48,days_495.06_515.69,OVL-C4802
overlap,60,c02,48,days_495.06_515.69,OVL-C4802
overlap,83,c02,48,days_495.06_515.69,OVL-C4802
overlap,86,c02,48,days_495.06_515.69,OVL-C4802
overlap,105,c02,48,days_495.06_515.69,OVL-C4802
overlap,137,c02,48,days_495.06_515.69,OVL-C4802
overlap,152,c02,48,days_495.06_515.69,OVL-C4802
overlap,155,c02,48,days_495.06_515.69,OVL-C4802
overlap,161,c02,48,days_495.06_515.69,OVL-C4802
overlap,187,c02,48,days_495.06_515.69,OVL-C4802
overlap,198,c02,48,days_495.06_515.69,OVL-C4802
overlap,203,c02,48,days_495.06_515.69,OVL-C4802
overlap,213,c02,48,days_495.06_515.69,OVL-C4802
overlap,229,c02,48,days_495.06_515.69,OVL-C4802
overlap,233,c02,48,days_495.06_515.69,OVL-C4802
overlap,254,c02,48,days_495.06_515.69,OVL-C4802
overlap,272,c02,48,days_495.06_515.69,OVL-C4802
overlap,277,c02,48,days_495.06_515.69,OVL-C4802
overlap,300,c02,48,days_495.06_515.69,OVL-C4802
overlap,306,c02,48,days_495.06_515.69,OVL-C4802
overlap,307,c02,48,days_495.06_515.69,OVL-C4802
overlap,318,c02,48,days_495.06_515.69,OVL-C4802
overlap,374,c02,48,days_495.06_515.69,OVL-C4802
overlap,379,c02,48,days_495.06_515.69,OVL-C4802
overlap,390,c02,48,days_495.06_515.69,OVL-C4802
overlap,394,c02,48,days_495.06_515.69,OVL-C4802
overlap,398,c02,48,days_495.06_515.69,OVL-C4802
overlap,400,c02,48,days_495.06_515.69,OVL-C4802
overlap,443,c02,48,days_495.06_515.69,OVL-C4802
overlap,450,c02,48,days_495.06_515.69,OVL-C4802
overlap,466,c02,48,days_495.06_515.69,OVL-C4802
overlap,488,c02,48,days_495.06_515.69,OVL-C4802
overlap,523,c02,48,days_495.06_515.69,OVL-C4802
overlap,527,c02,48,days_495.06_515.69,OVL-C4802
overlap,568,c02,48,days_495.06_515.69,OVL-C4802
overlap,571,c02,48,days_495.06_515.69,OVL-C4802
overlap,572,c02,48,days_495.06_515.69,OVL-C4802
overlap,606,c02,48,days_495.06_515.69,OVL-C4802
overlap,617,c02,48,days_495.06_515.69,OVL-C4802
overlap,626,c02,48,days_495.06_515.69,OVL-C4802
overlap,637,c02,48,days_495.06_515.69,OVL-C4802
overlap,659,c02,48,days_495.06_515.69,OVL-C4802
overlap,661,c02,48,days_495.06_515.69,OVL-C4802
overlap,662,c02,48,days_495.06_515.69,OVL-C4802
overlap,665,c02,48,days_495.06_515.69,OVL-C4802
overlap,668,c02,48,days_495.06_515.69,OVL-C4802
overlap,673,c02,48,days_495.06_515.69,OVL-C4802
overlap,684,c02,48,days_495.06_515.69,OVL-C4802
overlap,692,c02,48,days_495.06_515.69,OVL-C4802
overlap,695,c02,48,days_495.06_515.69,OVL-C4802
overlap,712,c02,48,days_495.06_515.69,OVL-C4802
overlap,720,c02,48,days_495.06_515.69,OVL-C4802
overlap,742,c02,48,days_495.06_515.69,OVL-C4802
overlap,746,c02,48,days_495.06_515.69,OVL-C4802
overlap,749,c02,48,days_495.06_515.69,OVL-C4802
overlap,769,c02,48,days_495.06_515.69,OVL-C4802
overlap,774,c02,48,days_495.06_515.69,OVL-C4802
overlap,775,c02,48,days_495.06_515.69,OVL-C4802
overlap,776,c02,48,days_495.06_515.69,OVL-C4802
overlap,784,c02,48,days_495.06_515.69,OVL-C4802
overlap,802,c02,48,days_495.06_515.69,OVL-C4802
overlap,813,c02,48,days_495.06_515.69,OVL-C4802
overlap,834,c02,48,days_495.06_515.69,OVL-C4802
overlap,835,c02,48,days_495.06_515.69,OVL-C4802
overlap,863,c02,48,days_495.06_515.69,OVL-C4802
overlap,900,c02,48,days_495.06_515.69,OVL-C4802
overlap,901,c02,48,days_495.06_515.69,OVL-C4802
overlap,914,c02,48,days_495.06_515.69,OVL-C4802
overlap,931,c02,48,days_495.06_515.69,OVL-C4802
overlap,935,c02,48,days_495.06_515.69,OVL-C4802
overlap,947,c02,48,days_495.06_515.69,OVL-C4802
overlap,965,c02,48,days_495.06_515.69,OVL-C4802
overlap,981,c02,48,days_495.06_515.69,OVL-C4802
overlap,993,c02,48,days_495.06_515.69,OVL-C4802
overlap,3,c03,48,days_495.06_515.69,OVL-C4805
overlap,24,c03,48,days_495.06_515.69,OVL-C4805
overlap,35,c03,48,days_495.06_515.69,OVL-C4805
overlap,141,c03,48,days_495.06_515.69,OVL-C4805
overlap,158,c03,48,days_495.06_515.69,OVL-C4805
overlap,160,c03,48,days_495.06_515.69,OVL-C4805
overlap,167,c03,48,days_495.06_515.69,OVL-C4805
overlap,188,c03,48,days_495.06_515.69,OVL-C4805
overlap,207,c03,48,days_495.06_515.69,OVL-C4805
overlap,241,c03,48,days_495.06_515.69,OVL-C4805
overlap,280,c03,48,days_495.06_515.69,OVL-C4805
overlap,288,c03,48,days_495.06_515.69,OVL-C4805
overlap,301,c03,48,days_495.06_515.69,OVL-C4805
overlap,326,c03,48,days_495.06_515.69,OVL-C4805
overlap,353,c03,48,days_495.06_515.69,OVL-C4805
overlap,360,c03,48,days_495.06_515.69,OVL-C4805
overlap,373,c03,48,days_495.06_515.69,OVL-C4805
overlap,387,c03,48,days_495.06_515.69,OVL-C4805
overlap,391,c03,48,days_495.06_515.69,OVL-C4805
overlap,397,c03,48,days_495.06_515.69,OVL-C4805
overlap,414,c03,48,days_495.06_515.69,OVL-C4805
overlap,421,c03,48,days_495.06_515.69,OVL-C4805
overlap,424,c03,48,days_495.06_515.69,OVL-C4805
overlap,431,c03,48,days_495.06_515.69,OVL-C4805
overlap,445,c03,48,days_495.06_515.69,OVL-C4805
overlap,469,c03,48,days_495.06_515.69,OVL-C4805
overlap,483,c03,48,days_495.06_515.69,OVL-C4805
overlap,484,c03,48,days_495.06_515.69,OVL-C4805
overlap,493,c03,48,days_495.06_515.69,OVL-C4805
overlap,507,c03,48,days_495.06_515.69,OVL-C4805
overlap,512,c03,48,days_495.06_515.69,OVL-C4805
overlap,526,c03,48,days_495.06_515.69,OVL-C4805
overlap,530,c03,48,days_495.06_515.69,OVL-C4805
overlap,547,c03,48,days_495.06_515.69,OVL-C4805
overlap,552,c03,48,days_495.06_515.69,OVL-C4805
overlap,561,c03,48,days_495.06_515.69,OVL-C4805
overlap,563,c03,48,days_495.06_515.69,OVL-C4805
overlap,570,c03,48,days_495.06_515.69,OVL-C4805
overlap,607,c03,48,days_495.06_515.69,OVL-C4805
overlap,610,c03,48,days_495.06_515.69,OVL-C4805
overlap,614,c03,48,days_495.06_515.69,OVL-C4805
overlap,629,c03,48,days_495.06_515.69,OVL-C4805
overlap,630,c03,48,days_495.06_515.69,OVL-C4805
overlap,631,c03,48,days_495.06_515.69,OVL-C4805
overlap,658,c03,48,days_495.06_515.69,OVL-C4805
overlap,667,c03,48,days_495.06_515.69,OVL-C4805
overlap,671,c03,48,days_495.06_515.69,OVL-C4805
overlap,696,c03,48,days_495.06_515.69,OVL-C4805
overlap,750,c03,48,days_495.06_515.69,OVL-C4805
overlap,795,c03,48,days_495.06_515.69,OVL-C4805
overlap,817,c03,48,days_495.06_515.69,OVL-C4805
overlap,846,c03,48,days_495.06_515.69,OVL-C4805
overlap,851,c03,48,days_495.06_515.69,OVL-C4805
overlap,858,c03,48,days_495.06_515.69,OVL-C4805
overlap,891,c03,48,days_495.06_515.69,OVL-C4805
overlap,902,c03,48,days_495.06_515.69,OVL-C4805
overlap,954,c03,48,days_495.06_515.69,OVL-C4805
overlap,957,c03,48,days_495.06_515.69,OVL-C4805
overlap,975,c03,48,days_495.06_515.69,OVL-C4805
overlap,978,c03,48,days_495.06_515.69,OVL-C4805
overlap,988,c03,48,days_495.06_515.69,OVL-C4805
overlap,995,c03,48,days_495.06_515.69,OVL-C4805
overlap,7,c04,48,days_495.06_515.69,OVL-C4803
overlap,22,c04,48,days_495.06_515.69,OVL-C4803
overlap,38,c04,48,days_495.06_515.69,OVL-C4803
overlap,42,c04,48,days_495.06_515.69,OVL-C4803
overlap,46,c04,48,days_495.06_515.69,OVL-C4803
overlap,50,c04,48,days_495.06_515.69,OVL-C4803
overlap,64,c04,48,days_495.06_515.69,OVL-C4803
overlap,69,c04,48,days_495.06_515.69,OVL-C4803
overlap,88,c04,48,days_495.06_515.69,OVL-C4803
overlap,96,c04,48,days_495.06_515.69,OVL-C4803
overlap,103,c04,48,days_495.06_515.69,OVL-C4803
overlap,106,c04,48,days_495.06_515.69,OVL-C4803
overlap,125,c04,48,days_495.06_515.69,OVL-C4803
overlap,132,c04,48,days_495.06_515.69,OVL-C4803
overlap,139,c04,48,days_495.06_515.69,OVL-C4803
overlap,153,c04,48,days_495.06_515.69,OVL-C4803
overlap,154,c04,48,days_495.06_515.69,OVL-C4803
overlap,164,c04,48,days_495.06_515.69,OVL-C4803
overlap,206,c04,48,days_495.06_515.69,OVL-C4803
overlap,292,c04,48,days_495.06_515.69,OVL-C4803
overlap,308,c04,48,days_495.06_515.69,OVL-C4803
overlap,309,c04,48,days_495.06_515.69,OVL-C4803
overlap,310,c04,48,days_495.06_515.69,OVL-C4803
overlap,323,c04,48,days_495.06_515.69,OVL-C4803
overlap,337,c04,48,days_495.06_515.69,OVL-C4803
overlap,343,c04,48,days_495.06_515.69,OVL-C4803
overlap,346,c04,48,days_495.06_515.69,OVL-C4803
overlap,378,c04,48,days_495.06_515.69,OVL-C4803
overlap,399,c04,48,days_495.06_515.69,OVL-C4803
overlap,402,c04,48,days_495.06_515.69,OVL-C4803
overlap,411,c04,48,days_495.06_515.69,OVL-C4803
overlap,418,c04,48,days_495.06_515.69,OVL-C4803
overlap,420,c04,48,days_495.06_515.69,OVL-C4803
overlap,438,c04,48,days_495.06_515.69,OVL-C4803
overlap,477,c04,48,days_495.06_515.69,OVL-C4803
overlap,478,c04,48,days_495.06_515.69,OVL-C4803
overlap,487,c04,48,days_495.06_515.69,OVL-C4803
overlap,497,c04,48,days_495.06_515.69,OVL-C4803
overlap,505,c04,48,days_495.06_515.69,OVL-C4803
overlap,509,c04,48,days_495.06_515.69,OVL-C4803
overlap,510,c04,48,days_495.06_515.69,OVL-C4803
overlap,514,c04,48,days_495.06_515.69,OVL-C4803
overlap,528,c04,48,days_495.06_515.69,OVL-C4803
overlap,559,c04,48,days_495.06_515.69,OVL-C4803
overlap,588,c04,48,days_495.06_515.69,OVL-C4803
overlap,603,c04,48,days_495.06_515.69,OVL-C4803
overlap,622,c04,48,days_495.06_515.69,OVL-C4803
overlap,634,c04,48,days_495.06_515.69,OVL-C4803
overlap,638,c04,48,days_495.06_515.69,OVL-C4803
overlap,663,c04,48,days_495.06_515.69,OVL-C4803
overlap,676,c04,48,days_495.06_515.69,OVL-C4803
overlap,701,c04,48,days_495.06_515.69,OVL-C4803
overlap,728,c04,48,days_495.06_515.69,OVL-C4803
overlap,735,c04,48,days_495.06_515.69,OVL-C4803
overlap,740,c04,48,days_495.06_515.69,OVL-C4803
overlap,773,c04,48,days_495.06_515.69,OVL-C4803
overlap,780,c04,48,days_495.06_515.69,OVL-C4803
overlap,788,c04,48,days_495.06_515.69,OVL-C4803
overlap,807,c04,48,days_495.06_515.69,OVL-C4803
overlap,818,c04,48,days_495.06_515.69,OVL-C4803
overlap,822,c04,48,days_495.06_515.69,OVL-C4803
overlap,832,c04,48,days_495.06_515.69,OVL-C4803
overlap,879,c04,48,days_495.06_515.69,OVL-C4803
overlap,893,c04,48,days_495.06_515.69,OVL-C4803
overlap,906,c04,48,days_495.06_515.69,OVL-C4803
overlap,950,c04,48,days_495.06_515.69,OVL-C4803
overlap,969,c04,48,days_495.06_515.69,OVL-C4803
overlap,977,c04,48,days_495.06_515.69,OVL-C4803
overlap,996,c04,48,days_495.06_515.69,OVL-C4803
overlap,997,c04,48,days_495.06_515.69,OVL-C4803
overlap,5,c05,48,days_495.06_515.69,OVL-C4804
overlap,28,c05,48,days_495.06_515.69,OVL-C4804
overlap,33,c05,48,days_495.06_515.69,OVL-C4804
overlap,56,c05,48,days_495.06_515.69,OVL-C4804
overlap,68,c05,48,days_495.06_515.69,OVL-C4804
overlap,82,c05,48,days_495.06_515.69,OVL-C4804
overlap,95,c05,48,days_495.06_515.69,OVL-C4804
overlap,135,c05,48,days_495.06_515.69,OVL-C4804
overlap,170,c05,48,days_495.06_515.69,OVL-C4804
overlap,175,c05,48,days_495.06_515.69,OVL-C4804
overlap,231,c05,48,days_495.06_515.69,OVL-C4804
overlap,245,c05,48,days_495.06_515.69,OVL-C4804
overlap,251,c05,48,days_495.06_515.69,OVL-C4804
overlap,264,c05,48,days_495.06_515.69,OVL-C4804
overlap,269,c05,48,days_495.06_515.69,OVL-C4804
overlap,275,c05,48,days_495.06_515.69,OVL-C4804
overlap,293,c05,48,days_495.06_515.69,OVL-C4804
overlap,311,c05,48,days_495.06_515.69,OVL-C4804
overlap,329,c05,48,days_495.06_515.69,OVL-C4804
overlap,338,c05,48,days_495.06_515.69,OVL-C4804
overlap,361,c05,48,days_495.06_515.69,OVL-C4804
overlap,364,c05,48,days_495.06_515.69,OVL-C4804
overlap,405,c05,48,days_495.06_515.69,OVL-C4804
overlap,427,c05,48,days_495.06_515.69,OVL-C4804
overlap,433,c05,48,days_495.06_515.69,OVL-C4804
overlap,462,c05,48,days_495.06_515.69,OVL-C4804
overlap,480,c05,48,days_495.06_515.69,OVL-C4804
overlap,482,c05,48,days_495.06_515.69,OVL-C4804
overlap,491,c05,48,days_495.06_515.69,OVL-C4804
overlap,531,c05,48,days_495.06_515.69,OVL-C4804
overlap,540,c05,48,days_495.06_515.69,OVL-C4804
overlap,581,c05,48,days_495.06_515.69,OVL-C4804
overlap,582,c05,48,days_495.06_515.69,OVL-C4804
overlap,587,c05,48,days_495.06_515.69,OVL-C4804
overlap,624,c05,48,days_495.06_515.69,OVL-C4804
overlap,628,c05,48,days_495.06_515.69,OVL-C4804
overlap,632,c05,48,days_495.06_515.69,OVL-C4804
overlap,641,c05,48,days_495.06_515.69,OVL-C4804
overlap,697,c05,48,days_495.06_515.69,OVL-C4804
overlap,698,c05,48,days_495.06_515.69,OVL-C4804
overlap,736,c05,48,days_495.06_515.69,OVL-C4804
overlap,737,c05,48,days_495.06_515.69,OVL-C4804
overlap,764,c05,48,days_495.06_515.69,OVL-C4804
overlap,789,c05,48,days_495.06_515.69,OVL-C4804
overlap,792,c05,48,days_495.06_515.69,OVL-C4804
overlap,796,c05,48,days_495.06_515.69,OVL-C4804
overlap,798,c05,48,days_495.06_515.69,OVL-C4804
overlap,809,c05,48,days_495.06_515.69,OVL-C4804
overlap,819,c05,48,days_495.06_515.69,OVL-C4804
overlap,830,c05,48,days_495.06_515.69,OVL-C4804
overlap,840,c05,48,days_495.06_515.69,OVL-C4804
overlap,849,c05,48,days_495.06_515.69,OVL-C4804
overlap,855,c05,48,days_495.06_515.69,OVL-C4804
overlap,870,c05,48,days_495.06_515.69,OVL-C4804
overlap,872,c05,48,days_495.06_515.69,OVL-C4804
overlap,873,c05,48,days_495.06_515.69,OVL-C4804
overlap,874,c05,48,days_495.06_515.69,OVL-C4804
overlap,910,c05,48,days_495.06_515.69,OVL-C4804
overlap,925,c05,48,days_495.06_515.69,OVL-C4804
overlap,937,c05,48,days_495.06_515.69,OVL-C4804
overlap,942,c05,48,days_495.06_515.69,OVL-C4804
overlap,955,c05,48,days_495.06_515.69,OVL-C4804
overlap,987,c05,48,days_495.06_515.69,OVL-C4804
overlap,994,c05,48,days_495.06_515.69,OVL-C4804
overlap,29,c06,48,days_495.06_515.69,OVL-C4806
overlap,93,c06,48,days_495.06_515.69,OVL-C4806
overlap,98,c06,48,days_495.06_515.69,OVL-C4806
overlap,107,c06,48,days_495.06_515.69,OVL-C4806
overlap,117,c06,48,days_495.06_515.69,OVL-C4806
overlap,118,c06,48,days_495.06_515.69,OVL-C4806
overlap,122,c06,48,days_495.06_515.69,OVL-C4806
overlap,134,c06,48,days_495.06_515.69,OVL-C4806
overlap,185,c06,48,days_495.06_515.69,OVL-C4806
overlap,192,c06,48,days_495.06_515.69,OVL-C4806
overlap,201,c06,48,days_495.06_515.69,OVL-C4806
overlap,208,c06,48,days_495.06_515.69,OVL-C4806
overlap,226,c06,48,days_495.06_515.69,OVL-C4806
overlap,236,c06,48,days_495.06_515.69,OVL-C4806
overlap,257,c06,48,days_495.06_515.69,OVL-C4806
overlap,262,c06,48,days_495.06_515.69,OVL-C4806
overlap,268,c06,48,days_495.06_515.69,OVL-C4806
overlap,278,c06,48,days_495.06_515.69,OVL-C4806
overlap,289,c06,48,days_495.06_515.69,OVL-C4806
overlap,291,c06,48,days_495.06_515.69,OVL-C4806
overlap,320,c06,48,days_495.06_515.69,OVL-C4806
overlap,327,c06,48,days_495.06_515.69,OVL-C4806
overlap,335,c06,48,days_495.06_515.69,OVL-C4806
overlap,381,c06,48,days_495.06_515.69,OVL-C4806
overlap,401,c06,48,days_495.06_515.69,OVL-C4806
overlap,415,c06,48,days_495.06_515.69,OVL-C4806
overlap,429,c06,48,days_495.06_515.69,OVL-C4806
overlap,440,c06,48,days_495.06_515.69,OVL-C4806
overlap,454,c06,48,days_495.06_515.69,OVL-C4806
overlap,464,c06,48,days_495.06_515.69,OVL-C4806
overlap,468,c06,48,days_495.06_515.69,OVL-C4806
overlap,479,c06,48,days_495.06_515.69,OVL-C4806
overlap,537,c06,48,days_495.06_515.69,OVL-C4806
overlap,553,c06,48,days_495.06_515.69,OVL-C4806
overlap,639,c06,48,days_495.06_515.69,OVL-C4806
overlap,643,c06,48,days_495.06_515.69,OVL-C4806
overlap,652,c06,48,days_495.06_515.69,OVL-C4806
overlap,664,c06,48,days_495.06_515.69,OVL-C4806
overlap,670,c06,48,days_495.06_515.69,OVL-C4806
overlap,685,c06,48,days_495.06_515.69,OVL-C4806
overlap,688,c06,48,days_495.06_515.69,OVL-C4806
overlap,690,c06,48,days_495.06_515.69,OVL-C4806
overlap,707,c06,48,days_495.06_515.69,OVL-C4806
overlap,713,c06,48,days_495.06_515.69,OVL-C4806
overlap,808,c06,48,days_495.06_515.69,OVL-C4806
overlap,810,c06,48,days_495.06_515.69,OVL-C4806
overlap,811,c06,48,days_495.06_515.69,OVL-C4806
overlap,833,c06,48,days_495.06_515.69,OVL-C4806
overlap,867,c06,48,days_495.06_515.69,OVL-C4806
overlap,898,c06,48,days_495.06_515.69,OVL-C4806
overlap,899,c06,48,days_495.06_515.69,OVL-C4806
overlap,980,c06,48,days_495.06_515.69,OVL-C4806
overlap,985,c06,48,days_495.06_515.69,OVL-C4806
overlap,1003,c06,48,days_495.06_515.69,OVL-C4806
overlap,16,c07,48,days_495.06_515.69,OVL-C4807
overlap,19,c07,48,days_495.06_515.69,OVL-C4807
overlap,55,c07,48,days_495.06_515.69,OVL-C4807
overlap,61,c07,48,days_495.06_515.69,OVL-C4807
overlap,71,c07,48,days_495.06_515.69,OVL-C4807
overlap,89,c07,48,days_495.06_515.69,OVL-C4807
overlap,101,c07,48,days_495.06_515.69,OVL-C4807
overlap,114,c07,48,days_495.06_515.69,OVL-C4807
overlap,127,c07,48,days_495.06_515.69,OVL-C4807
overlap,149,c07,48,days_495.06_515.69,OVL-C4807
overlap,169,c07,48,days_495.06_515.69,OVL-C4807
overlap,184,c07,48,days_495.06_515.69,OVL-C4807
overlap,189,c07,48,days_495.06_515.69,OVL-C4807
overlap,223,c07,48,days_495.06_515.69,OVL-C4807
overlap,243,c07,48,days_495.06_515.69,OVL-C4807
overlap,246,c07,48,days_495.06_515.69,OVL-C4807
overlap,281,c07,48,days_495.06_515.69,OVL-C4807
overlap,315,c07,48,days_495.06_515.69,OVL-C4807
overlap,340,c07,48,days_495.06_515.69,OVL-C4807
overlap,365,c07,48,days_495.06_515.69,OVL-C4807
overlap,372,c07,48,days_495.06_515.69,OVL-C4807
overlap,377,c07,48,days_495.06_515.69,OVL-C4807
overlap,393,c07,48,days_495.06_515.69,OVL-C4807
overlap,404,c07,48,days_495.06_515.69,OVL-C4807
overlap,407,c07,48,days_495.06_515.69,OVL-C4807
overlap,410,c07,48,days_495.06_515.69,OVL-C4807
overlap,423,c07,48,days_495.06_515.69,OVL-C4807
overlap,432,c07,48,days_495.06_515.69,OVL-C4807
overlap,522,c07,48,days_495.06_515.69,OVL-C4807
overlap,593,c07,48,days_495.06_515.69,OVL-C4807
overlap,595,c07,48,days_495.06_515.69,OVL-C4807
overlap,654,c07,48,days_495.06_515.69,OVL-C4807
overlap,708,c07,48,days_495.06_515.69,OVL-C4807
overlap,711,c07,48,days_495.06_515.69,OVL-C4807
overlap,716,c07,48,days_495.06_515.69,OVL-C4807
overlap,718,c07,48,days_495.06_515.69,OVL-C4807
overlap,724,c07,48,days_495.06_515.69,OVL-C4807
overlap,732,c07,48,days_495.06_515.69,OVL-C4807
overlap,754,c07,48,days_495.06_515.69,OVL-C4807
overlap,777,c07,48,days_495.06_515.69,OVL-C4807
overlap,779,c07,48,days_495.06_515.69,OVL-C4807
overlap,781,c07,48,days_495.06_515.69,OVL-C4807
overlap,786,c07,48,days_495.06_515.69,OVL-C4807
overlap,815,c07,48,days_495.06_515.69,OVL-C4807
overlap,843,c07,48,days_495.06_515.69,OVL-C4807
overlap,861,c07,48,days_495.06_515.69,OVL-C4807
overlap,866,c07,48,days_495.06_515.69,OVL-C4807
overlap,883,c07,48,days_495.06_515.69,OVL-C4807
overlap,905,c07,48,days_495.06_515.69,OVL-C4807
overlap,907,c07,48,days_495.06_515.69,OVL-C4807
overlap,934,c07,48,days_495.06_515.69,OVL-C4807
overlap,991,c07,48,days_495.06_515.69,OVL-C4807
overlap,1004,c07,48,days_495.06_515.69,OVL-C4807
overlap,45,c08,48,days_495.06_515.69,OVL-C4810
overlap,58,c08,48,days_495.06_515.69,OVL-C4810
overlap,66,c08,48,days_495.06_515.69,OVL-C4810
overlap,74,c08,48,days_495.06_515.69,OVL-C4810
overlap,111,c08,48,days_495.06_515.69,OVL-C4810
overlap,112,c08,48,days_495.06_515.69,OVL-C4810
overlap,126,c08,48,days_495.06_515.69,OVL-C4810
overlap,157,c08,48,days_495.06_515.69,OVL-C4810
overlap,166,c08,48,days_495.06_515.69,OVL-C4810
overlap,267,c08,48,days_495.06_515.69,OVL-C4810
overlap,294,c08,48,days_495.06_515.69,OVL-C4810
overlap,332,c08,48,days_495.06_515.69,OVL-C4810
overlap,362,c08,48,days_495.06_515.69,OVL-C4810
overlap,383,c08,48,days_495.06_515.69,OVL-C4810
overlap,392,c08,48,days_495.06_515.69,OVL-C4810
overlap,435,c08,48,days_495.06_515.69,OVL-C4810
overlap,500,c08,48,days_495.06_515.69,OVL-C4810
overlap,517,c08,48,days_495.06_515.69,OVL-C4810
overlap,539,c08,48,days_495.06_515.69,OVL-C4810
overlap,573,c08,48,days_495.06_515.69,OVL-C4810
overlap,586,c08,48,days_495.06_515.69,OVL-C4810
overlap,589,c08,48,days_495.06_515.69,OVL-C4810
overlap,674,c08,48,days_495.06_515.69,OVL-C4810
overlap,751,c08,48,days_495.06_515.69,OVL-C4810
overlap,759,c08,48,days_495.06_515.69,OVL-C4810
overlap,762,c08,48,days_495.06_515.69,OVL-C4810
overlap,771,c08,48,days_495.06_515.69,OVL-C4810
overlap,782,c08,48,days_495.06_515.69,OVL-C4810
overlap,814,c08,48,days_495.06_515.69,OVL-C4810
overlap,825,c08,48,days_495.06_515.69,OVL-C4810
overlap,885,c08,48,days_495.06_515.69,OVL-C4810
overlap,887,c08,48,days_495.06_515.69,OVL-C4810
overlap,909,c08,48,days_495.06_515.69,OVL-C4810
overlap,922,c08,48,days_495.06_515.69,OVL-C4810
overlap,974,c08,48,days_495.06_515.69,OVL-C4810
overlap,984,c08,48,days_495.06_515.69,OVL-C4810
overlap,2,c09,48,days_495.06_515.69,OVL-C4808
overlap,30,c09,48,days_495.06_515.69,OVL-C4808
overlap,43,c09,48,days_495.06_515.69,OVL-C4808
overlap,52,c09,48,days_495.06_515.69,OVL-C4808
overlap,57,c09,48,days_495.06_515.69,OVL-C4808
overlap,77,c09,48,days_495.06_515.69,OVL-C4808
overlap,104,c09,48,days_495.06_515.69,OVL-C4808
overlap,119,c09,48,days_495.06_515.69,OVL-C4808
overlap,133,c09,48,days_495.06_515.69,OVL-C4808
overlap,168,c09,48,days_495.06_515.69,OVL-C4808
overlap,177,c09,48,days_495.06_515.69,OVL-C4808
overlap,182,c09,48,days_495.06_515.69,OVL-C4808
overlap,232,c09,48,days_495.06_515.69,OVL-C4808
overlap,256,c09,48,days_495.06_515.69,OVL-C4808
overlap,260,c09,48,days_495.06_515.69,OVL-C4808
overlap,266,c09,48,days_495.06_515.69,OVL-C4808
overlap,313,c09,48,days_495.06_515.69,OVL-C4808
overlap,356,c09,48,days_495.06_515.69,OVL-C4808
overlap,416,c09,48,days_495.06_515.69,OVL-C4808
overlap,425,c09,48,days_495.06_515.69,OVL-C4808
overlap,439,c09,48,days_495.06_515.69,OVL-C4808
overlap,447,c09,48,days_495.06_515.69,OVL-C4808
overlap,465,c09,48,days_495.06_515.69,OVL-C4808
overlap,472,c09,48,days_495.06_515.69,OVL-C4808
overlap,521,c09,48,days_495.06_515.69,OVL-C4808
overlap,545,c09,48,days_495.06_515.69,OVL-C4808
overlap,556,c09,48,days_495.06_515.69,OVL-C4808
overlap,575,c09,48,days_495.06_515.69,OVL-C4808
overlap,602,c09,48,days_495.06_515.69,OVL-C4808
overlap,648,c09,48,days_495.06_515.69,OVL-C4808
overlap,699,c09,48,days_495.06_515.69,OVL-C4808
overlap,700,c09,48,days_495.06_515.69,OVL-C4808
overlap,721,c09,48,days_495.06_515.69,OVL-C4808
overlap,730,c09,48,days_495.06_515.69,OVL-C4808
overlap,743,c09,48,days_495.06_515.69,OVL-C4808
overlap,744,c09,48,days_495.06_515.69,OVL-C4808
overlap,765,c09,48,days_495.06_515.69,OVL-C4808
overlap,790,c09,48,days_495.06_515.69,OVL-C4808
overlap,803,c09,48,days_495.06_515.69,OVL-C4808
overlap,812,c09,48,days_495.06_515.69,OVL-C4808
overlap,868,c09,48,days_495.06_515.69,OVL-C4808
overlap,876,c09,48,days_495.06_515.69,OVL-C4808
overlap,908,c09,48,days_495.06_515.69,OVL-C4808
overlap,912,c09,48,days_495.06_515.69,OVL-C4808
overlap,946,c09,48,days_495.06_515.69,OVL-C4808
overlap,948,c09,48,days_495.06_515.69,OVL-C4808
overlap,949,c09,48,days_495.06_515.69,OVL-C4808
overlap,966,c09,48,days_495.06_515.69,OVL-C4808
overlap,11,c10,48,days_495.06_515.69,OVL-C4809
overlap,13,c10,48,days_495.06_515.69,OVL-C4809
overlap,14,c10,48,days_495.06_515.69,OVL-C4809
overlap,131,c10,48,days_495.06_515.69,OVL-C4809
overlap,173,c10,48,days_495.06_515.69,OVL-C4809
overlap,199,c10,48,days_495.06_515.69,OVL-C4809
overlap,270,c10,48,days_495.06_515.69,OVL-C4809
overlap,437,c10,48,days_495.06_515.69,OVL-C4809
overlap,448,c10,48,days_495.06_515.69,OVL-C4809
overlap,461,c10,48,days_495.06_515.69,OVL-C4809
overlap,506,c10,48,days_495.06_515.69,OVL-C4809
overlap,516,c10,48,days_495.06_515.69,OVL-C4809
overlap,532,c10,48,days_495.06_515.69,OVL-C4809
overlap,541,c10,48,days_495.06_515.69,OVL-C4809
overlap,576,c10,48,days_495.06_515.69,OVL-C4809
overlap,597,c10,48,days_495.06_515.69,OVL-C4809
overlap,611,c10,48,days_495.06_515.69,OVL-C4809
overlap,619,c10,48,days_495.06_515.69,OVL-C4809
overlap,644,c10,48,days_495.06_515.69,OVL-C4809
overlap,650,c10,48,days_495.06_515.69,OVL-C4809
overlap,657,c10,48,days_495.06_515.69,OVL-C4809
overlap,682,c10,48,days_495.06_515.69,OVL-C4809
overlap,702,c10,48,days_495.06_515.69,OVL-C4809
overlap,719,c10,48,days_495.06_515.69,OVL-C4809
overlap,738,c10,48,days_495.06_515.69,OVL-C4809
overlap,745,c10,48,days_495.06_515.69,OVL-C4809
overlap,761,c10,48,days_495.06_515.69,OVL-C4809
overlap,783,c10,48,days_495.06_515.69,OVL-C4809
overlap,804,c10,48,days_495.06_515.69,OVL-C4809
overlap,828,c10,48,days_495.06_515.69,OVL-C4809
overlap,837,c10,48,days_495.06_515.69,OVL-C4809
overlap,850,c10,48,days_495.06_515.69,OVL-C4809
overlap,881,c10,48,days_495.06_515.69,OVL-C4809
overlap,921,c10,48,days_495.06_515.69,OVL-C4809
overlap,924,c10,48,days_495.06_515.69,OVL-C4809
overlap,945,c10,48,days_495.06_515.69,OVL-C4809
overlap,979,c10,48,days_495.06_515.69,OVL-C4809
overlap,1001,c10,48,days_495.06_515.69,OVL-C4809
overlap,0,c11,48,days_495.06_515.69,OVL-C4813
overlap,6,c11,48,days_495.06_515.69,OVL-C4813
overlap,78,c11,48,days_495.06_515.69,OVL-C4813
overlap,99,c11,48,days_495.06_515.69,OVL-C4813
overlap,130,c11,48,days_495.06_515.69,OVL-C4813
overlap,178,c11,48,days_495.06_515.69,OVL-C4813
overlap,228,c11,48,days_495.06_515.69,OVL-C4813
overlap,249,c11,48,days_495.06_515.69,OVL-C4813
overlap,295,c11,48,days_495.06_515.69,OVL-C4813
overlap,314,c11,48,days_495.06_515.69,OVL-C4813
overlap,333,c11,48,days_495.06_515.69,OVL-C4813
overlap,339,c11,48,days_495.06_515.69,OVL-C4813
overlap,409,c11,48,days_495.06_515.69,OVL-C4813
overlap,470,c11,48,days_495.06_515.69,OVL-C4813
overlap,502,c11,48,days_495.06_515.69,OVL-C4813
overlap,538,c11,48,days_495.06_515.69,OVL-C4813
overlap,569,c11,48,days_495.06_515.69,OVL-C4813
overlap,599,c11,48,days_495.06_515.69,OVL-C4813
overlap,605,c11,48,days_495.06_515.69,OVL-C4813
overlap,693,c11,48,days_495.06_515.69,OVL-C4813
overlap,705,c11,48,days_495.06_515.69,OVL-C4813
overlap,710,c11,48,days_495.06_515.69,OVL-C4813
overlap,767,c11,48,days_495.06_515.69,OVL-C4813
overlap,862,c11,48,days_495.06_515.69,OVL-C4813
overlap,878,c11,48,days_495.06_515.69,OVL-C4813
overlap,929,c11,48,days_495.06_515.69,OVL-C4813
overlap,976,c11,48,days_495.06_515.69,OVL-C4813
overlap,17,c12,48,days_495.06_515.69,OVL-C4811
overlap,31,c12,48,days_495.06_515.69,OVL-C4811
overlap,67,c12,48,days_495.06_515.69,OVL-C4811
overlap,92,c12,48,days_495.06_515.69,OVL-C4811
overlap,136,c12,48,days_495.06_515.69,OVL-C4811
overlap,142,c12,48,days_495.06_515.69,OVL-C4811
overlap,165,c12,48,days_495.06_515.69,OVL-C4811
overlap,200,c12,48,days_495.06_515.69,OVL-C4811
overlap,224,c12,48,days_495.06_515.69,OVL-C4811
overlap,302,c12,48,days_495.06_515.69,OVL-C4811
overlap,316,c12,48,days_495.06_515.69,OVL-C4811
overlap,341,c12,48,days_495.06_515.69,OVL-C4811
overlap,344,c12,48,days_495.06_515.69,OVL-C4811
overlap,349,c12,48,days_495.06_515.69,OVL-C4811
overlap,351,c12,48,days_495.06_515.69,OVL-C4811
overlap,408,c12,48,days_495.06_515.69,OVL-C4811
overlap,428,c12,48,days_495.06_515.69,OVL-C4811
overlap,543,c12,48,days_495.06_515.69,OVL-C4811
overlap,647,c12,48,days_495.06_515.69,OVL-C4811
overlap,806,c12,48,days_495.06_515.69,OVL-C4811
overlap,838,c12,48,days_495.06_515.69,OVL-C4811
overlap,857,c12,48,days_495.06_515.69,OVL-C4811
overlap,888,c12,48,days_495.06_515.69,OVL-C4811
overlap,915,c12,48,days_495.06_515.69,OVL-C4811
overlap,917,c12,48,days_495.06_515.69,OVL-C4811
overlap,952,c12,48,days_495.06_515.69,OVL-C4811
overlap,953,c12,48,days_495.06_515.69,OVL-C4811
overlap,963,c12,48,days_495.06_515.69,OVL-C4811
overlap,971,c12,48,days_495.06_515.69,OVL-C4811
overlap,990,c12,48,days_495.06_515.69,OVL-C4811
overlap,25,c13,48,days_495.06_515.69,OVL-C4812
overlap,41,c13,48,days_495.06_515.69,OVL-C4812
overlap,48,c13,48,days_495.06_515.69,OVL-C4812
overlap,73,c13,48,days_495.06_515.69,OVL-C4812
overlap,216,c13,48,days_495.06_515.69,OVL-C4812
overlap,319,c13,48,days_495.06_515.69,OVL-C4812
overlap,321,c13,48,days_495.06_515.69,OVL-C4812
overlap,376,c13,48,days_495.06_515.69,OVL-C4812
overlap,434,c13,48,days_495.06_515.69,OVL-C4812
overlap,458,c13,48,days_495.06_515.69,OVL-C4812
overlap,481,c13,48,days_495.06_515.69,OVL-C4812
overlap,499,c13,48,days_495.06_515.69,OVL-C4812
overlap,503,c13,48,days_495.06_515.69,OVL-C4812
overlap,558,c13,48,days_495.06_515.69,OVL-C4812
overlap,565,c13,48,days_495.06_515.69,OVL-C4812
overlap,601,c13,48,days_495.06_515.69,OVL-C4812
overlap,618,c13,48,days_495.06_515.69,OVL-C4812
overlap,672,c13,48,days_495.06_515.69,OVL-C4812
overlap,679,c13,48,days_495.06_515.69,OVL-C4812
overlap,704,c13,48,days_495.06_515.69,OVL-C4812
overlap,723,c13,48,days_495.06_515.69,OVL-C4812
overlap,758,c13,48,days_495.06_515.69,OVL-C4812
overlap,763,c13,48,days_495.06_515.69,OVL-C4812
overlap,844,c13,48,days_495.06_515.69,OVL-C4812
overlap,918,c13,48,days_495.06_515.69,OVL-C4812
overlap,919,c13,48,days_495.06_515.69,OVL-C4812
overlap,956,c13,48,days_495.06_515.69,OVL-C4812
overlap,1000,c13,48,days_495.06_515.69,OVL-C4812
overlap,62,c14,48,days_495.06_515.69,OVL-C4814
overlap,109,c14,48,days_495.06_515.69,OVL-C4814
overlap,113,c14,48,days_495.06_515.69,OVL-C4814
overlap,163,c14,48,days_495.06_515.69,OVL-C4814
overlap,250,c14,48,days_495.06_515.69,OVL-C4814
overlap,369,c14,48,days_495.06_515.69,OVL-C4814
overlap,444,c14,48,days_495.06_515.69,OVL-C4814
overlap,485,c14,48,days_495.06_515.69,OVL-C4814
overlap,513,c14,48,days_495.06_515.69,OVL-C4814
overlap,518,c14,48,days_495.06_515.69,OVL-C4814
overlap,535,c14,48,days_495.06_515.69,OVL-C4814
overlap,542,c14,48,days_495.06_515.69,OVL-C4814
overlap,551,c14,48,days_495.06_515.69,OVL-C4814
overlap,646,c14,48,days_495.06_515.69,OVL-C4814
overlap,722,c14,48,days_495.06_515.69,OVL-C4814
overlap,799,c14,48,days_495.06_515.69,OVL-C4814
overlap,800,c14,48,days_495.06_515.69,OVL-C4814
overlap,823,c14,48,days_495.06_515.69,OVL-C4814
overlap,854,c14,48,days_495.06_515.69,OVL-C4814
overlap,886,c14,48,days_495.06_515.69,OVL-C4814
overlap,895,c14,48,days_495.06_515.69,OVL-C4814
overlap,913,c14,48,days_495.06_515.69,OVL-C4814
overlap,8,c15,48,days_495.06_515.69,OVL-C4815
overlap,15,c15,48,days_495.06_515.69,OVL-C4815
overlap,32,c15,48,days_495.06_515.69,OVL-C4815
overlap,143,c15,48,days_495.06_515.69,OVL-C4815
overlap,144,c15,48,days_495.06_515.69,OVL-C4815
overlap,197,c15,48,days_495.06_515.69,OVL-C4815
overlap,284,c15,48,days_495.06_515.69,OVL-C4815
overlap,422,c15,48,days_495.06_515.69,OVL-C4815
overlap,520,c15,48,days_495.06_515.69,OVL-C4815
overlap,544,c15,48,days_495.06_515.69,OVL-C4815
overlap,580,c15,48,days_495.06_515.69,OVL-C4815
overlap,584,c15,48,days_495.06_515.69,OVL-C4815
overlap,669,c15,48,days_495.06_515.69,OVL-C4815
overlap,680,c15,48,days_495.06_515.69,OVL-C4815
overlap,731,c15,48,days_495.06_515.69,OVL-C4815
overlap,739,c15,48,days_495.06_515.69,OVL-C4815
overlap,741,c15,48,days_495.06_515.69,OVL-C4815
overlap,791,c15,48,days_495.06_515.69,OVL-C4815
overlap,797,c15,48,days_495.06_515.69,OVL-C4815
overlap,22,c01,49,days_505.37_526.00,OVL-C4901
overlap,39,c01,49,days_505.37_526.00,OVL-C4901
overlap,53,c01,49,days_505.37_526.00,OVL-C4901
overlap,58,c01,49,days_505.37_526.00,OVL-C4901
overlap,65,c01,49,days_505.37_526.00,OVL-C4901
overlap,70,c01,49,days_505.37_526.00,OVL-C4901
overlap,72,c01,49,days_505.37_526.00,OVL-C4901
overlap,75,c01,49,days_505.37_526.00,OVL-C4901
overlap,76,c01,49,days_505.37_526.00,OVL-C4901
overlap,84,c01,49,days_505.37_526.00,OVL-C4901
overlap,89,c01,49,days_505.37_526.00,OVL-C4901
overlap,90,c01,49,days_505.37_526.00,OVL-C4901
overlap,91,c01,49,days_505.37_526.00,OVL-C4901
overlap,120,c01,49,days_505.37_526.00,OVL-C4901
overlap,151,c01,49,days_505.37_526.00,OVL-C4901
overlap,159,c01,49,days_505.37_526.00,OVL-C4901
overlap,191,c01,49,days_505.37_526.00,OVL-C4901
overlap,193,c01,49,days_505.37_526.00,OVL-C4901
overlap,196,c01,49,days_505.37_526.00,OVL-C4901
overlap,205,c01,49,days_505.37_526.00,OVL-C4901
overlap,214,c01,49,days_505.37_526.00,OVL-C4901
overlap,220,c01,49,days_505.37_526.00,OVL-C4901
overlap,230,c01,49,days_505.37_526.00,OVL-C4901
overlap,235,c01,49,days_505.37_526.00,OVL-C4901
overlap,239,c01,49,days_505.37_526.00,OVL-C4901
overlap,253,c01,49,days_505.37_526.00,OVL-C4901
overlap,257,c01,49,days_505.37_526.00,OVL-C4901
overlap,273,c01,49,days_505.37_526.00,OVL-C4901
overlap,283,c01,49,days_505.37_526.00,OVL-C4901
overlap,290,c01,49,days_505.37_526.00,OVL-C4901
overlap,292,c01,49,days_505.37_526.00,OVL-C4901
overlap,299,c01,49,days_505.37_526.00,OVL-C4901
overlap,322,c01,49,days_505.37_526.00,OVL-C4901
overlap,334,c01,49,days_505.37_526.00,OVL-C4901
overlap,343,c01,49,days_505.37_526.00,OVL-C4901
overlap,367,c01,49,days_505.37_526.00,OVL-C4901
overlap,388,c01,49,days_505.37_526.00,OVL-C4901
overlap,397,c01,49,days_505.37_526.00,OVL-C4901
overlap,438,c01,49,days_505.37_526.00,OVL-C4901
overlap,476,c01,49,days_505.37_526.00,OVL-C4901
overlap,478,c01,49,days_505.37_526.00,OVL-C4901
overlap,515,c01,49,days_505.37_526.00,OVL-C4901
overlap,528,c01,49,days_505.37_526.00,OVL-C4901
overlap,546,c01,49,days_505.37_526.00,OVL-C4901
overlap,550,c01,49,days_505.37_526.00,OVL-C4901
overlap,554,c01,49,days_505.37_526.00,OVL-C4901
overlap,557,c01,49,days_505.37_526.00,OVL-C4901
overlap,566,c01,49,days_505.37_526.00,OVL-C4901
overlap,589,c01,49,days_505.37_526.00,OVL-C4901
overlap,607,c01,49,days_505.37_526.00,OVL-C4901
overlap,609,c01,49,days_505.37_526.00,OVL-C4901
overlap,613,c01,49,days_505.37_526.00,OVL-C4901
overlap,626,c01,49,days_505.37_526.00,OVL-C4901
overlap,633,c01,49,days_505.37_526.00,OVL-C4901
overlap,640,c01,49,days_505.37_526.00,OVL-C4901
overlap,660,c01,49,days_505.37_526.00,OVL-C4901
overlap,663,c01,49,days_505.37_526.00,OVL-C4901
overlap,671,c01,49,days_505.37_526.00,OVL-C4901
overlap,675,c01,49,days_505.37_526.00,OVL-C4901
overlap,678,c01,49,days_505.37_526.00,OVL-C4901
overlap,687,c01,49,days_505.37_526.00,OVL-C4901
overlap,696,c01,49,days_505.37_526.00,OVL-C4901
overlap,701,c01,49,days_505.37_526.00,OVL-C4901
overlap,703,c01,49,days_505.37_526.00,OVL-C4901
overlap,752,c01,49,days_505.37_526.00,OVL-C4901
overlap,763,c01,49,days_505.37_526.00,OVL-C4901
overlap,768,c01,49,days_505.37_526.00,OVL-C4901
overlap,772,c01,49,days_505.37_526.00,OVL-C4901
overlap,775,c01,49,days_505.37_526.00,OVL-C4901
overlap,798,c01,49,days_505.37_526.00,OVL-C4901
overlap,807,c01,49,days_505.37_526.00,OVL-C4901
overlap,818,c01,49,days_505.37_526.00,OVL-C4901
overlap,830,c01,49,days_505.37_526.00,OVL-C4901
overlap,835,c01,49,days_505.37_526.00,OVL-C4901
overlap,841,c01,49,days_505.37_526.00,OVL-C4901
overlap,852,c01,49,days_505.37_526.00,OVL-C4901
overlap,853,c01,49,days_505.37_526.00,OVL-C4901
overlap,858,c01,49,days_505.37_526.00,OVL-C4901
overlap,865,c01,49,days_505.37_526.00,OVL-C4901
overlap,875,c01,49,days_505.37_526.00,OVL-C4901
overlap,880,c01,49,days_505.37_526.00,OVL-C4901
overlap,890,c01,49,days_505.37_526.00,OVL-C4901
overlap,909,c01,49,days_505.37_526.00,OVL-C4901
overlap,922,c01,49,days_505.37_526.00,OVL-C4901
overlap,923,c01,49,days_505.37_526.00,OVL-C4901
overlap,927,c01,49,days_505.37_526.00,OVL-C4901
overlap,931,c01,49,days_505.37_526.00,OVL-C4901
overlap,940,c01,49,days_505.37_526.00,OVL-C4901
overlap,941,c01,49,days_505.37_526.00,OVL-C4901
overlap,944,c01,49,days_505.37_526.00,OVL-C4901
overlap,951,c01,49,days_505.37_526.00,OVL-C4901
overlap,962,c01,49,days_505.37_526.00,OVL-C4901
overlap,975,c01,49,days_505.37_526.00,OVL-C4901
overlap,983,c01,49,days_505.37_526.00,OVL-C4901
overlap,995,c01,49,days_505.37_526.00,OVL-C4901
overlap,997,c01,49,days_505.37_526.00,OVL-C4901
overlap,4,c02,49,days_505.37_526.00,OVL-C4902
overlap,11,c02,49,days_505.37_526.00,OVL-C4902
overlap,40,c02,49,days_505.37_526.00,OVL-C4902
overlap,54,c02,49,days_505.37_526.00,OVL-C4902
overlap,60,c02,49,days_505.37_526.00,OVL-C4902
overlap,82,c02,49,days_505.37_526.00,OVL-C4902
overlap,86,c02,49,days_505.37_526.00,OVL-C4902
overlap,105,c02,49,days_505.37_526.00,OVL-C4902
overlap,137,c02,49,days_505.37_526.00,OVL-C4902
overlap,148,c02,49,days_505.37_526.00,OVL-C4902
overlap,152,c02,49,days_505.37_526.00,OVL-C4902
overlap,155,c02,49,days_505.37_526.00,OVL-C4902
overlap,161,c02,49,days_505.37_526.00,OVL-C4902
overlap,187,c02,49,days_505.37_526.00,OVL-C4902
overlap,198,c02,49,days_505.37_526.00,OVL-C4902
overlap,203,c02,49,days_505.37_526.00,OVL-C4902
overlap,213,c02,49,days_505.37_526.00,OVL-C4902
overlap,223,c02,49,days_505.37_526.00,OVL-C4902
overlap,229,c02,49,days_505.37_526.00,OVL-C4902
overlap,233,c02,49,days_505.37_526.00,OVL-C4902
overlap,254,c02,49,days_505.37_526.00,OVL-C4902
overlap,272,c02,49,days_505.37_526.00,OVL-C4902
overlap,277,c02,49,days_505.37_526.00,OVL-C4902
overlap,300,c02,49,days_505.37_526.00,OVL-C4902
overlap,304,c02,49,days_505.37_526.00,OVL-C4902
overlap,306,c02,49,days_505.37_526.00,OVL-C4902
overlap,307,c02,49,days_505.37_526.00,OVL-C4902
overlap,317,c02,49,days_505.37_526.00,OVL-C4902
overlap,371,c02,49,days_505.37_526.00,OVL-C4902
overlap,374,c02,49,days_505.37_526.00,OVL-C4902
overlap,379,c02,49,days_505.37_526.00,OVL-C4902
overlap,390,c02,49,days_505.37_526.00,OVL-C4902
overlap,394,c02,49,days_505.37_526.00,OVL-C4902
overlap,398,c02,49,days_505.37_526.00,OVL-C4902
overlap,400,c02,49,days_505.37_526.00,OVL-C4902
overlap,441,c02,49,days_505.37_526.00,OVL-C4902
overlap,443,c02,49,days_505.37_526.00,OVL-C4902
overlap,450,c02,49,days_505.37_526.00,OVL-C4902
overlap,456,c02,49,days_505.37_526.00,OVL-C4902
overlap,466,c02,49,days_505.37_526.00,OVL-C4902
overlap,488,c02,49,days_505.37_526.00,OVL-C4902
overlap,523,c02,49,days_505.37_526.00,OVL-C4902
overlap,527,c02,49,days_505.37_526.00,OVL-C4902
overlap,568,c02,49,days_505.37_526.00,OVL-C4902
overlap,571,c02,49,days_505.37_526.00,OVL-C4902
overlap,572,c02,49,days_505.37_526.00,OVL-C4902
overlap,591,c02,49,days_505.37_526.00,OVL-C4902
overlap,606,c02,49,days_505.37_526.00,OVL-C4902
overlap,617,c02,49,days_505.37_526.00,OVL-C4902
overlap,619,c02,49,days_505.37_526.00,OVL-C4902
overlap,628,c02,49,days_505.37_526.00,OVL-C4902
overlap,659,c02,49,days_505.37_526.00,OVL-C4902
overlap,661,c02,49,days_505.37_526.00,OVL-C4902
overlap,662,c02,49,days_505.37_526.00,OVL-C4902
overlap,665,c02,49,days_505.37_526.00,OVL-C4902
overlap,668,c02,49,days_505.37_526.00,OVL-C4902
overlap,673,c02,49,days_505.37_526.00,OVL-C4902
overlap,692,c02,49,days_505.37_526.00,OVL-C4902
overlap,695,c02,49,days_505.37_526.00,OVL-C4902
overlap,712,c02,49,days_505.37_526.00,OVL-C4902
overlap,720,c02,49,days_505.37_526.00,OVL-C4902
overlap,742,c02,49,days_505.37_526.00,OVL-C4902
overlap,746,c02,49,days_505.37_526.00,OVL-C4902
overlap,749,c02,49,days_505.37_526.00,OVL-C4902
overlap,769,c02,49,days_505.37_526.00,OVL-C4902
overlap,774,c02,49,days_505.37_526.00,OVL-C4902
overlap,776,c02,49,days_505.37_526.00,OVL-C4902
overlap,784,c02,49,days_505.37_526.00,OVL-C4902
overlap,802,c02,49,days_505.37_526.00,OVL-C4902
overlap,813,c02,49,days_505.37_526.00,OVL-C4902
overlap,827,c02,49,days_505.37_526.00,OVL-C4902
overlap,834,c02,49,days_505.37_526.00,OVL-C4902
overlap,848,c02,49,days_505.37_526.00,OVL-C4902
overlap,860,c02,49,days_505.37_526.00,OVL-C4902
overlap,863,c02,49,days_505.37_526.00,OVL-C4902
overlap,864,c02,49,days_505.37_526.00,OVL-C4902
overlap,870,c02,49,days_505.37_526.00,OVL-C4902
overlap,900,c02,49,days_505.37_526.00,OVL-C4902
overlap,901,c02,49,days_505.37_526.00,OVL-C4902
overlap,910,c02,49,days_505.37_526.00,OVL-C4902
overlap,914,c02,49,days_505.37_526.00,OVL-C4902
overlap,935,c02,49,days_505.37_526.00,OVL-C4902
overlap,937,c02,49,days_505.37_526.00,OVL-C4902
overlap,947,c02,49,days_505.37_526.00,OVL-C4902
overlap,965,c02,49,days_505.37_526.00,OVL-C4902
overlap,993,c02,49,days_505.37_526.00,OVL-C4902
overlap,21,c03,49,days_505.37_526.00,OVL-C4903
overlap,24,c03,49,days_505.37_526.00,OVL-C4903
overlap,31,c03,49,days_505.37_526.00,OVL-C4903
overlap,35,c03,49,days_505.37_526.00,OVL-C4903
overlap,67,c03,49,days_505.37_526.00,OVL-C4903
overlap,141,c03,49,days_505.37_526.00,OVL-C4903
overlap,158,c03,49,days_505.37_526.00,OVL-C4903
overlap,160,c03,49,days_505.37_526.00,OVL-C4903
overlap,165,c03,49,days_505.37_526.00,OVL-C4903
overlap,167,c03,49,days_505.37_526.00,OVL-C4903
overlap,181,c03,49,days_505.37_526.00,OVL-C4903
overlap,188,c03,49,days_505.37_526.00,OVL-C4903
overlap,190,c03,49,days_505.37_526.00,OVL-C4903
overlap,207,c03,49,days_505.37_526.00,OVL-C4903
overlap,241,c03,49,days_505.37_526.00,OVL-C4903
overlap,248,c03,49,days_505.37_526.00,OVL-C4903
overlap,274,c03,49,days_505.37_526.00,OVL-C4903
overlap,280,c03,49,days_505.37_526.00,OVL-C4903
overlap,288,c03,49,days_505.37_526.00,OVL-C4903
overlap,301,c03,49,days_505.37_526.00,OVL-C4903
overlap,326,c03,49,days_505.37_526.00,OVL-C4903
overlap,344,c03,49,days_505.37_526.00,OVL-C4903
overlap,353,c03,49,days_505.37_526.00,OVL-C4903
overlap,360,c03,49,days_505.37_526.00,OVL-C4903
overlap,373,c03,49,days_505.37_526.00,OVL-C4903
overlap,391,c03,49,days_505.37_526.00,OVL-C4903
overlap,414,c03,49,days_505.37_526.00,OVL-C4903
overlap,421,c03,49,days_505.37_526.00,OVL-C4903
overlap,424,c03,49,days_505.37_526.00,OVL-C4903
overlap,431,c03,49,days_505.37_526.00,OVL-C4903
overlap,445,c03,49,days_505.37_526.00,OVL-C4903
overlap,451,c03,49,days_505.37_526.00,OVL-C4903
overlap,469,c03,49,days_505.37_526.00,OVL-C4903
overlap,484,c03,49,days_505.37_526.00,OVL-C4903
overlap,486,c03,49,days_505.37_526.00,OVL-C4903
overlap,493,c03,49,days_505.37_526.00,OVL-C4903
overlap,507,c03,49,days_505.37_526.00,OVL-C4903
overlap,512,c03,49,days_505.37_526.00,OVL-C4903
overlap,526,c03,49,days_505.37_526.00,OVL-C4903
overlap,530,c03,49,days_505.37_526.00,OVL-C4903
overlap,547,c03,49,days_505.37_526.00,OVL-C4903
overlap,552,c03,49,days_505.37_526.00,OVL-C4903
overlap,561,c03,49,days_505.37_526.00,OVL-C4903
overlap,585,c03,49,days_505.37_526.00,OVL-C4903
overlap,610,c03,49,days_505.37_526.00,OVL-C4903
overlap,614,c03,49,days_505.37_526.00,OVL-C4903
overlap,629,c03,49,days_505.37_526.00,OVL-C4903
overlap,630,c03,49,days_505.37_526.00,OVL-C4903
overlap,631,c03,49,days_505.37_526.00,OVL-C4903
overlap,645,c03,49,days_505.37_526.00,OVL-C4903
overlap,656,c03,49,days_505.37_526.00,OVL-C4903
overlap,658,c03,49,days_505.37_526.00,OVL-C4903
overlap,750,c03,49,days_505.37_526.00,OVL-C4903
overlap,795,c03,49,days_505.37_526.00,OVL-C4903
overlap,817,c03,49,days_505.37_526.00,OVL-C4903
overlap,846,c03,49,days_505.37_526.00,OVL-C4903
overlap,851,c03,49,days_505.37_526.00,OVL-C4903
overlap,891,c03,49,days_505.37_526.00,OVL-C4903
overlap,902,c03,49,days_505.37_526.00,OVL-C4903
overlap,920,c03,49,days_505.37_526.00,OVL-C4903
overlap,954,c03,49,days_505.37_526.00,OVL-C4903
overlap,957,c03,49,days_505.37_526.00,OVL-C4903
overlap,963,c03,49,days_505.37_526.00,OVL-C4903
overlap,978,c03,49,days_505.37_526.00,OVL-C4903
overlap,988,c03,49,days_505.37_526.00,OVL-C4903
overlap,990,c03,49,days_505.37_526.00,OVL-C4903
overlap,38,c04,49,days_505.37_526.00,OVL-C4904
overlap,46,c04,49,days_505.37_526.00,OVL-C4904
overlap,50,c04,49,days_505.37_526.00,OVL-C4904
overlap,64,c04,49,days_505.37_526.00,OVL-C4904
overlap,69,c04,49,days_505.37_526.00,OVL-C4904
overlap,88,c04,49,days_505.37_526.00,OVL-C4904
overlap,96,c04,49,days_505.37_526.00,OVL-C4904
overlap,106,c04,49,days_505.37_526.00,OVL-C4904
overlap,125,c04,49,days_505.37_526.00,OVL-C4904
overlap,132,c04,49,days_505.37_526.00,OVL-C4904
overlap,135,c04,49,days_505.37_526.00,OVL-C4904
overlap,139,c04,49,days_505.37_526.00,OVL-C4904
overlap,153,c04,49,days_505.37_526.00,OVL-C4904
overlap,154,c04,49,days_505.37_526.00,OVL-C4904
overlap,164,c04,49,days_505.37_526.00,OVL-C4904
overlap,206,c04,49,days_505.37_526.00,OVL-C4904
overlap,247,c04,49,days_505.37_526.00,OVL-C4904
overlap,308,c04,49,days_505.37_526.00,OVL-C4904
overlap,309,c04,49,days_505.37_526.00,OVL-C4904
overlap,323,c04,49,days_505.37_526.00,OVL-C4904
overlap,324,c04,49,days_505.37_526.00,OVL-C4904
overlap,337,c04,49,days_505.37_526.00,OVL-C4904
overlap,346,c04,49,days_505.37_526.00,OVL-C4904
overlap,376,c04,49,days_505.37_526.00,OVL-C4904
overlap,378,c04,49,days_505.37_526.00,OVL-C4904
overlap,395,c04,49,days_505.37_526.00,OVL-C4904
overlap,399,c04,49,days_505.37_526.00,OVL-C4904
overlap,402,c04,49,days_505.37_526.00,OVL-C4904
overlap,418,c04,49,days_505.37_526.00,OVL-C4904
overlap,420,c04,49,days_505.37_526.00,OVL-C4904
overlap,460,c04,49,days_505.37_526.00,OVL-C4904
overlap,474,c04,49,days_505.37_526.00,OVL-C4904
overlap,477,c04,49,days_505.37_526.00,OVL-C4904
overlap,487,c04,49,days_505.37_526.00,OVL-C4904
overlap,505,c04,49,days_505.37_526.00,OVL-C4904
overlap,509,c04,49,days_505.37_526.00,OVL-C4904
overlap,510,c04,49,days_505.37_526.00,OVL-C4904
overlap,514,c04,49,days_505.37_526.00,OVL-C4904
overlap,534,c04,49,days_505.37_526.00,OVL-C4904
overlap,538,c04,49,days_505.37_526.00,OVL-C4904
overlap,559,c04,49,days_505.37_526.00,OVL-C4904
overlap,588,c04,49,days_505.37_526.00,OVL-C4904
overlap,601,c04,49,days_505.37_526.00,OVL-C4904
overlap,603,c04,49,days_505.37_526.00,OVL-C4904
overlap,622,c04,49,days_505.37_526.00,OVL-C4904
overlap,634,c04,49,days_505.37_526.00,OVL-C4904
overlap,638,c04,49,days_505.37_526.00,OVL-C4904
overlap,649,c04,49,days_505.37_526.00,OVL-C4904
overlap,676,c04,49,days_505.37_526.00,OVL-C4904
overlap,705,c04,49,days_505.37_526.00,OVL-C4904
overlap,706,c04,49,days_505.37_526.00,OVL-C4904
overlap,735,c04,49,days_505.37_526.00,OVL-C4904
overlap,780,c04,49,days_505.37_526.00,OVL-C4904
overlap,788,c04,49,days_505.37_526.00,OVL-C4904
overlap,822,c04,49,days_505.37_526.00,OVL-C4904
overlap,832,c04,49,days_505.37_526.00,OVL-C4904
overlap,879,c04,49,days_505.37_526.00,OVL-C4904
overlap,906,c04,49,days_505.37_526.00,OVL-C4904
overlap,919,c04,49,days_505.37_526.00,OVL-C4904
overlap,939,c04,49,days_505.37_526.00,OVL-C4904
overlap,943,c04,49,days_505.37_526.00,OVL-C4904
overlap,950,c04,49,days_505.37_526.00,OVL-C4904
overlap,977,c04,49,days_505.37_526.00,OVL-C4904
overlap,996,c04,49,days_505.37_526.00,OVL-C4904
overlap,1001,c04,49,days_505.37_526.00,OVL-C4904
overlap,28,c05,49,days_505.37_526.00,OVL-C4905
overlap,33,c05,49,days_505.37_526.00,OVL-C4905
overlap,56,c05,49,days_505.37_526.00,OVL-C4905
overlap,68,c05,49,days_505.37_526.00,OVL-C4905
overlap,83,c05,49,days_505.37_526.00,OVL-C4905
overlap,95,c05,49,days_505.37_526.00,OVL-C4905
overlap,131,c05,49,days_505.37_526.00,OVL-C4905
overlap,170,c05,49,days_505.37_526.00,OVL-C4905
overlap,175,c05,49,days_505.37_526.00,OVL-C4905
overlap,231,c05,49,days_505.37_526.00,OVL-C4905
overlap,242,c05,49,days_505.37_526.00,OVL-C4905
overlap,245,c05,49,days_505.37_526.00,OVL-C4905
overlap,251,c05,49,days_505.37_526.00,OVL-C4905
overlap,264,c05,49,days_505.37_526.00,OVL-C4905
overlap,269,c05,49,days_505.37_526.00,OVL-C4905
overlap,275,c05,49,days_505.37_526.00,OVL-C4905
overlap,293,c05,49,days_505.37_526.00,OVL-C4905
overlap,311,c05,49,days_505.37_526.00,OVL-C4905
overlap,329,c05,49,days_505.37_526.00,OVL-C4905
overlap,338,c05,49,days_505.37_526.00,OVL-C4905
overlap,361,c05,49,days_505.37_526.00,OVL-C4905
overlap,364,c05,49,days_505.37_526.00,OVL-C4905
overlap,427,c05,49,days_505.37_526.00,OVL-C4905
overlap,433,c05,49,days_505.37_526.00,OVL-C4905
overlap,462,c05,49,days_505.37_526.00,OVL-C4905
overlap,480,c05,49,days_505.37_526.00,OVL-C4905
overlap,482,c05,49,days_505.37_526.00,OVL-C4905
overlap,531,c05,49,days_505.37_526.00,OVL-C4905
overlap,540,c05,49,days_505.37_526.00,OVL-C4905
overlap,581,c05,49,days_505.37_526.00,OVL-C4905
overlap,582,c05,49,days_505.37_526.00,OVL-C4905
overlap,587,c05,49,days_505.37_526.00,OVL-C4905
overlap,624,c05,49,days_505.37_526.00,OVL-C4905
overlap,632,c05,49,days_505.37_526.00,OVL-C4905
overlap,641,c05,49,days_505.37_526.00,OVL-C4905
overlap,681,c05,49,days_505.37_526.00,OVL-C4905
overlap,686,c05,49,days_505.37_526.00,OVL-C4905
overlap,697,c05,49,days_505.37_526.00,OVL-C4905
overlap,698,c05,49,days_505.37_526.00,OVL-C4905
overlap,736,c05,49,days_505.37_526.00,OVL-C4905
overlap,737,c05,49,days_505.37_526.00,OVL-C4905
overlap,764,c05,49,days_505.37_526.00,OVL-C4905
overlap,771,c05,49,days_505.37_526.00,OVL-C4905
overlap,792,c05,49,days_505.37_526.00,OVL-C4905
overlap,796,c05,49,days_505.37_526.00,OVL-C4905
overlap,809,c05,49,days_505.37_526.00,OVL-C4905
overlap,819,c05,49,days_505.37_526.00,OVL-C4905
overlap,840,c05,49,days_505.37_526.00,OVL-C4905
overlap,849,c05,49,days_505.37_526.00,OVL-C4905
overlap,855,c05,49,days_505.37_526.00,OVL-C4905
overlap,872,c05,49,days_505.37_526.00,OVL-C4905
overlap,873,c05,49,days_505.37_526.00,OVL-C4905
overlap,874,c05,49,days_505.37_526.00,OVL-C4905
overlap,925,c05,49,days_505.37_526.00,OVL-C4905
overlap,942,c05,49,days_505.37_526.00,OVL-C4905
overlap,955,c05,49,days_505.37_526.00,OVL-C4905
overlap,987,c05,49,days_505.37_526.00,OVL-C4905
overlap,994,c05,49,days_505.37_526.00,OVL-C4905
overlap,29,c06,49,days_505.37_526.00,OVL-C4906
overlap,98,c06,49,days_505.37_526.00,OVL-C4906
overlap,107,c06,49,days_505.37_526.00,OVL-C4906
overlap,117,c06,49,days_505.37_526.00,OVL-C4906
overlap,118,c06,49,days_505.37_526.00,OVL-C4906
overlap,122,c06,49,days_505.37_526.00,OVL-C4906
overlap,134,c06,49,days_505.37_526.00,OVL-C4906
overlap,150,c06,49,days_505.37_526.00,OVL-C4906
overlap,185,c06,49,days_505.37_526.00,OVL-C4906
overlap,192,c06,49,days_505.37_526.00,OVL-C4906
overlap,201,c06,49,days_505.37_526.00,OVL-C4906
overlap,208,c06,49,days_505.37_526.00,OVL-C4906
overlap,226,c06,49,days_505.37_526.00,OVL-C4906
overlap,236,c06,49,days_505.37_526.00,OVL-C4906
overlap,268,c06,49,days_505.37_526.00,OVL-C4906
overlap,278,c06,49,days_505.37_526.00,OVL-C4906
overlap,289,c06,49,days_505.37_526.00,OVL-C4906
overlap,320,c06,49,days_505.37_526.00,OVL-C4906
overlap,327,c06,49,days_505.37_526.00,OVL-C4906
overlap,335,c06,49,days_505.37_526.00,OVL-C4906
overlap,380,c06,49,days_505.37_526.00,OVL-C4906
overlap,381,c06,49,days_505.37_526.00,OVL-C4906
overlap,401,c06,49,days_505.37_526.00,OVL-C4906
overlap,415,c06,49,days_505.37_526.00,OVL-C4906
overlap,429,c06,49,days_505.37_526.00,OVL-C4906
overlap,440,c06,49,days_505.37_526.00,OVL-C4906
overlap,454,c06,49,days_505.37_526.00,OVL-C4906
overlap,464,c06,49,days_505.37_526.00,OVL-C4906
overlap,468,c06,49,days_505.37_526.00,OVL-C4906
overlap,471,c06,49,days_505.37_526.00,OVL-C4906
overlap,479,c06,49,days_505.37_526.00,OVL-C4906
overlap,537,c06,49,days_505.37_526.00,OVL-C4906
overlap,553,c06,49,days_505.37_526.00,OVL-C4906
overlap,570,c06,49,days_505.37_526.00,OVL-C4906
overlap,592,c06,49,days_505.37_526.00,OVL-C4906
overlap,600,c06,49,days_505.37_526.00,OVL-C4906
overlap,643,c06,49,days_505.37_526.00,OVL-C4906
overlap,652,c06,49,days_505.37_526.00,OVL-C4906
overlap,664,c06,49,days_505.37_526.00,OVL-C4906
overlap,670,c06,49,days_505.37_526.00,OVL-C4906
overlap,685,c06,49,days_505.37_526.00,OVL-C4906
overlap,688,c06,49,days_505.37_526.00,OVL-C4906
overlap,690,c06,49,days_505.37_526.00,OVL-C4906
overlap,707,c06,49,days_505.37_526.00,OVL-C4906
overlap,713,c06,49,days_505.37_526.00,OVL-C4906
overlap,808,c06,49,days_505.37_526.00,OVL-C4906
overlap,810,c06,49,days_505.37_526.00,OVL-C4906
overlap,811,c06,49,days_505.37_526.00,OVL-C4906
overlap,833,c06,49,days_505.37_526.00,OVL-C4906
overlap,836,c06,49,days_505.37_526.00,OVL-C4906
overlap,867,c06,49,days_505.37_526.00,OVL-C4906
overlap,898,c06,49,days_505.37_526.00,OVL-C4906
overlap,899,c06,49,days_505.37_526.00,OVL-C4906
overlap,980,c06,49,days_505.37_526.00,OVL-C4906
overlap,985,c06,49,days_505.37_526.00,OVL-C4906
overlap,1003,c06,49,days_505.37_526.00,OVL-C4906
overlap,16,c07,49,days_505.37_526.00,OVL-C4907
overlap,19,c07,49,days_505.37_526.00,OVL-C4907
overlap,55,c07,49,days_505.37_526.00,OVL-C4907
overlap,61,c07,49,days_505.37_526.00,OVL-C4907
overlap,71,c07,49,days_505.37_526.00,OVL-C4907
overlap,101,c07,49,days_505.37_526.00,OVL-C4907
overlap,114,c07,49,days_505.37_526.00,OVL-C4907
overlap,127,c07,49,days_505.37_526.00,OVL-C4907
overlap,149,c07,49,days_505.37_526.00,OVL-C4907
overlap,169,c07,49,days_505.37_526.00,OVL-C4907
overlap,184,c07,49,days_505.37_526.00,OVL-C4907
overlap,189,c07,49,days_505.37_526.00,OVL-C4907
overlap,225,c07,49,days_505.37_526.00,OVL-C4907
overlap,243,c07,49,days_505.37_526.00,OVL-C4907
overlap,246,c07,49,days_505.37_526.00,OVL-C4907
overlap,281,c07,49,days_505.37_526.00,OVL-C4907
overlap,315,c07,49,days_505.37_526.00,OVL-C4907
overlap,365,c07,49,days_505.37_526.00,OVL-C4907
overlap,372,c07,49,days_505.37_526.00,OVL-C4907
overlap,377,c07,49,days_505.37_526.00,OVL-C4907
overlap,387,c07,49,days_505.37_526.00,OVL-C4907
overlap,393,c07,49,days_505.37_526.00,OVL-C4907
overlap,404,c07,49,days_505.37_526.00,OVL-C4907
overlap,410,c07,49,days_505.37_526.00,OVL-C4907
overlap,423,c07,49,days_505.37_526.00,OVL-C4907
overlap,432,c07,49,days_505.37_526.00,OVL-C4907
overlap,490,c07,49,days_505.37_526.00,OVL-C4907
overlap,522,c07,49,days_505.37_526.00,OVL-C4907
overlap,593,c07,49,days_505.37_526.00,OVL-C4907
overlap,595,c07,49,days_505.37_526.00,OVL-C4907
overlap,654,c07,49,days_505.37_526.00,OVL-C4907
overlap,667,c07,49,days_505.37_526.00,OVL-C4907
overlap,708,c07,49,days_505.37_526.00,OVL-C4907
overlap,711,c07,49,days_505.37_526.00,OVL-C4907
overlap,716,c07,49,days_505.37_526.00,OVL-C4907
overlap,718,c07,49,days_505.37_526.00,OVL-C4907
overlap,724,c07,49,days_505.37_526.00,OVL-C4907
overlap,732,c07,49,days_505.37_526.00,OVL-C4907
overlap,754,c07,49,days_505.37_526.00,OVL-C4907
overlap,777,c07,49,days_505.37_526.00,OVL-C4907
overlap,779,c07,49,days_505.37_526.00,OVL-C4907
overlap,781,c07,49,days_505.37_526.00,OVL-C4907
overlap,815,c07,49,days_505.37_526.00,OVL-C4907
overlap,843,c07,49,days_505.37_526.00,OVL-C4907
overlap,861,c07,49,days_505.37_526.00,OVL-C4907
overlap,866,c07,49,days_505.37_526.00,OVL-C4907
overlap,883,c07,49,days_505.37_526.00,OVL-C4907
overlap,905,c07,49,days_505.37_526.00,OVL-C4907
overlap,907,c07,49,days_505.37_526.00,OVL-C4907
overlap,934,c07,49,days_505.37_526.00,OVL-C4907
overlap,969,c07,49,days_505.37_526.00,OVL-C4907
overlap,991,c07,49,days_505.37_526.00,OVL-C4907
overlap,1004,c07,49,days_505.37_526.00,OVL-C4907
overlap,20,c08,49,days_505.37_526.00,OVL-C4908
overlap,42,c08,49,days_505.37_526.00,OVL-C4908
overlap,45,c08,49,days_505.37_526.00,OVL-C4908
overlap,66,c08,49,days_505.37_526.00,OVL-C4908
overlap,74,c08,49,days_505.37_526.00,OVL-C4908
overlap,103,c08,49,days_505.37_526.00,OVL-C4908
overlap,111,c08,49,days_505.37_526.00,OVL-C4908
overlap,112,c08,49,days_505.37_526.00,OVL-C4908
overlap,126,c08,49,days_505.37_526.00,OVL-C4908
overlap,147,c08,49,days_505.37_526.00,OVL-C4908
overlap,157,c08,49,days_505.37_526.00,OVL-C4908
overlap,166,c08,49,days_505.37_526.00,OVL-C4908
overlap,171,c08,49,days_505.37_526.00,OVL-C4908
overlap,267,c08,49,days_505.37_526.00,OVL-C4908
overlap,285,c08,49,days_505.37_526.00,OVL-C4908
overlap,294,c08,49,days_505.37_526.00,OVL-C4908
overlap,310,c08,49,days_505.37_526.00,OVL-C4908
overlap,332,c08,49,days_505.37_526.00,OVL-C4908
overlap,336,c08,49,days_505.37_526.00,OVL-C4908
overlap,347,c08,49,days_505.37_526.00,OVL-C4908
overlap,355,c08,49,days_505.37_526.00,OVL-C4908
overlap,362,c08,49,days_505.37_526.00,OVL-C4908
overlap,383,c08,49,days_505.37_526.00,OVL-C4908
overlap,392,c08,49,days_505.37_526.00,OVL-C4908
overlap,435,c08,49,days_505.37_526.00,OVL-C4908
overlap,459,c08,49,days_505.37_526.00,OVL-C4908
overlap,483,c08,49,days_505.37_526.00,OVL-C4908
overlap,500,c08,49,days_505.37_526.00,OVL-C4908
overlap,517,c08,49,days_505.37_526.00,OVL-C4908
overlap,539,c08,49,days_505.37_526.00,OVL-C4908
overlap,573,c08,49,days_505.37_526.00,OVL-C4908
overlap,577,c08,49,days_505.37_526.00,OVL-C4908
overlap,586,c08,49,days_505.37_526.00,OVL-C4908
overlap,590,c08,49,days_505.37_526.00,OVL-C4908
overlap,674,c08,49,days_505.37_526.00,OVL-C4908
overlap,715,c08,49,days_505.37_526.00,OVL-C4908
overlap,740,c08,49,days_505.37_526.00,OVL-C4908
overlap,748,c08,49,days_505.37_526.00,OVL-C4908
overlap,751,c08,49,days_505.37_526.00,OVL-C4908
overlap,759,c08,49,days_505.37_526.00,OVL-C4908
overlap,762,c08,49,days_505.37_526.00,OVL-C4908
overlap,782,c08,49,days_505.37_526.00,OVL-C4908
overlap,814,c08,49,days_505.37_526.00,OVL-C4908
overlap,825,c08,49,days_505.37_526.00,OVL-C4908
overlap,885,c08,49,days_505.37_526.00,OVL-C4908
overlap,887,c08,49,days_505.37_526.00,OVL-C4908
overlap,926,c08,49,days_505.37_526.00,OVL-C4908
overlap,933,c08,49,days_505.37_526.00,OVL-C4908
overlap,972,c08,49,days_505.37_526.00,OVL-C4908
overlap,974,c08,49,days_505.37_526.00,OVL-C4908
overlap,984,c08,49,days_505.37_526.00,OVL-C4908
overlap,2,c09,49,days_505.37_526.00,OVL-C4909
overlap,30,c09,49,days_505.37_526.00,OVL-C4909
overlap,43,c09,49,days_505.37_526.00,OVL-C4909
overlap,52,c09,49,days_505.37_526.00,OVL-C4909
overlap,77,c09,49,days_505.37_526.00,OVL-C4909
overlap,104,c09,49,days_505.37_526.00,OVL-C4909
overlap,109,c09,49,days_505.37_526.00,OVL-C4909
overlap,119,c09,49,days_505.37_526.00,OVL-C4909
overlap,133,c09,49,days_505.37_526.00,OVL-C4909
overlap,168,c09,49,days_505.37_526.00,OVL-C4909
overlap,177,c09,49,days_505.37_526.00,OVL-C4909
overlap,182,c09,49,days_505.37_526.00,OVL-C4909
overlap,232,c09,49,days_505.37_526.00,OVL-C4909
overlap,256,c09,49,days_505.37_526.00,OVL-C4909
overlap,260,c09,49,days_505.37_526.00,OVL-C4909
overlap,266,c09,49,days_505.37_526.00,OVL-C4909
overlap,305,c09,49,days_505.37_526.00,OVL-C4909
overlap,313,c09,49,days_505.37_526.00,OVL-C4909
overlap,356,c09,49,days_505.37_526.00,OVL-C4909
overlap,416,c09,49,days_505.37_526.00,OVL-C4909
overlap,425,c09,49,days_505.37_526.00,OVL-C4909
overlap,439,c09,49,days_505.37_526.00,OVL-C4909
overlap,465,c09,49,days_505.37_526.00,OVL-C4909
overlap,472,c09,49,days_505.37_526.00,OVL-C4909
overlap,521,c09,49,days_505.37_526.00,OVL-C4909
overlap,556,c09,49,days_505.37_526.00,OVL-C4909
overlap,575,c09,49,days_505.37_526.00,OVL-C4909
overlap,598,c09,49,days_505.37_526.00,OVL-C4909
overlap,602,c09,49,days_505.37_526.00,OVL-C4909
overlap,648,c09,49,days_505.37_526.00,OVL-C4909
overlap,699,c09,49,days_505.37_526.00,OVL-C4909
overlap,700,c09,49,days_505.37_526.00,OVL-C4909
overlap,721,c09,49,days_505.37_526.00,OVL-C4909
overlap,730,c09,49,days_505.37_526.00,OVL-C4909
overlap,743,c09,49,days_505.37_526.00,OVL-C4909
overlap,744,c09,49,days_505.37_526.00,OVL-C4909
overlap,765,c09,49,days_505.37_526.00,OVL-C4909
overlap,790,c09,49,days_505.37_526.00,OVL-C4909
overlap,803,c09,49,days_505.37_526.00,OVL-C4909
overlap,812,c09,49,days_505.37_526.00,OVL-C4909
overlap,868,c09,49,days_505.37_526.00,OVL-C4909
overlap,876,c09,49,days_505.37_526.00,OVL-C4909
overlap,908,c09,49,days_505.37_526.00,OVL-C4909
overlap,912,c09,49,days_505.37_526.00,OVL-C4909
overlap,936,c09,49,days_505.37_526.00,OVL-C4909
overlap,946,c09,49,days_505.37_526.00,OVL-C4909
overlap,948,c09,49,days_505.37_526.00,OVL-C4909
overlap,949,c09,49,days_505.37_526.00,OVL-C4909
overlap,966,c09,49,days_505.37_526.00,OVL-C4909
overlap,13,c10,49,days_505.37_526.00,OVL-C4910
overlap,14,c10,49,days_505.37_526.00,OVL-C4910
overlap,173,c10,49,days_505.37_526.00,OVL-C4910
overlap,199,c10,49,days_505.37_526.00,OVL-C4910
overlap,270,c10,49,days_505.37_526.00,OVL-C4910
overlap,396,c10,49,days_505.37_526.00,OVL-C4910
overlap,437,c10,49,days_505.37_526.00,OVL-C4910
overlap,448,c10,49,days_505.37_526.00,OVL-C4910
overlap,461,c10,49,days_505.37_526.00,OVL-C4910
overlap,506,c10,49,days_505.37_526.00,OVL-C4910
overlap,516,c10,49,days_505.37_526.00,OVL-C4910
overlap,532,c10,49,days_505.37_526.00,OVL-C4910
overlap,541,c10,49,days_505.37_526.00,OVL-C4910
overlap,576,c10,49,days_505.37_526.00,OVL-C4910
overlap,597,c10,49,days_505.37_526.00,OVL-C4910
overlap,611,c10,49,days_505.37_526.00,OVL-C4910
overlap,644,c10,49,days_505.37_526.00,OVL-C4910
overlap,650,c10,49,days_505.37_526.00,OVL-C4910
overlap,657,c10,49,days_505.37_526.00,OVL-C4910
overlap,682,c10,49,days_505.37_526.00,OVL-C4910
overlap,702,c10,49,days_505.37_526.00,OVL-C4910
overlap,719,c10,49,days_505.37_526.00,OVL-C4910
overlap,738,c10,49,days_505.37_526.00,OVL-C4910
overlap,745,c10,49,days_505.37_526.00,OVL-C4910
overlap,761,c10,49,days_505.37_526.00,OVL-C4910
overlap,783,c10,49,days_505.37_526.00,OVL-C4910
overlap,804,c10,49,days_505.37_526.00,OVL-C4910
overlap,828,c10,49,days_505.37_526.00,OVL-C4910
overlap,837,c10,49,days_505.37_526.00,OVL-C4910
overlap,850,c10,49,days_505.37_526.00,OVL-C4910
overlap,881,c10,49,days_505.37_526.00,OVL-C4910
overlap,921,c10,49,days_505.37_526.00,OVL-C4910
overlap,924,c10,49,days_505.37_526.00,OVL-C4910
overlap,945,c10,49,days_505.37_526.00,OVL-C4910
overlap,979,c10,49,days_505.37_526.00,OVL-C4910
overlap,0,c11,49,days_505.37_526.00,OVL-C4911
overlap,5,c11,49,days_505.37_526.00,OVL-C4911
overlap,6,c11,49,days_505.37_526.00,OVL-C4911
overlap,78,c11,49,days_505.37_526.00,OVL-C4911
overlap,99,c11,49,days_505.37_526.00,OVL-C4911
overlap,130,c11,49,days_505.37_526.00,OVL-C4911
overlap,178,c11,49,days_505.37_526.00,OVL-C4911
overlap,228,c11,49,days_505.37_526.00,OVL-C4911
overlap,249,c11,49,days_505.37_526.00,OVL-C4911
overlap,295,c11,49,days_505.37_526.00,OVL-C4911
overlap,314,c11,49,days_505.37_526.00,OVL-C4911
overlap,333,c11,49,days_505.37_526.00,OVL-C4911
overlap,339,c11,49,days_505.37_526.00,OVL-C4911
overlap,403,c11,49,days_505.37_526.00,OVL-C4911
overlap,409,c11,49,days_505.37_526.00,OVL-C4911
overlap,470,c11,49,days_505.37_526.00,OVL-C4911
overlap,491,c11,49,days_505.37_526.00,OVL-C4911
overlap,502,c11,49,days_505.37_526.00,OVL-C4911
overlap,569,c11,49,days_505.37_526.00,OVL-C4911
overlap,599,c11,49,days_505.37_526.00,OVL-C4911
overlap,605,c11,49,days_505.37_526.00,OVL-C4911
overlap,693,c11,49,days_505.37_526.00,OVL-C4911
overlap,710,c11,49,days_505.37_526.00,OVL-C4911
overlap,767,c11,49,days_505.37_526.00,OVL-C4911
overlap,789,c11,49,days_505.37_526.00,OVL-C4911
overlap,862,c11,49,days_505.37_526.00,OVL-C4911
overlap,878,c11,49,days_505.37_526.00,OVL-C4911
overlap,929,c11,49,days_505.37_526.00,OVL-C4911
overlap,976,c11,49,days_505.37_526.00,OVL-C4911
overlap,17,c12,49,days_505.37_526.00,OVL-C4912
overlap,92,c12,49,days_505.37_526.00,OVL-C4912
overlap,136,c12,49,days_505.37_526.00,OVL-C4912
overlap,142,c12,49,days_505.37_526.00,OVL-C4912
overlap,200,c12,49,days_505.37_526.00,OVL-C4912
overlap,224,c12,49,days_505.37_526.00,OVL-C4912
overlap,302,c12,49,days_505.37_526.00,OVL-C4912
overlap,316,c12,49,days_505.37_526.00,OVL-C4912
overlap,341,c12,49,days_505.37_526.00,OVL-C4912
overlap,349,c12,49,days_505.37_526.00,OVL-C4912
overlap,351,c12,49,days_505.37_526.00,OVL-C4912
overlap,408,c12,49,days_505.37_526.00,OVL-C4912
overlap,428,c12,49,days_505.37_526.00,OVL-C4912
overlap,497,c12,49,days_505.37_526.00,OVL-C4912
overlap,511,c12,49,days_505.37_526.00,OVL-C4912
overlap,543,c12,49,days_505.37_526.00,OVL-C4912
overlap,647,c12,49,days_505.37_526.00,OVL-C4912
overlap,773,c12,49,days_505.37_526.00,OVL-C4912
overlap,806,c12,49,days_505.37_526.00,OVL-C4912
overlap,838,c12,49,days_505.37_526.00,OVL-C4912
overlap,857,c12,49,days_505.37_526.00,OVL-C4912
overlap,888,c12,49,days_505.37_526.00,OVL-C4912
overlap,915,c12,49,days_505.37_526.00,OVL-C4912
overlap,917,c12,49,days_505.37_526.00,OVL-C4912
overlap,952,c12,49,days_505.37_526.00,OVL-C4912
overlap,953,c12,49,days_505.37_526.00,OVL-C4912
overlap,971,c12,49,days_505.37_526.00,OVL-C4912
overlap,25,c13,49,days_505.37_526.00,OVL-C4913
overlap,41,c13,49,days_505.37_526.00,OVL-C4913
overlap,48,c13,49,days_505.37_526.00,OVL-C4913
overlap,73,c13,49,days_505.37_526.00,OVL-C4913
overlap,216,c13,49,days_505.37_526.00,OVL-C4913
overlap,318,c13,49,days_505.37_526.00,OVL-C4913
overlap,319,c13,49,days_505.37_526.00,OVL-C4913
overlap,321,c13,49,days_505.37_526.00,OVL-C4913
overlap,434,c13,49,days_505.37_526.00,OVL-C4913
overlap,458,c13,49,days_505.37_526.00,OVL-C4913
overlap,499,c13,49,days_505.37_526.00,OVL-C4913
overlap,503,c13,49,days_505.37_526.00,OVL-C4913
overlap,558,c13,49,days_505.37_526.00,OVL-C4913
overlap,565,c13,49,days_505.37_526.00,OVL-C4913
overlap,618,c13,49,days_505.37_526.00,OVL-C4913
overlap,672,c13,49,days_505.37_526.00,OVL-C4913
overlap,679,c13,49,days_505.37_526.00,OVL-C4913
overlap,684,c13,49,days_505.37_526.00,OVL-C4913
overlap,704,c13,49,days_505.37_526.00,OVL-C4913
overlap,723,c13,49,days_505.37_526.00,OVL-C4913
overlap,758,c13,49,days_505.37_526.00,OVL-C4913
overlap,844,c13,49,days_505.37_526.00,OVL-C4913
overlap,918,c13,49,days_505.37_526.00,OVL-C4913
overlap,956,c13,49,days_505.37_526.00,OVL-C4913
overlap,1000,c13,49,days_505.37_526.00,OVL-C4913
overlap,1002,c13,49,days_505.37_526.00,OVL-C4913
overlap,62,c14,49,days_505.37_526.00,OVL-C4914
overlap,113,c14,49,days_505.37_526.00,OVL-C4914
overlap,163,c14,49,days_505.37_526.00,OVL-C4914
overlap,250,c14,49,days_505.37_526.00,OVL-C4914
overlap,369,c14,49,days_505.37_526.00,OVL-C4914
overlap,407,c14,49,days_505.37_526.00,OVL-C4914
overlap,444,c14,49,days_505.37_526.00,OVL-C4914
overlap,485,c14,49,days_505.37_526.00,OVL-C4914
overlap,513,c14,49,days_505.37_526.00,OVL-C4914
overlap,518,c14,49,days_505.37_526.00,OVL-C4914
overlap,535,c14,49,days_505.37_526.00,OVL-C4914
overlap,542,c14,49,days_505.37_526.00,OVL-C4914
overlap,551,c14,49,days_505.37_526.00,OVL-C4914
overlap,646,c14,49,days_505.37_526.00,OVL-C4914
overlap,722,c14,49,days_505.37_526.00,OVL-C4914
overlap,799,c14,49,days_505.37_526.00,OVL-C4914
overlap,800,c14,49,days_505.37_526.00,OVL-C4914
overlap,823,c14,49,days_505.37_526.00,OVL-C4914
overlap,854,c14,49,days_505.37_526.00,OVL-C4914
overlap,886,c14,49,days_505.37_526.00,OVL-C4914
overlap,895,c14,49,days_505.37_526.00,OVL-C4914
overlap,913,c14,49,days_505.37_526.00,OVL-C4914
overlap,8,c15,49,days_505.37_526.00,OVL-C4915
overlap,15,c15,49,days_505.37_526.00,OVL-C4915
overlap,32,c15,49,days_505.37_526.00,OVL-C4915
overlap,143,c15,49,days_505.37_526.00,OVL-C4915
overlap,144,c15,49,days_505.37_526.00,OVL-C4915
overlap,197,c15,49,days_505.37_526.00,OVL-C4915
overlap,284,c15,49,days_505.37_526.00,OVL-C4915
overlap,422,c15,49,days_505.37_526.00,OVL-C4915
overlap,520,c15,49,days_505.37_526.00,OVL-C4915
overlap,544,c15,49,days_505.37_526.00,OVL-C4915
overlap,563,c15,49,days_505.37_526.00,OVL-C4915
overlap,580,c15,49,days_505.37_526.00,OVL-C4915
overlap,584,c15,49,days_505.37_526.00,OVL-C4915
overlap,669,c15,49,days_505.37_526.00,OVL-C4915
overlap,680,c15,49,days_505.37_526.00,OVL-C4915
overlap,731,c15,49,days_505.37_526.00,OVL-C4915
overlap,739,c15,49,days_505.37_526.00,OVL-C4915
overlap,791,c15,49,days_505.37_526.00,OVL-C4915
overlap,797,c15,49,days_505.37_526.00,OVL-C4915
